#include "assets.h"

const uint16_t active_img[16384] = {
0xEE13, 0xEE13, 0xEE13, 0xEE13, 0xEE13, 0xEE13, 0xEE13, 0xEE13, 0xEE13, 0xEE13, 0xEE13, 0xEE13, 
0xEE13, 0xEE13, 0xEE13, 0xEE13, 0xEE13, 0xEE13, 0xEE13, 0xEE13, 0xEE13, 0xEE13, 0xEE13, 0xEE13, 
0xEE13, 0xEE13, 0xEE13, 0xEE13, 0xEE13, 0xEE13, 0xEE13, 0xEE13, 0xEE13, 0xEE13, 0xEE13, 0xEE13, 
0xEE13, 0xEE13, 0xEE13, 0xEE13, 0xEE13, 0xEE13, 0xEE13, 0xEE13, 0xEE13, 0xEE13, 0xEE13, 0xEE13, 
0xEE13, 0xEE13, 0xEE13, 0xEE13, 0xEE13, 0xEE13, 0xEE13, 0xEE13, 0xEE13, 0xEE13, 0xEE13, 0xEE13, 
0xEE13, 0xEE13, 0xEE13, 0xEE13, 0xEE13, 0xEE13, 0xEE13, 0xEE13, 0xEE13, 0xEE13, 0xEE13, 0xEE13, 
0xEE13, 0xEE13, 0xEE13, 0xEE13, 0xEE13, 0xEE13, 0xEE13, 0xEE13, 0xEE13, 0xEE13, 0xEE13, 0xEE13, 
0xEE13, 0xEE13, 0xEE13, 0xEE13, 0xEE13, 0xEE13, 0xEE13, 0xEE13, 0xEE13, 0xEE13, 0xEE13, 0xEE13, 
0xEE13, 0xEE13, 0xEE13, 0xEE13, 0xEE13, 0xEE13, 0xEE13, 0xEE13, 0xEE13, 0xEE13, 0xEE13, 0xEE13, 
0xEE13, 0xEE13, 0xEE13, 0xEE13, 0xEE13, 0xEE13, 0xEE13, 0xEE13, 0xEE13, 0xEE13, 0xEE13, 0xEE13, 
0xEE13, 0xEE13, 0xEE13, 0xEE13, 0xEE13, 0xEE13, 0xEE13, 0xEE13, 0xEE13, 0xEE13, 0xEE13, 0xEE13, 
0xEE13, 0xEE13, 0xEE13, 0xEE13, 0xEE13, 0xEE13, 0xEE13, 0xEE13, 0xEE13, 0xEE13, 0xEE13, 0xEE13, 
0xEE13, 0xEE13, 0xEE13, 0xEE13, 0xEE13, 0xEE13, 0xEE13, 0xEE13, 0xEE13, 0xEE13, 0xEE13, 0xEE13, 
0xEE13, 0xEE13, 0xEE13, 0xEE13, 0xEE13, 0xEE13, 0xEE13, 0xEE13, 0xEE13, 0xEE13, 0xEE13, 0xEE13, 
0xEE13, 0xEE13, 0xEE13, 0xEE13, 0xEE13, 0xEE13, 0xEE13, 0xEE13, 0xEE13, 0xEE13, 0xEE13, 0xEE13, 
0xEE13, 0xEE13, 0xEE13, 0xEE13, 0xEE13, 0xEE13, 0xEE13, 0xEE13, 0xEE13, 0xEE13, 0xEE13, 0xEE13, 
0xEE13, 0xEE13, 0xEE13, 0xEE13, 0xEE13, 0xEE13, 0xEE13, 0xEE13, 0xEE13, 0xEE13, 0xEE13, 0xEE13, 
0xEE13, 0xEE13, 0xEE13, 0xEE13, 0xEE13, 0xEE13, 0xEE13, 0xEE13, 0xEE13, 0xEE13, 0xEE13, 0xEE13, 
0xEE13, 0xEE13, 0xEE13, 0xEE13, 0xEE13, 0xEE13, 0xEE13, 0xEE13, 0xEE13, 0xEE13, 0xEE13, 0xEE13, 
0xEE13, 0xEE13, 0xEE13, 0xEE13, 0xEE13, 0xEE13, 0xEE13, 0xEE13, 0xEE13, 0xEE13, 0xEE13, 0xEE13, 
0xEE13, 0xEE13, 0xEE13, 0xEE13, 0xEE13, 0xEE13, 0xEE13, 0xEE13, 0xEE13, 0xEE13, 0xEE13, 0xEE13, 
0xEE13, 0xEE13, 0xEE13, 0xEE13, 0xEE13, 0xEE13, 0xEE13, 0xEE13, 0xEE13, 0xEE13, 0xEE13, 0xEE13, 
0xEE13, 0xEE13, 0xEE13, 0xEE13, 0xEE13, 0xEE13, 0xEE13, 0xEE13, 0xEE13, 0xEE13, 0xEE13, 0xEE13, 
0xEE13, 0xEE13, 0xEE13, 0xEE13, 0xEE13, 0xEE13, 0xEE13, 0xEE13, 0xEE13, 0xEE13, 0xEE13, 0xEE13, 
0xEE13, 0xEE13, 0xEE13, 0xEE13, 0xEE13, 0xEE13, 0xEE13, 0xEE13, 0xEE13, 0xEE13, 0xEE13, 0xEE13, 
0xEE13, 0xEE13, 0xEE13, 0xEE13, 0xEE13, 0xEE13, 0xEE13, 0xEE13, 0xEE13, 0xEE13, 0xEE13, 0xEE13, 
0xEE13, 0xEE13, 0xEE13, 0xEE13, 0xEE13, 0xEE13, 0xEE13, 0xEE13, 0xEE13, 0xEE13, 0xEE13, 0xEE13, 
0xEE13, 0xEE13, 0xEE13, 0xEE13, 0xEE13, 0xEE13, 0xEE13, 0xEE13, 0xEE13, 0xEE13, 0xEE13, 0xEE13, 
0xEE13, 0xEE13, 0xEE13, 0xEE13, 0xEE13, 0xEE13, 0xEE13, 0xEE13, 0xEE13, 0xEE13, 0xEE13, 0xEE13, 
0xEE13, 0xEE13, 0xEE13, 0xEE13, 0xEE13, 0xEE13, 0xEE13, 0xEE13, 0xEE13, 0xEE13, 0xEE13, 0xEE13, 
0xEE13, 0xEE13, 0xEE13, 0xEE13, 0xEE13, 0xEE13, 0xEE13, 0xEE13, 0xEE13, 0xEE13, 0xEE13, 0xEE13, 
0xEE13, 0xEE13, 0xEE13, 0xEE13, 0xEE13, 0xEE13, 0xEE13, 0xEE13, 0xEE13, 0xEE13, 0xEE13, 0xEE13, 
0xEE13, 0xEE13, 0xEE13, 0xEE13, 0xEE13, 0xEE13, 0xEE13, 0xEE13, 0xEE13, 0xEE13, 0xEE13, 0xEE13, 
0xEE13, 0xEE13, 0xEE13, 0xEE13, 0xEE13, 0xEE13, 0xEE13, 0xEE13, 0xEE13, 0xEE13, 0xEE13, 0xEE13, 
0xEE13, 0xEE13, 0xEE13, 0xEE13, 0xEE13, 0xEE13, 0xEE13, 0xEE13, 0xEE13, 0xEE13, 0xEE13, 0xEE13, 
0xEE13, 0xEE13, 0xEE13, 0xEE13, 0xEE13, 0xEE13, 0xEE13, 0xEE13, 0xEE13, 0xEE13, 0xEE13, 0xEE13, 
0xEE13, 0xEE13, 0xEE13, 0xEE13, 0xEE13, 0xEE13, 0xEE13, 0xEE13, 0xEE13, 0xEE13, 0xEE13, 0xEE13, 
0xEE13, 0xEE13, 0xEE13, 0xEE13, 0xEE13, 0xEE13, 0xEE13, 0xEE13, 0xEE13, 0xEE13, 0xEE13, 0xEE13, 
0xEE13, 0xEE13, 0xEE13, 0xEE13, 0xEE13, 0xEE13, 0xEE13, 0xEE13, 0xEE13, 0xEE13, 0xEE13, 0xEE13, 
0xEE13, 0xEE13, 0xEE13, 0xEE13, 0xEE13, 0xEE13, 0xEE13, 0xEE13, 0xEE13, 0xEE13, 0xEE13, 0xEE13, 
0xEE13, 0xEE13, 0xEE13, 0xEE13, 0xEE13, 0xEE13, 0xEE13, 0xEE13, 0xEE13, 0xEE13, 0xEE13, 0xEE13, 
0xEE13, 0xEE13, 0xEE13, 0xEE13, 0xEE13, 0xEE13, 0xEE13, 0xEE13, 0xEE13, 0xEE13, 0xEE13, 0xEE13, 
0xEE13, 0xEE13, 0xEE13, 0xEE13, 0xEE13, 0xEE13, 0xEE13, 0xEE13, 0xEE13, 0xEE13, 0xEE13, 0xEE13, 
0xEE13, 0xEE13, 0xEE13, 0xEE13, 0xEE13, 0xEE13, 0xEE13, 0xEE13, 0xEE13, 0xEE13, 0xEE13, 0xEE13, 
0xEE13, 0xEE13, 0xEE13, 0xEE13, 0xEE13, 0xEE13, 0xEE13, 0xEE13, 0xEE13, 0xEE13, 0xEE13, 0xEE13, 
0xEE13, 0xEE13, 0xEE13, 0xEE13, 0xEE13, 0xEE13, 0xEE13, 0xEE13, 0xEE13, 0xEE13, 0xEE13, 0xEE13, 
0xEE13, 0xEE13, 0xEE13, 0xEE13, 0xEE13, 0xEE13, 0xEE13, 0xEE13, 0xEE13, 0xEE13, 0xEE13, 0xEE13, 
0xEE13, 0xEE13, 0xEE13, 0xEE13, 0xEE13, 0xEE13, 0xEE13, 0xEE13, 0xEE13, 0xEE13, 0xEE13, 0xEE13, 
0xEE13, 0xEE13, 0xEE13, 0xEE13, 0xEE13, 0xEE13, 0xEE13, 0xEE13, 0xEE13, 0xEE13, 0xEE13, 0xEE13, 
0xEE13, 0xEE13, 0xEE13, 0xEE13, 0xEE13, 0xEE13, 0xEE13, 0xEE13, 0xEE13, 0xEE13, 0xEE13, 0xEE13, 
0xEE13, 0xEE13, 0xEE13, 0xEE13, 0xEE13, 0xEE13, 0xEE13, 0xEE13, 0xEE13, 0xEE13, 0xEE13, 0xEE13, 
0xEE13, 0xEE13, 0xEE13, 0xEE13, 0xEE13, 0xEE13, 0xEE13, 0xEE13, 0xEE13, 0xEE13, 0xEE13, 0xEE13, 
0xEE13, 0xEE13, 0xEE13, 0xEE13, 0xEE13, 0xEE13, 0xEE13, 0xEE13, 0xEE13, 0xEE13, 0xEE13, 0xEE13, 
0xEE13, 0xEE13, 0xEE13, 0xEE13, 0xEE13, 0xEE13, 0xEE13, 0xEE13, 0xEE13, 0xEE13, 0xEE13, 0xEE13, 
0xEE13, 0xEE13, 0xEE13, 0xEE13, 0xEE13, 0xEE13, 0xEE13, 0xEE13, 0xEE13, 0xEE13, 0xEE13, 0xEE13, 
0xEE13, 0xEE13, 0xEE13, 0xEE13, 0xEE13, 0xEE13, 0xEE13, 0xEE13, 0xEE13, 0xEE13, 0xEE13, 0xEE13, 
0xEE13, 0xEE13, 0xEE13, 0xEE13, 0xEE13, 0xEE13, 0xEE13, 0xEE13, 0xEE13, 0xEE13, 0xEE13, 0xEE13, 
0xEE13, 0xEE13, 0xEE13, 0xEE13, 0xEE13, 0xEE13, 0xEE13, 0xEE13, 0xEE13, 0xEE13, 0xEE13, 0xEE13, 
0xEE13, 0xEE13, 0xEE13, 0xEE13, 0xEE13, 0xEE13, 0xEE13, 0xEE13, 0xEE13, 0xEE13, 0xEE13, 0xEE13, 
0xEE13, 0xEE13, 0xEE13, 0xEE13, 0xEE13, 0xEE13, 0xEE13, 0xEE13, 0xEE13, 0xEE13, 0xEE13, 0xEE13, 
0xEE13, 0xEE13, 0xEE13, 0xEE13, 0xEE13, 0xEE13, 0xEE13, 0xEE13, 0xEE13, 0xEE13, 0xEE13, 0xEE13, 
0xEE13, 0xEE13, 0xEE13, 0xEE13, 0xEE13, 0xEE13, 0xEE13, 0xEE13, 0xEE13, 0xEE13, 0xEE13, 0xEE13, 
0xEE13, 0xEE13, 0xEE13, 0xEE13, 0xEE13, 0xEE13, 0xEE13, 0xEE13, 0xEE13, 0xEE13, 0xEE13, 0xEE13, 
0xEE13, 0xEE13, 0xEE13, 0xEE13, 0xEE13, 0xEE13, 0xEE13, 0xEE13, 0xEE13, 0xEE13, 0xEE13, 0xEE13, 
0xEE13, 0xEE13, 0xEE13, 0xEE13, 0xEE13, 0xEE13, 0xEE13, 0xEE13, 0xEE13, 0xEE13, 0xEE13, 0xEE13, 
0xEE13, 0xEE13, 0xEE13, 0xEE13, 0xEE13, 0xEE13, 0xEE13, 0xEE13, 0xEE13, 0xEE13, 0xEE13, 0xEE13, 
0xEE13, 0xEE13, 0xEE13, 0xEE13, 0xEE13, 0xEE13, 0xEE13, 0xEE13, 0xEE13, 0xEE13, 0xEE13, 0xEE13, 
0xEE13, 0xEE13, 0xEE13, 0xEE13, 0xEE13, 0xEE13, 0xEE13, 0xEE13, 0xEE13, 0xEE13, 0xEE13, 0xEE13, 
0xEE13, 0xEE13, 0xEE13, 0xEE13, 0xEE13, 0xEE13, 0xEE13, 0xEE13, 0xEE13, 0xEE13, 0xEE13, 0xEE13, 
0xEE13, 0xEE13, 0xEE13, 0xEE13, 0xEE13, 0xEE13, 0xEE13, 0xEE13, 0xEE13, 0xEE13, 0xEE13, 0xEE13, 
0xEE13, 0xEE13, 0xEE13, 0xEE13, 0xEE13, 0xEE13, 0xEE13, 0xEE13, 0xEE13, 0xEE13, 0xEE13, 0xEE13, 
0xEE13, 0xEE13, 0xEE13, 0xEE13, 0xEE13, 0xEE13, 0xEE13, 0xEE13, 0xEE13, 0xEE13, 0xEE13, 0xEE13, 
0xEE13, 0xEE13, 0xEE13, 0xEE13, 0xEE13, 0xEE13, 0xEE13, 0xEE13, 0xEE13, 0xEE13, 0xEE13, 0xEE13, 
0xEE13, 0xEE13, 0xEE13, 0xEE13, 0xEE13, 0xEE13, 0xEE13, 0xEE13, 0xEE13, 0xEE13, 0xEE13, 0xEE13, 
0xEE13, 0xEE13, 0xEE13, 0xEE13, 0xEE13, 0xEE13, 0xEE13, 0xEE13, 0xEE13, 0xEE13, 0xEE13, 0xEE13, 
0xEE13, 0xEE13, 0xEE13, 0xEE13, 0xEE13, 0xEE13, 0xEE13, 0xEE13, 0xEE13, 0xEE13, 0xEE13, 0xEE13, 
0xEE13, 0xEE13, 0xEE13, 0xEE13, 0xEE13, 0xEE13, 0xEE13, 0xEE13, 0xEE13, 0xEE13, 0xEE13, 0xEE13, 
0xEE13, 0xEE13, 0xEE13, 0xEE13, 0xEE13, 0xEE13, 0xEE13, 0xEE13, 0xEE13, 0xEE13, 0xEE13, 0xEE13, 
0xEE13, 0xEE13, 0xEE13, 0xEE13, 0xEE13, 0xEE13, 0xEE13, 0xEE13, 0xEE13, 0xEE13, 0xEE13, 0xEE13, 
0xEE13, 0xEE13, 0xEE13, 0xEE13, 0xEE13, 0xEE13, 0xEE13, 0xEE13, 0xEE13, 0xEE13, 0xEE13, 0xEE13, 
0xEE13, 0xEE13, 0xEE13, 0xEE13, 0xEE13, 0xEE13, 0xEE13, 0xEE13, 0xEE13, 0xEE13, 0xEE13, 0xEE13, 
0xEE13, 0xEE13, 0xEE13, 0xEE13, 0xEE13, 0xEE13, 0xEE13, 0xEE13, 0xEE13, 0xEE13, 0xEE13, 0xEE13, 
0xEE13, 0xEE13, 0xEE13, 0xEE13, 0xEE13, 0xEE13, 0xEE13, 0xEE13, 0xEE13, 0xEE13, 0xEE13, 0xEE13, 
0xEE13, 0xEE13, 0xEE13, 0xEE13, 0xEE13, 0xEE13, 0xEE13, 0xEE13, 0xEE13, 0xEE13, 0xEE13, 0xEE13, 
0xEE13, 0xEE13, 0xEE13, 0xEE13, 0xEE13, 0xEE13, 0xEE13, 0xEE13, 0xEE13, 0xEE13, 0xEE13, 0xEE13, 
0xEE13, 0xEE13, 0xEE13, 0xEE13, 0xEE13, 0xEE13, 0xEE13, 0xEE13, 0xEE13, 0xEE13, 0xEE13, 0xEE13, 
0xEE13, 0xEE13, 0xEE13, 0xEE13, 0xEE13, 0xEE13, 0xEE13, 0xEE13, 0xEE13, 0xEE13, 0xEE13, 0xEE13, 
0xEE13, 0xEE13, 0xEE13, 0xEE13, 0xEE13, 0xEE13, 0xEE13, 0xEE13, 0xEE13, 0xEE13, 0xEE13, 0xEE13, 
0xEE13, 0xEE13, 0xEE13, 0xEE13, 0xEE13, 0xEE13, 0xEE13, 0xEE13, 0xEE13, 0xEE13, 0xEE13, 0xEE13, 
0xEE13, 0xEE13, 0xEE13, 0xEE13, 0xEE13, 0xEE13, 0xEE13, 0xEE13, 0xEE13, 0xEE13, 0xEE13, 0xEE13, 
0xEE13, 0xEE13, 0xEE13, 0xEE13, 0xEE13, 0xEE13, 0xEE13, 0xEE13, 0xEE13, 0xEE13, 0xEE13, 0xEE13, 
0xEE13, 0xEE13, 0xEE13, 0xEE13, 0xEE13, 0xEE13, 0xEE13, 0xEE13, 0xEE13, 0xEE13, 0xEE13, 0xEE13, 
0xEE13, 0xEE13, 0xEE13, 0xEE13, 0xEE13, 0xEE13, 0xEE13, 0xEE13, 0xEE13, 0xEE13, 0xEE13, 0xEE13, 
0xEE13, 0xEE13, 0xEE13, 0xEE13, 0xEE13, 0xEE13, 0xEE13, 0xEE13, 0xEE13, 0xEE13, 0xEE13, 0xEE13, 
0xEE13, 0xEE13, 0xEE13, 0xEE13, 0xEE13, 0xEE13, 0xEE13, 0xEE13, 0xEE13, 0xEE13, 0xEE13, 0xEE13, 
0xEE13, 0xEE13, 0xEE13, 0xEE13, 0xEE13, 0xEE13, 0xEE13, 0xEE13, 0xEE13, 0xEE13, 0xEE13, 0xEE13, 
0xEE13, 0xEE13, 0xEE13, 0xEE13, 0xEE13, 0xEE13, 0xEE13, 0xEE13, 0xEE13, 0xEE13, 0xEE13, 0xEE13, 
0xEE13, 0xEE13, 0xEE13, 0xEE13, 0xEE13, 0xEE13, 0xEE13, 0xEE13, 0xEE13, 0xEE13, 0xEE13, 0xEE13, 
0xEE13, 0xEE13, 0xEE13, 0xEE13, 0xEE13, 0xEE13, 0xEE13, 0xEE13, 0xEE13, 0xEE13, 0xEE13, 0xEE13, 
0xEE13, 0xEE13, 0xEE13, 0xEE13, 0xEE13, 0xEE13, 0xEE13, 0xEE13, 0xEE13, 0xEE13, 0xEE13, 0xEE13, 
0xEE13, 0xEE13, 0xEE13, 0xEE13, 0xEE13, 0xEE13, 0xEE13, 0xEE13, 0xEE13, 0xEE13, 0xEE13, 0xEE13, 
0xEE13, 0xEE13, 0xEE13, 0xEE13, 0xEE13, 0xEE13, 0xEE13, 0xEE13, 0xEE13, 0xEE13, 0xEE13, 0xEE13, 
0xEE13, 0xEE13, 0xEE13, 0xEE13, 0xEE13, 0xEE13, 0xEE13, 0xEE13, 0xEE13, 0xEE13, 0xEE13, 0xEE13, 
0xEE13, 0xEE13, 0xEE13, 0xEE13, 0xEE13, 0xEE13, 0xEE13, 0xEE13, 0xEE13, 0xEE13, 0xEE13, 0xEE13, 
0xEE13, 0xEE13, 0xEE13, 0xEE13, 0xEE13, 0xEE13, 0xEE13, 0xEE13, 0xEE13, 0xEE13, 0xEE13, 0xEE13, 
0xEE13, 0xEE13, 0xEE13, 0xEE13, 0xEE13, 0xEE13, 0xEE13, 0xEE13, 0xEE13, 0xEE13, 0xEE13, 0xEE13, 
0xEE13, 0xEE13, 0xEE13, 0xEE13, 0xEE13, 0xEE13, 0xEE13, 0xEE13, 0xEE13, 0xEE13, 0xEE13, 0xEE13, 
0xEE13, 0xEE13, 0xEE13, 0xEE13, 0xEE13, 0xEE13, 0xEE13, 0xEE13, 0xEE13, 0xEE13, 0xEE13, 0xEE13, 
0xEE13, 0xEE13, 0xEE13, 0xEE13, 0xEE13, 0xEE13, 0xEE13, 0xEE13, 0xEE13, 0xEE13, 0xEE13, 0xEE13, 
0xEE13, 0xEE13, 0xEE13, 0xEE13, 0xEE13, 0xEE13, 0xEE13, 0xEE13, 0xEE13, 0xEE13, 0xEE13, 0xEE13, 
0xEE13, 0xEE13, 0xEE13, 0xEE13, 0xEE13, 0xEE13, 0xEE13, 0xEE13, 0xEE13, 0xEE13, 0xEE13, 0xEE13, 
0xEE13, 0xEE13, 0xEE13, 0xEE13, 0xEE13, 0xEE13, 0xEE13, 0xEE13, 0xEE13, 0xEE13, 0xEE13, 0xEE13, 
0xEE13, 0xEE13, 0xEE13, 0xEE13, 0xEE13, 0xEE13, 0xEE13, 0xEE13, 0xEE13, 0xEE13, 0xEE13, 0xEE13, 
0xEE13, 0xEE13, 0xEE13, 0xEE13, 0xEE13, 0xEE13, 0xEE13, 0xEE13, 0xEE13, 0xEE13, 0xEE13, 0xEE13, 
0xEE13, 0xEE13, 0xEE13, 0xEE13, 0xEE13, 0xEE13, 0xEE13, 0xEE13, 0xEE13, 0xEE13, 0xEE13, 0xEE13, 
0xEE13, 0xEE13, 0xEE13, 0xEE13, 0xEE13, 0xEE13, 0xEE13, 0xEE13, 0xEE13, 0xEE13, 0xEE13, 0xEE13, 
0xEE13, 0xEE13, 0xEE13, 0xEE13, 0xEE13, 0xEE13, 0xEE13, 0xEE13, 0xEE13, 0xEE13, 0xEE13, 0xEE13, 
0xEE13, 0xEE13, 0xEE13, 0xEE13, 0xEE13, 0xEE13, 0xEE13, 0xEE13, 0xEE13, 0xEE13, 0xEE13, 0xEE13, 
0xEE13, 0xEE13, 0xEE13, 0xEE13, 0xEE13, 0xEE13, 0xEE13, 0xEE13, 0xEE13, 0xEE13, 0xEE13, 0xEE13, 
0xEE13, 0xEE13, 0xEE13, 0xEE13, 0xEE13, 0xEE13, 0xEE13, 0xEE13, 0xEE13, 0xEE13, 0xEE13, 0xEE13, 
0xEE13, 0xEE13, 0xEE13, 0xEE13, 0xEE13, 0xEE13, 0xEE13, 0xEE13, 0xEE13, 0xEE13, 0xEE13, 0xEE13, 
0xEE13, 0xEE13, 0xEE13, 0xEE13, 0xEE13, 0xEE13, 0xEE13, 0xEE13, 0xEE13, 0xEE13, 0xEE13, 0xEE13, 
0xEE13, 0xEE13, 0xEE13, 0xEE13, 0xEE13, 0xEE13, 0xEE13, 0xEE13, 0xEE13, 0xEE13, 0xEE13, 0xEE13, 
0xEE13, 0xEE13, 0xEE13, 0xEE13, 0xEE13, 0xEE13, 0xEE13, 0xEE13, 0xEE13, 0xEE13, 0xEE13, 0xEE13, 
0xEE13, 0xEE13, 0xEE13, 0xEE13, 0xEE13, 0xEE13, 0xEE13, 0xEE13, 0xEE13, 0xEE13, 0xEE13, 0xEE13, 
0xEE13, 0xEE13, 0xEE13, 0xEE13, 0xEE13, 0xEE13, 0xEE13, 0xEE13, 0xEE13, 0xEE13, 0xEE13, 0xEE13, 
0xEE13, 0xEE13, 0xEE13, 0xEE13, 0xEE13, 0xEE13, 0xEE13, 0xEE13, 0xEE13, 0xEE13, 0xEE13, 0xEE13, 
0xEE13, 0xEE13, 0xEE13, 0xEE13, 0xEE13, 0xEE13, 0xEE13, 0xEE13, 0xEE13, 0xEE13, 0xEE13, 0xEE13, 
0xEE13, 0xEE13, 0xEE13, 0xEE13, 0xEE13, 0xEE13, 0xEE13, 0xEE13, 0xEE13, 0xEE13, 0xEE13, 0xEE13, 
0xEE13, 0xEE13, 0xEE13, 0xEE13, 0xEE13, 0xEE13, 0xEE13, 0xEE13, 0xEE13, 0xEE13, 0xEE13, 0xEE13, 
0xEE13, 0xEE13, 0xEE13, 0xEE13, 0xEE13, 0xEE13, 0xEE13, 0xEE13, 0xEE13, 0xEE13, 0xEE13, 0xEE13, 
0xEE13, 0xEE13, 0xEE13, 0xEE13, 0xEE13, 0xEE13, 0xEE13, 0xEE13, 0xEE13, 0xEE13, 0xEE13, 0xEE13, 
0xEE13, 0xEE13, 0xEE13, 0xEE13, 0xEE13, 0xEE13, 0xEE13, 0xEE13, 0xEE13, 0xEE13, 0xEE13, 0xEE13, 
0xEE13, 0xEE13, 0xEE13, 0xEE13, 0xEE13, 0xEE13, 0x2106, 0x2106, 0xEE13, 0xEE13, 0xEE13, 0xEE13, 
0xEE13, 0xEE13, 0xEE13, 0xEE13, 0xEE13, 0xEE13, 0x2106, 0x2106, 0xEE13, 0xEE13, 0xEE13, 0xEE13, 
0xEE13, 0xEE13, 0xEE13, 0xEE13, 0xEE13, 0xEE13, 0xEE13, 0xEE13, 0xEE13, 0xEE13, 0xEE13, 0xEE13, 
0xEE13, 0xEE13, 0xEE13, 0xEE13, 0xEE13, 0xEE13, 0xEE13, 0xEE13, 0xEE13, 0xEE13, 0xEE13, 0xEE13, 
0xEE13, 0xEE13, 0xEE13, 0xEE13, 0xEE13, 0xEE13, 0xEE13, 0xEE13, 0xEE13, 0xEE13, 0xEE13, 0xEE13, 
0xEE13, 0xEE13, 0xEE13, 0xEE13, 0xEE13, 0xEE13, 0xEE13, 0xEE13, 0xEE13, 0xEE13, 0xEE13, 0xEE13, 
0xEE13, 0xEE13, 0xEE13, 0xEE13, 0xEE13, 0xEE13, 0xEE13, 0xEE13, 0xEE13, 0xEE13, 0xEE13, 0xEE13, 
0xEE13, 0xEE13, 0xEE13, 0xEE13, 0xEE13, 0xEE13, 0xEE13, 0xEE13, 0xEE13, 0xEE13, 0xEE13, 0xEE13, 
0xEE13, 0xEE13, 0xEE13, 0xEE13, 0xEE13, 0xEE13, 0xEE13, 0xEE13, 0xEE13, 0xEE13, 0xEE13, 0xEE13, 
0xEE13, 0xEE13, 0xEE13, 0xEE13, 0xEE13, 0xEE13, 0xEE13, 0xEE13, 0xEE13, 0xEE13, 0xEE13, 0xEE13, 
0xEE13, 0xEE13, 0xEE13, 0xEE13, 0xEE13, 0xEE13, 0xEE13, 0xEE13, 0xEE13, 0xEE13, 0xEE13, 0xEE13, 
0xEE13, 0xEE13, 0x2106, 0x2106, 0xEE13, 0xEE13, 0xEE13, 0xEE13, 0xEE13, 0xEE13, 0xEE13, 0xEE13, 
0xEE13, 0xEE13, 0x2106, 0x2106, 0xEE13, 0xEE13, 0xEE13, 0xEE13, 0xEE13, 0xEE13, 0xEE13, 0xEE13, 
0xEE13, 0xEE13, 0xEE13, 0xEE13, 0xEE13, 0xEE13, 0xEE13, 0xEE13, 0xEE13, 0xEE13, 0xEE13, 0xEE13, 
0xEE13, 0xEE13, 0xEE13, 0xEE13, 0xEE13, 0xEE13, 0xEE13, 0xEE13, 0xEE13, 0xEE13, 0xEE13, 0xEE13, 
0xEE13, 0xEE13, 0xEE13, 0xEE13, 0xEE13, 0xEE13, 0xEE13, 0xEE13, 0xEE13, 0xEE13, 0xEE13, 0xEE13, 
0xEE13, 0xEE13, 0xEE13, 0xEE13, 0xEE13, 0xEE13, 0xEE13, 0xEE13, 0xEE13, 0xEE13, 0xEE13, 0xEE13, 
0xEE13, 0xEE13, 0xEE13, 0xEE13, 0xEE13, 0xEE13, 0xEE13, 0xEE13, 0xEE13, 0xEE13, 0xEE13, 0xEE13, 
0xEE13, 0xEE13, 0xEE13, 0xEE13, 0xEE13, 0xEE13, 0xEE13, 0xEE13, 0xEE13, 0xEE13, 0xEE13, 0xEE13, 
0xEE13, 0xEE13, 0xEE13, 0xEE13, 0xEE13, 0xEE13, 0xEE13, 0xEE13, 0xEE13, 0xEE13, 0xEE13, 0xEE13, 
0xEE13, 0xEE13, 0xEE13, 0xEE13, 0xEE13, 0xEE13, 0xEE13, 0xEE13, 0xEE13, 0xEE13, 0xEE13, 0xEE13, 
0xEE13, 0xEE13, 0xEE13, 0xEE13, 0xEE13, 0xEE13, 0xEE13, 0xEE13, 0xEE13, 0xEE13, 0x2106, 0x2106, 
0xEE13, 0xEE13, 0xEE13, 0xEE13, 0xEE13, 0xEE13, 0xEE13, 0xEE13, 0xEE13, 0xEE13, 0x2106, 0x2106, 
0xEE13, 0xEE13, 0xEE13, 0xEE13, 0xEE13, 0xEE13, 0xEE13, 0xEE13, 0x2106, 0x2106, 0xEE13, 0xEE13, 
0xEE13, 0xEE13, 0xEE13, 0xEE13, 0xEE13, 0xEE13, 0x2106, 0x2106, 0xEE13, 0xEE13, 0xEE13, 0xEE13, 
0xEE13, 0xEE13, 0xEE13, 0xEE13, 0xEE13, 0xEE13, 0xEE13, 0xEE13, 0xEE13, 0xEE13, 0xEE13, 0xEE13, 
0xEE13, 0xEE13, 0xEE13, 0xEE13, 0xEE13, 0xEE13, 0xEE13, 0xEE13, 0xEE13, 0xEE13, 0xEE13, 0xEE13, 
0xEE13, 0xEE13, 0xEE13, 0xEE13, 0xEE13, 0xEE13, 0xEE13, 0xEE13, 0xEE13, 0xEE13, 0xEE13, 0xEE13, 
0xEE13, 0xEE13, 0xEE13, 0xEE13, 0xEE13, 0xEE13, 0xEE13, 0xEE13, 0xEE13, 0xEE13, 0xEE13, 0xEE13, 
0xEE13, 0xEE13, 0xEE13, 0xEE13, 0xEE13, 0xEE13, 0xEE13, 0xEE13, 0xEE13, 0xEE13, 0xEE13, 0xEE13, 
0xEE13, 0xEE13, 0xEE13, 0xEE13, 0xEE13, 0xEE13, 0xEE13, 0xEE13, 0xEE13, 0xEE13, 0xEE13, 0xEE13, 
0xEE13, 0xEE13, 0xEE13, 0xEE13, 0xEE13, 0xEE13, 0xEE13, 0xEE13, 0xEE13, 0xEE13, 0xEE13, 0xEE13, 
0xEE13, 0xEE13, 0xEE13, 0xEE13, 0xEE13, 0xEE13, 0x2106, 0x2106, 0xEE13, 0xEE13, 0xEE13, 0xEE13, 
0xEE13, 0xEE13, 0xEE13, 0xEE13, 0xEE13, 0xEE13, 0x2106, 0x2106, 0xEE13, 0xEE13, 0xEE13, 0xEE13, 
0xEE13, 0xEE13, 0xEE13, 0xEE13, 0x2106, 0x2106, 0xEE13, 0xEE13, 0xEE13, 0xEE13, 0xEE13, 0xEE13, 
0xEE13, 0xEE13, 0x2106, 0x2106, 0xEE13, 0xEE13, 0xEE13, 0xEE13, 0xEE13, 0xEE13, 0xEE13, 0xEE13, 
0xEE13, 0xEE13, 0xEE13, 0xEE13, 0xEE13, 0xEE13, 0xEE13, 0xEE13, 0xEE13, 0xEE13, 0xEE13, 0xEE13, 
0xEE13, 0xEE13, 0xEE13, 0xEE13, 0xEE13, 0xEE13, 0xEE13, 0xEE13, 0xEE13, 0xEE13, 0xEE13, 0xEE13, 
0xEE13, 0xEE13, 0xEE13, 0xEE13, 0xEE13, 0xEE13, 0xEE13, 0xEE13, 0xEE13, 0xEE13, 0xEE13, 0xEE13, 
0xEE13, 0xEE13, 0xEE13, 0xEE13, 0xEE13, 0xEE13, 0xEE13, 0xEE13, 0xEE13, 0xEE13, 0xEE13, 0xEE13, 
0xEE13, 0xEE13, 0xEE13, 0xEE13, 0xEE13, 0xEE13, 0xEE13, 0xEE13, 0xEE13, 0xEE13, 0xEE13, 0xEE13, 
0xEE13, 0xEE13, 0xEE13, 0xEE13, 0xEE13, 0xEE13, 0xEE13, 0xEE13, 0xEE13, 0xEE13, 0xEE13, 0xEE13, 
0xEE13, 0xEE13, 0xEE13, 0xEE13, 0xEE13, 0xEE13, 0xEE13, 0xEE13, 0xEE13, 0xEE13, 0xEE13, 0xEE13, 
0xEE13, 0xEE13, 0x2106, 0x2106, 0xEE13, 0xEE13, 0xEE13, 0xEE13, 0xEE13, 0xEE13, 0xEE13, 0xEE13, 
0xEE13, 0xEE13, 0x2106, 0x2106, 0xEE13, 0xEE13, 0xEE13, 0xEE13, 0xEE13, 0xEE13, 0xEE13, 0xEE13, 
0xEE13, 0xEE13, 0xEE13, 0xEE13, 0xEE13, 0xEE13, 0xEE13, 0xEE13, 0xEE13, 0xEE13, 0xEE13, 0xEE13, 
0xEE13, 0xEE13, 0xEE13, 0xEE13, 0xEE13, 0xEE13, 0xEE13, 0xEE13, 0xEE13, 0xEE13, 0xEE13, 0xEE13, 
0xEE13, 0xEE13, 0xEE13, 0xEE13, 0xEE13, 0xEE13, 0xEE13, 0xEE13, 0xEE13, 0xEE13, 0xEE13, 0xEE13, 
0xEE13, 0xEE13, 0xEE13, 0xEE13, 0xEE13, 0xEE13, 0xEE13, 0xEE13, 0xEE13, 0xEE13, 0xEE13, 0xEE13, 
0xEE13, 0xEE13, 0xEE13, 0xEE13, 0xEE13, 0xEE13, 0xEE13, 0xEE13, 0xEE13, 0xEE13, 0xEE13, 0xEE13, 
0xEE13, 0xEE13, 0xEE13, 0xEE13, 0xEE13, 0xEE13, 0xEE13, 0xEE13, 0xEE13, 0xEE13, 0xEE13, 0xEE13, 
0xEE13, 0xEE13, 0xEE13, 0xEE13, 0xEE13, 0xEE13, 0xEE13, 0xEE13, 0xEE13, 0xEE13, 0xEE13, 0xEE13, 
0xEE13, 0xEE13, 0xEE13, 0xEE13, 0xEE13, 0xEE13, 0xEE13, 0xEE13, 0xEE13, 0xEE13, 0xEE13, 0xEE13, 
0xEE13, 0xEE13, 0xEE13, 0xEE13, 0xEE13, 0xEE13, 0xEE13, 0xEE13, 0xEE13, 0xEE13, 0x2106, 0x2106, 
0xEE13, 0xEE13, 0xEE13, 0xEE13, 0xEE13, 0xEE13, 0xEE13, 0xEE13, 0xEE13, 0xEE13, 0x2106, 0x2106, 
0xEE13, 0xEE13, 0xEE13, 0xEE13, 0xEE13, 0xEE13, 0xEE13, 0xEE13, 0xEE13, 0xEE13, 0xEE13, 0xEE13, 
0xEE13, 0xEE13, 0xEE13, 0xEE13, 0xEE13, 0xEE13, 0xEE13, 0xEE13, 0xEE13, 0xEE13, 0xEE13, 0xEE13, 
0xEE13, 0xEE13, 0xEE13, 0xEE13, 0xEE13, 0xEE13, 0xEE13, 0xEE13, 0xEE13, 0xEE13, 0xEE13, 0xEE13, 
0xEE13, 0xEE13, 0xEE13, 0xEE13, 0xEE13, 0xEE13, 0xEE13, 0xEE13, 0xEE13, 0xEE13, 0xEE13, 0xEE13, 
0xEE13, 0xEE13, 0xEE13, 0xEE13, 0xEE13, 0xEE13, 0xEE13, 0xEE13, 0xEE13, 0xEE13, 0xEE13, 0xEE13, 
0xEE13, 0xEE13, 0xEE13, 0xEE13, 0xEE13, 0xEE13, 0xEE13, 0xEE13, 0xEE13, 0xEE13, 0xEE13, 0xEE13, 
0xEE13, 0xEE13, 0xEE13, 0xEE13, 0xEE13, 0xEE13, 0xEE13, 0xEE13, 0xEE13, 0xEE13, 0xEE13, 0xEE13, 
0xEE13, 0xEE13, 0xEE13, 0xEE13, 0xEE13, 0xEE13, 0xEE13, 0xEE13, 0xEE13, 0xEE13, 0xEE13, 0xEE13, 
0xEE13, 0xEE13, 0xEE13, 0xEE13, 0xEE13, 0xEE13, 0xEE13, 0xEE13, 0xEE13, 0xEE13, 0xEE13, 0xEE13, 
0xEE13, 0xEE13, 0xEE13, 0xEE13, 0xEE13, 0xEE13, 0x2106, 0x2106, 0x2106, 0x2106, 0xEE13, 0xEE13, 
0xEE13, 0xEE13, 0xEE13, 0xEE13, 0xEE13, 0xEE13, 0x2106, 0x2106, 0x2106, 0x2106, 0xEE13, 0xEE13, 
0xEE13, 0xEE13, 0xEE13, 0xEE13, 0xEE13, 0xEE13, 0xEE13, 0xEE13, 0xEE13, 0xEE13, 0xEE13, 0xEE13, 
0xEE13, 0xEE13, 0xEE13, 0xEE13, 0xEE13, 0xEE13, 0xEE13, 0xEE13, 0xEE13, 0xEE13, 0xEE13, 0xEE13, 
0xEE13, 0xEE13, 0xEE13, 0xEE13, 0xEE13, 0xEE13, 0xEE13, 0xEE13, 0xEE13, 0xEE13, 0xEE13, 0xEE13, 
0xEE13, 0xEE13, 0xEE13, 0xEE13, 0xEE13, 0xEE13, 0xEE13, 0xEE13, 0xEE13, 0xEE13, 0xEE13, 0xEE13, 
0xEE13, 0xEE13, 0xEE13, 0xEE13, 0xEE13, 0xEE13, 0xEE13, 0xEE13, 0xEE13, 0xEE13, 0xEE13, 0xEE13, 
0xEE13, 0xEE13, 0xEE13, 0xEE13, 0xEE13, 0xEE13, 0xEE13, 0xEE13, 0xEE13, 0xEE13, 0xEE13, 0xEE13, 
0xEE13, 0xEE13, 0xEE13, 0xEE13, 0xEE13, 0xEE13, 0xEE13, 0xEE13, 0xEE13, 0xEE13, 0xEE13, 0xEE13, 
0xEE13, 0xEE13, 0xEE13, 0xEE13, 0xEE13, 0xEE13, 0xEE13, 0xEE13, 0xEE13, 0xEE13, 0xEE13, 0xEE13, 
0xEE13, 0xEE13, 0xEE13, 0xEE13, 0xEE13, 0xEE13, 0xEE13, 0xEE13, 0xEE13, 0xEE13, 0xEE13, 0xEE13, 
0xEE13, 0xEE13, 0x2106, 0x2106, 0x2106, 0x2106, 0xEE13, 0xEE13, 0xEE13, 0xEE13, 0xEE13, 0xEE13, 
0xEE13, 0xEE13, 0x2106, 0x2106, 0x2106, 0x2106, 0xEE13, 0xEE13, 0xEE13, 0xEE13, 0xEE13, 0xEE13, 
0xEE13, 0xEE13, 0xEE13, 0xEE13, 0xEE13, 0xEE13, 0xEE13, 0xEE13, 0xEE13, 0xEE13, 0xEE13, 0xEE13, 
0xEE13, 0xEE13, 0xEE13, 0xEE13, 0xEE13, 0xEE13, 0xEE13, 0xEE13, 0xEE13, 0xEE13, 0xEE13, 0xEE13, 
0xEE13, 0xEE13, 0xEE13, 0xEE13, 0xEE13, 0xEE13, 0xEE13, 0xEE13, 0xEE13, 0xEE13, 0xEE13, 0xEE13, 
0xEE13, 0xEE13, 0xEE13, 0xEE13, 0xEE13, 0xEE13, 0xEE13, 0xEE13, 0xEE13, 0xEE13, 0xEE13, 0xEE13, 
0xEE13, 0xEE13, 0xEE13, 0xEE13, 0xEE13, 0xEE13, 0xEE13, 0xEE13, 0xEE13, 0xEE13, 0xEE13, 0xEE13, 
0xEE13, 0xEE13, 0xEE13, 0xEE13, 0xEE13, 0xEE13, 0xEE13, 0xEE13, 0xEE13, 0xEE13, 0xEE13, 0xEE13, 
0xEE13, 0xEE13, 0xEE13, 0xEE13, 0xEE13, 0xEE13, 0xEE13, 0xEE13, 0xEE13, 0xEE13, 0xEE13, 0xEE13, 
0xEE13, 0xEE13, 0xEE13, 0xEE13, 0xEE13, 0xEE13, 0xEE13, 0xEE13, 0xEE13, 0xEE13, 0xEE13, 0xEE13, 
0xEE13, 0xEE13, 0xEE13, 0xEE13, 0xEE13, 0xEE13, 0xEE13, 0xEE13, 0xEE13, 0xEE13, 0x2106, 0x2106, 
0xEE13, 0xEE13, 0x2106, 0x2106, 0x2106, 0x2106, 0x2106, 0x2106, 0x2106, 0x2106, 0x2106, 0x2106, 
0xEE13, 0xEE13, 0xEE13, 0xEE13, 0xEE13, 0xEE13, 0x2106, 0x2106, 0xEE13, 0xEE13, 0xEE13, 0xEE13, 
0xEE13, 0xEE13, 0xEE13, 0xEE13, 0x2106, 0x2106, 0x2106, 0x2106, 0xEE13, 0xEE13, 0xEE13, 0xEE13, 
0xEE13, 0xEE13, 0xEE13, 0xEE13, 0xEE13, 0xEE13, 0xEE13, 0xEE13, 0xEE13, 0xEE13, 0xEE13, 0xEE13, 
0xEE13, 0xEE13, 0xEE13, 0xEE13, 0xEE13, 0xEE13, 0xEE13, 0xEE13, 0xEE13, 0xEE13, 0xEE13, 0xEE13, 
0xEE13, 0xEE13, 0xEE13, 0xEE13, 0xEE13, 0xEE13, 0xEE13, 0xEE13, 0xEE13, 0xEE13, 0xEE13, 0xEE13, 
0xEE13, 0xEE13, 0xEE13, 0xEE13, 0xEE13, 0xEE13, 0xEE13, 0xEE13, 0xEE13, 0xEE13, 0xEE13, 0xEE13, 
0xEE13, 0xEE13, 0xEE13, 0xEE13, 0xEE13, 0xEE13, 0xEE13, 0xEE13, 0xEE13, 0xEE13, 0xEE13, 0xEE13, 
0xEE13, 0xEE13, 0xEE13, 0xEE13, 0xEE13, 0xEE13, 0xEE13, 0xEE13, 0xEE13, 0xEE13, 0xEE13, 0xEE13, 
0xEE13, 0xEE13, 0xEE13, 0xEE13, 0xEE13, 0xEE13, 0xEE13, 0xEE13, 0xEE13, 0xEE13, 0xEE13, 0xEE13, 
0xEE13, 0xEE13, 0xEE13, 0xEE13, 0xEE13, 0xEE13, 0x2106, 0x2106, 0xEE13, 0xEE13, 0x2106, 0x2106, 
0x2106, 0x2106, 0x2106, 0x2106, 0x2106, 0x2106, 0x2106, 0x2106, 0xEE13, 0xEE13, 0xEE13, 0xEE13, 
0xEE13, 0xEE13, 0x2106, 0x2106, 0xEE13, 0xEE13, 0xEE13, 0xEE13, 0xEE13, 0xEE13, 0xEE13, 0xEE13, 
0x2106, 0x2106, 0x2106, 0x2106, 0xEE13, 0xEE13, 0xEE13, 0xEE13, 0xEE13, 0xEE13, 0xEE13, 0xEE13, 
0xEE13, 0xEE13, 0xEE13, 0xEE13, 0xEE13, 0xEE13, 0xEE13, 0xEE13, 0xEE13, 0xEE13, 0xEE13, 0xEE13, 
0xEE13, 0xEE13, 0xEE13, 0xEE13, 0xEE13, 0xEE13, 0xEE13, 0xEE13, 0xEE13, 0xEE13, 0xEE13, 0xEE13, 
0xEE13, 0xEE13, 0xEE13, 0xEE13, 0xEE13, 0xEE13, 0xEE13, 0xEE13, 0xEE13, 0xEE13, 0xEE13, 0xEE13, 
0xEE13, 0xEE13, 0xEE13, 0xEE13, 0xEE13, 0xEE13, 0xEE13, 0xEE13, 0xEE13, 0xEE13, 0xEE13, 0xEE13, 
0xEE13, 0xEE13, 0xEE13, 0xEE13, 0xEE13, 0xEE13, 0xEE13, 0xEE13, 0xEE13, 0xEE13, 0xEE13, 0xEE13, 
0xEE13, 0xEE13, 0xEE13, 0xEE13, 0xEE13, 0xEE13, 0xEE13, 0xEE13, 0xEE13, 0xEE13, 0xEE13, 0xEE13, 
0xEE13, 0xEE13, 0xEE13, 0xEE13, 0xEE13, 0xEE13, 0xEE13, 0xEE13, 0xEE13, 0xEE13, 0xEE13, 0xEE13, 
0xEE13, 0xEE13, 0xEE13, 0xEE13, 0x2106, 0x2106, 0xEE13, 0xEE13, 0xEE13, 0xEE13, 0xEE13, 0xEE13, 
0xEE13, 0xEE13, 0x2106, 0x2106, 0xEE13, 0xEE13, 0xEE13, 0xEE13, 0xEE13, 0xEE13, 0x2106, 0x2106, 
0xEE13, 0xEE13, 0xEE13, 0xEE13, 0xEE13, 0xEE13, 0xEE13, 0xEE13, 0xEE13, 0xEE13, 0x2106, 0x2106, 
0xEE13, 0xEE13, 0xEE13, 0xEE13, 0xEE13, 0xEE13, 0xEE13, 0xEE13, 0xEE13, 0xEE13, 0xEE13, 0xEE13, 
0xEE13, 0xEE13, 0xEE13, 0xEE13, 0xEE13, 0xEE13, 0xEE13, 0xEE13, 0xEE13, 0xEE13, 0xEE13, 0xEE13, 
0xEE13, 0xEE13, 0xEE13, 0xEE13, 0xEE13, 0xEE13, 0xEE13, 0xEE13, 0xEE13, 0xEE13, 0xEE13, 0xEE13, 
0xEE13, 0xEE13, 0xEE13, 0xEE13, 0xEE13, 0xEE13, 0xEE13, 0xEE13, 0xEE13, 0xEE13, 0xEE13, 0xEE13, 
0xEE13, 0xEE13, 0xEE13, 0xEE13, 0xEE13, 0xEE13, 0xEE13, 0xEE13, 0xEE13, 0xEE13, 0xEE13, 0xEE13, 
0xEE13, 0xEE13, 0xEE13, 0xEE13, 0xEE13, 0xEE13, 0xEE13, 0xEE13, 0xEE13, 0xEE13, 0xEE13, 0xEE13, 
0xEE13, 0xEE13, 0xEE13, 0xEE13, 0xEE13, 0xEE13, 0xEE13, 0xEE13, 0xEE13, 0xEE13, 0xEE13, 0xEE13, 
0xEE13, 0xEE13, 0xEE13, 0xEE13, 0xEE13, 0xEE13, 0xEE13, 0xEE13, 0xEE13, 0xEE13, 0xEE13, 0xEE13, 
0x2106, 0x2106, 0xEE13, 0xEE13, 0xEE13, 0xEE13, 0xEE13, 0xEE13, 0xEE13, 0xEE13, 0x2106, 0x2106, 
0xEE13, 0xEE13, 0xEE13, 0xEE13, 0xEE13, 0xEE13, 0x2106, 0x2106, 0xEE13, 0xEE13, 0xEE13, 0xEE13, 
0xEE13, 0xEE13, 0xEE13, 0xEE13, 0xEE13, 0xEE13, 0x2106, 0x2106, 0xEE13, 0xEE13, 0xEE13, 0xEE13, 
0xEE13, 0xEE13, 0xEE13, 0xEE13, 0xEE13, 0xEE13, 0xEE13, 0xEE13, 0xEE13, 0xEE13, 0xEE13, 0xEE13, 
0xEE13, 0xEE13, 0xEE13, 0xEE13, 0xEE13, 0xEE13, 0xEE13, 0xEE13, 0xEE13, 0xEE13, 0xEE13, 0xEE13, 
0xEE13, 0xEE13, 0xEE13, 0xEE13, 0xEE13, 0xEE13, 0xEE13, 0xEE13, 0xEE13, 0xEE13, 0xEE13, 0xEE13, 
0xEE13, 0xEE13, 0xEE13, 0xEE13, 0xEE13, 0xEE13, 0xEE13, 0xEE13, 0xEE13, 0xEE13, 0xEE13, 0xEE13, 
0xEE13, 0xEE13, 0xEE13, 0xEE13, 0xEE13, 0xEE13, 0xEE13, 0xEE13, 0xEE13, 0xEE13, 0xEE13, 0xEE13, 
0xEE13, 0xEE13, 0xEE13, 0xEE13, 0xEE13, 0xEE13, 0xEE13, 0xEE13, 0xEE13, 0xEE13, 0xEE13, 0xEE13, 
0xEE13, 0xEE13, 0xEE13, 0xEE13, 0xEE13, 0xEE13, 0xEE13, 0xEE13, 0xEE13, 0xEE13, 0xEE13, 0xEE13, 
0xEE13, 0xEE13, 0xEE13, 0xEE13, 0xEE13, 0xEE13, 0xEE13, 0xEE13, 0x2106, 0x2106, 0xEE13, 0xEE13, 
0xEE13, 0xEE13, 0xEE13, 0xEE13, 0xEE13, 0xEE13, 0x2106, 0x2106, 0xEE13, 0xEE13, 0xEE13, 0xEE13, 
0xEE13, 0xEE13, 0x2106, 0x2106, 0x2106, 0x2106, 0xEE13, 0xEE13, 0xEE13, 0xEE13, 0xEE13, 0xEE13, 
0xEE13, 0xEE13, 0x2106, 0x2106, 0xEE13, 0xEE13, 0xEE13, 0xEE13, 0xEE13, 0xEE13, 0xEE13, 0xEE13, 
0xEE13, 0xEE13, 0xEE13, 0xEE13, 0xEE13, 0xEE13, 0xEE13, 0xEE13, 0xEE13, 0xEE13, 0xEE13, 0xEE13, 
0xEE13, 0xEE13, 0xEE13, 0xEE13, 0xEE13, 0xEE13, 0xEE13, 0xEE13, 0xEE13, 0xEE13, 0xEE13, 0xEE13, 
0xEE13, 0xEE13, 0xEE13, 0xEE13, 0xEE13, 0xEE13, 0xEE13, 0xEE13, 0xEE13, 0xEE13, 0xEE13, 0xEE13, 
0xEE13, 0xEE13, 0xEE13, 0xEE13, 0xEE13, 0xEE13, 0xEE13, 0xEE13, 0xEE13, 0xEE13, 0xEE13, 0xEE13, 
0xEE13, 0xEE13, 0xEE13, 0xEE13, 0xEE13, 0xEE13, 0xEE13, 0xEE13, 0xEE13, 0xEE13, 0xEE13, 0xEE13, 
0xEE13, 0xEE13, 0xEE13, 0xEE13, 0xEE13, 0xEE13, 0xEE13, 0xEE13, 0xEE13, 0xEE13, 0xEE13, 0xEE13, 
0xEE13, 0xEE13, 0xEE13, 0xEE13, 0xEE13, 0xEE13, 0xEE13, 0xEE13, 0xEE13, 0xEE13, 0xEE13, 0xEE13, 
0xEE13, 0xEE13, 0xEE13, 0xEE13, 0x2106, 0x2106, 0xEE13, 0xEE13, 0xEE13, 0xEE13, 0xEE13, 0xEE13, 
0xEE13, 0xEE13, 0x2106, 0x2106, 0xEE13, 0xEE13, 0xEE13, 0xEE13, 0xEE13, 0xEE13, 0x2106, 0x2106, 
0x2106, 0x2106, 0xEE13, 0xEE13, 0xEE13, 0xEE13, 0xEE13, 0xEE13, 0xEE13, 0xEE13, 0x2106, 0x2106, 
0xEE13, 0xEE13, 0xEE13, 0xEE13, 0xEE13, 0xEE13, 0xEE13, 0xEE13, 0xEE13, 0xEE13, 0xEE13, 0xEE13, 
0xEE13, 0xEE13, 0xEE13, 0xEE13, 0xEE13, 0xEE13, 0xEE13, 0xEE13, 0xEE13, 0xEE13, 0xEE13, 0xEE13, 
0xEE13, 0xEE13, 0xEE13, 0xEE13, 0xEE13, 0xEE13, 0xEE13, 0xEE13, 0xEE13, 0xEE13, 0xEE13, 0xEE13, 
0xEE13, 0xEE13, 0xEE13, 0xEE13, 0xEE13, 0xEE13, 0xEE13, 0xEE13, 0xEE13, 0xEE13, 0xEE13, 0xEE13, 
0xEE13, 0xEE13, 0xEE13, 0xEE13, 0xEE13, 0xEE13, 0xEE13, 0xEE13, 0xEE13, 0xEE13, 0xEE13, 0xEE13, 
0xEE13, 0xEE13, 0xEE13, 0xEE13, 0xEE13, 0xEE13, 0xEE13, 0xEE13, 0xEE13, 0xEE13, 0xEE13, 0xEE13, 
0xEE13, 0xEE13, 0xEE13, 0xEE13, 0xEE13, 0xEE13, 0xEE13, 0xEE13, 0xEE13, 0xEE13, 0xEE13, 0xEE13, 
0xEE13, 0xEE13, 0xEE13, 0xEE13, 0xEE13, 0xEE13, 0xEE13, 0xEE13, 0xEE13, 0xEE13, 0xEE13, 0xEE13, 
0x2106, 0x2106, 0xEE13, 0xEE13, 0xEE13, 0xEE13, 0xEE13, 0xEE13, 0xEE13, 0xEE13, 0x2106, 0x2106, 
0xEE13, 0xEE13, 0xEE13, 0xEE13, 0xEE13, 0xEE13, 0xEE13, 0xEE13, 0x2106, 0x2106, 0xEE13, 0xEE13, 
0xEE13, 0xEE13, 0xEE13, 0xEE13, 0xEE13, 0xEE13, 0x2106, 0x2106, 0xEE13, 0xEE13, 0xEE13, 0xEE13, 
0xEE13, 0xEE13, 0xEE13, 0xEE13, 0xEE13, 0xEE13, 0xEE13, 0xEE13, 0xEE13, 0xEE13, 0xEE13, 0xEE13, 
0xEE13, 0xEE13, 0xEE13, 0xEE13, 0xEE13, 0xEE13, 0xEE13, 0xEE13, 0xEE13, 0xEE13, 0xEE13, 0xEE13, 
0xEE13, 0xEE13, 0xEE13, 0xEE13, 0xEE13, 0xEE13, 0xEE13, 0xEE13, 0xEE13, 0xEE13, 0xEE13, 0xEE13, 
0xEE13, 0xEE13, 0xEE13, 0xEE13, 0xEE13, 0xEE13, 0xEE13, 0xEE13, 0xEE13, 0xEE13, 0xEE13, 0xEE13, 
0xEE13, 0xEE13, 0xEE13, 0xEE13, 0xEE13, 0xEE13, 0xEE13, 0xEE13, 0xEE13, 0xEE13, 0xEE13, 0xEE13, 
0xEE13, 0xEE13, 0xEE13, 0xEE13, 0xEE13, 0xEE13, 0xEE13, 0xEE13, 0xEE13, 0xEE13, 0xEE13, 0xEE13, 
0xEE13, 0xEE13, 0xEE13, 0xEE13, 0xEE13, 0xEE13, 0xEE13, 0xEE13, 0xEE13, 0xEE13, 0xEE13, 0xEE13, 
0xEE13, 0xEE13, 0xEE13, 0xEE13, 0xEE13, 0xEE13, 0xEE13, 0xEE13, 0x2106, 0x2106, 0xEE13, 0xEE13, 
0xEE13, 0xEE13, 0xEE13, 0xEE13, 0xEE13, 0xEE13, 0x2106, 0x2106, 0xEE13, 0xEE13, 0xEE13, 0xEE13, 
0xEE13, 0xEE13, 0xEE13, 0xEE13, 0x2106, 0x2106, 0xEE13, 0xEE13, 0xEE13, 0xEE13, 0xEE13, 0xEE13, 
0xEE13, 0xEE13, 0x2106, 0x2106, 0xEE13, 0xEE13, 0xEE13, 0xEE13, 0xEE13, 0xEE13, 0xEE13, 0xEE13, 
0xEE13, 0xEE13, 0xEE13, 0xEE13, 0xEE13, 0xEE13, 0xEE13, 0xEE13, 0xEE13, 0xEE13, 0xEE13, 0xEE13, 
0xEE13, 0xEE13, 0xEE13, 0xEE13, 0xEE13, 0xEE13, 0xEE13, 0xEE13, 0xEE13, 0xEE13, 0xEE13, 0xEE13, 
0xEE13, 0xEE13, 0xEE13, 0xEE13, 0xEE13, 0xEE13, 0xEE13, 0xEE13, 0xEE13, 0xEE13, 0xEE13, 0xEE13, 
0xEE13, 0xEE13, 0xEE13, 0xEE13, 0xEE13, 0xEE13, 0xEE13, 0xEE13, 0xEE13, 0xEE13, 0xEE13, 0xEE13, 
0xEE13, 0xEE13, 0xEE13, 0xEE13, 0xEE13, 0xEE13, 0xEE13, 0xEE13, 0xEE13, 0xEE13, 0xEE13, 0xEE13, 
0xEE13, 0xEE13, 0xEE13, 0xEE13, 0xEE13, 0xEE13, 0xEE13, 0xEE13, 0xEE13, 0xEE13, 0xEE13, 0xEE13, 
0xEE13, 0xEE13, 0xEE13, 0xEE13, 0xEE13, 0xEE13, 0xEE13, 0xEE13, 0xEE13, 0xEE13, 0xEE13, 0xEE13, 
0xEE13, 0xEE13, 0xEE13, 0xEE13, 0x2106, 0x2106, 0xEE13, 0xEE13, 0xEE13, 0xEE13, 0xEE13, 0xEE13, 
0xEE13, 0xEE13, 0xEE13, 0xEE13, 0xEE13, 0xEE13, 0xEE13, 0xEE13, 0xEE13, 0xEE13, 0xEE13, 0xEE13, 
0x2106, 0x2106, 0xEE13, 0xEE13, 0xEE13, 0xEE13, 0xEE13, 0xEE13, 0xEE13, 0xEE13, 0xEE13, 0xEE13, 
0xEE13, 0xEE13, 0xEE13, 0xEE13, 0xEE13, 0xEE13, 0xEE13, 0xEE13, 0xEE13, 0xEE13, 0xEE13, 0xEE13, 
0xEE13, 0xEE13, 0xEE13, 0xEE13, 0xEE13, 0xEE13, 0xEE13, 0xEE13, 0xEE13, 0xEE13, 0xEE13, 0xEE13, 
0xEE13, 0xEE13, 0xEE13, 0xEE13, 0xEE13, 0xEE13, 0xEE13, 0xEE13, 0xEE13, 0xEE13, 0xEE13, 0xEE13, 
0xEE13, 0xEE13, 0xEE13, 0xEE13, 0xEE13, 0xEE13, 0xEE13, 0xEE13, 0xEE13, 0xEE13, 0xEE13, 0xEE13, 
0xEE13, 0xEE13, 0xEE13, 0xEE13, 0xEE13, 0xEE13, 0xEE13, 0xEE13, 0xEE13, 0xEE13, 0xEE13, 0xEE13, 
0xEE13, 0xEE13, 0xEE13, 0xEE13, 0xEE13, 0xEE13, 0xEE13, 0xEE13, 0xEE13, 0xEE13, 0xEE13, 0xEE13, 
0xEE13, 0xEE13, 0xEE13, 0xEE13, 0xEE13, 0xEE13, 0xEE13, 0xEE13, 0xEE13, 0xEE13, 0xEE13, 0xEE13, 
0xEE13, 0xEE13, 0xEE13, 0xEE13, 0xEE13, 0xEE13, 0xEE13, 0xEE13, 0xEE13, 0xEE13, 0xEE13, 0xEE13, 
0x2106, 0x2106, 0xEE13, 0xEE13, 0xEE13, 0xEE13, 0xEE13, 0xEE13, 0xEE13, 0xEE13, 0xEE13, 0xEE13, 
0xEE13, 0xEE13, 0xEE13, 0xEE13, 0xEE13, 0xEE13, 0xEE13, 0xEE13, 0x2106, 0x2106, 0xEE13, 0xEE13, 
0xEE13, 0xEE13, 0xEE13, 0xEE13, 0xEE13, 0xEE13, 0xEE13, 0xEE13, 0xEE13, 0xEE13, 0xEE13, 0xEE13, 
0xEE13, 0xEE13, 0xEE13, 0xEE13, 0xEE13, 0xEE13, 0xEE13, 0xEE13, 0xEE13, 0xEE13, 0xEE13, 0xEE13, 
0xEE13, 0xEE13, 0xEE13, 0xEE13, 0xEE13, 0xEE13, 0xEE13, 0xEE13, 0xEE13, 0xEE13, 0xEE13, 0xEE13, 
0xEE13, 0xEE13, 0xEE13, 0xEE13, 0xEE13, 0xEE13, 0xEE13, 0xEE13, 0xEE13, 0xEE13, 0xEE13, 0xEE13, 
0xEE13, 0xEE13, 0xEE13, 0xEE13, 0xEE13, 0xEE13, 0xEE13, 0xEE13, 0xEE13, 0xEE13, 0xEE13, 0xEE13, 
0xEE13, 0xEE13, 0xEE13, 0xEE13, 0xEE13, 0xEE13, 0xEE13, 0xEE13, 0xEE13, 0xEE13, 0xEE13, 0xEE13, 
0xEE13, 0xEE13, 0xEE13, 0xEE13, 0xEE13, 0xEE13, 0xEE13, 0xEE13, 0xEE13, 0xEE13, 0xEE13, 0xEE13, 
0xEE13, 0xEE13, 0xEE13, 0xEE13, 0xEE13, 0xEE13, 0xEE13, 0xEE13, 0xEE13, 0xEE13, 0xEE13, 0xEE13, 
0xEE13, 0xEE13, 0xEE13, 0xEE13, 0xEE13, 0xEE13, 0xEE13, 0xEE13, 0xEE13, 0xEE13, 0xEE13, 0xEE13, 
0xEE13, 0xEE13, 0xEE13, 0xEE13, 0xEE13, 0xEE13, 0xEE13, 0xEE13, 0xEE13, 0xEE13, 0xEE13, 0xEE13, 
0xEE13, 0xEE13, 0xEE13, 0xEE13, 0xEE13, 0xEE13, 0xEE13, 0xEE13, 0xEE13, 0xEE13, 0xEE13, 0xEE13, 
0xEE13, 0xEE13, 0xEE13, 0xEE13, 0xEE13, 0xEE13, 0xEE13, 0xEE13, 0xEE13, 0xEE13, 0xEE13, 0xEE13, 
0xEE13, 0xEE13, 0xEE13, 0xEE13, 0xEE13, 0xEE13, 0xEE13, 0xEE13, 0xEE13, 0xEE13, 0xEE13, 0xEE13, 
0xEE13, 0xEE13, 0xEE13, 0xEE13, 0xEE13, 0xEE13, 0xEE13, 0xEE13, 0xEE13, 0xEE13, 0xEE13, 0xEE13, 
0xEE13, 0xEE13, 0xEE13, 0xEE13, 0xEE13, 0xEE13, 0xEE13, 0xEE13, 0xEE13, 0xEE13, 0xEE13, 0xEE13, 
0xEE13, 0xEE13, 0xEE13, 0xEE13, 0xEE13, 0xEE13, 0xEE13, 0xEE13, 0xEE13, 0xEE13, 0xEE13, 0xEE13, 
0xEE13, 0xEE13, 0xEE13, 0xEE13, 0xEE13, 0xEE13, 0xEE13, 0xEE13, 0xEE13, 0xEE13, 0xEE13, 0xEE13, 
0xEE13, 0xEE13, 0xEE13, 0xEE13, 0xEE13, 0xEE13, 0xEE13, 0xEE13, 0xEE13, 0xEE13, 0xEE13, 0xEE13, 
0xEE13, 0xEE13, 0xEE13, 0xEE13, 0xEE13, 0xEE13, 0xEE13, 0xEE13, 0xEE13, 0xEE13, 0xEE13, 0xEE13, 
0xEE13, 0xEE13, 0xEE13, 0xEE13, 0xEE13, 0xEE13, 0xEE13, 0xEE13, 0xEE13, 0xEE13, 0xEE13, 0xEE13, 
0xEE13, 0xEE13, 0xEE13, 0xEE13, 0xEE13, 0xEE13, 0xEE13, 0xEE13, 0xEE13, 0xEE13, 0xEE13, 0xEE13, 
0xEE13, 0xEE13, 0xEE13, 0xEE13, 0xEE13, 0xEE13, 0xEE13, 0xEE13, 0xEE13, 0xEE13, 0xEE13, 0xEE13, 
0xEE13, 0xEE13, 0xEE13, 0xEE13, 0xEE13, 0xEE13, 0xEE13, 0xEE13, 0xEE13, 0xEE13, 0xEE13, 0xEE13, 
0xEE13, 0xEE13, 0xEE13, 0xEE13, 0xEE13, 0xEE13, 0xEE13, 0xEE13, 0xEE13, 0xEE13, 0xEE13, 0xEE13, 
0xEE13, 0xEE13, 0xEE13, 0xEE13, 0xEE13, 0xEE13, 0xEE13, 0xEE13, 0xEE13, 0xEE13, 0xEE13, 0xEE13, 
0xEE13, 0xEE13, 0xEE13, 0xEE13, 0xEE13, 0xEE13, 0xEE13, 0xEE13, 0xEE13, 0xEE13, 0xEE13, 0xEE13, 
0xEE13, 0xEE13, 0xEE13, 0xEE13, 0xEE13, 0xEE13, 0xEE13, 0xEE13, 0xEE13, 0xEE13, 0xEE13, 0xEE13, 
0xEE13, 0xEE13, 0xEE13, 0xEE13, 0xEE13, 0xEE13, 0xEE13, 0xEE13, 0xEE13, 0xEE13, 0xEE13, 0xEE13, 
0xEE13, 0xEE13, 0xEE13, 0xEE13, 0xEE13, 0xEE13, 0xEE13, 0xEE13, 0xEE13, 0xEE13, 0xEE13, 0xEE13, 
0xEE13, 0xEE13, 0xEE13, 0xEE13, 0xEE13, 0xEE13, 0xEE13, 0xEE13, 0xEE13, 0xEE13, 0xEE13, 0xEE13, 
0xEE13, 0xEE13, 0xEE13, 0xEE13, 0xEE13, 0xEE13, 0xEE13, 0xEE13, 0xEE13, 0xEE13, 0xEE13, 0xEE13, 
0xEE13, 0xEE13, 0xEE13, 0xEE13, 0xEE13, 0xEE13, 0xEE13, 0xEE13, 0xEE13, 0xEE13, 0xEE13, 0xEE13, 
0xEE13, 0xEE13, 0xEE13, 0xEE13, 0xEE13, 0xEE13, 0xEE13, 0xEE13, 0xEE13, 0xEE13, 0xEE13, 0xEE13, 
0xEE13, 0xEE13, 0xEE13, 0xEE13, 0xEE13, 0xEE13, 0xEE13, 0xEE13, 0xEE13, 0xEE13, 0xEE13, 0xEE13, 
0xEE13, 0xEE13, 0xEE13, 0xEE13, 0xEE13, 0xEE13, 0xEE13, 0xEE13, 0xEE13, 0xEE13, 0xEE13, 0xEE13, 
0xEE13, 0xEE13, 0xEE13, 0xEE13, 0xEE13, 0xEE13, 0xEE13, 0xEE13, 0xEE13, 0xEE13, 0xEE13, 0xEE13, 
0xEE13, 0xEE13, 0xEE13, 0xEE13, 0xEE13, 0xEE13, 0xEE13, 0xEE13, 0xEE13, 0xEE13, 0xEE13, 0xEE13, 
0xEE13, 0xEE13, 0xEE13, 0xEE13, 0xEE13, 0xEE13, 0xEE13, 0xEE13, 0xEE13, 0xEE13, 0xEE13, 0xEE13, 
0xEE13, 0xEE13, 0xEE13, 0xEE13, 0xEE13, 0xEE13, 0xEE13, 0xEE13, 0xEE13, 0xEE13, 0xEE13, 0xEE13, 
0xEE13, 0xEE13, 0xEE13, 0xEE13, 0xEE13, 0xEE13, 0xEE13, 0xEE13, 0xEE13, 0xEE13, 0xEE13, 0xEE13, 
0xEE13, 0xEE13, 0xEE13, 0xEE13, 0xEE13, 0xEE13, 0xEE13, 0xEE13, 0xEE13, 0xEE13, 0xEE13, 0xEE13, 
0xEE13, 0xEE13, 0xEE13, 0xEE13, 0xEE13, 0xEE13, 0xEE13, 0xEE13, 0xEE13, 0xEE13, 0xEE13, 0xEE13, 
0xEE13, 0xEE13, 0xEE13, 0xEE13, 0xEE13, 0xEE13, 0xEE13, 0xEE13, 0xEE13, 0xEE13, 0xEE13, 0xEE13, 
0xEE13, 0xEE13, 0xEE13, 0xEE13, 0xEE13, 0xEE13, 0xEE13, 0xEE13, 0xEE13, 0xEE13, 0xEE13, 0xEE13, 
0xEE13, 0xEE13, 0xEE13, 0xEE13, 0xEE13, 0xEE13, 0xEE13, 0xEE13, 0xEE13, 0xEE13, 0xEE13, 0xEE13, 
0xEE13, 0xEE13, 0xEE13, 0xEE13, 0xEE13, 0xEE13, 0xEE13, 0xEE13, 0xEE13, 0xEE13, 0xEE13, 0xEE13, 
0xEE13, 0xEE13, 0xEE13, 0xEE13, 0xEE13, 0xEE13, 0xEE13, 0xEE13, 0xEE13, 0xEE13, 0xEE13, 0xEE13, 
0xEE13, 0xEE13, 0xEE13, 0xEE13, 0xEE13, 0xEE13, 0xEE13, 0xEE13, 0xEE13, 0xEE13, 0xEE13, 0xEE13, 
0xEE13, 0xEE13, 0xEE13, 0xEE13, 0xEE13, 0xEE13, 0xEE13, 0xEE13, 0xEE13, 0xEE13, 0xEE13, 0xEE13, 
0xEE13, 0xEE13, 0xEE13, 0xEE13, 0xEE13, 0xEE13, 0xEE13, 0xEE13, 0xEE13, 0xEE13, 0xEE13, 0xEE13, 
0xEE13, 0xEE13, 0xEE13, 0xEE13, 0xEE13, 0xEE13, 0xEE13, 0xEE13, 0xEE13, 0xEE13, 0xEE13, 0xEE13, 
0xEE13, 0xEE13, 0xEE13, 0xEE13, 0xEE13, 0xEE13, 0xEE13, 0xEE13, 0xEE13, 0xEE13, 0xEE13, 0xEE13, 
0xEE13, 0xEE13, 0xEE13, 0xEE13, 0xEE13, 0xEE13, 0xEE13, 0xEE13, 0xEE13, 0xEE13, 0xEE13, 0xEE13, 
0xEE13, 0xEE13, 0xEE13, 0xEE13, 0xEE13, 0xEE13, 0xEE13, 0xEE13, 0xEE13, 0xEE13, 0xEE13, 0xEE13, 
0xEE13, 0xEE13, 0xEE13, 0xEE13, 0xEE13, 0xEE13, 0xEE13, 0xEE13, 0xEE13, 0xEE13, 0xEE13, 0xEE13, 
0xEE13, 0xEE13, 0xEE13, 0xEE13, 0xEE13, 0xEE13, 0xEE13, 0xEE13, 0xEE13, 0xEE13, 0xEE13, 0xEE13, 
0xEE13, 0xEE13, 0xEE13, 0xEE13, 0xEE13, 0xEE13, 0xEE13, 0xEE13, 0xEE13, 0xEE13, 0xEE13, 0xEE13, 
0xEE13, 0xEE13, 0xEE13, 0xEE13, 0xEE13, 0xEE13, 0xEE13, 0xEE13, 0xEE13, 0xEE13, 0xEE13, 0xEE13, 
0xEE13, 0xEE13, 0xEE13, 0xEE13, 0xEE13, 0xEE13, 0xEE13, 0xEE13, 0xEE13, 0xEE13, 0xEE13, 0xEE13, 
0xEE13, 0xEE13, 0xEE13, 0xEE13, 0xEE13, 0xEE13, 0xEE13, 0xEE13, 0xEE13, 0xEE13, 0xEE13, 0xEE13, 
0xEE13, 0xEE13, 0xEE13, 0xEE13, 0xEE13, 0xEE13, 0xEE13, 0xEE13, 0xEE13, 0xEE13, 0xEE13, 0xEE13, 
0xEE13, 0xEE13, 0xEE13, 0xEE13, 0xEE13, 0xEE13, 0xEE13, 0xEE13, 0xEE13, 0xEE13, 0xEE13, 0xEE13, 
0xEE13, 0xEE13, 0xEE13, 0xEE13, 0xEE13, 0xEE13, 0xEE13, 0xEE13, 0xEE13, 0xEE13, 0xEE13, 0xEE13, 
0xEE13, 0xEE13, 0xEE13, 0xEE13, 0xEE13, 0xEE13, 0xEE13, 0xEE13, 0xEE13, 0xEE13, 0xEE13, 0xEE13, 
0xEE13, 0xEE13, 0xEE13, 0xEE13, 0xEE13, 0xEE13, 0xEE13, 0xEE13, 0xEE13, 0xEE13, 0xEE13, 0xEE13, 
0xEE13, 0xEE13, 0xEE13, 0xEE13, 0xEE13, 0xEE13, 0xEE13, 0xEE13, 0xEE13, 0xEE13, 0xEE13, 0xEE13, 
0xEE13, 0xEE13, 0xEE13, 0xEE13, 0xEE13, 0xEE13, 0xEE13, 0xEE13, 0xEE13, 0xEE13, 0xEE13, 0xEE13, 
0xEE13, 0xEE13, 0xEE13, 0xEE13, 0xEE13, 0xEE13, 0xEE13, 0xEE13, 0xEE13, 0xEE13, 0xEE13, 0xEE13, 
0xEE13, 0xEE13, 0xEE13, 0xEE13, 0xEE13, 0xEE13, 0xEE13, 0xEE13, 0xEE13, 0xEE13, 0xEE13, 0xEE13, 
0xEE13, 0xEE13, 0xEE13, 0xEE13, 0xEE13, 0xEE13, 0xEE13, 0xEE13, 0xEE13, 0xEE13, 0xEE13, 0xEE13, 
0xEE13, 0xEE13, 0xEE13, 0xEE13, 0xEE13, 0xEE13, 0xEE13, 0xEE13, 0xEE13, 0xEE13, 0xEE13, 0xEE13, 
0xEE13, 0xEE13, 0xEE13, 0xEE13, 0xEE13, 0xEE13, 0xEE13, 0xEE13, 0xEE13, 0xEE13, 0xEE13, 0xEE13, 
0xEE13, 0xEE13, 0xEE13, 0xEE13, 0xEE13, 0xEE13, 0xEE13, 0xEE13, 0xEE13, 0xEE13, 0xEE13, 0xEE13, 
0x34AD, 0x34AD, 0x34AD, 0x34AD, 0x34AD, 0x34AD, 0x34AD, 0x34AD, 0xEE13, 0xEE13, 0xEE13, 0xEE13, 
0xEE13, 0xEE13, 0xEE13, 0xEE13, 0xEE13, 0xEE13, 0xEE13, 0xEE13, 0xEE13, 0xEE13, 0xEE13, 0xEE13, 
0xEE13, 0xEE13, 0xEE13, 0xEE13, 0xEE13, 0xEE13, 0xEE13, 0xEE13, 0xEE13, 0xEE13, 0xEE13, 0xEE13, 
0xEE13, 0xEE13, 0xEE13, 0xEE13, 0xEE13, 0xEE13, 0xEE13, 0xEE13, 0xEE13, 0xEE13, 0xEE13, 0xEE13, 
0xEE13, 0xEE13, 0xEE13, 0xEE13, 0xEE13, 0xEE13, 0xEE13, 0xEE13, 0xEE13, 0xEE13, 0xEE13, 0xEE13, 
0xEE13, 0xEE13, 0xEE13, 0xEE13, 0xEE13, 0xEE13, 0xEE13, 0xEE13, 0xEE13, 0xEE13, 0xEE13, 0xEE13, 
0xEE13, 0xEE13, 0xEE13, 0xEE13, 0xEE13, 0xEE13, 0xEE13, 0xEE13, 0xEE13, 0xEE13, 0xEE13, 0xEE13, 
0xEE13, 0xEE13, 0xEE13, 0xEE13, 0xEE13, 0xEE13, 0xEE13, 0xEE13, 0xEE13, 0xEE13, 0xEE13, 0xEE13, 
0xEE13, 0xEE13, 0xEE13, 0xEE13, 0xEE13, 0xEE13, 0xEE13, 0xEE13, 0xEE13, 0xEE13, 0xEE13, 0xEE13, 
0xEE13, 0xEE13, 0xEE13, 0xEE13, 0xEE13, 0xEE13, 0xEE13, 0xEE13, 0xEE13, 0xEE13, 0xEE13, 0xEE13, 
0xEE13, 0xEE13, 0xEE13, 0xEE13, 0xEE13, 0xEE13, 0xEE13, 0xEE13, 0x34AD, 0x34AD, 0x34AD, 0x34AD, 
0x34AD, 0x34AD, 0x34AD, 0x34AD, 0xEE13, 0xEE13, 0xEE13, 0xEE13, 0xEE13, 0xEE13, 0xEE13, 0xEE13, 
0xEE13, 0xEE13, 0xEE13, 0xEE13, 0xEE13, 0xEE13, 0xEE13, 0xEE13, 0xEE13, 0xEE13, 0xEE13, 0xEE13, 
0xEE13, 0xEE13, 0xEE13, 0xEE13, 0xEE13, 0xEE13, 0xEE13, 0xEE13, 0xEE13, 0xEE13, 0xEE13, 0xEE13, 
0xEE13, 0xEE13, 0xEE13, 0xEE13, 0xEE13, 0xEE13, 0xEE13, 0xEE13, 0xEE13, 0xEE13, 0xEE13, 0xEE13, 
0xEE13, 0xEE13, 0xEE13, 0xEE13, 0xEE13, 0xEE13, 0xEE13, 0xEE13, 0xEE13, 0xEE13, 0xEE13, 0xEE13, 
0xEE13, 0xEE13, 0xEE13, 0xEE13, 0xEE13, 0xEE13, 0xEE13, 0xEE13, 0xEE13, 0xEE13, 0xEE13, 0xEE13, 
0xEE13, 0xEE13, 0xEE13, 0xEE13, 0xEE13, 0xEE13, 0xEE13, 0xEE13, 0xEE13, 0xEE13, 0xEE13, 0xEE13, 
0xEE13, 0xEE13, 0xEE13, 0xEE13, 0x34AD, 0x34AD, 0x34AD, 0x34AD, 0x34AD, 0x34AD, 0x34AD, 0x34AD, 
0x34AD, 0x34AD, 0xEE13, 0xEE13, 0xEE13, 0xEE13, 0xEE13, 0xEE13, 0xEE13, 0xEE13, 0xEE13, 0xEE13, 
0xEE13, 0xEE13, 0xEE13, 0xEE13, 0xEE13, 0xEE13, 0xEE13, 0xEE13, 0xEE13, 0xEE13, 0xEE13, 0xEE13, 
0xEE13, 0xEE13, 0x34AD, 0x34AD, 0x34AD, 0x34AD, 0x34AD, 0x34AD, 0x34AD, 0x34AD, 0x34AD, 0x34AD, 
0x34AD, 0x34AD, 0xEE13, 0xEE13, 0xEE13, 0xEE13, 0xEE13, 0xEE13, 0xEE13, 0xEE13, 0xEE13, 0xEE13, 
0xEE13, 0xEE13, 0xEE13, 0xEE13, 0xEE13, 0xEE13, 0xEE13, 0xEE13, 0xEE13, 0xEE13, 0xEE13, 0xEE13, 
0xEE13, 0xEE13, 0xEE13, 0xEE13, 0xEE13, 0xEE13, 0xEE13, 0xEE13, 0xEE13, 0xEE13, 0xEE13, 0xEE13, 
0xEE13, 0xEE13, 0xEE13, 0xEE13, 0xEE13, 0xEE13, 0xEE13, 0xEE13, 0xEE13, 0xEE13, 0xEE13, 0xEE13, 
0xEE13, 0xEE13, 0xEE13, 0xEE13, 0xEE13, 0xEE13, 0xEE13, 0xEE13, 0xEE13, 0xEE13, 0xEE13, 0xEE13, 
0xEE13, 0xEE13, 0xEE13, 0xEE13, 0xEE13, 0xEE13, 0xEE13, 0xEE13, 0xEE13, 0xEE13, 0xEE13, 0xEE13, 
0xEE13, 0xEE13, 0xEE13, 0xEE13, 0xEE13, 0xEE13, 0xEE13, 0xEE13, 0xEE13, 0xEE13, 0xEE13, 0xEE13, 
0x34AD, 0x34AD, 0x34AD, 0x34AD, 0x34AD, 0x34AD, 0x34AD, 0x34AD, 0x34AD, 0x34AD, 0xEE13, 0xEE13, 
0xEE13, 0xEE13, 0xEE13, 0xEE13, 0xEE13, 0xEE13, 0xEE13, 0xEE13, 0xEE13, 0xEE13, 0xEE13, 0xEE13, 
0xEE13, 0xEE13, 0xEE13, 0xEE13, 0xEE13, 0xEE13, 0xEE13, 0xEE13, 0xEE13, 0xEE13, 0x34AD, 0x34AD, 
0x34AD, 0x34AD, 0x34AD, 0x34AD, 0x34AD, 0x34AD, 0x34AD, 0x34AD, 0x34AD, 0x34AD, 0xEE13, 0xEE13, 
0xEE13, 0xEE13, 0xEE13, 0xEE13, 0xEE13, 0xEE13, 0xEE13, 0xEE13, 0xEE13, 0xEE13, 0xEE13, 0xEE13, 
0xEE13, 0xEE13, 0xEE13, 0xEE13, 0xEE13, 0xEE13, 0xEE13, 0xEE13, 0xEE13, 0xEE13, 0xEE13, 0xEE13, 
0xEE13, 0xEE13, 0xEE13, 0xEE13, 0xEE13, 0xEE13, 0xEE13, 0xEE13, 0xEE13, 0xEE13, 0xEE13, 0xEE13, 
0xEE13, 0xEE13, 0xEE13, 0xEE13, 0xEE13, 0xEE13, 0xEE13, 0xEE13, 0xEE13, 0xEE13, 0xEE13, 0xEE13, 
0xEE13, 0xEE13, 0xEE13, 0xEE13, 0xEE13, 0xEE13, 0xEE13, 0xEE13, 0xEE13, 0xEE13, 0xEE13, 0xEE13, 
0xEE13, 0xEE13, 0xEE13, 0xEE13, 0xEE13, 0xEE13, 0xEE13, 0xEE13, 0xEE13, 0xEE13, 0xEE13, 0xEE13, 
0xEE13, 0xEE13, 0xEE13, 0xEE13, 0xEE13, 0xEE13, 0x34AD, 0x34AD, 0x34AD, 0x34AD, 0x34AD, 0x34AD, 
0x34AD, 0x34AD, 0x34AD, 0x34AD, 0x34AD, 0x34AD, 0x34AD, 0x34AD, 0xEE13, 0xEE13, 0xEE13, 0xEE13, 
0xEE13, 0xEE13, 0xEE13, 0xEE13, 0xEE13, 0xEE13, 0xEE13, 0xEE13, 0xEE13, 0xEE13, 0xEE13, 0xEE13, 
0xEE13, 0xEE13, 0xEE13, 0xEE13, 0x34AD, 0x34AD, 0x34AD, 0x34AD, 0x31E7, 0x31E7, 0x31E7, 0x31E7, 
0x31E7, 0x31E7, 0x34AD, 0x34AD, 0x34AD, 0x34AD, 0x34AD, 0x34AD, 0xEE13, 0xEE13, 0xEE13, 0xEE13, 
0xEE13, 0xEE13, 0xEE13, 0xEE13, 0xEE13, 0xEE13, 0xEE13, 0xEE13, 0xEE13, 0xEE13, 0xEE13, 0xEE13, 
0xEE13, 0xEE13, 0xEE13, 0xEE13, 0xEE13, 0xEE13, 0xEE13, 0xEE13, 0xEE13, 0xEE13, 0xEE13, 0xEE13, 
0xEE13, 0xEE13, 0xEE13, 0xEE13, 0xEE13, 0xEE13, 0xEE13, 0xEE13, 0xEE13, 0xEE13, 0xEE13, 0xEE13, 
0xEE13, 0xEE13, 0xEE13, 0xEE13, 0xEE13, 0xEE13, 0xEE13, 0xEE13, 0xEE13, 0xEE13, 0xEE13, 0xEE13, 
0xEE13, 0xEE13, 0xEE13, 0xEE13, 0xEE13, 0xEE13, 0xEE13, 0xEE13, 0xEE13, 0xEE13, 0xEE13, 0xEE13, 
0xEE13, 0xEE13, 0xEE13, 0xEE13, 0xEE13, 0xEE13, 0xEE13, 0xEE13, 0xEE13, 0xEE13, 0xEE13, 0xEE13, 
0xEE13, 0xEE13, 0x34AD, 0x34AD, 0x34AD, 0x34AD, 0x34AD, 0x34AD, 0x34AD, 0x34AD, 0x34AD, 0x34AD, 
0x34AD, 0x34AD, 0x34AD, 0x34AD, 0xEE13, 0xEE13, 0xEE13, 0xEE13, 0xEE13, 0xEE13, 0xEE13, 0xEE13, 
0xEE13, 0xEE13, 0xEE13, 0xEE13, 0xEE13, 0xEE13, 0xEE13, 0xEE13, 0xEE13, 0xEE13, 0xEE13, 0xEE13, 
0x34AD, 0x34AD, 0x34AD, 0x34AD, 0x31E7, 0x31E7, 0x31E7, 0x31E7, 0x31E7, 0x31E7, 0x34AD, 0x34AD, 
0x34AD, 0x34AD, 0x34AD, 0x34AD, 0xEE13, 0xEE13, 0xEE13, 0xEE13, 0xEE13, 0xEE13, 0xEE13, 0xEE13, 
0xEE13, 0xEE13, 0xEE13, 0xEE13, 0xEE13, 0xEE13, 0xEE13, 0xEE13, 0xEE13, 0xEE13, 0xEE13, 0xEE13, 
0xEE13, 0xEE13, 0xEE13, 0xEE13, 0xEE13, 0xEE13, 0xEE13, 0xEE13, 0xEE13, 0xEE13, 0xEE13, 0xEE13, 
0xEE13, 0xEE13, 0xEE13, 0xEE13, 0xEE13, 0xEE13, 0xEE13, 0xEE13, 0xEE13, 0xEE13, 0xEE13, 0xEE13, 
0xEE13, 0xEE13, 0xEE13, 0xEE13, 0xEE13, 0xEE13, 0xEE13, 0xEE13, 0xEE13, 0xEE13, 0xEE13, 0xEE13, 
0xEE13, 0xEE13, 0xEE13, 0xEE13, 0xEE13, 0xEE13, 0xEE13, 0xEE13, 0xEE13, 0xEE13, 0xEE13, 0xEE13, 
0xEE13, 0xEE13, 0xEE13, 0xEE13, 0xEE13, 0xEE13, 0xEE13, 0xEE13, 0xEE13, 0xEE13, 0x34AD, 0x34AD, 
0x34AD, 0x34AD, 0x31E7, 0x31E7, 0x31E7, 0x31E7, 0x31E7, 0x31E7, 0x34AD, 0x34AD, 0x34AD, 0x34AD, 
0x34AD, 0x34AD, 0xEE13, 0xEE13, 0xEE13, 0xEE13, 0xEE13, 0xEE13, 0xEE13, 0xEE13, 0xEE13, 0xEE13, 
0xEE13, 0xEE13, 0xEE13, 0xEE13, 0xEE13, 0xEE13, 0xEE13, 0xEE13, 0x34AD, 0x34AD, 0x34AD, 0x34AD, 
0x31E7, 0x31E7, 0x31E7, 0x31E7, 0x31E7, 0x31E7, 0x34AD, 0x34AD, 0x34AD, 0x34AD, 0x34AD, 0x34AD, 
0xEE13, 0xEE13, 0xEE13, 0xEE13, 0xEE13, 0xEE13, 0xEE13, 0xEE13, 0xEE13, 0xEE13, 0xEE13, 0xEE13, 
0xEE13, 0xEE13, 0xEE13, 0xEE13, 0xEE13, 0xEE13, 0xEE13, 0xEE13, 0xEE13, 0xEE13, 0xEE13, 0xEE13, 
0xEE13, 0xEE13, 0xEE13, 0xEE13, 0xEE13, 0xEE13, 0xEE13, 0xEE13, 0xEE13, 0xEE13, 0xEE13, 0xEE13, 
0xEE13, 0xEE13, 0xEE13, 0xEE13, 0xEE13, 0xEE13, 0xEE13, 0xEE13, 0xEE13, 0xEE13, 0xEE13, 0xEE13, 
0xEE13, 0xEE13, 0xEE13, 0xEE13, 0xEE13, 0xEE13, 0xEE13, 0xEE13, 0xEE13, 0xEE13, 0xEE13, 0xEE13, 
0xEE13, 0xEE13, 0xEE13, 0xEE13, 0xEE13, 0xEE13, 0xEE13, 0xEE13, 0xEE13, 0xEE13, 0xEE13, 0xEE13, 
0xEE13, 0xEE13, 0xEE13, 0xEE13, 0xEE13, 0xEE13, 0x34AD, 0x34AD, 0x34AD, 0x34AD, 0x31E7, 0x31E7, 
0x31E7, 0x31E7, 0x31E7, 0x31E7, 0x34AD, 0x34AD, 0x34AD, 0x34AD, 0x34AD, 0x34AD, 0xEE13, 0xEE13, 
0xEE13, 0xEE13, 0xEE13, 0xEE13, 0xEE13, 0xEE13, 0xEE13, 0xEE13, 0xEE13, 0xEE13, 0xEE13, 0xEE13, 
0xEE13, 0xEE13, 0xEE13, 0xEE13, 0x34AD, 0x34AD, 0x34AD, 0x34AD, 0x31E7, 0x31E7, 0x31E7, 0x31E7, 
0x31E7, 0x31E7, 0x34AD, 0x34AD, 0x34AD, 0x34AD, 0x34AD, 0x34AD, 0xEE13, 0xEE13, 0xEE13, 0xEE13, 
0xEE13, 0xEE13, 0xEE13, 0xEE13, 0xEE13, 0xEE13, 0xEE13, 0xEE13, 0xEE13, 0xEE13, 0xEE13, 0xEE13, 
0xEE13, 0xEE13, 0xEE13, 0xEE13, 0xEE13, 0xEE13, 0xEE13, 0xEE13, 0xEE13, 0xEE13, 0xEE13, 0xEE13, 
0xEE13, 0xEE13, 0xEE13, 0xEE13, 0xEE13, 0xEE13, 0xEE13, 0xEE13, 0xEE13, 0xEE13, 0xEE13, 0xEE13, 
0xEE13, 0xEE13, 0xEE13, 0xEE13, 0xEE13, 0xEE13, 0xEE13, 0xEE13, 0xEE13, 0xEE13, 0xEE13, 0xEE13, 
0xEE13, 0xEE13, 0xEE13, 0xEE13, 0xEE13, 0xEE13, 0xEE13, 0xEE13, 0xEE13, 0xEE13, 0xEE13, 0xEE13, 
0xEE13, 0xEE13, 0xEE13, 0xEE13, 0xEE13, 0xEE13, 0xEE13, 0xEE13, 0xEE13, 0xEE13, 0xEE13, 0xEE13, 
0xEE13, 0xEE13, 0x34AD, 0x34AD, 0x34AD, 0x34AD, 0x31E7, 0x31E7, 0x31E7, 0x31E7, 0x31E7, 0x31E7, 
0x34AD, 0x34AD, 0x34AD, 0x34AD, 0x34AD, 0x34AD, 0xEE13, 0xEE13, 0xEE13, 0xEE13, 0xEE13, 0xEE13, 
0xEE13, 0xEE13, 0xEE13, 0xEE13, 0xEE13, 0xEE13, 0xEE13, 0xEE13, 0xEE13, 0xEE13, 0x34AD, 0x34AD, 
0x34AD, 0x34AD, 0x34AD, 0x34AD, 0x31E7, 0x31E7, 0x31E7, 0x31E7, 0x31E7, 0x31E7, 0x34AD, 0x34AD, 
0x34AD, 0x34AD, 0x34AD, 0x34AD, 0xEE13, 0xEE13, 0xEE13, 0xEE13, 0xEE13, 0xEE13, 0xEE13, 0xEE13, 
0xEE13, 0xEE13, 0xEE13, 0xEE13, 0xEE13, 0xEE13, 0xEE13, 0xEE13, 0xEE13, 0xEE13, 0xEE13, 0xEE13, 
0xEE13, 0xEE13, 0xEE13, 0xEE13, 0xEE13, 0xEE13, 0xEE13, 0xEE13, 0xEE13, 0xEE13, 0xEE13, 0xEE13, 
0xEE13, 0xEE13, 0xEE13, 0xEE13, 0xEE13, 0xEE13, 0xEE13, 0xEE13, 0xEE13, 0xEE13, 0xEE13, 0xEE13, 
0xEE13, 0xEE13, 0xEE13, 0xEE13, 0xEE13, 0xEE13, 0xEE13, 0xEE13, 0xEE13, 0xEE13, 0xEE13, 0xEE13, 
0xEE13, 0xEE13, 0xEE13, 0xEE13, 0xEE13, 0xEE13, 0xEE13, 0xEE13, 0xEE13, 0xEE13, 0xEE13, 0xEE13, 
0xEE13, 0xEE13, 0xEE13, 0xEE13, 0xEE13, 0xEE13, 0xEE13, 0xEE13, 0xEE13, 0xEE13, 0x34AD, 0x34AD, 
0x34AD, 0x34AD, 0x31E7, 0x31E7, 0x31E7, 0x31E7, 0x31E7, 0x31E7, 0x34AD, 0x34AD, 0x34AD, 0x34AD, 
0x34AD, 0x34AD, 0xEE13, 0xEE13, 0xEE13, 0xEE13, 0xEE13, 0xEE13, 0xEE13, 0xEE13, 0xEE13, 0xEE13, 
0xEE13, 0xEE13, 0xEE13, 0xEE13, 0xEE13, 0xEE13, 0x34AD, 0x34AD, 0x34AD, 0x34AD, 0x34AD, 0x34AD, 
0x31E7, 0x31E7, 0x31E7, 0x31E7, 0x31E7, 0x31E7, 0x34AD, 0x34AD, 0x34AD, 0x34AD, 0x34AD, 0x34AD, 
0xEE13, 0xEE13, 0xEE13, 0xEE13, 0xEE13, 0xEE13, 0xEE13, 0xEE13, 0xEE13, 0xEE13, 0xEE13, 0xEE13, 
0xEE13, 0xEE13, 0xEE13, 0xEE13, 0xEE13, 0xEE13, 0xEE13, 0xEE13, 0xEE13, 0xEE13, 0xEE13, 0xEE13, 
0xEE13, 0xEE13, 0xEE13, 0xEE13, 0xEE13, 0xEE13, 0xEE13, 0xEE13, 0xEE13, 0xEE13, 0xEE13, 0xEE13, 
0xEE13, 0xEE13, 0xEE13, 0xEE13, 0xEE13, 0xEE13, 0xEE13, 0xEE13, 0xEE13, 0xEE13, 0xEE13, 0xEE13, 
0xEE13, 0xEE13, 0xEE13, 0xEE13, 0xEE13, 0xEE13, 0xEE13, 0xEE13, 0xEE13, 0xEE13, 0xEE13, 0xEE13, 
0xEE13, 0xEE13, 0xEE13, 0xEE13, 0xEE13, 0xEE13, 0xEE13, 0xEE13, 0xEE13, 0xEE13, 0xEE13, 0xEE13, 
0xEE13, 0xEE13, 0xEE13, 0xEE13, 0xEE13, 0xEE13, 0x34AD, 0x34AD, 0x34AD, 0x34AD, 0x31E7, 0x31E7, 
0x31E7, 0x31E7, 0x31E7, 0x31E7, 0x34AD, 0x34AD, 0x34AD, 0x34AD, 0x34AD, 0x34AD, 0x34AD, 0x34AD, 
0x34AD, 0x34AD, 0x34AD, 0x34AD, 0x34AD, 0x34AD, 0x34AD, 0x34AD, 0x34AD, 0x34AD, 0x34AD, 0x34AD, 
0x34AD, 0x34AD, 0x34AD, 0x34AD, 0x34AD, 0x34AD, 0x34AD, 0x34AD, 0x34AD, 0x34AD, 0x34AD, 0x34AD, 
0x34AD, 0x34AD, 0x34AD, 0x34AD, 0x34AD, 0x34AD, 0x34AD, 0x34AD, 0x34AD, 0x34AD, 0x34AD, 0x34AD, 
0x34AD, 0x34AD, 0xEE13, 0xEE13, 0xEE13, 0xEE13, 0xEE13, 0xEE13, 0xEE13, 0xEE13, 0xEE13, 0xEE13, 
0xEE13, 0xEE13, 0xEE13, 0xEE13, 0xEE13, 0xEE13, 0xEE13, 0xEE13, 0xEE13, 0xEE13, 0xEE13, 0xEE13, 
0xEE13, 0xEE13, 0xEE13, 0xEE13, 0xEE13, 0xEE13, 0xEE13, 0xEE13, 0xEE13, 0xEE13, 0xEE13, 0xEE13, 
0xEE13, 0xEE13, 0xEE13, 0xEE13, 0xEE13, 0xEE13, 0xEE13, 0xEE13, 0xEE13, 0xEE13, 0xEE13, 0xEE13, 
0xEE13, 0xEE13, 0xEE13, 0xEE13, 0xEE13, 0xEE13, 0xEE13, 0xEE13, 0xEE13, 0xEE13, 0xEE13, 0xEE13, 
0xEE13, 0xEE13, 0xEE13, 0xEE13, 0xEE13, 0xEE13, 0xEE13, 0xEE13, 0xEE13, 0xEE13, 0xEE13, 0xEE13, 
0xEE13, 0xEE13, 0x34AD, 0x34AD, 0x34AD, 0x34AD, 0x31E7, 0x31E7, 0x31E7, 0x31E7, 0x31E7, 0x31E7, 
0x34AD, 0x34AD, 0x34AD, 0x34AD, 0x34AD, 0x34AD, 0x34AD, 0x34AD, 0x34AD, 0x34AD, 0x34AD, 0x34AD, 
0x34AD, 0x34AD, 0x34AD, 0x34AD, 0x34AD, 0x34AD, 0x34AD, 0x34AD, 0x34AD, 0x34AD, 0x34AD, 0x34AD, 
0x34AD, 0x34AD, 0x34AD, 0x34AD, 0x34AD, 0x34AD, 0x34AD, 0x34AD, 0x34AD, 0x34AD, 0x34AD, 0x34AD, 
0x34AD, 0x34AD, 0x34AD, 0x34AD, 0x34AD, 0x34AD, 0x34AD, 0x34AD, 0x34AD, 0x34AD, 0xEE13, 0xEE13, 
0xEE13, 0xEE13, 0xEE13, 0xEE13, 0xEE13, 0xEE13, 0xEE13, 0xEE13, 0xEE13, 0xEE13, 0xEE13, 0xEE13, 
0xEE13, 0xEE13, 0xEE13, 0xEE13, 0xEE13, 0xEE13, 0xEE13, 0xEE13, 0xEE13, 0xEE13, 0xEE13, 0xEE13, 
0xEE13, 0xEE13, 0xEE13, 0xEE13, 0xEE13, 0xEE13, 0xEE13, 0xEE13, 0xEE13, 0xEE13, 0xEE13, 0xEE13, 
0xEE13, 0xEE13, 0xEE13, 0xEE13, 0xEE13, 0xEE13, 0xEE13, 0xEE13, 0xEE13, 0xEE13, 0xEE13, 0xEE13, 
0xEE13, 0xEE13, 0xEE13, 0xEE13, 0xEE13, 0xEE13, 0xEE13, 0xEE13, 0xEE13, 0xEE13, 0xEE13, 0xEE13, 
0xEE13, 0xEE13, 0xEE13, 0xEE13, 0xEE13, 0xEE13, 0xEE13, 0xEE13, 0xEE13, 0xEE13, 0x34AD, 0x34AD, 
0x34AD, 0x34AD, 0x34AD, 0x34AD, 0x34AD, 0x34AD, 0x34AD, 0x34AD, 0x34AD, 0x34AD, 0x34AD, 0x34AD, 
0x31E7, 0x31E7, 0x34AD, 0x34AD, 0x34AD, 0x34AD, 0x34AD, 0x34AD, 0x34AD, 0x34AD, 0x34AD, 0x34AD, 
0x34AD, 0x34AD, 0x31E7, 0x31E7, 0x31E7, 0x31E7, 0x34AD, 0x34AD, 0x34AD, 0x34AD, 0x34AD, 0x34AD, 
0x34AD, 0x34AD, 0x34AD, 0x34AD, 0x34AD, 0x34AD, 0x34AD, 0x34AD, 0x34AD, 0x34AD, 0x34AD, 0x34AD, 
0x34AD, 0x34AD, 0x34AD, 0x34AD, 0x34AD, 0x34AD, 0x34AD, 0x34AD, 0xEE13, 0xEE13, 0xEE13, 0xEE13, 
0xEE13, 0xEE13, 0xEE13, 0xEE13, 0xEE13, 0xEE13, 0xEE13, 0xEE13, 0xEE13, 0xEE13, 0xEE13, 0xEE13, 
0xEE13, 0xEE13, 0xEE13, 0xEE13, 0xEE13, 0xEE13, 0xEE13, 0xEE13, 0xEE13, 0xEE13, 0xEE13, 0xEE13, 
0xEE13, 0xEE13, 0xEE13, 0xEE13, 0xEE13, 0xEE13, 0xEE13, 0xEE13, 0xEE13, 0xEE13, 0xEE13, 0xEE13, 
0xEE13, 0xEE13, 0xEE13, 0xEE13, 0xEE13, 0xEE13, 0xEE13, 0xEE13, 0xEE13, 0xEE13, 0xEE13, 0xEE13, 
0xEE13, 0xEE13, 0xEE13, 0xEE13, 0xEE13, 0xEE13, 0xEE13, 0xEE13, 0xEE13, 0xEE13, 0xEE13, 0xEE13, 
0xEE13, 0xEE13, 0xEE13, 0xEE13, 0xEE13, 0xEE13, 0x34AD, 0x34AD, 0x34AD, 0x34AD, 0x34AD, 0x34AD, 
0x34AD, 0x34AD, 0x34AD, 0x34AD, 0x34AD, 0x34AD, 0x34AD, 0x34AD, 0x31E7, 0x31E7, 0x34AD, 0x34AD, 
0x34AD, 0x34AD, 0x34AD, 0x34AD, 0x34AD, 0x34AD, 0x34AD, 0x34AD, 0x34AD, 0x34AD, 0x31E7, 0x31E7, 
0x31E7, 0x31E7, 0x34AD, 0x34AD, 0x34AD, 0x34AD, 0x34AD, 0x34AD, 0x34AD, 0x34AD, 0x34AD, 0x34AD, 
0x34AD, 0x34AD, 0x34AD, 0x34AD, 0x34AD, 0x34AD, 0x34AD, 0x34AD, 0x34AD, 0x34AD, 0x34AD, 0x34AD, 
0x34AD, 0x34AD, 0x34AD, 0x34AD, 0xEE13, 0xEE13, 0xEE13, 0xEE13, 0xEE13, 0xEE13, 0xEE13, 0xEE13, 
0xEE13, 0xEE13, 0xEE13, 0xEE13, 0xEE13, 0xEE13, 0xEE13, 0xEE13, 0xEE13, 0xEE13, 0xEE13, 0xEE13, 
0xEE13, 0xEE13, 0xEE13, 0xEE13, 0xEE13, 0xEE13, 0xEE13, 0xEE13, 0xEE13, 0xEE13, 0xEE13, 0xEE13, 
0xEE13, 0xEE13, 0xEE13, 0xEE13, 0xEE13, 0xEE13, 0xEE13, 0xEE13, 0xEE13, 0xEE13, 0xEE13, 0xEE13, 
0xEE13, 0xEE13, 0xEE13, 0xEE13, 0xEE13, 0xEE13, 0xEE13, 0xEE13, 0xEE13, 0xEE13, 0xEE13, 0xEE13, 
0xEE13, 0xEE13, 0xEE13, 0xEE13, 0xEE13, 0xEE13, 0xEE13, 0xEE13, 0xEE13, 0xEE13, 0xEE13, 0xEE13, 
0xEE13, 0xEE13, 0x34AD, 0x34AD, 0x34AD, 0x34AD, 0x34AD, 0x34AD, 0x34AD, 0x34AD, 0x34AD, 0x34AD, 
0x34AD, 0x34AD, 0x34AD, 0x34AD, 0x34AD, 0x34AD, 0x31E7, 0x31E7, 0x34AD, 0x34AD, 0x34AD, 0x34AD, 
0x34AD, 0x34AD, 0x34AD, 0x34AD, 0x31E7, 0x31E7, 0x34AD, 0x34AD, 0x34AD, 0x34AD, 0x34AD, 0x34AD, 
0x34AD, 0x34AD, 0x34AD, 0x34AD, 0x34AD, 0x34AD, 0x34AD, 0x34AD, 0x34AD, 0x34AD, 0x34AD, 0x34AD, 
0x34AD, 0x34AD, 0x34AD, 0x34AD, 0x34AD, 0x34AD, 0x34AD, 0x34AD, 0x34AD, 0x34AD, 0x34AD, 0x34AD, 
0xEE13, 0xEE13, 0xEE13, 0xEE13, 0xEE13, 0xEE13, 0xEE13, 0xEE13, 0xEE13, 0xEE13, 0xEE13, 0xEE13, 
0xEE13, 0xEE13, 0xEE13, 0xEE13, 0xEE13, 0xEE13, 0xEE13, 0xEE13, 0xEE13, 0xEE13, 0xEE13, 0xEE13, 
0xEE13, 0xEE13, 0xEE13, 0xEE13, 0xEE13, 0xEE13, 0xEE13, 0xEE13, 0xEE13, 0xEE13, 0xEE13, 0xEE13, 
0xEE13, 0xEE13, 0xEE13, 0xEE13, 0xEE13, 0xEE13, 0xEE13, 0xEE13, 0xEE13, 0xEE13, 0xEE13, 0xEE13, 
0xEE13, 0xEE13, 0xEE13, 0xEE13, 0xEE13, 0xEE13, 0xEE13, 0xEE13, 0xEE13, 0xEE13, 0xEE13, 0xEE13, 
0xEE13, 0xEE13, 0xEE13, 0xEE13, 0xEE13, 0xEE13, 0xEE13, 0xEE13, 0xEE13, 0xEE13, 0x34AD, 0x34AD, 
0x34AD, 0x34AD, 0x34AD, 0x34AD, 0x34AD, 0x34AD, 0x34AD, 0x34AD, 0x34AD, 0x34AD, 0x34AD, 0x34AD, 
0x34AD, 0x34AD, 0x31E7, 0x31E7, 0x34AD, 0x34AD, 0x34AD, 0x34AD, 0x34AD, 0x34AD, 0x34AD, 0x34AD, 
0x31E7, 0x31E7, 0x34AD, 0x34AD, 0x34AD, 0x34AD, 0x34AD, 0x34AD, 0x34AD, 0x34AD, 0x34AD, 0x34AD, 
0x34AD, 0x34AD, 0x34AD, 0x34AD, 0x34AD, 0x34AD, 0x34AD, 0x34AD, 0x34AD, 0x34AD, 0x34AD, 0x34AD, 
0x34AD, 0x34AD, 0x34AD, 0x34AD, 0x34AD, 0x34AD, 0x34AD, 0x34AD, 0xEE13, 0xEE13, 0xEE13, 0xEE13, 
0xEE13, 0xEE13, 0xEE13, 0xEE13, 0xEE13, 0xEE13, 0xEE13, 0xEE13, 0xEE13, 0xEE13, 0xEE13, 0xEE13, 
0xEE13, 0xEE13, 0xEE13, 0xEE13, 0xEE13, 0xEE13, 0xEE13, 0xEE13, 0xEE13, 0xEE13, 0xEE13, 0xEE13, 
0xEE13, 0xEE13, 0xEE13, 0xEE13, 0xEE13, 0xEE13, 0xEE13, 0xEE13, 0xEE13, 0xEE13, 0xEE13, 0xEE13, 
0xEE13, 0xEE13, 0xEE13, 0xEE13, 0xEE13, 0xEE13, 0xEE13, 0xEE13, 0xEE13, 0xEE13, 0xEE13, 0xEE13, 
0xEE13, 0xEE13, 0xEE13, 0xEE13, 0xEE13, 0xEE13, 0xEE13, 0xEE13, 0xEE13, 0xEE13, 0xEE13, 0xEE13, 
0xEE13, 0xEE13, 0xEE13, 0xEE13, 0xEE13, 0xEE13, 0x34AD, 0x34AD, 0x34AD, 0x34AD, 0x34AD, 0x34AD, 
0x34AD, 0x34AD, 0x34AD, 0x34AD, 0x34AD, 0x34AD, 0x34AD, 0x34AD, 0x34AD, 0x34AD, 0x34AD, 0x34AD, 
0x31E7, 0x31E7, 0x31E7, 0x31E7, 0x31E7, 0x31E7, 0x31E7, 0x31E7, 0x31E7, 0x31E7, 0x34AD, 0x34AD, 
0x34AD, 0x34AD, 0x34AD, 0x34AD, 0x34AD, 0x34AD, 0x34AD, 0x34AD, 0x34AD, 0x34AD, 0x34AD, 0x34AD, 
0x34AD, 0x34AD, 0x34AD, 0x34AD, 0x34AD, 0x34AD, 0x34AD, 0x34AD, 0x34AD, 0x34AD, 0x34AD, 0x34AD, 
0x34AD, 0x34AD, 0x34AD, 0x34AD, 0x34AD, 0x34AD, 0xEE13, 0xEE13, 0xEE13, 0xEE13, 0xEE13, 0xEE13, 
0xEE13, 0xEE13, 0xEE13, 0xEE13, 0xEE13, 0xEE13, 0xEE13, 0xEE13, 0xEE13, 0xEE13, 0xEE13, 0xEE13, 
0xEE13, 0xEE13, 0xEE13, 0xEE13, 0xEE13, 0xEE13, 0xEE13, 0xEE13, 0xEE13, 0xEE13, 0xEE13, 0xEE13, 
0xEE13, 0xEE13, 0xEE13, 0xEE13, 0xEE13, 0xEE13, 0xEE13, 0xEE13, 0xEE13, 0xEE13, 0xEE13, 0xEE13, 
0xEE13, 0xEE13, 0xEE13, 0xEE13, 0xEE13, 0xEE13, 0xEE13, 0xEE13, 0xEE13, 0xEE13, 0xEE13, 0xEE13, 
0xEE13, 0xEE13, 0xEE13, 0xEE13, 0xEE13, 0xEE13, 0xEE13, 0xEE13, 0xEE13, 0xEE13, 0xEE13, 0xEE13, 
0xEE13, 0xEE13, 0x34AD, 0x34AD, 0x34AD, 0x34AD, 0x34AD, 0x34AD, 0x34AD, 0x34AD, 0x34AD, 0x34AD, 
0x34AD, 0x34AD, 0x34AD, 0x34AD, 0x34AD, 0x34AD, 0x34AD, 0x34AD, 0x31E7, 0x31E7, 0x31E7, 0x31E7, 
0x31E7, 0x31E7, 0x31E7, 0x31E7, 0x31E7, 0x31E7, 0x34AD, 0x34AD, 0x34AD, 0x34AD, 0x34AD, 0x34AD, 
0x34AD, 0x34AD, 0x34AD, 0x34AD, 0x34AD, 0x34AD, 0x34AD, 0x34AD, 0x34AD, 0x34AD, 0x34AD, 0x34AD, 
0x34AD, 0x34AD, 0x34AD, 0x34AD, 0x34AD, 0x34AD, 0x34AD, 0x34AD, 0x34AD, 0x34AD, 0x34AD, 0x34AD, 
0x34AD, 0x34AD, 0xEE13, 0xEE13, 0xEE13, 0xEE13, 0xEE13, 0xEE13, 0xEE13, 0xEE13, 0xEE13, 0xEE13, 
0xEE13, 0xEE13, 0xEE13, 0xEE13, 0xEE13, 0xEE13, 0xEE13, 0xEE13, 0xEE13, 0xEE13, 0xEE13, 0xEE13, 
0xEE13, 0xEE13, 0xEE13, 0xEE13, 0xEE13, 0xEE13, 0xEE13, 0xEE13, 0xEE13, 0xEE13, 0xEE13, 0xEE13, 
0xEE13, 0xEE13, 0xEE13, 0xEE13, 0xEE13, 0xEE13, 0xEE13, 0xEE13, 0xEE13, 0xEE13, 0xEE13, 0xEE13, 
0xEE13, 0xEE13, 0xEE13, 0xEE13, 0xEE13, 0xEE13, 0xEE13, 0xEE13, 0xEE13, 0xEE13, 0xEE13, 0xEE13, 
0xEE13, 0xEE13, 0xEE13, 0xEE13, 0xEE13, 0xEE13, 0xEE13, 0xEE13, 0x34AD, 0x34AD, 0x34AD, 0x34AD, 
0x34AD, 0x34AD, 0x34AD, 0x34AD, 0x34AD, 0x34AD, 0x34AD, 0x34AD, 0x34AD, 0x34AD, 0x34AD, 0x34AD, 
0x34AD, 0x34AD, 0x34AD, 0x34AD, 0x31E7, 0x31E7, 0x34AD, 0x34AD, 0x34AD, 0x34AD, 0x34AD, 0x34AD, 
0x31E7, 0x31E7, 0x34AD, 0x34AD, 0x34AD, 0x34AD, 0x34AD, 0x34AD, 0x34AD, 0x34AD, 0x34AD, 0x34AD, 
0x34AD, 0x34AD, 0x31E7, 0x31E7, 0x31E7, 0x31E7, 0x31E7, 0x31E7, 0x31E7, 0x31E7, 0x31E7, 0x31E7, 
0x34AD, 0x34AD, 0x34AD, 0x34AD, 0x34AD, 0x34AD, 0x34AD, 0x34AD, 0x34AD, 0x34AD, 0x34AD, 0x34AD, 
0xEE13, 0xEE13, 0xEE13, 0xEE13, 0xEE13, 0xEE13, 0xEE13, 0xEE13, 0xEE13, 0xEE13, 0xEE13, 0xEE13, 
0xEE13, 0xEE13, 0xEE13, 0xEE13, 0xEE13, 0xEE13, 0xEE13, 0xEE13, 0xEE13, 0xEE13, 0xEE13, 0xEE13, 
0xEE13, 0xEE13, 0xEE13, 0xEE13, 0xEE13, 0xEE13, 0xEE13, 0xEE13, 0xEE13, 0xEE13, 0xEE13, 0xEE13, 
0xEE13, 0xEE13, 0xEE13, 0xEE13, 0xEE13, 0xEE13, 0xEE13, 0xEE13, 0xEE13, 0xEE13, 0xEE13, 0xEE13, 
0xEE13, 0xEE13, 0xEE13, 0xEE13, 0xEE13, 0xEE13, 0xEE13, 0xEE13, 0xEE13, 0xEE13, 0xEE13, 0xEE13, 
0xEE13, 0xEE13, 0xEE13, 0xEE13, 0x34AD, 0x34AD, 0x34AD, 0x34AD, 0x34AD, 0x34AD, 0x34AD, 0x34AD, 
0x34AD, 0x34AD, 0x34AD, 0x34AD, 0x34AD, 0x34AD, 0x34AD, 0x34AD, 0x34AD, 0x34AD, 0x34AD, 0x34AD, 
0x31E7, 0x31E7, 0x34AD, 0x34AD, 0x34AD, 0x34AD, 0x34AD, 0x34AD, 0x31E7, 0x31E7, 0x34AD, 0x34AD, 
0x34AD, 0x34AD, 0x34AD, 0x34AD, 0x34AD, 0x34AD, 0x34AD, 0x34AD, 0x34AD, 0x34AD, 0x31E7, 0x31E7, 
0x31E7, 0x31E7, 0x31E7, 0x31E7, 0x31E7, 0x31E7, 0x31E7, 0x31E7, 0x34AD, 0x34AD, 0x34AD, 0x34AD, 
0x34AD, 0x34AD, 0x34AD, 0x34AD, 0x34AD, 0x34AD, 0x34AD, 0x34AD, 0xEE13, 0xEE13, 0xEE13, 0xEE13, 
0xEE13, 0xEE13, 0xEE13, 0xEE13, 0xEE13, 0xEE13, 0xEE13, 0xEE13, 0xEE13, 0xEE13, 0xEE13, 0xEE13, 
0xEE13, 0xEE13, 0xEE13, 0xEE13, 0xEE13, 0xEE13, 0xEE13, 0xEE13, 0xEE13, 0xEE13, 0xEE13, 0xEE13, 
0xEE13, 0xEE13, 0xEE13, 0xEE13, 0xEE13, 0xEE13, 0xEE13, 0xEE13, 0xEE13, 0xEE13, 0xEE13, 0xEE13, 
0xEE13, 0xEE13, 0xEE13, 0xEE13, 0xEE13, 0xEE13, 0xEE13, 0xEE13, 0xEE13, 0xEE13, 0xEE13, 0xEE13, 
0xEE13, 0xEE13, 0xEE13, 0xEE13, 0xEE13, 0xEE13, 0xEE13, 0xEE13, 0xEE13, 0xEE13, 0x34AD, 0x34AD, 
0x34AD, 0x34AD, 0x34AD, 0x34AD, 0x34AD, 0x34AD, 0x34AD, 0x34AD, 0x34AD, 0x34AD, 0x34AD, 0x34AD, 
0x34AD, 0x34AD, 0x34AD, 0x34AD, 0x34AD, 0x34AD, 0x31E7, 0x31E7, 0x34AD, 0x34AD, 0x34AD, 0x34AD, 
0x34AD, 0x34AD, 0x34AD, 0x34AD, 0x34AD, 0x34AD, 0x31E7, 0x31E7, 0x31E7, 0x31E7, 0x34AD, 0x34AD, 
0x34AD, 0x34AD, 0x34AD, 0x34AD, 0x31E7, 0x31E7, 0x31E7, 0x31E7, 0x34AD, 0x34AD, 0x34AD, 0x34AD, 
0x34AD, 0x34AD, 0x31E7, 0x31E7, 0x31E7, 0x31E7, 0x34AD, 0x34AD, 0x34AD, 0x34AD, 0x34AD, 0x34AD, 
0x34AD, 0x34AD, 0x34AD, 0x34AD, 0x34AD, 0x34AD, 0xEE13, 0xEE13, 0xEE13, 0xEE13, 0xEE13, 0xEE13, 
0xEE13, 0xEE13, 0xEE13, 0xEE13, 0xEE13, 0xEE13, 0xEE13, 0xEE13, 0xEE13, 0xEE13, 0xEE13, 0xEE13, 
0xEE13, 0xEE13, 0xEE13, 0xEE13, 0xEE13, 0xEE13, 0xEE13, 0xEE13, 0xEE13, 0xEE13, 0xEE13, 0xEE13, 
0xEE13, 0xEE13, 0xEE13, 0xEE13, 0xEE13, 0xEE13, 0xEE13, 0xEE13, 0xEE13, 0xEE13, 0xEE13, 0xEE13, 
0xEE13, 0xEE13, 0xEE13, 0xEE13, 0xEE13, 0xEE13, 0xEE13, 0xEE13, 0xEE13, 0xEE13, 0xEE13, 0xEE13, 
0xEE13, 0xEE13, 0xEE13, 0xEE13, 0xEE13, 0xEE13, 0x34AD, 0x34AD, 0x34AD, 0x34AD, 0x34AD, 0x34AD, 
0x34AD, 0x34AD, 0x34AD, 0x34AD, 0x34AD, 0x34AD, 0x34AD, 0x34AD, 0x34AD, 0x34AD, 0x34AD, 0x34AD, 
0x34AD, 0x34AD, 0x31E7, 0x31E7, 0x34AD, 0x34AD, 0x34AD, 0x34AD, 0x34AD, 0x34AD, 0x34AD, 0x34AD, 
0x34AD, 0x34AD, 0x31E7, 0x31E7, 0x31E7, 0x31E7, 0x34AD, 0x34AD, 0x34AD, 0x34AD, 0x34AD, 0x34AD, 
0x31E7, 0x31E7, 0x31E7, 0x31E7, 0x34AD, 0x34AD, 0x34AD, 0x34AD, 0x34AD, 0x34AD, 0x31E7, 0x31E7, 
0x31E7, 0x31E7, 0x34AD, 0x34AD, 0x34AD, 0x34AD, 0x34AD, 0x34AD, 0x34AD, 0x34AD, 0x34AD, 0x34AD, 
0x34AD, 0x34AD, 0xEE13, 0xEE13, 0xEE13, 0xEE13, 0xEE13, 0xEE13, 0xEE13, 0xEE13, 0xEE13, 0xEE13, 
0xEE13, 0xEE13, 0xEE13, 0xEE13, 0xEE13, 0xEE13, 0xEE13, 0xEE13, 0xEE13, 0xEE13, 0xEE13, 0xEE13, 
0xEE13, 0xEE13, 0xEE13, 0xEE13, 0xEE13, 0xEE13, 0xEE13, 0xEE13, 0xEE13, 0xEE13, 0xEE13, 0xEE13, 
0xEE13, 0xEE13, 0xEE13, 0xEE13, 0xEE13, 0xEE13, 0xEE13, 0xEE13, 0xEE13, 0xEE13, 0xEE13, 0xEE13, 
0xEE13, 0xEE13, 0xEE13, 0xEE13, 0xEE13, 0xEE13, 0xEE13, 0xEE13, 0xEE13, 0xEE13, 0xEE13, 0xEE13, 
0xEE13, 0xEE13, 0x34AD, 0x34AD, 0x34AD, 0x34AD, 0x34AD, 0x34AD, 0x34AD, 0x34AD, 0x31E7, 0x31E7, 
0x31E7, 0x31E7, 0x31E7, 0x31E7, 0x31E7, 0x31E7, 0x34AD, 0x34AD, 0x34AD, 0x34AD, 0x34AD, 0x34AD, 
0x34AD, 0x34AD, 0x34AD, 0x34AD, 0x34AD, 0x34AD, 0x34AD, 0x34AD, 0x34AD, 0x34AD, 0x34AD, 0x34AD, 
0x34AD, 0x34AD, 0x34AD, 0x34AD, 0x34AD, 0x34AD, 0x34AD, 0x34AD, 0x31E7, 0x31E7, 0x34AD, 0x34AD, 
0x34AD, 0x34AD, 0x34AD, 0x34AD, 0x34AD, 0x34AD, 0x34AD, 0x34AD, 0x34AD, 0x34AD, 0x31E7, 0x31E7, 
0x31E7, 0x31E7, 0x34AD, 0x34AD, 0x34AD, 0x34AD, 0x34AD, 0x34AD, 0x34AD, 0x34AD, 0xEE13, 0xEE13, 
0xEE13, 0xEE13, 0xEE13, 0xEE13, 0xEE13, 0xEE13, 0xEE13, 0xEE13, 0xEE13, 0xEE13, 0xEE13, 0xEE13, 
0xEE13, 0xEE13, 0xEE13, 0xEE13, 0xEE13, 0xEE13, 0xEE13, 0xEE13, 0xEE13, 0xEE13, 0xEE13, 0xEE13, 
0xEE13, 0xEE13, 0xEE13, 0xEE13, 0xEE13, 0xEE13, 0xEE13, 0xEE13, 0xEE13, 0xEE13, 0xEE13, 0xEE13, 
0xEE13, 0xEE13, 0xEE13, 0xEE13, 0xEE13, 0xEE13, 0xEE13, 0xEE13, 0xEE13, 0xEE13, 0xEE13, 0xEE13, 
0xEE13, 0xEE13, 0xEE13, 0xEE13, 0xEE13, 0xEE13, 0xEE13, 0xEE13, 0xEE13, 0xEE13, 0x34AD, 0x34AD, 
0x34AD, 0x34AD, 0x34AD, 0x34AD, 0x34AD, 0x34AD, 0x31E7, 0x31E7, 0x31E7, 0x31E7, 0x31E7, 0x31E7, 
0x31E7, 0x31E7, 0x34AD, 0x34AD, 0x34AD, 0x34AD, 0x34AD, 0x34AD, 0x34AD, 0x34AD, 0x34AD, 0x34AD, 
0x34AD, 0x34AD, 0x34AD, 0x34AD, 0x34AD, 0x34AD, 0x34AD, 0x34AD, 0x34AD, 0x34AD, 0x34AD, 0x34AD, 
0x34AD, 0x34AD, 0x34AD, 0x34AD, 0x31E7, 0x31E7, 0x34AD, 0x34AD, 0x34AD, 0x34AD, 0x34AD, 0x34AD, 
0x34AD, 0x34AD, 0x34AD, 0x34AD, 0x34AD, 0x34AD, 0x31E7, 0x31E7, 0x31E7, 0x31E7, 0x34AD, 0x34AD, 
0x34AD, 0x34AD, 0x34AD, 0x34AD, 0x34AD, 0x34AD, 0xEE13, 0xEE13, 0xEE13, 0xEE13, 0xEE13, 0xEE13, 
0xEE13, 0xEE13, 0xEE13, 0xEE13, 0xEE13, 0xEE13, 0xEE13, 0xEE13, 0xEE13, 0xEE13, 0xEE13, 0xEE13, 
0xEE13, 0xEE13, 0xEE13, 0xEE13, 0xEE13, 0xEE13, 0xEE13, 0xEE13, 0xEE13, 0xEE13, 0xEE13, 0xEE13, 
0xEE13, 0xEE13, 0xEE13, 0xEE13, 0xEE13, 0xEE13, 0xEE13, 0xEE13, 0xEE13, 0xEE13, 0xEE13, 0xEE13, 
0xEE13, 0xEE13, 0xEE13, 0xEE13, 0xEE13, 0xEE13, 0xEE13, 0xEE13, 0xEE13, 0xEE13, 0xEE13, 0xEE13, 
0xEE13, 0xEE13, 0xEE13, 0xEE13, 0x34AD, 0x34AD, 0x34AD, 0x34AD, 0x34AD, 0x34AD, 0x34AD, 0x34AD, 
0x31E7, 0x31E7, 0x31E7, 0x31E7, 0x34AD, 0x34AD, 0x34AD, 0x34AD, 0x31E7, 0x31E7, 0x31E7, 0x31E7, 
0x34AD, 0x34AD, 0x34AD, 0x34AD, 0x34AD, 0x34AD, 0x34AD, 0x34AD, 0x34AD, 0x34AD, 0x34AD, 0x34AD, 
0x34AD, 0x34AD, 0x34AD, 0x34AD, 0x34AD, 0x34AD, 0x34AD, 0x34AD, 0x34AD, 0x34AD, 0x34AD, 0x34AD, 
0x34AD, 0x34AD, 0x31E7, 0x31E7, 0x34AD, 0x34AD, 0x34AD, 0x34AD, 0x34AD, 0x34AD, 0x34AD, 0x34AD, 
0x34AD, 0x34AD, 0x34AD, 0x34AD, 0x31E7, 0x31E7, 0x34AD, 0x34AD, 0x34AD, 0x34AD, 0x34AD, 0x34AD, 
0x34AD, 0x34AD, 0x34AD, 0x34AD, 0xEE13, 0xEE13, 0xEE13, 0xEE13, 0xEE13, 0xEE13, 0xEE13, 0xEE13, 
0xEE13, 0xEE13, 0xEE13, 0xEE13, 0xEE13, 0xEE13, 0xEE13, 0xEE13, 0xEE13, 0xEE13, 0xEE13, 0xEE13, 
0xEE13, 0xEE13, 0xEE13, 0xEE13, 0xEE13, 0xEE13, 0xEE13, 0xEE13, 0xEE13, 0xEE13, 0xEE13, 0xEE13, 
0xEE13, 0xEE13, 0xEE13, 0xEE13, 0xEE13, 0xEE13, 0xEE13, 0xEE13, 0xEE13, 0xEE13, 0xEE13, 0xEE13, 
0xEE13, 0xEE13, 0xEE13, 0xEE13, 0xEE13, 0xEE13, 0xEE13, 0xEE13, 0xEE13, 0xEE13, 0xEE13, 0xEE13, 
0x34AD, 0x34AD, 0x34AD, 0x34AD, 0x34AD, 0x34AD, 0x34AD, 0x34AD, 0x31E7, 0x31E7, 0x31E7, 0x31E7, 
0x34AD, 0x34AD, 0x34AD, 0x34AD, 0x31E7, 0x31E7, 0x31E7, 0x31E7, 0x34AD, 0x34AD, 0x34AD, 0x34AD, 
0x34AD, 0x34AD, 0x34AD, 0x34AD, 0x34AD, 0x34AD, 0x34AD, 0x34AD, 0x34AD, 0x34AD, 0x34AD, 0x34AD, 
0x34AD, 0x34AD, 0x34AD, 0x34AD, 0x34AD, 0x34AD, 0x34AD, 0x34AD, 0x34AD, 0x34AD, 0x31E7, 0x31E7, 
0x34AD, 0x34AD, 0x34AD, 0x34AD, 0x34AD, 0x34AD, 0x34AD, 0x34AD, 0x34AD, 0x34AD, 0x34AD, 0x34AD, 
0x31E7, 0x31E7, 0x34AD, 0x34AD, 0x34AD, 0x34AD, 0x34AD, 0x34AD, 0x34AD, 0x34AD, 0x34AD, 0x34AD, 
0xEE13, 0xEE13, 0xEE13, 0xEE13, 0xEE13, 0xEE13, 0xEE13, 0xEE13, 0xEE13, 0xEE13, 0xEE13, 0xEE13, 
0xEE13, 0xEE13, 0xEE13, 0xEE13, 0xEE13, 0xEE13, 0xEE13, 0xEE13, 0xEE13, 0xEE13, 0xEE13, 0xEE13, 
0xEE13, 0xEE13, 0xEE13, 0xEE13, 0xEE13, 0xEE13, 0xEE13, 0xEE13, 0xEE13, 0xEE13, 0xEE13, 0xEE13, 
0xEE13, 0xEE13, 0xEE13, 0xEE13, 0xEE13, 0xEE13, 0xEE13, 0xEE13, 0xEE13, 0xEE13, 0xEE13, 0xEE13, 
0xEE13, 0xEE13, 0xEE13, 0xEE13, 0xEE13, 0xEE13, 0xEE13, 0xEE13, 0x34AD, 0x34AD, 0x34AD, 0x34AD, 
0x34AD, 0x34AD, 0x31E7, 0x31E7, 0x31E7, 0x31E7, 0x34AD, 0x34AD, 0x34AD, 0x34AD, 0x34AD, 0x34AD, 
0x34AD, 0x34AD, 0x31E7, 0x31E7, 0x34AD, 0x34AD, 0x34AD, 0x34AD, 0x34AD, 0x34AD, 0x34AD, 0x34AD, 
0x34AD, 0x34AD, 0x34AD, 0x34AD, 0x34AD, 0x34AD, 0x34AD, 0x34AD, 0x34AD, 0x34AD, 0x34AD, 0x34AD, 
0x34AD, 0x34AD, 0x34AD, 0x34AD, 0x34AD, 0x34AD, 0x31E7, 0x31E7, 0x34AD, 0x34AD, 0x34AD, 0x34AD, 
0x34AD, 0x34AD, 0x34AD, 0x34AD, 0x34AD, 0x34AD, 0x34AD, 0x34AD, 0x34AD, 0x34AD, 0x34AD, 0x34AD, 
0x34AD, 0x34AD, 0x34AD, 0x34AD, 0x34AD, 0x34AD, 0x34AD, 0x34AD, 0xEE13, 0xEE13, 0xEE13, 0xEE13, 
0xEE13, 0xEE13, 0xEE13, 0xEE13, 0xEE13, 0xEE13, 0xEE13, 0xEE13, 0xEE13, 0xEE13, 0xEE13, 0xEE13, 
0xEE13, 0xEE13, 0xEE13, 0xEE13, 0xEE13, 0xEE13, 0xEE13, 0xEE13, 0xEE13, 0xEE13, 0xEE13, 0xEE13, 
0xEE13, 0xEE13, 0xEE13, 0xEE13, 0xEE13, 0xEE13, 0xEE13, 0xEE13, 0xEE13, 0xEE13, 0xEE13, 0xEE13, 
0xEE13, 0xEE13, 0xEE13, 0xEE13, 0xEE13, 0xEE13, 0xEE13, 0xEE13, 0xEE13, 0xEE13, 0xEE13, 0xEE13, 
0xEE13, 0xEE13, 0xEE13, 0xEE13, 0x34AD, 0x34AD, 0x34AD, 0x34AD, 0x34AD, 0x34AD, 0x31E7, 0x31E7, 
0x31E7, 0x31E7, 0x34AD, 0x34AD, 0x34AD, 0x34AD, 0x34AD, 0x34AD, 0x34AD, 0x34AD, 0x31E7, 0x31E7, 
0x34AD, 0x34AD, 0x34AD, 0x34AD, 0x34AD, 0x34AD, 0x34AD, 0x34AD, 0x34AD, 0x34AD, 0x34AD, 0x34AD, 
0x34AD, 0x34AD, 0x34AD, 0x34AD, 0x34AD, 0x34AD, 0x34AD, 0x34AD, 0x34AD, 0x34AD, 0x34AD, 0x34AD, 
0x34AD, 0x34AD, 0x31E7, 0x31E7, 0x34AD, 0x34AD, 0x34AD, 0x34AD, 0x34AD, 0x34AD, 0x34AD, 0x34AD, 
0x34AD, 0x34AD, 0x34AD, 0x34AD, 0x34AD, 0x34AD, 0x34AD, 0x34AD, 0x34AD, 0x34AD, 0x34AD, 0x34AD, 
0x34AD, 0x34AD, 0x34AD, 0x34AD, 0xEE13, 0xEE13, 0xEE13, 0xEE13, 0xEE13, 0xEE13, 0xEE13, 0xEE13, 
0xEE13, 0xEE13, 0xEE13, 0xEE13, 0xEE13, 0xEE13, 0xEE13, 0xEE13, 0xEE13, 0xEE13, 0xEE13, 0xEE13, 
0xEE13, 0xEE13, 0xEE13, 0xEE13, 0xEE13, 0xEE13, 0xEE13, 0xEE13, 0xEE13, 0xEE13, 0xEE13, 0xEE13, 
0xEE13, 0xEE13, 0xEE13, 0xEE13, 0xEE13, 0xEE13, 0xEE13, 0xEE13, 0xEE13, 0xEE13, 0xEE13, 0xEE13, 
0xEE13, 0xEE13, 0xEE13, 0xEE13, 0xEE13, 0xEE13, 0xEE13, 0xEE13, 0xEE13, 0xEE13, 0x34AD, 0x34AD, 
0x34AD, 0x34AD, 0x34AD, 0x34AD, 0x34AD, 0x34AD, 0x31E7, 0x31E7, 0x34AD, 0x34AD, 0x34AD, 0x34AD, 
0x34AD, 0x34AD, 0x34AD, 0x34AD, 0x31E7, 0x31E7, 0x31E7, 0x31E7, 0x34AD, 0x34AD, 0x34AD, 0x34AD, 
0x34AD, 0x34AD, 0x34AD, 0x34AD, 0x34AD, 0x34AD, 0x34AD, 0x34AD, 0x34AD, 0x34AD, 0x34AD, 0x34AD, 
0x34AD, 0x34AD, 0x34AD, 0x34AD, 0x34AD, 0x34AD, 0x34AD, 0x34AD, 0x34AD, 0x34AD, 0x31E7, 0x31E7, 
0x31E7, 0x31E7, 0x34AD, 0x34AD, 0x34AD, 0x34AD, 0x34AD, 0x34AD, 0x34AD, 0x34AD, 0x34AD, 0x34AD, 
0x34AD, 0x34AD, 0x34AD, 0x34AD, 0x34AD, 0x34AD, 0x34AD, 0x34AD, 0x34AD, 0x34AD, 0x34AD, 0x34AD, 
0xEE13, 0xEE13, 0xEE13, 0xEE13, 0xEE13, 0xEE13, 0xEE13, 0xEE13, 0xEE13, 0xEE13, 0xEE13, 0xEE13, 
0xEE13, 0xEE13, 0xEE13, 0xEE13, 0xEE13, 0xEE13, 0xEE13, 0xEE13, 0xEE13, 0xEE13, 0xEE13, 0xEE13, 
0xEE13, 0xEE13, 0xEE13, 0xEE13, 0xEE13, 0xEE13, 0xEE13, 0xEE13, 0xEE13, 0xEE13, 0xEE13, 0xEE13, 
0xEE13, 0xEE13, 0xEE13, 0xEE13, 0xEE13, 0xEE13, 0xEE13, 0xEE13, 0xEE13, 0xEE13, 0xEE13, 0xEE13, 
0xEE13, 0xEE13, 0xEE13, 0xEE13, 0xEE13, 0xEE13, 0x34AD, 0x34AD, 0x34AD, 0x34AD, 0x34AD, 0x34AD, 
0x34AD, 0x34AD, 0x31E7, 0x31E7, 0x34AD, 0x34AD, 0x34AD, 0x34AD, 0x34AD, 0x34AD, 0x34AD, 0x34AD, 
0x31E7, 0x31E7, 0x31E7, 0x31E7, 0x34AD, 0x34AD, 0x34AD, 0x34AD, 0x34AD, 0x34AD, 0x34AD, 0x34AD, 
0x34AD, 0x34AD, 0x34AD, 0x34AD, 0x34AD, 0x34AD, 0x34AD, 0x34AD, 0x34AD, 0x34AD, 0x34AD, 0x34AD, 
0x34AD, 0x34AD, 0x34AD, 0x34AD, 0x34AD, 0x34AD, 0x31E7, 0x31E7, 0x31E7, 0x31E7, 0x34AD, 0x34AD, 
0x34AD, 0x34AD, 0x34AD, 0x34AD, 0x34AD, 0x34AD, 0x34AD, 0x34AD, 0x34AD, 0x34AD, 0x34AD, 0x34AD, 
0x34AD, 0x34AD, 0x34AD, 0x34AD, 0x34AD, 0x34AD, 0x34AD, 0x34AD, 0xEE13, 0xEE13, 0xEE13, 0xEE13, 
0xEE13, 0xEE13, 0xEE13, 0xEE13, 0xEE13, 0xEE13, 0xEE13, 0xEE13, 0xEE13, 0xEE13, 0xEE13, 0xEE13, 
0xEE13, 0xEE13, 0xEE13, 0xEE13, 0xEE13, 0xEE13, 0xEE13, 0xEE13, 0xEE13, 0xEE13, 0xEE13, 0xEE13, 
0xEE13, 0xEE13, 0xEE13, 0xEE13, 0xEE13, 0xEE13, 0xEE13, 0xEE13, 0xEE13, 0xEE13, 0xEE13, 0xEE13, 
0xEE13, 0xEE13, 0xEE13, 0xEE13, 0xEE13, 0xEE13, 0xEE13, 0xEE13, 0xEE13, 0xEE13, 0xEE13, 0xEE13, 
0xEE13, 0xEE13, 0x34AD, 0x34AD, 0x34AD, 0x34AD, 0x34AD, 0x34AD, 0x34AD, 0x34AD, 0x34AD, 0x34AD, 
0x34AD, 0x34AD, 0x34AD, 0x34AD, 0x34AD, 0x34AD, 0x34AD, 0x34AD, 0x31E7, 0x31E7, 0x34AD, 0x34AD, 
0x34AD, 0x34AD, 0x34AD, 0x34AD, 0x34AD, 0x34AD, 0x34AD, 0x34AD, 0x34AD, 0x34AD, 0x34AD, 0x34AD, 
0x34AD, 0x34AD, 0x34AD, 0x34AD, 0x34AD, 0x34AD, 0x34AD, 0x34AD, 0x34AD, 0x34AD, 0x34AD, 0x34AD, 
0x34AD, 0x34AD, 0x34AD, 0x34AD, 0x31E7, 0x31E7, 0x31E7, 0x31E7, 0x34AD, 0x34AD, 0x34AD, 0x34AD, 
0x34AD, 0x34AD, 0x34AD, 0x34AD, 0x34AD, 0x34AD, 0x34AD, 0x34AD, 0x34AD, 0x34AD, 0x34AD, 0x34AD, 
0x34AD, 0x34AD, 0x34AD, 0x34AD, 0x34AD, 0x34AD, 0xEE13, 0xEE13, 0xEE13, 0xEE13, 0xEE13, 0xEE13, 
0xEE13, 0xEE13, 0xEE13, 0xEE13, 0xEE13, 0xEE13, 0xEE13, 0xEE13, 0xEE13, 0xEE13, 0xEE13, 0xEE13, 
0xEE13, 0xEE13, 0xEE13, 0xEE13, 0xEE13, 0xEE13, 0xEE13, 0xEE13, 0xEE13, 0xEE13, 0xEE13, 0xEE13, 
0xEE13, 0xEE13, 0xEE13, 0xEE13, 0xEE13, 0xEE13, 0xEE13, 0xEE13, 0xEE13, 0xEE13, 0xEE13, 0xEE13, 
0xEE13, 0xEE13, 0xEE13, 0xEE13, 0xEE13, 0xEE13, 0xEE13, 0xEE13, 0xEE13, 0xEE13, 0x34AD, 0x34AD, 
0x34AD, 0x34AD, 0x34AD, 0x34AD, 0x34AD, 0x34AD, 0x34AD, 0x34AD, 0x34AD, 0x34AD, 0x34AD, 0x34AD, 
0x34AD, 0x34AD, 0x34AD, 0x34AD, 0x31E7, 0x31E7, 0x34AD, 0x34AD, 0x34AD, 0x34AD, 0x34AD, 0x34AD, 
0x34AD, 0x34AD, 0x34AD, 0x34AD, 0x34AD, 0x34AD, 0x34AD, 0x34AD, 0x34AD, 0x34AD, 0x34AD, 0x34AD, 
0x34AD, 0x34AD, 0x34AD, 0x34AD, 0x34AD, 0x34AD, 0x34AD, 0x34AD, 0x34AD, 0x34AD, 0x34AD, 0x34AD, 
0x31E7, 0x31E7, 0x31E7, 0x31E7, 0x34AD, 0x34AD, 0x34AD, 0x34AD, 0x34AD, 0x34AD, 0x34AD, 0x34AD, 
0x34AD, 0x34AD, 0x34AD, 0x34AD, 0x34AD, 0x34AD, 0x34AD, 0x34AD, 0x34AD, 0x34AD, 0x34AD, 0x34AD, 
0x34AD, 0x34AD, 0xEE13, 0xEE13, 0xEE13, 0xEE13, 0xEE13, 0xEE13, 0xEE13, 0xEE13, 0xEE13, 0xEE13, 
0xEE13, 0xEE13, 0xEE13, 0xEE13, 0xEE13, 0xEE13, 0xEE13, 0xEE13, 0xEE13, 0xEE13, 0xEE13, 0xEE13, 
0xEE13, 0xEE13, 0xEE13, 0xEE13, 0xEE13, 0xEE13, 0xEE13, 0xEE13, 0xEE13, 0xEE13, 0xEE13, 0xEE13, 
0xEE13, 0xEE13, 0xEE13, 0xEE13, 0xEE13, 0xEE13, 0xEE13, 0xEE13, 0xEE13, 0xEE13, 0xEE13, 0xEE13, 
0xEE13, 0xEE13, 0xEE13, 0xEE13, 0xEE13, 0xEE13, 0x34AD, 0x34AD, 0x34AD, 0x34AD, 0x34AD, 0x34AD, 
0x34AD, 0x34AD, 0x34AD, 0x34AD, 0x34AD, 0x34AD, 0x34AD, 0x34AD, 0x34AD, 0x34AD, 0x31E7, 0x31E7, 
0x34AD, 0x34AD, 0x34AD, 0x34AD, 0x34AD, 0x34AD, 0x34AD, 0x34AD, 0x34AD, 0x34AD, 0x34AD, 0x34AD, 
0x34AD, 0x34AD, 0x34AD, 0x34AD, 0x34AD, 0x34AD, 0x34AD, 0x34AD, 0x34AD, 0x34AD, 0x34AD, 0x34AD, 
0x34AD, 0x34AD, 0x34AD, 0x34AD, 0x34AD, 0x34AD, 0x34AD, 0x34AD, 0x34AD, 0x34AD, 0x34AD, 0x34AD, 
0x34AD, 0x34AD, 0x34AD, 0x34AD, 0x34AD, 0x34AD, 0x34AD, 0x34AD, 0x34AD, 0x34AD, 0x34AD, 0x34AD, 
0x34AD, 0x34AD, 0x34AD, 0x34AD, 0x34AD, 0x34AD, 0x34AD, 0x34AD, 0x34AD, 0x34AD, 0xEE13, 0xEE13, 
0xEE13, 0xEE13, 0xEE13, 0xEE13, 0xEE13, 0xEE13, 0xEE13, 0xEE13, 0xEE13, 0xEE13, 0xEE13, 0xEE13, 
0xEE13, 0xEE13, 0xEE13, 0xEE13, 0xEE13, 0xEE13, 0xEE13, 0xEE13, 0xEE13, 0xEE13, 0xEE13, 0xEE13, 
0xEE13, 0xEE13, 0xEE13, 0xEE13, 0xEE13, 0xEE13, 0xEE13, 0xEE13, 0xEE13, 0xEE13, 0xEE13, 0xEE13, 
0xEE13, 0xEE13, 0xEE13, 0xEE13, 0xEE13, 0xEE13, 0xEE13, 0xEE13, 0xEE13, 0xEE13, 0xEE13, 0xEE13, 
0xEE13, 0xEE13, 0x34AD, 0x34AD, 0x34AD, 0x34AD, 0x34AD, 0x34AD, 0x34AD, 0x34AD, 0x34AD, 0x34AD, 
0x34AD, 0x34AD, 0x34AD, 0x34AD, 0x34AD, 0x34AD, 0x31E7, 0x31E7, 0x34AD, 0x34AD, 0x34AD, 0x34AD, 
0x34AD, 0x34AD, 0x34AD, 0x34AD, 0x34AD, 0x34AD, 0x34AD, 0x34AD, 0x34AD, 0x34AD, 0x34AD, 0x34AD, 
0x34AD, 0x34AD, 0x34AD, 0x34AD, 0x34AD, 0x34AD, 0x34AD, 0x34AD, 0x34AD, 0x34AD, 0x34AD, 0x34AD, 
0x34AD, 0x34AD, 0x34AD, 0x34AD, 0x34AD, 0x34AD, 0x34AD, 0x34AD, 0x34AD, 0x34AD, 0x34AD, 0x34AD, 
0x34AD, 0x34AD, 0x34AD, 0x34AD, 0x34AD, 0x34AD, 0x34AD, 0x34AD, 0x34AD, 0x34AD, 0x34AD, 0x34AD, 
0x34AD, 0x34AD, 0x34AD, 0x34AD, 0x34AD, 0x34AD, 0xEE13, 0xEE13, 0xEE13, 0xEE13, 0xEE13, 0xEE13, 
0xEE13, 0xEE13, 0xEE13, 0xEE13, 0xEE13, 0xEE13, 0xEE13, 0xEE13, 0xEE13, 0xEE13, 0xEE13, 0xEE13, 
0xEE13, 0xEE13, 0xEE13, 0xEE13, 0xEE13, 0xEE13, 0xEE13, 0xEE13, 0xEE13, 0xEE13, 0xEE13, 0xEE13, 
0xEE13, 0xEE13, 0xEE13, 0xEE13, 0xEE13, 0xEE13, 0xEE13, 0xEE13, 0xEE13, 0xEE13, 0xEE13, 0xEE13, 
0xEE13, 0xEE13, 0xEE13, 0xEE13, 0xEE13, 0xEE13, 0xEE13, 0xEE13, 0xEE13, 0xEE13, 0x34AD, 0x34AD, 
0x34AD, 0x34AD, 0x34AD, 0x34AD, 0x34AD, 0x34AD, 0x34AD, 0x34AD, 0x34AD, 0x34AD, 0x34AD, 0x34AD, 
0x34AD, 0x34AD, 0x34AD, 0x34AD, 0x34AD, 0x34AD, 0x34AD, 0x34AD, 0x34AD, 0x34AD, 0x34AD, 0x34AD, 
0x34AD, 0x34AD, 0x34AD, 0x34AD, 0x34AD, 0x34AD, 0x34AD, 0x34AD, 0x34AD, 0x34AD, 0x34AD, 0x34AD, 
0x34AD, 0x34AD, 0x34AD, 0x34AD, 0x34AD, 0x34AD, 0x34AD, 0x34AD, 0x34AD, 0x34AD, 0x34AD, 0x34AD, 
0x34AD, 0x34AD, 0x34AD, 0x34AD, 0x34AD, 0x34AD, 0x34AD, 0x34AD, 0x34AD, 0x34AD, 0x34AD, 0x34AD, 
0x34AD, 0x34AD, 0x34AD, 0x34AD, 0x34AD, 0x34AD, 0x34AD, 0x34AD, 0x34AD, 0x34AD, 0x34AD, 0x34AD, 
0x34AD, 0x34AD, 0xEE13, 0xEE13, 0xEE13, 0xEE13, 0xEE13, 0xEE13, 0xEE13, 0xEE13, 0xEE13, 0xEE13, 
0xEE13, 0xEE13, 0xEE13, 0xEE13, 0xEE13, 0xEE13, 0xEE13, 0xEE13, 0xEE13, 0xEE13, 0xEE13, 0xEE13, 
0xEE13, 0xEE13, 0xEE13, 0xEE13, 0xEE13, 0xEE13, 0xEE13, 0xEE13, 0xEE13, 0xEE13, 0xEE13, 0xEE13, 
0xEE13, 0xEE13, 0xEE13, 0xEE13, 0xEE13, 0xEE13, 0xEE13, 0xEE13, 0xEE13, 0xEE13, 0xEE13, 0xEE13, 
0xEE13, 0xEE13, 0xEE13, 0xEE13, 0xEE13, 0xEE13, 0x34AD, 0x34AD, 0x34AD, 0x34AD, 0x34AD, 0x34AD, 
0x34AD, 0x34AD, 0x34AD, 0x34AD, 0x34AD, 0x34AD, 0x34AD, 0x34AD, 0x34AD, 0x34AD, 0x34AD, 0x34AD, 
0x34AD, 0x34AD, 0x34AD, 0x34AD, 0x34AD, 0x34AD, 0x34AD, 0x34AD, 0x34AD, 0x34AD, 0x34AD, 0x34AD, 
0x34AD, 0x34AD, 0x34AD, 0x34AD, 0x34AD, 0x34AD, 0x34AD, 0x34AD, 0x34AD, 0x34AD, 0x34AD, 0x34AD, 
0x34AD, 0x34AD, 0x34AD, 0x34AD, 0x34AD, 0x34AD, 0x34AD, 0x34AD, 0x34AD, 0x34AD, 0x34AD, 0x34AD, 
0x34AD, 0x34AD, 0x34AD, 0x34AD, 0x34AD, 0x34AD, 0x34AD, 0x34AD, 0x34AD, 0x34AD, 0x34AD, 0x34AD, 
0x34AD, 0x34AD, 0x34AD, 0x34AD, 0x34AD, 0x34AD, 0x34AD, 0x34AD, 0x34AD, 0x34AD, 0xEE13, 0xEE13, 
0xEE13, 0xEE13, 0xEE13, 0xEE13, 0xEE13, 0xEE13, 0xEE13, 0xEE13, 0xEE13, 0xEE13, 0xEE13, 0xEE13, 
0xEE13, 0xEE13, 0xEE13, 0xEE13, 0xEE13, 0xEE13, 0xEE13, 0xEE13, 0xEE13, 0xEE13, 0xEE13, 0xEE13, 
0xEE13, 0xEE13, 0xEE13, 0xEE13, 0xEE13, 0xEE13, 0xEE13, 0xEE13, 0xEE13, 0xEE13, 0xEE13, 0xEE13, 
0xEE13, 0xEE13, 0xEE13, 0xEE13, 0xEE13, 0xEE13, 0xEE13, 0xEE13, 0xEE13, 0xEE13, 0xEE13, 0xEE13, 
0xEE13, 0xEE13, 0x34AD, 0x34AD, 0x34AD, 0x34AD, 0x34AD, 0x34AD, 0x34AD, 0x34AD, 0x34AD, 0x34AD, 
0x34AD, 0x34AD, 0x34AD, 0x34AD, 0x34AD, 0x34AD, 0x34AD, 0x34AD, 0x34AD, 0x34AD, 0x34AD, 0x34AD, 
0x34AD, 0x34AD, 0x34AD, 0x34AD, 0x34AD, 0x34AD, 0x34AD, 0x34AD, 0x34AD, 0x34AD, 0x34AD, 0x34AD, 
0x34AD, 0x34AD, 0x34AD, 0x34AD, 0x34AD, 0x34AD, 0x34AD, 0x34AD, 0x34AD, 0x34AD, 0x34AD, 0x34AD, 
0x34AD, 0x34AD, 0x34AD, 0x34AD, 0x34AD, 0x34AD, 0x34AD, 0x34AD, 0x34AD, 0x34AD, 0x34AD, 0x34AD, 
0x34AD, 0x34AD, 0x34AD, 0x34AD, 0x34AD, 0x34AD, 0x34AD, 0x34AD, 0x34AD, 0x34AD, 0x34AD, 0x34AD, 
0x34AD, 0x34AD, 0x34AD, 0x34AD, 0x34AD, 0x34AD, 0xEE13, 0xEE13, 0xEE13, 0xEE13, 0xEE13, 0xEE13, 
0xEE13, 0xEE13, 0xEE13, 0xEE13, 0xEE13, 0xEE13, 0xEE13, 0xEE13, 0xEE13, 0xEE13, 0xEE13, 0xEE13, 
0xEE13, 0xEE13, 0xEE13, 0xEE13, 0xEE13, 0xEE13, 0xEE13, 0xEE13, 0xEE13, 0xEE13, 0xEE13, 0xEE13, 
0xEE13, 0xEE13, 0xEE13, 0xEE13, 0xEE13, 0xEE13, 0xEE13, 0xEE13, 0xEE13, 0xEE13, 0xEE13, 0xEE13, 
0xEE13, 0xEE13, 0xEE13, 0xEE13, 0xEE13, 0xEE13, 0xEE13, 0xEE13, 0xEE13, 0xEE13, 0x34AD, 0x34AD, 
0x34AD, 0x34AD, 0x34AD, 0x34AD, 0x34AD, 0x34AD, 0x34AD, 0x34AD, 0x34AD, 0x34AD, 0x34AD, 0x34AD, 
0x34AD, 0x34AD, 0x34AD, 0x34AD, 0x34AD, 0x34AD, 0x34AD, 0x34AD, 0x34AD, 0x34AD, 0x34AD, 0x34AD, 
0x34AD, 0x34AD, 0x34AD, 0x34AD, 0x34AD, 0x34AD, 0x34AD, 0x34AD, 0x34AD, 0x34AD, 0x34AD, 0x34AD, 
0x34AD, 0x34AD, 0x34AD, 0x34AD, 0x34AD, 0x34AD, 0x34AD, 0x34AD, 0x34AD, 0x34AD, 0x34AD, 0x34AD, 
0x34AD, 0x34AD, 0x34AD, 0x34AD, 0x34AD, 0x34AD, 0x34AD, 0x34AD, 0x34AD, 0x34AD, 0x34AD, 0x34AD, 
0x34AD, 0x34AD, 0x34AD, 0x34AD, 0x34AD, 0x34AD, 0x34AD, 0x34AD, 0x34AD, 0x34AD, 0x34AD, 0x34AD, 
0x34AD, 0x34AD, 0xEE13, 0xEE13, 0xEE13, 0xEE13, 0xEE13, 0xEE13, 0xEE13, 0xEE13, 0xEE13, 0xEE13, 
0xEE13, 0xEE13, 0xEE13, 0xEE13, 0xEE13, 0xEE13, 0xEE13, 0xEE13, 0xEE13, 0xEE13, 0xEE13, 0xEE13, 
0xEE13, 0xEE13, 0xEE13, 0xEE13, 0xEE13, 0xEE13, 0xEE13, 0xEE13, 0xEE13, 0xEE13, 0xEE13, 0xEE13, 
0xEE13, 0xEE13, 0xEE13, 0xEE13, 0xEE13, 0xEE13, 0xEE13, 0xEE13, 0xEE13, 0xEE13, 0xEE13, 0xEE13, 
0xEE13, 0xEE13, 0xEE13, 0xEE13, 0xEE13, 0xEE13, 0xEE13, 0xEE13, 0x34AD, 0x34AD, 0x34AD, 0x34AD, 
0x34AD, 0x34AD, 0x34AD, 0x34AD, 0x34AD, 0x34AD, 0x34AD, 0x34AD, 0x34AD, 0x34AD, 0x34AD, 0x34AD, 
0x34AD, 0x34AD, 0x34AD, 0x34AD, 0x34AD, 0x34AD, 0x34AD, 0x34AD, 0x34AD, 0x34AD, 0x34AD, 0x34AD, 
0x34AD, 0x34AD, 0x34AD, 0x34AD, 0x34AD, 0x34AD, 0x34AD, 0x34AD, 0x34AD, 0x34AD, 0x34AD, 0x34AD, 
0x34AD, 0x34AD, 0x34AD, 0x34AD, 0x34AD, 0x34AD, 0x34AD, 0x34AD, 0x34AD, 0x34AD, 0x34AD, 0x34AD, 
0x34AD, 0x34AD, 0x34AD, 0x34AD, 0x34AD, 0x34AD, 0x34AD, 0x34AD, 0x34AD, 0x34AD, 0x34AD, 0x34AD, 
0x34AD, 0x34AD, 0x34AD, 0x34AD, 0x34AD, 0x34AD, 0x34AD, 0x34AD, 0x34AD, 0x34AD, 0xEE13, 0xEE13, 
0xEE13, 0xEE13, 0xEE13, 0xEE13, 0xEE13, 0xEE13, 0xEE13, 0xEE13, 0xEE13, 0xEE13, 0xEE13, 0xEE13, 
0xEE13, 0xEE13, 0xEE13, 0xEE13, 0xEE13, 0xEE13, 0xEE13, 0xEE13, 0xEE13, 0xEE13, 0xEE13, 0xEE13, 
0xEE13, 0xEE13, 0xEE13, 0xEE13, 0xEE13, 0xEE13, 0xEE13, 0xEE13, 0xEE13, 0xEE13, 0xEE13, 0xEE13, 
0xEE13, 0xEE13, 0xEE13, 0xEE13, 0xEE13, 0xEE13, 0xEE13, 0xEE13, 0xEE13, 0xEE13, 0xEE13, 0xEE13, 
0xEE13, 0xEE13, 0xEE13, 0xEE13, 0x34AD, 0x34AD, 0x34AD, 0x34AD, 0x34AD, 0x34AD, 0x34AD, 0x34AD, 
0x34AD, 0x34AD, 0x34AD, 0x34AD, 0x34AD, 0x34AD, 0x34AD, 0x34AD, 0x34AD, 0x34AD, 0x34AD, 0x34AD, 
0x34AD, 0x34AD, 0x34AD, 0x34AD, 0x34AD, 0x34AD, 0x34AD, 0x34AD, 0x34AD, 0x34AD, 0x34AD, 0x34AD, 
0x34AD, 0x34AD, 0x34AD, 0x34AD, 0x34AD, 0x34AD, 0x34AD, 0x34AD, 0x34AD, 0x34AD, 0x34AD, 0x34AD, 
0x34AD, 0x34AD, 0x34AD, 0x34AD, 0x34AD, 0x34AD, 0x34AD, 0x34AD, 0x34AD, 0x34AD, 0x34AD, 0x34AD, 
0x34AD, 0x34AD, 0x34AD, 0x34AD, 0x34AD, 0x34AD, 0x34AD, 0x34AD, 0x34AD, 0x34AD, 0x34AD, 0x34AD, 
0x34AD, 0x34AD, 0x34AD, 0x34AD, 0x34AD, 0x34AD, 0xEE13, 0xEE13, 0xEE13, 0xEE13, 0xEE13, 0xEE13, 
0xEE13, 0xEE13, 0xEE13, 0xEE13, 0xEE13, 0xEE13, 0xEE13, 0xEE13, 0xEE13, 0xEE13, 0xEE13, 0xEE13, 
0xEE13, 0xEE13, 0xEE13, 0xEE13, 0xEE13, 0xEE13, 0xEE13, 0xEE13, 0xEE13, 0xEE13, 0xEE13, 0xEE13, 
0xEE13, 0xEE13, 0xEE13, 0xEE13, 0xEE13, 0xEE13, 0xEE13, 0xEE13, 0xEE13, 0xEE13, 0xEE13, 0xEE13, 
0xEE13, 0xEE13, 0xEE13, 0xEE13, 0xEE13, 0xEE13, 0xEE13, 0xEE13, 0xEE13, 0xEE13, 0xEE13, 0xEE13, 
0x34AD, 0x34AD, 0x34AD, 0x34AD, 0x34AD, 0x34AD, 0x34AD, 0x34AD, 0x34AD, 0x34AD, 0x34AD, 0x34AD, 
0x34AD, 0x34AD, 0x34AD, 0x34AD, 0x34AD, 0x34AD, 0x34AD, 0x34AD, 0x34AD, 0x34AD, 0x34AD, 0x34AD, 
0x34AD, 0x34AD, 0x34AD, 0x34AD, 0x34AD, 0x34AD, 0x34AD, 0x34AD, 0x34AD, 0x34AD, 0x34AD, 0x34AD, 
0x34AD, 0x34AD, 0x34AD, 0x34AD, 0x34AD, 0x34AD, 0x34AD, 0x34AD, 0x34AD, 0x34AD, 0x34AD, 0x34AD, 
0x34AD, 0x34AD, 0x34AD, 0x34AD, 0x34AD, 0x34AD, 0x34AD, 0x34AD, 0x34AD, 0x34AD, 0x34AD, 0x34AD, 
0x34AD, 0x34AD, 0x34AD, 0x34AD, 0x34AD, 0x34AD, 0x34AD, 0x34AD, 0x34AD, 0x34AD, 0x34AD, 0x34AD, 
0xEE13, 0xEE13, 0xEE13, 0xEE13, 0xEE13, 0xEE13, 0xEE13, 0xEE13, 0xEE13, 0xEE13, 0xEE13, 0xEE13, 
0xEE13, 0xEE13, 0xEE13, 0xEE13, 0xEE13, 0xEE13, 0xEE13, 0xEE13, 0xEE13, 0xEE13, 0xEE13, 0xEE13, 
0xEE13, 0xEE13, 0xEE13, 0xEE13, 0xEE13, 0xEE13, 0xEE13, 0xEE13, 0xEE13, 0xEE13, 0xEE13, 0xEE13, 
0xEE13, 0xEE13, 0xEE13, 0xEE13, 0xEE13, 0xEE13, 0xEE13, 0xEE13, 0xEE13, 0xEE13, 0xEE13, 0xEE13, 
0xEE13, 0xEE13, 0xEE13, 0xEE13, 0xEE13, 0xEE13, 0xEE13, 0xEE13, 0x34AD, 0x34AD, 0x34AD, 0x34AD, 
0x34AD, 0x34AD, 0x34AD, 0x34AD, 0x34AD, 0x34AD, 0x34AD, 0x34AD, 0x34AD, 0x34AD, 0x34AD, 0x34AD, 
0x34AD, 0x34AD, 0x34AD, 0x34AD, 0x34AD, 0x34AD, 0x34AD, 0x34AD, 0x34AD, 0x34AD, 0x34AD, 0x34AD, 
0x34AD, 0x34AD, 0x34AD, 0x34AD, 0x34AD, 0x34AD, 0x34AD, 0x34AD, 0x34AD, 0x34AD, 0x34AD, 0x34AD, 
0x34AD, 0x34AD, 0x34AD, 0x34AD, 0x34AD, 0x34AD, 0x34AD, 0x34AD, 0x34AD, 0x34AD, 0x34AD, 0x34AD, 
0x34AD, 0x34AD, 0x34AD, 0x34AD, 0x34AD, 0x34AD, 0x34AD, 0x34AD, 0x34AD, 0x34AD, 0x34AD, 0x34AD, 
0x34AD, 0x34AD, 0x34AD, 0x34AD, 0x34AD, 0x34AD, 0x34AD, 0x34AD, 0xEE13, 0xEE13, 0xEE13, 0xEE13, 
0xEE13, 0xEE13, 0xEE13, 0xEE13, 0xEE13, 0xEE13, 0xEE13, 0xEE13, 0xEE13, 0xEE13, 0xEE13, 0xEE13, 
0xEE13, 0xEE13, 0xEE13, 0xEE13, 0xEE13, 0xEE13, 0xEE13, 0xEE13, 0xEE13, 0xEE13, 0xEE13, 0xEE13, 
0xEE13, 0xEE13, 0xEE13, 0xEE13, 0xEE13, 0xEE13, 0xEE13, 0xEE13, 0xEE13, 0xEE13, 0xEE13, 0xEE13, 
0xEE13, 0xEE13, 0xEE13, 0xEE13, 0xEE13, 0xEE13, 0xEE13, 0xEE13, 0xEE13, 0xEE13, 0xEE13, 0xEE13, 
0xEE13, 0xEE13, 0xEE13, 0xEE13, 0x34AD, 0x34AD, 0x34AD, 0x34AD, 0x34AD, 0x34AD, 0x34AD, 0x34AD, 
0x34AD, 0x34AD, 0x34AD, 0x34AD, 0x34AD, 0x34AD, 0x34AD, 0x34AD, 0x34AD, 0x34AD, 0x34AD, 0x34AD, 
0x34AD, 0x34AD, 0x34AD, 0x34AD, 0x34AD, 0x34AD, 0x34AD, 0x34AD, 0x34AD, 0x34AD, 0x34AD, 0x34AD, 
0x34AD, 0x34AD, 0x34AD, 0x34AD, 0x34AD, 0x34AD, 0x34AD, 0x34AD, 0x34AD, 0x34AD, 0x34AD, 0x34AD, 
0x34AD, 0x34AD, 0x34AD, 0x34AD, 0x34AD, 0x34AD, 0x34AD, 0x34AD, 0x34AD, 0x34AD, 0x34AD, 0x34AD, 
0x34AD, 0x34AD, 0x34AD, 0x34AD, 0x34AD, 0x34AD, 0x34AD, 0x34AD, 0x34AD, 0x34AD, 0x34AD, 0x34AD, 
0x34AD, 0x34AD, 0x34AD, 0x34AD, 0xEE13, 0xEE13, 0xEE13, 0xEE13, 0xEE13, 0xEE13, 0xEE13, 0xEE13, 
0xEE13, 0xEE13, 0xEE13, 0xEE13, 0xEE13, 0xEE13, 0xEE13, 0xEE13, 0xEE13, 0xEE13, 0xEE13, 0xEE13, 
0xEE13, 0xEE13, 0xEE13, 0xEE13, 0xEE13, 0xEE13, 0xEE13, 0xEE13, 0xEE13, 0xEE13, 0xEE13, 0xEE13, 
0xEE13, 0xEE13, 0xEE13, 0xEE13, 0xEE13, 0xEE13, 0xEE13, 0xEE13, 0xEE13, 0xEE13, 0xEE13, 0xEE13, 
0xEE13, 0xEE13, 0xEE13, 0xEE13, 0xEE13, 0xEE13, 0xEE13, 0xEE13, 0xEE13, 0xEE13, 0xEE13, 0xEE13, 
0x34AD, 0x34AD, 0x34AD, 0x34AD, 0x34AD, 0x34AD, 0x34AD, 0x34AD, 0x34AD, 0x34AD, 0x34AD, 0x34AD, 
0x34AD, 0x34AD, 0x34AD, 0x34AD, 0x34AD, 0x34AD, 0x34AD, 0x34AD, 0x34AD, 0x34AD, 0x34AD, 0x34AD, 
0x34AD, 0x34AD, 0x34AD, 0x34AD, 0x34AD, 0x34AD, 0x34AD, 0x34AD, 0x34AD, 0x34AD, 0x34AD, 0x34AD, 
0x34AD, 0x34AD, 0x34AD, 0x34AD, 0x34AD, 0x34AD, 0x34AD, 0x34AD, 0x34AD, 0x34AD, 0x34AD, 0x34AD, 
0x34AD, 0x34AD, 0x34AD, 0x34AD, 0x34AD, 0x34AD, 0x34AD, 0x34AD, 0x34AD, 0x34AD, 0x34AD, 0x34AD, 
0x34AD, 0x34AD, 0x34AD, 0x34AD, 0x34AD, 0x34AD, 0x34AD, 0x34AD, 0x34AD, 0x34AD, 0x34AD, 0x34AD, 
0xEE13, 0xEE13, 0xEE13, 0xEE13, 0xEE13, 0xEE13, 0xEE13, 0xEE13, 0xEE13, 0xEE13, 0xEE13, 0xEE13, 
0xEE13, 0xEE13, 0xEE13, 0xEE13, 0xEE13, 0xEE13, 0xEE13, 0xEE13, 0xEE13, 0xEE13, 0xEE13, 0xEE13, 
0xEE13, 0xEE13, 0xEE13, 0xEE13, 0xEE13, 0xEE13, 0xEE13, 0xEE13, 0xEE13, 0xEE13, 0xEE13, 0xEE13, 
0xEE13, 0xEE13, 0xEE13, 0xEE13, 0xEE13, 0xEE13, 0xEE13, 0xEE13, 0xEE13, 0xEE13, 0xEE13, 0xEE13, 
0xEE13, 0xEE13, 0xEE13, 0xEE13, 0xEE13, 0xEE13, 0xEE13, 0xEE13, 0x34AD, 0x34AD, 0x34AD, 0x34AD, 
0x34AD, 0x34AD, 0x34AD, 0x34AD, 0x34AD, 0x34AD, 0x34AD, 0x34AD, 0x34AD, 0x34AD, 0x34AD, 0x34AD, 
0x34AD, 0x34AD, 0x34AD, 0x34AD, 0x34AD, 0x34AD, 0x34AD, 0x34AD, 0x34AD, 0x34AD, 0x34AD, 0x34AD, 
0x34AD, 0x34AD, 0x34AD, 0x34AD, 0x34AD, 0x34AD, 0x34AD, 0x34AD, 0x34AD, 0x34AD, 0x34AD, 0x34AD, 
0x34AD, 0x34AD, 0x34AD, 0x34AD, 0x34AD, 0x34AD, 0x34AD, 0x34AD, 0x34AD, 0x34AD, 0x34AD, 0x34AD, 
0x34AD, 0x34AD, 0x34AD, 0x34AD, 0x34AD, 0x34AD, 0x34AD, 0x34AD, 0x34AD, 0x34AD, 0x34AD, 0x34AD, 
0x34AD, 0x34AD, 0x34AD, 0x34AD, 0x34AD, 0x34AD, 0xEE13, 0xEE13, 0xEE13, 0xEE13, 0xEE13, 0xEE13, 
0xEE13, 0xEE13, 0xEE13, 0xEE13, 0xEE13, 0xEE13, 0xEE13, 0xEE13, 0xEE13, 0xEE13, 0xEE13, 0xEE13, 
0xEE13, 0xEE13, 0xEE13, 0xEE13, 0xEE13, 0xEE13, 0xEE13, 0xEE13, 0xEE13, 0xEE13, 0xEE13, 0xEE13, 
0xEE13, 0xEE13, 0xEE13, 0xEE13, 0xEE13, 0xEE13, 0xEE13, 0xEE13, 0xEE13, 0xEE13, 0xEE13, 0xEE13, 
0xEE13, 0xEE13, 0xEE13, 0xEE13, 0xEE13, 0xEE13, 0xEE13, 0xEE13, 0xEE13, 0xEE13, 0xEE13, 0xEE13, 
0xEE13, 0xEE13, 0xEE13, 0xEE13, 0x34AD, 0x34AD, 0x34AD, 0x34AD, 0x34AD, 0x34AD, 0x34AD, 0x34AD, 
0x34AD, 0x34AD, 0x34AD, 0x34AD, 0x34AD, 0x34AD, 0x34AD, 0x34AD, 0x34AD, 0x34AD, 0x34AD, 0x34AD, 
0x34AD, 0x34AD, 0x34AD, 0x34AD, 0x34AD, 0x34AD, 0x34AD, 0x34AD, 0x34AD, 0x34AD, 0x34AD, 0x34AD, 
0x34AD, 0x34AD, 0x34AD, 0x34AD, 0x34AD, 0x34AD, 0x34AD, 0x34AD, 0x34AD, 0x34AD, 0x34AD, 0x34AD, 
0x34AD, 0x34AD, 0x34AD, 0x34AD, 0x34AD, 0x34AD, 0x34AD, 0x34AD, 0x34AD, 0x34AD, 0x34AD, 0x34AD, 
0x34AD, 0x34AD, 0x34AD, 0x34AD, 0x34AD, 0x34AD, 0x34AD, 0x34AD, 0x34AD, 0x34AD, 0x34AD, 0x34AD, 
0x34AD, 0x34AD, 0xEE13, 0xEE13, 0xEE13, 0xEE13, 0xEE13, 0xEE13, 0xEE13, 0xEE13, 0xEE13, 0xEE13, 
0xEE13, 0xEE13, 0xEE13, 0xEE13, 0xEE13, 0xEE13, 0xEE13, 0xEE13, 0xEE13, 0xEE13, 0xEE13, 0xEE13, 
0xEE13, 0xEE13, 0xEE13, 0xEE13, 0xEE13, 0xEE13, 0xEE13, 0xEE13, 0xEE13, 0xEE13, 0xEE13, 0xEE13, 
0xEE13, 0xEE13, 0xEE13, 0xEE13, 0xEE13, 0xEE13, 0xEE13, 0xEE13, 0xEE13, 0xEE13, 0xEE13, 0xEE13, 
0xEE13, 0xEE13, 0xEE13, 0xEE13, 0xEE13, 0xEE13, 0xEE13, 0xEE13, 0xEE13, 0xEE13, 0xEE13, 0xEE13, 
0xEE13, 0xEE13, 0x34AD, 0x34AD, 0x34AD, 0x34AD, 0x34AD, 0x34AD, 0x34AD, 0x34AD, 0x34AD, 0x34AD, 
0x34AD, 0x34AD, 0x34AD, 0x34AD, 0x34AD, 0x34AD, 0x34AD, 0x34AD, 0x34AD, 0x34AD, 0x34AD, 0x34AD, 
0x34AD, 0x34AD, 0x34AD, 0x34AD, 0x34AD, 0x34AD, 0x34AD, 0x34AD, 0x34AD, 0x34AD, 0x34AD, 0x34AD, 
0x34AD, 0x34AD, 0x34AD, 0x34AD, 0x34AD, 0x34AD, 0x34AD, 0x34AD, 0x34AD, 0x34AD, 0x34AD, 0x34AD, 
0x34AD, 0x34AD, 0x34AD, 0x34AD, 0x34AD, 0x34AD, 0x34AD, 0x34AD, 0x34AD, 0x34AD, 0x34AD, 0x34AD, 
0x34AD, 0x34AD, 0x34AD, 0x34AD, 0x34AD, 0x34AD, 0x34AD, 0x34AD, 0x34AD, 0x34AD, 0xEE13, 0xEE13, 
0xEE13, 0xEE13, 0xEE13, 0xEE13, 0xEE13, 0xEE13, 0xEE13, 0xEE13, 0xEE13, 0xEE13, 0xEE13, 0xEE13, 
0xEE13, 0xEE13, 0xEE13, 0xEE13, 0xEE13, 0xEE13, 0xEE13, 0xEE13, 0xEE13, 0xEE13, 0xEE13, 0xEE13, 
0xEE13, 0xEE13, 0xEE13, 0xEE13, 0xEE13, 0xEE13, 0xEE13, 0xEE13, 0xEE13, 0xEE13, 0xEE13, 0xEE13, 
0xEE13, 0xEE13, 0xEE13, 0xEE13, 0xEE13, 0xEE13, 0xEE13, 0xEE13, 0xEE13, 0xEE13, 0xEE13, 0xEE13, 
0xEE13, 0xEE13, 0xEE13, 0xEE13, 0xEE13, 0xEE13, 0xEE13, 0xEE13, 0xEE13, 0xEE13, 0x34AD, 0x34AD, 
0x34AD, 0x34AD, 0x34AD, 0x34AD, 0x34AD, 0x34AD, 0x34AD, 0x34AD, 0x34AD, 0x34AD, 0x34AD, 0x34AD, 
0x34AD, 0x34AD, 0x34AD, 0x34AD, 0x34AD, 0x34AD, 0x34AD, 0x34AD, 0x34AD, 0x34AD, 0x34AD, 0x34AD, 
0x34AD, 0x34AD, 0x34AD, 0x34AD, 0x34AD, 0x34AD, 0x34AD, 0x34AD, 0x34AD, 0x34AD, 0x34AD, 0x34AD, 
0x34AD, 0x34AD, 0x34AD, 0x34AD, 0x34AD, 0x34AD, 0x34AD, 0x34AD, 0x34AD, 0x34AD, 0x34AD, 0x34AD, 
0x34AD, 0x34AD, 0x34AD, 0x34AD, 0x34AD, 0x34AD, 0x34AD, 0x34AD, 0x34AD, 0x34AD, 0x34AD, 0x34AD, 
0x34AD, 0x34AD, 0x34AD, 0x34AD, 0x34AD, 0x34AD, 0xEE13, 0xEE13, 0xEE13, 0xEE13, 0xEE13, 0xEE13, 
0xEE13, 0xEE13, 0xEE13, 0xEE13, 0xEE13, 0xEE13, 0xEE13, 0xEE13, 0xEE13, 0xEE13, 0xEE13, 0xEE13, 
0xEE13, 0xEE13, 0xEE13, 0xEE13, 0xEE13, 0xEE13, 0xEE13, 0xEE13, 0xEE13, 0xEE13, 0xEE13, 0xEE13, 
0xEE13, 0xEE13, 0xEE13, 0xEE13, 0xEE13, 0xEE13, 0xEE13, 0xEE13, 0xEE13, 0xEE13, 0xEE13, 0xEE13, 
0xEE13, 0xEE13, 0xEE13, 0xEE13, 0xEE13, 0xEE13, 0xEE13, 0xEE13, 0xEE13, 0xEE13, 0xEE13, 0xEE13, 
0xEE13, 0xEE13, 0xEE13, 0xEE13, 0xEE13, 0xEE13, 0x34AD, 0x34AD, 0x34AD, 0x34AD, 0x34AD, 0x34AD, 
0x34AD, 0x34AD, 0x34AD, 0x34AD, 0x34AD, 0x34AD, 0x34AD, 0x34AD, 0x34AD, 0x34AD, 0x34AD, 0x34AD, 
0x34AD, 0x34AD, 0x34AD, 0x34AD, 0x34AD, 0x34AD, 0x34AD, 0x34AD, 0x34AD, 0x34AD, 0x34AD, 0x34AD, 
0x34AD, 0x34AD, 0x34AD, 0x34AD, 0x34AD, 0x34AD, 0x34AD, 0x34AD, 0x34AD, 0x34AD, 0x34AD, 0x34AD, 
0x34AD, 0x34AD, 0x34AD, 0x34AD, 0x34AD, 0x34AD, 0x34AD, 0x34AD, 0x34AD, 0x34AD, 0x34AD, 0x34AD, 
0x34AD, 0x34AD, 0x34AD, 0x34AD, 0x34AD, 0x34AD, 0x34AD, 0x34AD, 0x34AD, 0x34AD, 0x34AD, 0x34AD, 
0x34AD, 0x34AD, 0xEE13, 0xEE13, 0xEE13, 0xEE13, 0xEE13, 0xEE13, 0xEE13, 0xEE13, 0xEE13, 0xEE13, 
0xEE13, 0xEE13, 0xEE13, 0xEE13, 0xEE13, 0xEE13, 0xEE13, 0xEE13, 0xEE13, 0xEE13, 0xEE13, 0xEE13, 
0xEE13, 0xEE13, 0xEE13, 0xEE13, 0xEE13, 0xEE13, 0xEE13, 0xEE13, 0xEE13, 0xEE13, 0xEE13, 0xEE13, 
0xEE13, 0xEE13, 0xEE13, 0xEE13, 0xEE13, 0xEE13, 0xEE13, 0xEE13, 0xEE13, 0xEE13, 0xEE13, 0xEE13, 
0xEE13, 0xEE13, 0xEE13, 0xEE13, 0xEE13, 0xEE13, 0xEE13, 0xEE13, 0xEE13, 0xEE13, 0xEE13, 0xEE13, 
0xEE13, 0xEE13, 0x34AD, 0x34AD, 0x34AD, 0x34AD, 0x34AD, 0x34AD, 0x34AD, 0x34AD, 0x34AD, 0x34AD, 
0x34AD, 0x34AD, 0x34AD, 0x34AD, 0x34AD, 0x34AD, 0x34AD, 0x34AD, 0x34AD, 0x34AD, 0x34AD, 0x34AD, 
0x34AD, 0x34AD, 0x34AD, 0x34AD, 0x34AD, 0x34AD, 0x34AD, 0x34AD, 0x34AD, 0x34AD, 0x34AD, 0x34AD, 
0x34AD, 0x34AD, 0x34AD, 0x34AD, 0x34AD, 0x34AD, 0x34AD, 0x34AD, 0x34AD, 0x34AD, 0x34AD, 0x34AD, 
0x34AD, 0x34AD, 0x34AD, 0x34AD, 0x34AD, 0x34AD, 0x34AD, 0x34AD, 0x34AD, 0x34AD, 0x34AD, 0x34AD, 
0x34AD, 0x34AD, 0x34AD, 0x34AD, 0x34AD, 0x34AD, 0x34AD, 0x34AD, 0x34AD, 0x34AD, 0xEE13, 0xEE13, 
0xEE13, 0xEE13, 0xEE13, 0xEE13, 0xEE13, 0xEE13, 0xEE13, 0xEE13, 0xEE13, 0xEE13, 0xEE13, 0xEE13, 
0xEE13, 0xEE13, 0xEE13, 0xEE13, 0xEE13, 0xEE13, 0xEE13, 0xEE13, 0xEE13, 0xEE13, 0xEE13, 0xEE13, 
0xEE13, 0xEE13, 0xEE13, 0xEE13, 0xEE13, 0xEE13, 0xEE13, 0xEE13, 0xEE13, 0xEE13, 0xEE13, 0xEE13, 
0xEE13, 0xEE13, 0xEE13, 0xEE13, 0xEE13, 0xEE13, 0xEE13, 0xEE13, 0xEE13, 0xEE13, 0xEE13, 0xEE13, 
0xEE13, 0xEE13, 0xEE13, 0xEE13, 0xEE13, 0xEE13, 0xEE13, 0xEE13, 0xEE13, 0xEE13, 0xEE13, 0xEE13, 
0x34AD, 0x34AD, 0x34AD, 0x34AD, 0x34AD, 0x34AD, 0x34AD, 0x34AD, 0x34AD, 0x34AD, 0x34AD, 0x34AD, 
0x34AD, 0x34AD, 0x34AD, 0x34AD, 0x34AD, 0x34AD, 0x34AD, 0x34AD, 0x34AD, 0x34AD, 0x34AD, 0x34AD, 
0x34AD, 0x34AD, 0x34AD, 0x34AD, 0x34AD, 0x34AD, 0x34AD, 0x34AD, 0x34AD, 0x34AD, 0x34AD, 0x34AD, 
0x34AD, 0x34AD, 0x34AD, 0x34AD, 0x34AD, 0x34AD, 0x34AD, 0x34AD, 0x34AD, 0x34AD, 0x34AD, 0x34AD, 
0x34AD, 0x34AD, 0x34AD, 0x34AD, 0x34AD, 0x34AD, 0x34AD, 0x34AD, 0x34AD, 0x34AD, 0x34AD, 0x34AD, 
0x34AD, 0x34AD, 0x34AD, 0x34AD, 0xEE13, 0xEE13, 0xEE13, 0xEE13, 0xEE13, 0xEE13, 0xEE13, 0xEE13, 
0xEE13, 0xEE13, 0xEE13, 0xEE13, 0xEE13, 0xEE13, 0xEE13, 0xEE13, 0xEE13, 0xEE13, 0xEE13, 0xEE13, 
0xEE13, 0xEE13, 0xEE13, 0xEE13, 0xEE13, 0xEE13, 0xEE13, 0xEE13, 0xEE13, 0xEE13, 0xEE13, 0xEE13, 
0xEE13, 0xEE13, 0xEE13, 0xEE13, 0xEE13, 0xEE13, 0xEE13, 0xEE13, 0xEE13, 0xEE13, 0xEE13, 0xEE13, 
0xEE13, 0xEE13, 0xEE13, 0xEE13, 0xEE13, 0xEE13, 0xEE13, 0xEE13, 0xEE13, 0xEE13, 0xEE13, 0xEE13, 
0xEE13, 0xEE13, 0xEE13, 0xEE13, 0xEE13, 0xEE13, 0xEE13, 0xEE13, 0x34AD, 0x34AD, 0x34AD, 0x34AD, 
0x34AD, 0x34AD, 0x34AD, 0x34AD, 0x34AD, 0x34AD, 0x34AD, 0x34AD, 0x34AD, 0x34AD, 0x34AD, 0x34AD, 
0x34AD, 0x34AD, 0x34AD, 0x34AD, 0x34AD, 0x34AD, 0x34AD, 0x34AD, 0x34AD, 0x34AD, 0x34AD, 0x34AD, 
0x34AD, 0x34AD, 0x34AD, 0x34AD, 0x34AD, 0x34AD, 0x34AD, 0x34AD, 0x34AD, 0x34AD, 0x34AD, 0x34AD, 
0x34AD, 0x34AD, 0x34AD, 0x34AD, 0x34AD, 0x34AD, 0x34AD, 0x34AD, 0x34AD, 0x34AD, 0x34AD, 0x34AD, 
0x34AD, 0x34AD, 0x34AD, 0x34AD, 0x34AD, 0x34AD, 0x34AD, 0x34AD, 0x34AD, 0x34AD, 0x34AD, 0x34AD, 
0xEE13, 0xEE13, 0xEE13, 0xEE13, 0xEE13, 0xEE13, 0xEE13, 0xEE13, 0xEE13, 0xEE13, 0xEE13, 0xEE13, 
0xEE13, 0xEE13, 0xEE13, 0xEE13, 0xEE13, 0xEE13, 0xEE13, 0xEE13, 0xEE13, 0xEE13, 0xEE13, 0xEE13, 
0xEE13, 0xEE13, 0xEE13, 0xEE13, 0xEE13, 0xEE13, 0xEE13, 0xEE13, 0xEE13, 0xEE13, 0xEE13, 0xEE13, 
0xEE13, 0xEE13, 0xEE13, 0xEE13, 0xEE13, 0xEE13, 0xEE13, 0xEE13, 0xEE13, 0xEE13, 0xEE13, 0xEE13, 
0xEE13, 0xEE13, 0xEE13, 0xEE13, 0xEE13, 0xEE13, 0xEE13, 0xEE13, 0xEE13, 0xEE13, 0xEE13, 0xEE13, 
0xEE13, 0xEE13, 0xEE13, 0xEE13, 0xEE13, 0xEE13, 0x34AD, 0x34AD, 0x34AD, 0x34AD, 0x34AD, 0x34AD, 
0x34AD, 0x34AD, 0x34AD, 0x34AD, 0x34AD, 0x34AD, 0x34AD, 0x34AD, 0x34AD, 0x34AD, 0x34AD, 0x34AD, 
0x34AD, 0x34AD, 0x34AD, 0x34AD, 0x34AD, 0x34AD, 0x34AD, 0x34AD, 0x34AD, 0x34AD, 0x34AD, 0x34AD, 
0x34AD, 0x34AD, 0x34AD, 0x34AD, 0x34AD, 0x34AD, 0x34AD, 0x34AD, 0x34AD, 0x34AD, 0x34AD, 0x34AD, 
0x34AD, 0x34AD, 0x34AD, 0x34AD, 0x34AD, 0x34AD, 0x34AD, 0x34AD, 0x34AD, 0x34AD, 0x34AD, 0x34AD, 
0x34AD, 0x34AD, 0x34AD, 0x34AD, 0x34AD, 0x34AD, 0xEE13, 0xEE13, 0xEE13, 0xEE13, 0xEE13, 0xEE13, 
0xEE13, 0xEE13, 0xEE13, 0xEE13, 0xEE13, 0xEE13, 0xEE13, 0xEE13, 0xEE13, 0xEE13, 0xEE13, 0xEE13, 
0xEE13, 0xEE13, 0xEE13, 0xEE13, 0xEE13, 0xEE13, 0xEE13, 0xEE13, 0xEE13, 0xEE13, 0xEE13, 0xEE13, 
0xEE13, 0xEE13, 0xEE13, 0xEE13, 0xEE13, 0xEE13, 0xEE13, 0xEE13, 0xEE13, 0xEE13, 0xEE13, 0xEE13, 
0xEE13, 0xEE13, 0xEE13, 0xEE13, 0xEE13, 0xEE13, 0xEE13, 0xEE13, 0xEE13, 0xEE13, 0xEE13, 0xEE13, 
0xEE13, 0xEE13, 0xEE13, 0xEE13, 0xEE13, 0xEE13, 0xEE13, 0xEE13, 0xEE13, 0xEE13, 0xEE13, 0xEE13, 
0xEE13, 0xEE13, 0x34AD, 0x34AD, 0x34AD, 0x34AD, 0x34AD, 0x34AD, 0x34AD, 0x34AD, 0x34AD, 0x34AD, 
0x34AD, 0x34AD, 0x34AD, 0x34AD, 0x34AD, 0x34AD, 0x34AD, 0x34AD, 0x34AD, 0x34AD, 0x34AD, 0x34AD, 
0x34AD, 0x34AD, 0x34AD, 0x34AD, 0x34AD, 0x34AD, 0x34AD, 0x34AD, 0x34AD, 0x34AD, 0x34AD, 0x34AD, 
0x34AD, 0x34AD, 0x34AD, 0x34AD, 0x34AD, 0x34AD, 0x34AD, 0x34AD, 0x34AD, 0x34AD, 0x34AD, 0x34AD, 
0x34AD, 0x34AD, 0x34AD, 0x34AD, 0x34AD, 0x34AD, 0x34AD, 0x34AD, 0x34AD, 0x34AD, 0x34AD, 0x34AD, 
0x34AD, 0x34AD, 0xEE13, 0xEE13, 0xEE13, 0xEE13, 0xEE13, 0xEE13, 0xEE13, 0xEE13, 0xEE13, 0xEE13, 
0xEE13, 0xEE13, 0xEE13, 0xEE13, 0xEE13, 0xEE13, 0xEE13, 0xEE13, 0xEE13, 0xEE13, 0xEE13, 0xEE13, 
0xEE13, 0xEE13, 0xEE13, 0xEE13, 0xEE13, 0xEE13, 0xEE13, 0xEE13, 0xEE13, 0xEE13, 0xEE13, 0xEE13, 
0xEE13, 0xEE13, 0xEE13, 0xEE13, 0xEE13, 0xEE13, 0xEE13, 0xEE13, 0xEE13, 0xEE13, 0xEE13, 0xEE13, 
0xEE13, 0xEE13, 0xEE13, 0xEE13, 0xEE13, 0xEE13, 0xEE13, 0xEE13, 0xEE13, 0xEE13, 0xEE13, 0xEE13, 
0xEE13, 0xEE13, 0xEE13, 0xEE13, 0xEE13, 0xEE13, 0xEE13, 0xEE13, 0xEE13, 0xEE13, 0xEE13, 0xEE13, 
0x34AD, 0x34AD, 0x34AD, 0x34AD, 0x34AD, 0x34AD, 0x34AD, 0x34AD, 0x34AD, 0x34AD, 0x34AD, 0x34AD, 
0x34AD, 0x34AD, 0x34AD, 0x34AD, 0x34AD, 0x34AD, 0x34AD, 0x34AD, 0x34AD, 0x34AD, 0x34AD, 0x34AD, 
0x34AD, 0x34AD, 0x34AD, 0x34AD, 0x34AD, 0x34AD, 0x34AD, 0x34AD, 0x34AD, 0x34AD, 0x34AD, 0x34AD, 
0x34AD, 0x34AD, 0x34AD, 0x34AD, 0x34AD, 0x34AD, 0x34AD, 0x34AD, 0x34AD, 0x34AD, 0x34AD, 0x34AD, 
0x34AD, 0x34AD, 0x34AD, 0x34AD, 0x34AD, 0x34AD, 0x34AD, 0x34AD, 0xEE13, 0xEE13, 0xEE13, 0xEE13, 
0xEE13, 0xEE13, 0xEE13, 0xEE13, 0xEE13, 0xEE13, 0xEE13, 0xEE13, 0xEE13, 0xEE13, 0xEE13, 0xEE13, 
0xEE13, 0xEE13, 0xEE13, 0xEE13, 0xEE13, 0xEE13, 0xEE13, 0xEE13, 0xEE13, 0xEE13, 0xEE13, 0xEE13, 
0xEE13, 0xEE13, 0xEE13, 0xEE13, 0xEE13, 0xEE13, 0xEE13, 0xEE13, 0xEE13, 0xEE13, 0xEE13, 0xEE13, 
0xEE13, 0xEE13, 0xEE13, 0xEE13, 0xEE13, 0xEE13, 0xEE13, 0xEE13, 0xEE13, 0xEE13, 0xEE13, 0xEE13, 
0xEE13, 0xEE13, 0xEE13, 0xEE13, 0xEE13, 0xEE13, 0xEE13, 0xEE13, 0xEE13, 0xEE13, 0xEE13, 0xEE13, 
0xEE13, 0xEE13, 0xEE13, 0xEE13, 0xEE13, 0xEE13, 0xEE13, 0xEE13, 0x34AD, 0x34AD, 0x34AD, 0x34AD, 
0x34AD, 0x34AD, 0x34AD, 0x34AD, 0x34AD, 0x34AD, 0x34AD, 0x34AD, 0x34AD, 0x34AD, 0x34AD, 0x34AD, 
0x34AD, 0x34AD, 0x34AD, 0x34AD, 0x34AD, 0x34AD, 0x34AD, 0x34AD, 0x34AD, 0x34AD, 0x34AD, 0x34AD, 
0x34AD, 0x34AD, 0x34AD, 0x34AD, 0x34AD, 0x34AD, 0x34AD, 0x34AD, 0x34AD, 0x34AD, 0x34AD, 0x34AD, 
0x34AD, 0x34AD, 0x34AD, 0x34AD, 0x34AD, 0x34AD, 0x34AD, 0x34AD, 0x34AD, 0x34AD, 0x34AD, 0x34AD, 
0x34AD, 0x34AD, 0x34AD, 0x34AD, 0xEE13, 0xEE13, 0xEE13, 0xEE13, 0xEE13, 0xEE13, 0xEE13, 0xEE13, 
0xEE13, 0xEE13, 0xEE13, 0xEE13, 0xEE13, 0xEE13, 0xEE13, 0xEE13, 0xEE13, 0xEE13, 0xEE13, 0xEE13, 
0xEE13, 0xEE13, 0xEE13, 0xEE13, 0xEE13, 0xEE13, 0xEE13, 0xEE13, 0xEE13, 0xEE13, 0xEE13, 0xEE13, 
0xEE13, 0xEE13, 0xEE13, 0xEE13, 0xEE13, 0xEE13, 0xEE13, 0xEE13, 0xEE13, 0xEE13, 0xEE13, 0xEE13, 
0xEE13, 0xEE13, 0xEE13, 0xEE13, 0xEE13, 0xEE13, 0xEE13, 0xEE13, 0xEE13, 0xEE13, 0xEE13, 0xEE13, 
0xEE13, 0xEE13, 0xEE13, 0xEE13, 0xEE13, 0xEE13, 0xEE13, 0xEE13, 0xEE13, 0xEE13, 0xEE13, 0xEE13, 
0xEE13, 0xEE13, 0xEE13, 0xEE13, 0x34AD, 0x34AD, 0x34AD, 0x34AD, 0x34AD, 0x34AD, 0x34AD, 0x34AD, 
0x34AD, 0x34AD, 0x34AD, 0x34AD, 0x34AD, 0x34AD, 0x34AD, 0x34AD, 0x34AD, 0x34AD, 0x34AD, 0x34AD, 
0x34AD, 0x34AD, 0x34AD, 0x34AD, 0x34AD, 0x34AD, 0x34AD, 0x34AD, 0x34AD, 0x34AD, 0x34AD, 0x34AD, 
0x34AD, 0x34AD, 0x34AD, 0x34AD, 0x34AD, 0x34AD, 0x34AD, 0x34AD, 0x34AD, 0x34AD, 0x34AD, 0x34AD, 
0x34AD, 0x34AD, 0x34AD, 0x34AD, 0x34AD, 0x34AD, 0x34AD, 0x34AD, 0x34AD, 0x34AD, 0xEE13, 0xEE13, 
0xEE13, 0xEE13, 0xEE13, 0xEE13, 0xEE13, 0xEE13, 0xEE13, 0xEE13, 0xEE13, 0xEE13, 0xEE13, 0xEE13, 
0xEE13, 0xEE13, 0xEE13, 0xEE13, 0xEE13, 0xEE13, 0xEE13, 0xEE13, 0xEE13, 0xEE13, 0xEE13, 0xEE13, 
0xEE13, 0xEE13, 0xEE13, 0xEE13, 0xEE13, 0xEE13, 0xEE13, 0xEE13, 0xEE13, 0xEE13, 0xEE13, 0xEE13, 
0xEE13, 0xEE13, 0xEE13, 0xEE13, 0xEE13, 0xEE13, 0xEE13, 0xEE13, 0xEE13, 0xEE13, 0xEE13, 0xEE13, 
0xEE13, 0xEE13, 0xEE13, 0xEE13, 0xEE13, 0xEE13, 0xEE13, 0xEE13, 0xEE13, 0xEE13, 0xEE13, 0xEE13, 
0xEE13, 0xEE13, 0xEE13, 0xEE13, 0xEE13, 0xEE13, 0xEE13, 0xEE13, 0xEE13, 0xEE13, 0xEE13, 0xEE13, 
0x34AD, 0x34AD, 0x34AD, 0x34AD, 0x34AD, 0x34AD, 0x34AD, 0x34AD, 0x34AD, 0x34AD, 0x34AD, 0x34AD, 
0x34AD, 0x34AD, 0x34AD, 0x34AD, 0x34AD, 0x34AD, 0x34AD, 0x34AD, 0x34AD, 0x34AD, 0x34AD, 0x34AD, 
0x34AD, 0x34AD, 0x34AD, 0x34AD, 0x34AD, 0x34AD, 0x34AD, 0x34AD, 0x34AD, 0x34AD, 0x34AD, 0x34AD, 
0x34AD, 0x34AD, 0x34AD, 0x34AD, 0x34AD, 0x34AD, 0x34AD, 0x34AD, 0x34AD, 0x34AD, 0x34AD, 0x34AD, 
0x34AD, 0x34AD, 0x34AD, 0x34AD, 0x34AD, 0x34AD, 0xEE13, 0xEE13, 0xEE13, 0xEE13, 0xEE13, 0xEE13, 
0xEE13, 0xEE13, 0xEE13, 0xEE13, 0xEE13, 0xEE13, 0xEE13, 0xEE13, 0xEE13, 0xEE13, 0xEE13, 0xEE13, 
0xEE13, 0xEE13, 0xEE13, 0xEE13, 0xEE13, 0xEE13, 0xEE13, 0xEE13, 0xEE13, 0xEE13, 0xEE13, 0xEE13, 
0xEE13, 0xEE13, 0xEE13, 0xEE13, 0xEE13, 0xEE13, 0xEE13, 0xEE13, 0xEE13, 0xEE13, 0xEE13, 0xEE13, 
0xEE13, 0xEE13, 0xEE13, 0xEE13, 0xEE13, 0xEE13, 0xEE13, 0xEE13, 0xEE13, 0xEE13, 0xEE13, 0xEE13, 
0xEE13, 0xEE13, 0xEE13, 0xEE13, 0xEE13, 0xEE13, 0xEE13, 0xEE13, 0xEE13, 0xEE13, 0xEE13, 0xEE13, 
0xEE13, 0xEE13, 0xEE13, 0xEE13, 0xEE13, 0xEE13, 0xEE13, 0xEE13, 0x34AD, 0x34AD, 0x34AD, 0x34AD, 
0x34AD, 0x34AD, 0x34AD, 0x34AD, 0x34AD, 0x34AD, 0x34AD, 0x34AD, 0x34AD, 0x34AD, 0x34AD, 0x34AD, 
0x34AD, 0x34AD, 0x34AD, 0x34AD, 0x34AD, 0x34AD, 0x34AD, 0x34AD, 0x34AD, 0x34AD, 0x34AD, 0x34AD, 
0x34AD, 0x34AD, 0xEE13, 0xEE13, 0xEE13, 0xEE13, 0xEE13, 0xEE13, 0xEE13, 0xEE13, 0xEE13, 0xEE13, 
0xEE13, 0xEE13, 0x34AD, 0x34AD, 0x34AD, 0x34AD, 0x34AD, 0x34AD, 0x34AD, 0x34AD, 0x34AD, 0x34AD, 
0x34AD, 0x34AD, 0xEE13, 0xEE13, 0xEE13, 0xEE13, 0xEE13, 0xEE13, 0xEE13, 0xEE13, 0xEE13, 0xEE13, 
0xEE13, 0xEE13, 0xEE13, 0xEE13, 0xEE13, 0xEE13, 0xEE13, 0xEE13, 0xEE13, 0xEE13, 0xEE13, 0xEE13, 
0xEE13, 0xEE13, 0xEE13, 0xEE13, 0xEE13, 0xEE13, 0xEE13, 0xEE13, 0xEE13, 0xEE13, 0xEE13, 0xEE13, 
0xEE13, 0xEE13, 0xEE13, 0xEE13, 0xEE13, 0xEE13, 0xEE13, 0xEE13, 0xEE13, 0xEE13, 0xEE13, 0xEE13, 
0xEE13, 0xEE13, 0xEE13, 0xEE13, 0xEE13, 0xEE13, 0xEE13, 0xEE13, 0xEE13, 0xEE13, 0xEE13, 0xEE13, 
0xEE13, 0xEE13, 0xEE13, 0xEE13, 0xEE13, 0xEE13, 0xEE13, 0xEE13, 0xEE13, 0xEE13, 0xEE13, 0xEE13, 
0xEE13, 0xEE13, 0xEE13, 0xEE13, 0x34AD, 0x34AD, 0x34AD, 0x34AD, 0x34AD, 0x34AD, 0x34AD, 0x34AD, 
0x34AD, 0x34AD, 0x34AD, 0x34AD, 0x34AD, 0x34AD, 0x34AD, 0x34AD, 0x34AD, 0x34AD, 0x34AD, 0x34AD, 
0x34AD, 0x34AD, 0x34AD, 0x34AD, 0x34AD, 0x34AD, 0x34AD, 0x34AD, 0x34AD, 0x34AD, 0xEE13, 0xEE13, 
0xEE13, 0xEE13, 0xEE13, 0xEE13, 0xEE13, 0xEE13, 0xEE13, 0xEE13, 0xEE13, 0xEE13, 0x34AD, 0x34AD, 
0x34AD, 0x34AD, 0x34AD, 0x34AD, 0x34AD, 0x34AD, 0x34AD, 0x34AD, 0x34AD, 0x34AD, 0xEE13, 0xEE13, 
0xEE13, 0xEE13, 0xEE13, 0xEE13, 0xEE13, 0xEE13, 0xEE13, 0xEE13, 0xEE13, 0xEE13, 0xEE13, 0xEE13, 
0xEE13, 0xEE13, 0xEE13, 0xEE13, 0xEE13, 0xEE13, 0xEE13, 0xEE13, 0xEE13, 0xEE13, 0xEE13, 0xEE13, 
0xEE13, 0xEE13, 0xEE13, 0xEE13, 0xEE13, 0xEE13, 0xEE13, 0xEE13, 0xEE13, 0xEE13, 0xEE13, 0xEE13, 
0xEE13, 0xEE13, 0xEE13, 0xEE13, 0xEE13, 0xEE13, 0xEE13, 0xEE13, 0xEE13, 0xEE13, 0xEE13, 0xEE13, 
0xEE13, 0xEE13, 0xEE13, 0xEE13, 0xEE13, 0xEE13, 0xEE13, 0xEE13, 0xEE13, 0xEE13, 0xEE13, 0xEE13, 
0xEE13, 0xEE13, 0xEE13, 0xEE13, 0xEE13, 0xEE13, 0xEE13, 0xEE13, 0xEE13, 0xEE13, 0xEE13, 0xEE13, 
0x34AD, 0x34AD, 0x34AD, 0x34AD, 0x34AD, 0x34AD, 0x34AD, 0x34AD, 0x34AD, 0x34AD, 0x34AD, 0x34AD, 
0x34AD, 0x34AD, 0xEE13, 0xEE13, 0xEE13, 0xEE13, 0xEE13, 0xEE13, 0xEE13, 0xEE13, 0xEE13, 0xEE13, 
0xEE13, 0xEE13, 0xEE13, 0xEE13, 0xEE13, 0xEE13, 0xEE13, 0xEE13, 0xEE13, 0xEE13, 0xEE13, 0xEE13, 
0xEE13, 0xEE13, 0xEE13, 0xEE13, 0xEE13, 0xEE13, 0xEE13, 0xEE13, 0x34AD, 0x34AD, 0x34AD, 0x34AD, 
0x34AD, 0x34AD, 0x34AD, 0x34AD, 0x34AD, 0x34AD, 0x34AD, 0x34AD, 0xEE13, 0xEE13, 0xEE13, 0xEE13, 
0xEE13, 0xEE13, 0xEE13, 0xEE13, 0xEE13, 0xEE13, 0xEE13, 0xEE13, 0xEE13, 0xEE13, 0xEE13, 0xEE13, 
0xEE13, 0xEE13, 0xEE13, 0xEE13, 0xEE13, 0xEE13, 0xEE13, 0xEE13, 0xEE13, 0xEE13, 0xEE13, 0xEE13, 
0xEE13, 0xEE13, 0xEE13, 0xEE13, 0xEE13, 0xEE13, 0xEE13, 0xEE13, 0xEE13, 0xEE13, 0xEE13, 0xEE13, 
0xEE13, 0xEE13, 0xEE13, 0xEE13, 0xEE13, 0xEE13, 0xEE13, 0xEE13, 0xEE13, 0xEE13, 0xEE13, 0xEE13, 
0xEE13, 0xEE13, 0xEE13, 0xEE13, 0xEE13, 0xEE13, 0xEE13, 0xEE13, 0xEE13, 0xEE13, 0xEE13, 0xEE13, 
0xEE13, 0xEE13, 0xEE13, 0xEE13, 0xEE13, 0xEE13, 0xEE13, 0xEE13, 0x34AD, 0x34AD, 0x34AD, 0x34AD, 
0x34AD, 0x34AD, 0x34AD, 0x34AD, 0x34AD, 0x34AD, 0x34AD, 0x34AD, 0x34AD, 0x34AD, 0xEE13, 0xEE13, 
0xEE13, 0xEE13, 0xEE13, 0xEE13, 0xEE13, 0xEE13, 0xEE13, 0xEE13, 0xEE13, 0xEE13, 0xEE13, 0xEE13, 
0xEE13, 0xEE13, 0xEE13, 0xEE13, 0xEE13, 0xEE13, 0xEE13, 0xEE13, 0xEE13, 0xEE13, 0xEE13, 0xEE13, 
0xEE13, 0xEE13, 0xEE13, 0xEE13, 0x34AD, 0x34AD, 0x34AD, 0x34AD, 0x34AD, 0x34AD, 0x34AD, 0x34AD, 
0x34AD, 0x34AD, 0x34AD, 0x34AD, 0xEE13, 0xEE13, 0xEE13, 0xEE13, 0xEE13, 0xEE13, 0xEE13, 0xEE13, 
0xEE13, 0xEE13, 0xEE13, 0xEE13, 0xEE13, 0xEE13, 0xEE13, 0xEE13, 0xEE13, 0xEE13, 0xEE13, 0xEE13, 
0xEE13, 0xEE13, 0xEE13, 0xEE13, 0xEE13, 0xEE13, 0xEE13, 0xEE13, 0xEE13, 0xEE13, 0xEE13, 0xEE13, 
0xEE13, 0xEE13, 0xEE13, 0xEE13, 0xEE13, 0xEE13, 0xEE13, 0xEE13, 0xEE13, 0xEE13, 0xEE13, 0xEE13, 
0xEE13, 0xEE13, 0xEE13, 0xEE13, 0xEE13, 0xEE13, 0xEE13, 0xEE13, 0xEE13, 0xEE13, 0xEE13, 0xEE13, 
0xEE13, 0xEE13, 0xEE13, 0xEE13, 0xEE13, 0xEE13, 0xEE13, 0xEE13, 0xEE13, 0xEE13, 0xEE13, 0xEE13, 
0xEE13, 0xEE13, 0xEE13, 0xEE13, 0x34AD, 0x34AD, 0x34AD, 0x34AD, 0x34AD, 0x34AD, 0x34AD, 0x34AD, 
0x34AD, 0x34AD, 0x34AD, 0x34AD, 0xEE13, 0xEE13, 0xEE13, 0xEE13, 0xEE13, 0xEE13, 0xEE13, 0xEE13, 
0xEE13, 0xEE13, 0xEE13, 0xEE13, 0xEE13, 0xEE13, 0xEE13, 0xEE13, 0xEE13, 0xEE13, 0xEE13, 0xEE13, 
0xEE13, 0xEE13, 0xEE13, 0xEE13, 0xEE13, 0xEE13, 0xEE13, 0xEE13, 0xEE13, 0xEE13, 0xEE13, 0xEE13, 
0x34AD, 0x34AD, 0x34AD, 0x34AD, 0x34AD, 0x34AD, 0x34AD, 0x34AD, 0x34AD, 0x34AD, 0x34AD, 0x34AD, 
0xEE13, 0xEE13, 0xEE13, 0xEE13, 0xEE13, 0xEE13, 0xEE13, 0xEE13, 0xEE13, 0xEE13, 0xEE13, 0xEE13, 
0xEE13, 0xEE13, 0xEE13, 0xEE13, 0xEE13, 0xEE13, 0xEE13, 0xEE13, 0xEE13, 0xEE13, 0xEE13, 0xEE13, 
0xEE13, 0xEE13, 0xEE13, 0xEE13, 0xEE13, 0xEE13, 0xEE13, 0xEE13, 0xEE13, 0xEE13, 0xEE13, 0xEE13, 
0xEE13, 0xEE13, 0xEE13, 0xEE13, 0xEE13, 0xEE13, 0xEE13, 0xEE13, 0xEE13, 0xEE13, 0xEE13, 0xEE13, 
0xEE13, 0xEE13, 0xEE13, 0xEE13, 0xEE13, 0xEE13, 0xEE13, 0xEE13, 0xEE13, 0xEE13, 0xEE13, 0xEE13, 
0xEE13, 0xEE13, 0xEE13, 0xEE13, 0xEE13, 0xEE13, 0xEE13, 0xEE13, 0xEE13, 0xEE13, 0xEE13, 0xEE13, 
0x34AD, 0x34AD, 0x34AD, 0x34AD, 0x34AD, 0x34AD, 0x34AD, 0x34AD, 0x34AD, 0x34AD, 0x34AD, 0x34AD, 
0xEE13, 0xEE13, 0xEE13, 0xEE13, 0xEE13, 0xEE13, 0xEE13, 0xEE13, 0xEE13, 0xEE13, 0xEE13, 0xEE13, 
0xEE13, 0xEE13, 0xEE13, 0xEE13, 0xEE13, 0xEE13, 0xEE13, 0xEE13, 0xEE13, 0xEE13, 0xEE13, 0xEE13, 
0xEE13, 0xEE13, 0xEE13, 0xEE13, 0xEE13, 0xEE13, 0xEE13, 0xEE13, 0x34AD, 0x34AD, 0x34AD, 0x34AD, 
0x34AD, 0x34AD, 0x34AD, 0x34AD, 0x34AD, 0x34AD, 0x34AD, 0x34AD, 0xEE13, 0xEE13, 0xEE13, 0xEE13, 
0xEE13, 0xEE13, 0xEE13, 0xEE13, 0xEE13, 0xEE13, 0xEE13, 0xEE13, 0xEE13, 0xEE13, 0xEE13, 0xEE13, 
0xEE13, 0xEE13, 0xEE13, 0xEE13, 0xEE13, 0xEE13, 0xEE13, 0xEE13, 0xEE13, 0xEE13, 0xEE13, 0xEE13, 
0xEE13, 0xEE13, 0xEE13, 0xEE13, 0xEE13, 0xEE13, 0xEE13, 0xEE13, 0xEE13, 0xEE13, 0xEE13, 0xEE13, 
0xEE13, 0xEE13, 0xEE13, 0xEE13, 0xEE13, 0xEE13, 0xEE13, 0xEE13, 0xEE13, 0xEE13, 0xEE13, 0xEE13, 
0xEE13, 0xEE13, 0xEE13, 0xEE13, 0xEE13, 0xEE13, 0xEE13, 0xEE13, 0xEE13, 0xEE13, 0xEE13, 0xEE13, 
0xEE13, 0xEE13, 0xEE13, 0xEE13, 0xEE13, 0xEE13, 0xEE13, 0xEE13, 0xEE13, 0xEE13, 0x34AD, 0x34AD, 
0x34AD, 0x34AD, 0x34AD, 0x34AD, 0x34AD, 0x34AD, 0xEE13, 0xEE13, 0xEE13, 0xEE13, 0xEE13, 0xEE13, 
0xEE13, 0xEE13, 0xEE13, 0xEE13, 0xEE13, 0xEE13, 0xEE13, 0xEE13, 0xEE13, 0xEE13, 0xEE13, 0xEE13, 
0xEE13, 0xEE13, 0xEE13, 0xEE13, 0xEE13, 0xEE13, 0xEE13, 0xEE13, 0xEE13, 0xEE13, 0xEE13, 0xEE13, 
0xEE13, 0xEE13, 0xEE13, 0xEE13, 0xEE13, 0xEE13, 0x34AD, 0x34AD, 0x34AD, 0x34AD, 0x34AD, 0x34AD, 
0x34AD, 0x34AD, 0x34AD, 0x34AD, 0xEE13, 0xEE13, 0xEE13, 0xEE13, 0xEE13, 0xEE13, 0xEE13, 0xEE13, 
0xEE13, 0xEE13, 0xEE13, 0xEE13, 0xEE13, 0xEE13, 0xEE13, 0xEE13, 0xEE13, 0xEE13, 0xEE13, 0xEE13, 
0xEE13, 0xEE13, 0xEE13, 0xEE13, 0xEE13, 0xEE13, 0xEE13, 0xEE13, 0xEE13, 0xEE13, 0xEE13, 0xEE13, 
0xEE13, 0xEE13, 0xEE13, 0xEE13, 0xEE13, 0xEE13, 0xEE13, 0xEE13, 0xEE13, 0xEE13, 0xEE13, 0xEE13, 
0xEE13, 0xEE13, 0xEE13, 0xEE13, 0xEE13, 0xEE13, 0xEE13, 0xEE13, 0xEE13, 0xEE13, 0xEE13, 0xEE13, 
0xEE13, 0xEE13, 0xEE13, 0xEE13, 0xEE13, 0xEE13, 0xEE13, 0xEE13, 0xEE13, 0xEE13, 0xEE13, 0xEE13, 
0xEE13, 0xEE13, 0xEE13, 0xEE13, 0xEE13, 0xEE13, 0x34AD, 0x34AD, 0x34AD, 0x34AD, 0x34AD, 0x34AD, 
0x34AD, 0x34AD, 0xEE13, 0xEE13, 0xEE13, 0xEE13, 0xEE13, 0xEE13, 0xEE13, 0xEE13, 0xEE13, 0xEE13, 
0xEE13, 0xEE13, 0xEE13, 0xEE13, 0xEE13, 0xEE13, 0xEE13, 0xEE13, 0xEE13, 0xEE13, 0xEE13, 0xEE13, 
0xEE13, 0xEE13, 0xEE13, 0xEE13, 0xEE13, 0xEE13, 0xEE13, 0xEE13, 0xEE13, 0xEE13, 0xEE13, 0xEE13, 
0xEE13, 0xEE13, 0x34AD, 0x34AD, 0x34AD, 0x34AD, 0x34AD, 0x34AD, 0x34AD, 0x34AD, 0x34AD, 0x34AD, 
0xEE13, 0xEE13, 0xEE13, 0xEE13, 0xEE13, 0xEE13, 0xEE13, 0xEE13, 0xEE13, 0xEE13, 0xEE13, 0xEE13, 
0xEE13, 0xEE13, 0xEE13, 0xEE13, 0xEE13, 0xEE13, 0xEE13, 0xEE13, 0xEE13, 0xEE13, 0xEE13, 0xEE13, 
0xEE13, 0xEE13, 0xEE13, 0xEE13, 0xEE13, 0xEE13, 0xEE13, 0xEE13, 0xEE13, 0xEE13, 0xEE13, 0xEE13, 
0xEE13, 0xEE13, 0xEE13, 0xEE13, 0xEE13, 0xEE13, 0xEE13, 0xEE13, 0xEE13, 0xEE13, 0xEE13, 0xEE13, 
0xEE13, 0xEE13, 0xEE13, 0xEE13, 0xEE13, 0xEE13, 0xEE13, 0xEE13, 0xEE13, 0xEE13, 0xEE13, 0xEE13, 
0xEE13, 0xEE13, 0xEE13, 0xEE13, 0xEE13, 0xEE13, 0xEE13, 0xEE13, 0xEE13, 0xEE13, 0xEE13, 0xEE13, 
0xEE13, 0xEE13, 0xEE13, 0xEE13, 0xEE13, 0xEE13, 0xEE13, 0xEE13, 0xEE13, 0xEE13, 0xEE13, 0xEE13, 
0xEE13, 0xEE13, 0xEE13, 0xEE13, 0xEE13, 0xEE13, 0xEE13, 0xEE13, 0xEE13, 0xEE13, 0xEE13, 0xEE13, 
0xEE13, 0xEE13, 0xEE13, 0xEE13, 0xEE13, 0xEE13, 0xEE13, 0xEE13, 0xEE13, 0xEE13, 0xEE13, 0xEE13, 
0xEE13, 0xEE13, 0xEE13, 0xEE13, 0xEE13, 0xEE13, 0xEE13, 0xEE13, 0xEE13, 0xEE13, 0xEE13, 0xEE13, 
0xEE13, 0xEE13, 0xEE13, 0xEE13, 0xEE13, 0xEE13, 0xEE13, 0xEE13, 0xEE13, 0xEE13, 0xEE13, 0xEE13, 
0xEE13, 0xEE13, 0xEE13, 0xEE13, 0xEE13, 0xEE13, 0xEE13, 0xEE13, 0xEE13, 0xEE13, 0xEE13, 0xEE13, 
0xEE13, 0xEE13, 0xEE13, 0xEE13, 0xEE13, 0xEE13, 0xEE13, 0xEE13, 0xEE13, 0xEE13, 0xEE13, 0xEE13, 
0xEE13, 0xEE13, 0xEE13, 0xEE13, 0xEE13, 0xEE13, 0xEE13, 0xEE13, 0xEE13, 0xEE13, 0xEE13, 0xEE13, 
0xEE13, 0xEE13, 0xEE13, 0xEE13, 0xEE13, 0xEE13, 0xEE13, 0xEE13, 0xEE13, 0xEE13, 0xEE13, 0xEE13, 
0xEE13, 0xEE13, 0xEE13, 0xEE13, 0xEE13, 0xEE13, 0xEE13, 0xEE13, 0xEE13, 0xEE13, 0xEE13, 0xEE13, 
0xEE13, 0xEE13, 0xEE13, 0xEE13, 0xEE13, 0xEE13, 0xEE13, 0xEE13, 0xEE13, 0xEE13, 0xEE13, 0xEE13, 
0xEE13, 0xEE13, 0xEE13, 0xEE13, 0xEE13, 0xEE13, 0xEE13, 0xEE13, 0xEE13, 0xEE13, 0xEE13, 0xEE13, 
0xEE13, 0xEE13, 0xEE13, 0xEE13, 0xEE13, 0xEE13, 0xEE13, 0xEE13, 0xEE13, 0xEE13, 0xEE13, 0xEE13, 
0xEE13, 0xEE13, 0xEE13, 0xEE13, 0xEE13, 0xEE13, 0xEE13, 0xEE13, 0xEE13, 0xEE13, 0xEE13, 0xEE13, 
0xEE13, 0xEE13, 0xEE13, 0xEE13, 0xEE13, 0xEE13, 0xEE13, 0xEE13, 0xEE13, 0xEE13, 0xEE13, 0xEE13, 
0xEE13, 0xEE13, 0xEE13, 0xEE13, 0xEE13, 0xEE13, 0xEE13, 0xEE13, 0xEE13, 0xEE13, 0xEE13, 0xEE13, 
0xEE13, 0xEE13, 0xEE13, 0xEE13, 0xEE13, 0xEE13, 0xEE13, 0xEE13, 0xEE13, 0xEE13, 0xEE13, 0xEE13, 
0xEE13, 0xEE13, 0xEE13, 0xEE13, 0xEE13, 0xEE13, 0xEE13, 0xEE13, 0xEE13, 0xEE13, 0xEE13, 0xEE13, 
0xEE13, 0xEE13, 0xEE13, 0xEE13, 0xEE13, 0xEE13, 0xEE13, 0xEE13, 0xEE13, 0xEE13, 0xEE13, 0xEE13, 
0xEE13, 0xEE13, 0xEE13, 0xEE13, 0xEE13, 0xEE13, 0xEE13, 0xEE13, 0xEE13, 0xEE13, 0xEE13, 0xEE13, 
0xEE13, 0xEE13, 0xEE13, 0xEE13, 0xEE13, 0xEE13, 0xEE13, 0xEE13, 0xEE13, 0xEE13, 0xEE13, 0xEE13, 
0xEE13, 0xEE13, 0xEE13, 0xEE13, 0xEE13, 0xEE13, 0xEE13, 0xEE13, 0xEE13, 0xEE13, 0xEE13, 0xEE13, 
0xEE13, 0xEE13, 0xEE13, 0xEE13, 0xEE13, 0xEE13, 0xEE13, 0xEE13, 0xEE13, 0xEE13, 0xEE13, 0xEE13, 
0xEE13, 0xEE13, 0xEE13, 0xEE13, 0xEE13, 0xEE13, 0xEE13, 0xEE13, 0xEE13, 0xEE13, 0xEE13, 0xEE13, 
0xEE13, 0xEE13, 0xEE13, 0xEE13, 0xEE13, 0xEE13, 0xEE13, 0xEE13, 0xEE13, 0xEE13, 0xEE13, 0xEE13, 
0xEE13, 0xEE13, 0xEE13, 0xEE13, 0xEE13, 0xEE13, 0xEE13, 0xEE13, 0xEE13, 0xEE13, 0xEE13, 0xEE13, 
0xEE13, 0xEE13, 0xEE13, 0xEE13, 0xEE13, 0xEE13, 0xEE13, 0xEE13, 0xEE13, 0xEE13, 0xEE13, 0xEE13, 
0xEE13, 0xEE13, 0xEE13, 0xEE13, 0xEE13, 0xEE13, 0xEE13, 0xEE13, 0xEE13, 0xEE13, 0xEE13, 0xEE13, 
0xEE13, 0xEE13, 0xEE13, 0xEE13, 0xEE13, 0xEE13, 0xEE13, 0xEE13, 0xEE13, 0xEE13, 0xEE13, 0xEE13, 
0xEE13, 0xEE13, 0xEE13, 0xEE13, 0xEE13, 0xEE13, 0xEE13, 0xEE13, 0xEE13, 0xEE13, 0xEE13, 0xEE13, 
0xEE13, 0xEE13, 0xEE13, 0xEE13, 0xEE13, 0xEE13, 0xEE13, 0xEE13, 0xEE13, 0xEE13, 0xEE13, 0xEE13, 
0xEE13, 0xEE13, 0xEE13, 0xEE13, 0xEE13, 0xEE13, 0xEE13, 0xEE13, 0xEE13, 0xEE13, 0xEE13, 0xEE13, 
0xEE13, 0xEE13, 0xEE13, 0xEE13, 0xEE13, 0xEE13, 0xEE13, 0xEE13, 0xEE13, 0xEE13, 0xEE13, 0xEE13, 
0xEE13, 0xEE13, 0xEE13, 0xEE13, 0xEE13, 0xEE13, 0xEE13, 0xEE13, 0xEE13, 0xEE13, 0xEE13, 0xEE13, 
0xEE13, 0xEE13, 0xEE13, 0xEE13, 0xEE13, 0xEE13, 0xEE13, 0xEE13, 0xEE13, 0xEE13, 0xEE13, 0xEE13, 
0xEE13, 0xEE13, 0xEE13, 0xEE13, 0xEE13, 0xEE13, 0xEE13, 0xEE13, 0xEE13, 0xEE13, 0xEE13, 0xEE13, 
0xEE13, 0xEE13, 0xEE13, 0xEE13, 0xEE13, 0xEE13, 0xEE13, 0xEE13, 0xEE13, 0xEE13, 0xEE13, 0xEE13, 
0xEE13, 0xEE13, 0xEE13, 0xEE13, 0xEE13, 0xEE13, 0xEE13, 0xEE13, 0xEE13, 0xEE13, 0xEE13, 0xEE13, 
0xEE13, 0xEE13, 0xEE13, 0xEE13, 0xEE13, 0xEE13, 0xEE13, 0xEE13, 0xEE13, 0xEE13, 0xEE13, 0xEE13, 
0xEE13, 0xEE13, 0xEE13, 0xEE13, 0xEE13, 0xEE13, 0xEE13, 0xEE13, 0xEE13, 0xEE13, 0xEE13, 0xEE13, 
0xEE13, 0xEE13, 0xEE13, 0xEE13, 0xEE13, 0xEE13, 0xEE13, 0xEE13, 0xEE13, 0xEE13, 0xEE13, 0xEE13, 
0xEE13, 0xEE13, 0xEE13, 0xEE13, 0xEE13, 0xEE13, 0xEE13, 0xEE13, 0xEE13, 0xEE13, 0xEE13, 0xEE13, 
0xEE13, 0xEE13, 0xEE13, 0xEE13, 0xEE13, 0xEE13, 0xEE13, 0xEE13, 0xEE13, 0xEE13, 0xEE13, 0xEE13, 
0xEE13, 0xEE13, 0xEE13, 0xEE13, 0xEE13, 0xEE13, 0xEE13, 0xEE13, 0xEE13, 0xEE13, 0xEE13, 0xEE13, 
0xEE13, 0xEE13, 0xEE13, 0xEE13, 0xEE13, 0xEE13, 0xEE13, 0xEE13, 0xEE13, 0xEE13, 0xEE13, 0xEE13, 
0xEE13, 0xEE13, 0xEE13, 0xEE13, 0xEE13, 0xEE13, 0xEE13, 0xEE13, 0xEE13, 0xEE13, 0xEE13, 0xEE13, 
0xEE13, 0xEE13, 0xEE13, 0xEE13, 0xEE13, 0xEE13, 0xEE13, 0xEE13, 0xEE13, 0xEE13, 0xEE13, 0xEE13, 
0xEE13, 0xEE13, 0xEE13, 0xEE13, 0xEE13, 0xEE13, 0xEE13, 0xEE13, 0xEE13, 0xEE13, 0xEE13, 0xEE13, 
0xEE13, 0xEE13, 0xEE13, 0xEE13, 0xEE13, 0xEE13, 0xEE13, 0xEE13, 0xEE13, 0xEE13, 0xEE13, 0xEE13, 
0xEE13, 0xEE13, 0xEE13, 0xEE13, 0xEE13, 0xEE13, 0xEE13, 0xEE13, 0xEE13, 0xEE13, 0xEE13, 0xEE13, 
0xEE13, 0xEE13, 0xEE13, 0xEE13, 0xEE13, 0xEE13, 0xEE13, 0xEE13, 0xEE13, 0xEE13, 0xEE13, 0xEE13, 
0xEE13, 0xEE13, 0xEE13, 0xEE13, 0xEE13, 0xEE13, 0xEE13, 0xEE13, 0xEE13, 0xEE13, 0xEE13, 0xEE13, 
0xEE13, 0xEE13, 0xEE13, 0xEE13, 0xEE13, 0xEE13, 0xEE13, 0xEE13, 0xEE13, 0xEE13, 0xEE13, 0xEE13, 
0xEE13, 0xEE13, 0xEE13, 0xEE13, 0xEE13, 0xEE13, 0xEE13, 0xEE13, 0xEE13, 0xEE13, 0xEE13, 0xEE13, 
0xEE13, 0xEE13, 0xEE13, 0xEE13, 0xEE13, 0xEE13, 0xEE13, 0xEE13, 0xEE13, 0xEE13, 0xEE13, 0xEE13, 
0xEE13, 0xEE13, 0xEE13, 0xEE13, 0xEE13, 0xEE13, 0xEE13, 0xEE13, 0xEE13, 0xEE13, 0xEE13, 0xEE13, 
0xEE13, 0xEE13, 0xEE13, 0xEE13, 0xEE13, 0xEE13, 0xEE13, 0xEE13, 0xEE13, 0xEE13, 0xEE13, 0xEE13, 
0xEE13, 0xEE13, 0xEE13, 0xEE13, 0xEE13, 0xEE13, 0xEE13, 0xEE13, 0xEE13, 0xEE13, 0xEE13, 0xEE13, 
0xEE13, 0xEE13, 0xEE13, 0xEE13, 0xEE13, 0xEE13, 0xEE13, 0xEE13, 0xEE13, 0xEE13, 0xEE13, 0xEE13, 
0xEE13, 0xEE13, 0xEE13, 0xEE13, 0xEE13, 0xEE13, 0xEE13, 0xEE13, 0xEE13, 0xEE13, 0xEE13, 0xEE13, 
0xEE13, 0xEE13, 0xEE13, 0xEE13, 0xEE13, 0xEE13, 0xEE13, 0xEE13, 0xEE13, 0xEE13, 0xEE13, 0xEE13, 
0xEE13, 0xEE13, 0xEE13, 0xEE13, 0xEE13, 0xEE13, 0xEE13, 0xEE13, 0xEE13, 0xEE13, 0xEE13, 0xEE13, 
0xEE13, 0xEE13, 0xEE13, 0xEE13, 0xEE13, 0xEE13, 0xEE13, 0xEE13, 0xEE13, 0xEE13, 0xEE13, 0xEE13, 
0xEE13, 0xEE13, 0xEE13, 0xEE13, 0xEE13, 0xEE13, 0xEE13, 0xEE13, 0xEE13, 0xEE13, 0xEE13, 0xEE13, 
0xEE13, 0xEE13, 0xEE13, 0xEE13, 0xEE13, 0xEE13, 0xEE13, 0xEE13, 0xEE13, 0xEE13, 0xEE13, 0xEE13, 
0xEE13, 0xEE13, 0xEE13, 0xEE13, 0xEE13, 0xEE13, 0xEE13, 0xEE13, 0xEE13, 0xEE13, 0xEE13, 0xEE13, 
0xEE13, 0xEE13, 0xEE13, 0xEE13, 0xEE13, 0xEE13, 0xEE13, 0xEE13, 0xEE13, 0xEE13, 0xEE13, 0xEE13, 
0xEE13, 0xEE13, 0xEE13, 0xEE13, 0xEE13, 0xEE13, 0xEE13, 0xEE13, 0xEE13, 0xEE13, 0xEE13, 0xEE13, 
0xEE13, 0xEE13, 0xEE13, 0xEE13, 0xEE13, 0xEE13, 0xEE13, 0xEE13, 0xEE13, 0xEE13, 0xEE13, 0xEE13, 
0xEE13, 0xEE13, 0xEE13, 0xEE13, 0xEE13, 0xEE13, 0xEE13, 0xEE13, 0xEE13, 0xEE13, 0xEE13, 0xEE13, 
0xEE13, 0xEE13, 0xEE13, 0xEE13, 0xEE13, 0xEE13, 0xEE13, 0xEE13, 0xEE13, 0xEE13, 0xEE13, 0xEE13, 
0xEE13, 0xEE13, 0xEE13, 0xEE13, 0xEE13, 0xEE13, 0xEE13, 0xEE13, 0xEE13, 0xEE13, 0xEE13, 0xEE13, 
0xEE13, 0xEE13, 0xEE13, 0xEE13, 0xEE13, 0xEE13, 0xEE13, 0xEE13, 0xEE13, 0xEE13, 0xEE13, 0xEE13, 
0xEE13, 0xEE13, 0xEE13, 0xEE13, 0xEE13, 0xEE13, 0xEE13, 0xEE13, 0xEE13, 0xEE13, 0xEE13, 0xEE13, 
0xEE13, 0xEE13, 0xEE13, 0xEE13, 0xEE13, 0xEE13, 0xEE13, 0xEE13, 0xEE13, 0xEE13, 0xEE13, 0xEE13, 
0xEE13, 0xEE13, 0xEE13, 0xEE13, 0xEE13, 0xEE13, 0xEE13, 0xEE13, 0xEE13, 0xEE13, 0xEE13, 0xEE13, 
0xEE13, 0xEE13, 0xEE13, 0xEE13, 0xEE13, 0xEE13, 0xEE13, 0xEE13, 0xEE13, 0xEE13, 0xEE13, 0xEE13, 
0xEE13, 0xEE13, 0xEE13, 0xEE13, 0xEE13, 0xEE13, 0xEE13, 0xEE13, 0xEE13, 0xEE13, 0xEE13, 0xEE13, 
0xEE13, 0xEE13, 0xEE13, 0xEE13, 0xEE13, 0xEE13, 0xEE13, 0xEE13, 0xEE13, 0xEE13, 0xEE13, 0xEE13, 
0xEE13, 0xEE13, 0xEE13, 0xEE13, 0xEE13, 0xEE13, 0xEE13, 0xEE13, 0xEE13, 0xEE13, 0xEE13, 0xEE13, 
0xEE13, 0xEE13, 0xEE13, 0xEE13, 0xEE13, 0xEE13, 0xEE13, 0xEE13, 0xEE13, 0xEE13, 0xEE13, 0xEE13, 
0xEE13, 0xEE13, 0xEE13, 0xEE13, 0xEE13, 0xEE13, 0xEE13, 0xEE13, 0xEE13, 0xEE13, 0xEE13, 0xEE13, 
0xEE13, 0xEE13, 0xEE13, 0xEE13, 0xEE13, 0xEE13, 0xEE13, 0xEE13, 0xEE13, 0xEE13, 0xEE13, 0xEE13, 
0xEE13, 0xEE13, 0xEE13, 0xEE13, 0xEE13, 0xEE13, 0xEE13, 0xEE13, 0xEE13, 0xEE13, 0xEE13, 0xEE13, 
0xEE13, 0xEE13, 0xEE13, 0xEE13, 0xEE13, 0xEE13, 0xEE13, 0xEE13, 0xEE13, 0xEE13, 0xEE13, 0xEE13, 
0xEE13, 0xEE13, 0xEE13, 0xEE13, 0xEE13, 0xEE13, 0xEE13, 0xEE13, 0xEE13, 0xEE13, 0xEE13, 0xEE13, 
0xEE13, 0xEE13, 0xEE13, 0xEE13, 0xEE13, 0xEE13, 0xEE13, 0xEE13, 0xEE13, 0xEE13, 0xEE13, 0xEE13, 
0xEE13, 0xEE13, 0xEE13, 0xEE13, 0xEE13, 0xEE13, 0xEE13, 0xEE13, 0xEE13, 0xEE13, 0xEE13, 0xEE13, 
0xEE13, 0xEE13, 0xEE13, 0xEE13, 0xEE13, 0xEE13, 0xEE13, 0xEE13, 0xEE13, 0xEE13, 0xEE13, 0xEE13, 
0xEE13, 0xEE13, 0xEE13, 0xEE13, 0xEE13, 0xEE13, 0xEE13, 0xEE13, 0xEE13, 0xEE13, 0xEE13, 0xEE13, 
0xEE13, 0xEE13, 0xEE13, 0xEE13, 0xEE13, 0xEE13, 0xEE13, 0xEE13, 0xEE13, 0xEE13, 0xEE13, 0xEE13, 
0xEE13, 0xEE13, 0xEE13, 0xEE13, 0xEE13, 0xEE13, 0xEE13, 0xEE13, 0xEE13, 0xEE13, 0xEE13, 0xEE13, 
0xEE13, 0xEE13, 0xEE13, 0xEE13, 0xEE13, 0xEE13, 0xEE13, 0xEE13, 0xEE13, 0xEE13, 0xEE13, 0xEE13, 
0xEE13, 0xEE13, 0xEE13, 0xEE13, 0xEE13, 0xEE13, 0xEE13, 0xEE13, 0xEE13, 0xEE13, 0xEE13, 0xEE13, 
0xEE13, 0xEE13, 0xEE13, 0xEE13, 0xEE13, 0xEE13, 0xEE13, 0xEE13, 0xEE13, 0xEE13, 0xEE13, 0xEE13, 
0xEE13, 0xEE13, 0xEE13, 0xEE13, 0xEE13, 0xEE13, 0xEE13, 0xEE13, 0xEE13, 0xEE13, 0xEE13, 0xEE13, 
0xEE13, 0xEE13, 0xEE13, 0xEE13, 0xEE13, 0xEE13, 0xEE13, 0xEE13, 0xEE13, 0xEE13, 0xEE13, 0xEE13, 
0xEE13, 0xEE13, 0xEE13, 0xEE13, 0xEE13, 0xEE13, 0xEE13, 0xEE13, 0xEE13, 0xEE13, 0xEE13, 0xEE13, 
0xEE13, 0xEE13, 0xEE13, 0xEE13, 0xEE13, 0xEE13, 0xEE13, 0xEE13, 0xEE13, 0xEE13, 0xEE13, 0xEE13, 
0xEE13, 0xEE13, 0xEE13, 0xEE13, 0xEE13, 0xEE13, 0xEE13, 0xEE13, 0xEE13, 0xEE13, 0xEE13, 0xEE13, 
0xEE13, 0xEE13, 0xEE13, 0xEE13, 0xEE13, 0xEE13, 0xEE13, 0xEE13, 0xEE13, 0xEE13, 0xEE13, 0xEE13, 
0xEE13, 0xEE13, 0xEE13, 0xEE13, 0xEE13, 0xEE13, 0xEE13, 0xEE13, 0xEE13, 0xEE13, 0xEE13, 0xEE13, 
0xEE13, 0xEE13, 0xEE13, 0xEE13, 0xEE13, 0xEE13, 0xEE13, 0xEE13, 0xEE13, 0xEE13, 0xEE13, 0xEE13, 
0xEE13, 0xEE13, 0xEE13, 0xEE13, 0xEE13, 0xEE13, 0xEE13, 0xEE13, 0xEE13, 0xEE13, 0xEE13, 0xEE13, 
0xEE13, 0xEE13, 0xEE13, 0xEE13, 0xEE13, 0xEE13, 0xEE13, 0xEE13, 0xEE13, 0xEE13, 0xEE13, 0xEE13, 
0xEE13, 0xEE13, 0xEE13, 0xEE13, 0xEE13, 0xEE13, 0xEE13, 0xEE13, 0xEE13, 0xEE13, 0xEE13, 0xEE13, 
0xEE13, 0xEE13, 0xEE13, 0xEE13, 0xEE13, 0xEE13, 0xEE13, 0xEE13, 0xEE13, 0xEE13, 0xEE13, 0xEE13, 
0xEE13, 0xEE13, 0xEE13, 0xEE13, 0xEE13, 0xEE13, 0xEE13, 0xEE13, 0xEE13, 0xEE13, 0xEE13, 0xEE13, 
0xEE13, 0xEE13, 0xEE13, 0xEE13, 0xEE13, 0xEE13, 0xEE13, 0xEE13, 0xEE13, 0xEE13, 0xEE13, 0xEE13, 
0xEE13, 0xEE13, 0xEE13, 0xEE13, 0xEE13, 0xEE13, 0xEE13, 0xEE13, 0xEE13, 0xEE13, 0xEE13, 0xEE13, 
0xEE13, 0xEE13, 0xEE13, 0xEE13, 0xEE13, 0xEE13, 0xEE13, 0xEE13, 0xEE13, 0xEE13, 0xEE13, 0xEE13, 
0xEE13, 0xEE13, 0xEE13, 0xEE13, 0xEE13, 0xEE13, 0xEE13, 0xEE13, 0xEE13, 0xEE13, 0xEE13, 0xEE13, 
0xEE13, 0xEE13, 0xEE13, 0xEE13, 0xEE13, 0xEE13, 0xEE13, 0xEE13, 0xEE13, 0xEE13, 0xEE13, 0xEE13, 
0xEE13, 0xEE13, 0xEE13, 0xEE13, 0xEE13, 0xEE13, 0xEE13, 0xEE13, 0xEE13, 0xEE13, 0xEE13, 0xEE13, 
0xEE13, 0xEE13, 0xEE13, 0xEE13, 0xEE13, 0xEE13, 0xEE13, 0xEE13, 0xEE13, 0xEE13, 0xEE13, 0xEE13, 
0xEE13, 0xEE13, 0xEE13, 0xEE13, 0xEE13, 0xEE13, 0xEE13, 0xEE13, 0xEE13, 0xEE13, 0xEE13, 0xEE13, 
0xEE13, 0xEE13, 0xEE13, 0xEE13, 0xEE13, 0xEE13, 0xEE13, 0xEE13, 0xEE13, 0xEE13, 0xEE13, 0xEE13, 
0xEE13, 0xEE13, 0xEE13, 0xEE13, 0xEE13, 0xEE13, 0xEE13, 0xEE13, 0xEE13, 0xEE13, 0xEE13, 0xEE13, 
0xEE13, 0xEE13, 0xEE13, 0xEE13, 0xEE13, 0xEE13, 0xEE13, 0xEE13, 0xEE13, 0xEE13, 0xEE13, 0xEE13, 
0xEE13, 0xEE13, 0xEE13, 0xEE13, 0xEE13, 0xEE13, 0xEE13, 0xEE13, 0xEE13, 0xEE13, 0xEE13, 0xEE13, 
0xEE13, 0xEE13, 0xEE13, 0xEE13, 0xEE13, 0xEE13, 0xEE13, 0xEE13, 0xEE13, 0xEE13, 0xEE13, 0xEE13, 
0xEE13, 0xEE13, 0xEE13, 0xEE13, 0xEE13, 0xEE13, 0xEE13, 0xEE13, 0xEE13, 0xEE13, 0xEE13, 0xEE13, 
0xEE13, 0xEE13, 0xEE13, 0xEE13, 0xEE13, 0xEE13, 0xEE13, 0xEE13, 0xEE13, 0xEE13, 0xEE13, 0xEE13, 
0xEE13, 0xEE13, 0xEE13, 0xEE13, 0xEE13, 0xEE13, 0xEE13, 0xEE13, 0xEE13, 0xEE13, 0xEE13, 0xEE13, 
0xEE13, 0xEE13, 0xEE13, 0xEE13, 0xEE13, 0xEE13, 0xEE13, 0xEE13, 0xEE13, 0xEE13, 0xEE13, 0xEE13, 
0xEE13, 0xEE13, 0xEE13, 0xEE13, 0xEE13, 0xEE13, 0xEE13, 0xEE13, 0xEE13, 0xEE13, 0xEE13, 0xEE13, 
0xEE13, 0xEE13, 0xEE13, 0xEE13, 0xEE13, 0xEE13, 0xEE13, 0xEE13, 0xEE13, 0xEE13, 0xEE13, 0xEE13, 
0xEE13, 0xEE13, 0xEE13, 0xEE13, 0xEE13, 0xEE13, 0xEE13, 0xEE13, 0xEE13, 0xEE13, 0xEE13, 0xEE13, 
0xEE13, 0xEE13, 0xEE13, 0xEE13, 0xEE13, 0xEE13, 0xEE13, 0xEE13, 0xEE13, 0xEE13, 0xEE13, 0xEE13, 
0xEE13, 0xEE13, 0xEE13, 0xEE13, 0xEE13, 0xEE13, 0xEE13, 0xEE13, 0xEE13, 0xEE13, 0xEE13, 0xEE13, 
0xEE13, 0xEE13, 0xEE13, 0xEE13, 0xEE13, 0xEE13, 0xEE13, 0xEE13, 0xEE13, 0xEE13, 0xEE13, 0xEE13, 
0xEE13, 0xEE13, 0xEE13, 0xEE13, 0xEE13, 0xEE13, 0xEE13, 0xEE13, 0xEE13, 0xEE13, 0xEE13, 0xEE13, 
0xEE13, 0xEE13, 0xEE13, 0xEE13, 0xEE13, 0xEE13, 0xEE13, 0xEE13, 0xEE13, 0xEE13, 0xEE13, 0xEE13, 
0xEE13, 0xEE13, 0xEE13, 0xEE13, 0xEE13, 0xEE13, 0xEE13, 0xEE13, 0xEE13, 0xEE13, 0xEE13, 0xEE13, 
0xEE13, 0xEE13, 0xEE13, 0xEE13, 0xEE13, 0xEE13, 0xEE13, 0xEE13, 0xEE13, 0xEE13, 0xEE13, 0xEE13, 
0xEE13, 0xEE13, 0xEE13, 0xEE13, 0xEE13, 0xEE13, 0xEE13, 0xEE13, 0xEE13, 0xEE13, 0xEE13, 0xEE13, 
0xEE13, 0xEE13, 0xEE13, 0xEE13, 0xEE13, 0xEE13, 0xEE13, 0xEE13, 0xEE13, 0xEE13, 0xEE13, 0xEE13, 
0xEE13, 0xEE13, 0xEE13, 0xEE13, 0xEE13, 0xEE13, 0xEE13, 0xEE13, 0xEE13, 0xEE13, 0xEE13, 0xEE13, 
0xEE13, 0xEE13, 0xEE13, 0xEE13, 0xEE13, 0xEE13, 0xEE13, 0xEE13, 0xEE13, 0xEE13, 0xEE13, 0xEE13, 
0xEE13, 0xEE13, 0xEE13, 0xEE13, 0xEE13, 0xEE13, 0xEE13, 0xEE13, 0xEE13, 0xEE13, 0xEE13, 0xEE13, 
0xEE13, 0xEE13, 0xEE13, 0xEE13, 0xEE13, 0xEE13, 0xEE13, 0xEE13, 0xEE13, 0xEE13, 0xEE13, 0xEE13, 
0xEE13, 0xEE13, 0xEE13, 0xEE13, 0xEE13, 0xEE13, 0xEE13, 0xEE13, 0xEE13, 0xEE13, 0xEE13, 0xEE13, 
0xEE13, 0xEE13, 0xEE13, 0xEE13, 0xEE13, 0xEE13, 0xEE13, 0xEE13, 0xEE13, 0xEE13, 0xEE13, 0xEE13, 
0xEE13, 0xEE13, 0xEE13, 0xEE13, 0xEE13, 0xEE13, 0xEE13, 0xEE13, 0xEE13, 0xEE13, 0xEE13, 0xEE13, 
0xEE13, 0xEE13, 0xEE13, 0xEE13, 0xEE13, 0xEE13, 0xEE13, 0xEE13, 0xEE13, 0xEE13, 0xEE13, 0xEE13, 
0xEE13, 0xEE13, 0xEE13, 0xEE13, 0xEE13, 0xEE13, 0xEE13, 0xEE13, 0xEE13, 0xEE13, 0xEE13, 0xEE13, 
0xEE13, 0xEE13, 0xEE13, 0xEE13, 0xEE13, 0xEE13, 0xEE13, 0xEE13, 0xEE13, 0xEE13, 0xEE13, 0xEE13, 
0xEE13, 0xEE13, 0xEE13, 0xEE13, 0xEE13, 0xEE13, 0xEE13, 0xEE13, 0xEE13, 0xEE13, 0xEE13, 0xEE13, 
0xEE13, 0xEE13, 0xEE13, 0xEE13, 0xEE13, 0xEE13, 0xEE13, 0xEE13, 0xEE13, 0xEE13, 0xEE13, 0xEE13, 
0xEE13, 0xEE13, 0xEE13, 0xEE13, 0xEE13, 0xEE13, 0xEE13, 0xEE13, 0xEE13, 0xEE13, 0xEE13, 0xEE13, 
0xEE13, 0xEE13, 0xEE13, 0xEE13, 0xEE13, 0xEE13, 0xEE13, 0xEE13, 0xEE13, 0xEE13, 0xEE13, 0xEE13, 
0xEE13, 0xEE13, 0xEE13, 0xEE13, 0xEE13, 0xEE13, 0xEE13, 0xEE13, 0xEE13, 0xEE13, 0xEE13, 0xEE13, 
0xEE13, 0xEE13, 0xEE13, 0xEE13, 0xEE13, 0xEE13, 0xEE13, 0xEE13, 0xEE13, 0xEE13, 0xEE13, 0xEE13, 
0xEE13, 0xEE13, 0xEE13, 0xEE13, 0xEE13, 0xEE13, 0xEE13, 0xEE13, 0xEE13, 0xEE13, 0xEE13, 0xEE13, 
0xEE13, 0xEE13, 0xEE13, 0xEE13, 0xEE13, 0xEE13, 0xEE13, 0xEE13, 0xEE13, 0xEE13, 0xEE13, 0xEE13, 
0xEE13, 0xEE13, 0xEE13, 0xEE13, 0xEE13, 0xEE13, 0xEE13, 0xEE13, 0xEE13, 0xEE13, 0xEE13, 0xEE13, 
0xEE13, 0xEE13, 0xEE13, 0xEE13, 0xEE13, 0xEE13, 0xEE13, 0xEE13, 0xEE13, 0xEE13, 0xEE13, 0xEE13, 
0xEE13, 0xEE13, 0xEE13, 0xEE13, 0xEE13, 0xEE13, 0xEE13, 0xEE13, 0xEE13, 0xEE13, 0xEE13, 0xEE13, 
0xEE13, 0xEE13, 0xEE13, 0xEE13, 0xEE13, 0xEE13, 0xEE13, 0xEE13, 0xEE13, 0xEE13, 0xEE13, 0xEE13, 
0xEE13, 0xEE13, 0xEE13, 0xEE13, 0xEE13, 0xEE13, 0xEE13, 0xEE13, 0xEE13, 0xEE13, 0xEE13, 0xEE13, 
0xEE13, 0xEE13, 0xEE13, 0xEE13, 0xEE13, 0xEE13, 0xEE13, 0xEE13, 0xEE13, 0xEE13, 0xEE13, 0xEE13, 
0xEE13, 0xEE13, 0xEE13, 0xEE13, 0xEE13, 0xEE13, 0xEE13, 0xEE13, 0xEE13, 0xEE13, 0xEE13, 0xEE13, 
0xEE13, 0xEE13, 0xEE13, 0xEE13, 0xEE13, 0xEE13, 0xEE13, 0xEE13, 0xEE13, 0xEE13, 0xEE13, 0xEE13, 
0xEE13, 0xEE13, 0xEE13, 0xEE13, 0xEE13, 0xEE13, 0xEE13, 0xEE13, 0xEE13, 0xEE13, 0xEE13, 0xEE13, 
0xEE13, 0xEE13, 0xEE13, 0xEE13, 0xEE13, 0xEE13, 0xEE13, 0xEE13, 0xEE13, 0xEE13, 0xEE13, 0xEE13, 
0xEE13, 0xEE13, 0xEE13, 0xEE13, 0xEE13, 0xEE13, 0xEE13, 0xEE13, 0xEE13, 0xEE13, 0xEE13, 0xEE13, 
0xEE13, 0xEE13, 0xEE13, 0xEE13, 0xEE13, 0xEE13, 0xEE13, 0xEE13, 0xEE13, 0xEE13, 0xEE13, 0xEE13, 
0xEE13, 0xEE13, 0xEE13, 0xEE13, 0xEE13, 0xEE13, 0xEE13, 0xEE13, 0xEE13, 0xEE13, 0xEE13, 0xEE13, 
0xEE13, 0xEE13, 0xEE13, 0xEE13, 0xEE13, 0xEE13, 0xEE13, 0xEE13, 0xEE13, 0xEE13, 0xEE13, 0xEE13, 
0xEE13, 0xEE13, 0xEE13, 0xEE13, 0xEE13, 0xEE13, 0xEE13, 0xEE13, 0xEE13, 0xEE13, 0xEE13, 0xEE13, 
0xEE13, 0xEE13, 0xEE13, 0xEE13, 0xEE13, 0xEE13, 0xEE13, 0xEE13, 0xEE13, 0xEE13, 0xEE13, 0xEE13, 
0xEE13, 0xEE13, 0xEE13, 0xEE13, 0xEE13, 0xEE13, 0xEE13, 0xEE13, 0xEE13, 0xEE13, 0xEE13, 0xEE13, 
0xEE13, 0xEE13, 0xEE13, 0xEE13, 0xEE13, 0xEE13, 0xEE13, 0xEE13, 0xEE13, 0xEE13, 0xEE13, 0xEE13, 
0xEE13, 0xEE13, 0xEE13, 0xEE13, 0xEE13, 0xEE13, 0xEE13, 0xEE13, 0xEE13, 0xEE13, 0xEE13, 0xEE13, 
0xEE13, 0xEE13, 0xEE13, 0xEE13, 0xEE13, 0xEE13, 0xEE13, 0xEE13, 0xEE13, 0xEE13, 0xEE13, 0xEE13, 
0xEE13, 0xEE13, 0xEE13, 0xEE13, 0xEE13, 0xEE13, 0xEE13, 0xEE13, 0xEE13, 0xEE13, 0xEE13, 0xEE13, 
0xEE13, 0xEE13, 0xEE13, 0xEE13, 0xEE13, 0xEE13, 0xEE13, 0xEE13, 0xEE13, 0xEE13, 0xEE13, 0xEE13, 
0xEE13, 0xEE13, 0xEE13, 0xEE13, 0xEE13, 0xEE13, 0xEE13, 0xEE13, 0xEE13, 0xEE13, 0xEE13, 0xEE13, 
0xEE13, 0xEE13, 0xEE13, 0xEE13, 0xEE13, 0xEE13, 0xEE13, 0xEE13, 0xEE13, 0xEE13, 0xEE13, 0xEE13, 
0xEE13, 0xEE13, 0xEE13, 0xEE13, 0xEE13, 0xEE13, 0xEE13, 0xEE13, 0xEE13, 0xEE13, 0xEE13, 0xEE13, 
0xEE13, 0xEE13, 0xEE13, 0xEE13, 0xEE13, 0xEE13, 0xEE13, 0xEE13, 0xEE13, 0xEE13, 0xEE13, 0xEE13, 
0xEE13, 0xEE13, 0xEE13, 0xEE13, 0xEE13, 0xEE13, 0xEE13, 0xEE13, 0xEE13, 0xEE13, 0xEE13, 0xEE13, 
0xEE13, 0xEE13, 0xEE13, 0xEE13, 0xEE13, 0xEE13, 0xEE13, 0xEE13, 0xEE13, 0xEE13, 0xEE13, 0xEE13, 
0xEE13, 0xEE13, 0xEE13, 0xEE13, 0xEE13, 0xEE13, 0xEE13, 0xEE13, 0xEE13, 0xEE13, 0xEE13, 0xEE13, 
0xEE13, 0xEE13, 0xEE13, 0xEE13, 0xEE13, 0xEE13, 0xEE13, 0xEE13, 0xEE13, 0xEE13, 0xEE13, 0xEE13, 
0xEE13, 0xEE13, 0xEE13, 0xEE13, 0xEE13, 0xEE13, 0xEE13, 0xEE13, 0xEE13, 0xEE13, 0xEE13, 0xEE13, 
0xEE13, 0xEE13, 0xEE13, 0xEE13, 0xEE13, 0xEE13, 0xEE13, 0xEE13, 0xEE13, 0xEE13, 0xEE13, 0xEE13, 
0xEE13, 0xEE13, 0xEE13, 0xEE13, 0xEE13, 0xEE13, 0xEE13, 0xEE13, 0xEE13, 0xEE13, 0xEE13, 0xEE13, 
0xEE13, 0xEE13, 0xEE13, 0xEE13, 0xEE13, 0xEE13, 0xEE13, 0xEE13, 0xEE13, 0xEE13, 0xEE13, 0xEE13, 
0xEE13, 0xEE13, 0xEE13, 0xEE13, 0xEE13, 0xEE13, 0xEE13, 0xEE13, 0xEE13, 0xEE13, 0xEE13, 0xEE13, 
0xEE13, 0xEE13, 0xEE13, 0xEE13, 0xEE13, 0xEE13, 0xEE13, 0xEE13, 0xEE13, 0xEE13, 0xEE13, 0xEE13, 
0xEE13, 0xEE13, 0xEE13, 0xEE13, 0xEE13, 0xEE13, 0xEE13, 0xEE13, 0xEE13, 0xEE13, 0xEE13, 0xEE13, 
0xEE13, 0xEE13, 0xEE13, 0xEE13, 0xEE13, 0xEE13, 0xEE13, 0xEE13, 0xEE13, 0xEE13, 0xEE13, 0xEE13, 
0xEE13, 0xEE13, 0xEE13, 0xEE13, 0xEE13, 0xEE13, 0xEE13, 0xEE13, 0xEE13, 0xEE13, 0xEE13, 0xEE13, 
0xEE13, 0xEE13, 0xEE13, 0xEE13, 0xEE13, 0xEE13, 0xEE13, 0xEE13, 0xEE13, 0xEE13, 0xEE13, 0xEE13, 
0xEE13, 0xEE13, 0xEE13, 0xEE13, 0xEE13, 0xEE13, 0xEE13, 0xEE13, 0xEE13, 0xEE13, 0xEE13, 0xEE13, 
0xEE13, 0xEE13, 0xEE13, 0xEE13, 0xEE13, 0xEE13, 0xEE13, 0xEE13, 0xEE13, 0xEE13, 0xEE13, 0xEE13, 
0xEE13, 0xEE13, 0xEE13, 0xEE13, 0xEE13, 0xEE13, 0xEE13, 0xEE13, 0xEE13, 0xEE13, 0xEE13, 0xEE13, 
0xEE13, 0xEE13, 0xEE13, 0xEE13, 0xEE13, 0xEE13, 0xEE13, 0xEE13, 0xEE13, 0xEE13, 0xEE13, 0xEE13, 
0xEE13, 0xEE13, 0xEE13, 0xEE13, 0xEE13, 0xEE13, 0xEE13, 0xEE13, 0xEE13, 0xEE13, 0xEE13, 0xEE13, 
0xEE13, 0xEE13, 0xEE13, 0xEE13, 0xEE13, 0xEE13, 0xEE13, 0xEE13, 0xEE13, 0xEE13, 0xEE13, 0xEE13, 
0xEE13, 0xEE13, 0xEE13, 0xEE13, 0xEE13, 0xEE13, 0xEE13, 0xEE13, 0xEE13, 0xEE13, 0xEE13, 0xEE13, 
0xEE13, 0xEE13, 0xEE13, 0xEE13, 0xEE13, 0xEE13, 0xEE13, 0xEE13, 0xEE13, 0xEE13, 0xEE13, 0xEE13, 
0xEE13, 0xEE13, 0xEE13, 0xEE13, 0xEE13, 0xEE13, 0xEE13, 0xEE13, 0xEE13, 0xEE13, 0xEE13, 0xEE13, 
0xEE13, 0xEE13, 0xEE13, 0xEE13, 0xEE13, 0xEE13, 0xEE13, 0xEE13, 0xEE13, 0xEE13, 0xEE13, 0xEE13, 
0xEE13, 0xEE13, 0xEE13, 0xEE13, 0xEE13, 0xEE13, 0xEE13, 0xEE13, 0xEE13, 0xEE13, 0xEE13, 0xEE13, 
0xEE13, 0xEE13, 0xEE13, 0xEE13, 0xEE13, 0xEE13, 0xEE13, 0xEE13, 0xEE13, 0xEE13, 0xEE13, 0xEE13, 
0xEE13, 0xEE13, 0xEE13, 0xEE13, 0xEE13, 0xEE13, 0xEE13, 0xEE13, 0xEE13, 0xEE13, 0xEE13, 0xEE13, 
0xEE13, 0xEE13, 0xEE13, 0xEE13, 0xEE13, 0xEE13, 0xEE13, 0xEE13, 0xEE13, 0xEE13, 0xEE13, 0xEE13, 
0xEE13, 0xEE13, 0xEE13, 0xEE13, 0xEE13, 0xEE13, 0xEE13, 0xEE13, 0xEE13, 0xEE13, 0xEE13, 0xEE13, 
0xEE13, 0xEE13, 0xEE13, 0xEE13, 0xEE13, 0xEE13, 0xEE13, 0xEE13, 0xEE13, 0xEE13, 0xEE13, 0xEE13, 
0xEE13, 0xEE13, 0xEE13, 0xEE13, 0xEE13, 0xEE13, 0xEE13, 0xEE13, 0xEE13, 0xEE13, 0xEE13, 0xEE13, 
0xEE13, 0xEE13, 0xEE13, 0xEE13, 0xEE13, 0xEE13, 0xEE13, 0xEE13, 0xEE13, 0xEE13, 0xEE13, 0xEE13, 
0xEE13, 0xEE13, 0xEE13, 0xEE13, 0xEE13, 0xEE13, 0xEE13, 0xEE13, 0xEE13, 0xEE13, 0xEE13, 0xEE13, 
0xEE13, 0xEE13, 0xEE13, 0xEE13, 0xEE13, 0xEE13, 0xEE13, 0xEE13, 0xEE13, 0xEE13, 0xEE13, 0xEE13, 
0xEE13, 0xEE13, 0xEE13, 0xEE13, 0xEE13, 0xEE13, 0xEE13, 0xEE13, 0xEE13, 0xEE13, 0xEE13, 0xEE13, 
0xEE13, 0xEE13, 0xEE13, 0xEE13, 0xEE13, 0xEE13, 0xEE13, 0xEE13, 0xEE13, 0xEE13, 0xEE13, 0xEE13, 
0xEE13, 0xEE13, 0xEE13, 0xEE13, 0xEE13, 0xEE13, 0xEE13, 0xEE13, 0xEE13, 0xEE13, 0xEE13, 0xEE13, 
0xEE13, 0xEE13, 0xEE13, 0xEE13, 0xEE13, 0xEE13, 0xEE13, 0xEE13, 0xEE13, 0xEE13, 0xEE13, 0xEE13, 
0xEE13, 0xEE13, 0xEE13, 0xEE13, 0xEE13, 0xEE13, 0xEE13, 0xEE13, 0xEE13, 0xEE13, 0xEE13, 0xEE13, 
0xEE13, 0xEE13, 0xEE13, 0xEE13, 0xEE13, 0xEE13, 0xEE13, 0xEE13, 0xEE13, 0xEE13, 0xEE13, 0xEE13, 
0xEE13, 0xEE13, 0xEE13, 0xEE13, 0xEE13, 0xEE13, 0xEE13, 0xEE13, 0xEE13, 0xEE13, 0xEE13, 0xEE13, 
0xEE13, 0xEE13, 0xEE13, 0xEE13, 0xEE13, 0xEE13, 0xEE13, 0xEE13, 0xEE13, 0xEE13, 0xEE13, 0xEE13, 
0xEE13, 0xEE13, 0xEE13, 0xEE13, 0xEE13, 0xEE13, 0xEE13, 0xEE13, 0xEE13, 0xEE13, 0xEE13, 0xEE13, 
0xEE13, 0xEE13, 0xEE13, 0xEE13, 0xEE13, 0xEE13, 0xEE13, 0xEE13, 0xEE13, 0xEE13, 0xEE13, 0xEE13, 
0xEE13, 0xEE13, 0xEE13, 0xEE13, 0xEE13, 0xEE13, 0xEE13, 0xEE13, 0xEE13, 0xEE13, 0xEE13, 0xEE13, 
0xEE13, 0xEE13, 0xEE13, 0xEE13, 0xEE13, 0xEE13, 0xEE13, 0xEE13, 0xEE13, 0xEE13, 0xEE13, 0xEE13, 
0xEE13, 0xEE13, 0xEE13, 0xEE13, 0xEE13, 0xEE13, 0xEE13, 0xEE13, 0xEE13, 0xEE13, 0xEE13, 0xEE13, 
0xEE13, 0xEE13, 0xEE13, 0xEE13, 0xEE13, 0xEE13, 0xEE13, 0xEE13, 0xEE13, 0xEE13, 0xEE13, 0xEE13, 
0xEE13, 0xEE13, 0xEE13, 0xEE13, 0xEE13, 0xEE13, 0xEE13, 0xEE13, 0xEE13, 0xEE13, 0xEE13, 0xEE13, 
0xEE13, 0xEE13, 0xEE13, 0xEE13, 0xEE13, 0xEE13, 0xEE13, 0xEE13, 0xEE13, 0xEE13, 0xEE13, 0xEE13, 
0xEE13, 0xEE13, 0xEE13, 0xEE13, 0xEE13, 0xEE13, 0xEE13, 0xEE13, 0xEE13, 0xEE13, 0xEE13, 0xEE13, 
0xEE13, 0xEE13, 0xEE13, 0xEE13, 0xEE13, 0xEE13, 0xEE13, 0xEE13, 0xEE13, 0xEE13, 0xEE13, 0xEE13, 
0xEE13, 0xEE13, 0xEE13, 0xEE13, 0xEE13, 0xEE13, 0xEE13, 0xEE13, 0xEE13, 0xEE13, 0xEE13, 0xEE13, 
0xEE13, 0xEE13, 0xEE13, 0xEE13, 0xEE13, 0xEE13, 0xEE13, 0xEE13, 0xEE13, 0xEE13, 0xEE13, 0xEE13, 
0xEE13, 0xEE13, 0xEE13, 0xEE13, 0xEE13, 0xEE13, 0xEE13, 0xEE13, 0xEE13, 0xEE13, 0xEE13, 0xEE13, 
0xEE13, 0xEE13, 0xEE13, 0xEE13, 0xEE13, 0xEE13, 0xEE13, 0xEE13, 0xEE13, 0xEE13, 0xEE13, 0xEE13, 
0xEE13, 0xEE13, 0xEE13, 0xEE13, 0xEE13, 0xEE13, 0xEE13, 0xEE13, 0xEE13, 0xEE13, 0xEE13, 0xEE13, 
0xEE13, 0xEE13, 0xEE13, 0xEE13, 0xEE13, 0xEE13, 0xEE13, 0xEE13, 0xEE13, 0xEE13, 0xEE13, 0xEE13, 
0xEE13, 0xEE13, 0xEE13, 0xEE13, 0xEE13, 0xEE13, 0xEE13, 0xEE13, 0xEE13, 0xEE13, 0xEE13, 0xEE13, 
0xEE13, 0xEE13, 0xEE13, 0xEE13, 0xEE13, 0xEE13, 0xEE13, 0xEE13, 0xEE13, 0xEE13, 0xEE13, 0xEE13, 
0xEE13, 0xEE13, 0xEE13, 0xEE13, 0xEE13, 0xEE13, 0xEE13, 0xEE13, 0xEE13, 0xEE13, 0xEE13, 0xEE13, 
0xEE13, 0xEE13, 0xEE13, 0xEE13, 0xEE13, 0xEE13, 0xEE13, 0xEE13, 0xEE13, 0xEE13, 0xEE13, 0xEE13, 
0xEE13, 0xEE13, 0xEE13, 0xEE13, 0xEE13, 0xEE13, 0xEE13, 0xEE13, 0xEE13, 0xEE13, 0xEE13, 0xEE13, 
0xEE13, 0xEE13, 0xEE13, 0xEE13, 0xEE13, 0xEE13, 0xEE13, 0xEE13, 0xEE13, 0xEE13, 0xEE13, 0xEE13, 
0xEE13, 0xEE13, 0xEE13, 0xEE13, 0xEE13, 0xEE13, 0xEE13, 0xEE13, 0xEE13, 0xEE13, 0xEE13, 0xEE13, 
0xEE13, 0xEE13, 0xEE13, 0xEE13, 0xEE13, 0xEE13, 0xEE13, 0xEE13, 0xEE13, 0xEE13, 0xEE13, 0xEE13, 
0xEE13, 0xEE13, 0xEE13, 0xEE13, 0xEE13, 0xEE13, 0xEE13, 0xEE13, 0xEE13, 0xEE13, 0xEE13, 0xEE13, 
0xEE13, 0xEE13, 0xEE13, 0xEE13, 0xEE13, 0xEE13, 0xEE13, 0xEE13, 0xEE13, 0xEE13, 0xEE13, 0xEE13, 
0xEE13, 0xEE13, 0xEE13, 0xEE13, 0xEE13, 0xEE13, 0xEE13, 0xEE13, 0xEE13, 0xEE13, 0xEE13, 0xEE13, 
0xEE13, 0xEE13, 0xEE13, 0xEE13, 0xEE13, 0xEE13, 0xEE13, 0xEE13, 0xEE13, 0xEE13, 0xEE13, 0xEE13, 
0xEE13, 0xEE13, 0xEE13, 0xEE13, 0xEE13, 0xEE13, 0xEE13, 0xEE13, 0xEE13, 0xEE13, 0xEE13, 0xEE13, 
0xEE13, 0xEE13, 0xEE13, 0xEE13, 0xEE13, 0xEE13, 0xEE13, 0xEE13, 0xEE13, 0xEE13, 0xEE13, 0xEE13, 
0xEE13, 0xEE13, 0xEE13, 0xEE13, 0xEE13, 0xEE13, 0xEE13, 0xEE13, 0xEE13, 0xEE13, 0xEE13, 0xEE13, 
0xEE13, 0xEE13, 0xEE13, 0xEE13, 0xEE13, 0xEE13, 0xEE13, 0xEE13, 0xEE13, 0xEE13, 0xEE13, 0xEE13, 
0xEE13, 0xEE13, 0xEE13, 0xEE13, 0xEE13, 0xEE13, 0xEE13, 0xEE13, 0xEE13, 0xEE13, 0xEE13, 0xEE13, 
0xEE13, 0xEE13, 0xEE13, 0xEE13, 0xEE13, 0xEE13, 0xEE13, 0xEE13, 0xEE13, 0xEE13, 0xEE13, 0xEE13, 
0xEE13, 0xEE13, 0xEE13, 0xEE13, 0xEE13, 0xEE13, 0xEE13, 0xEE13, 0xEE13, 0xEE13, 0xEE13, 0xEE13, 
0xEE13, 0xEE13, 0xEE13, 0xEE13, 0xEE13, 0xEE13, 0xEE13, 0xEE13, 0xEE13, 0xEE13, 0xEE13, 0xEE13, 
0xEE13, 0xEE13, 0xEE13, 0xEE13, 0xEE13, 0xEE13, 0xEE13, 0xEE13, 0xEE13, 0xEE13, 0xEE13, 0xEE13, 
0xEE13, 0xEE13, 0xEE13, 0xEE13, 0xEE13, 0xEE13, 0xEE13, 0xEE13, 0xEE13, 0xEE13, 0xEE13, 0xEE13, 
0xEE13, 0xEE13, 0xEE13, 0xEE13, 0xEE13, 0xEE13, 0xEE13, 0xEE13, 0xEE13, 0xEE13, 0xEE13, 0xEE13, 
0xEE13, 0xEE13, 0xEE13, 0xEE13, 0xEE13, 0xEE13, 0xEE13, 0xEE13, 0xEE13, 0xEE13, 0xEE13, 0xEE13, 
0xEE13, 0xEE13, 0xEE13, 0xEE13, 0xEE13, 0xEE13, 0xEE13, 0xEE13, 0xEE13, 0xEE13, 0xEE13, 0xEE13, 
0xEE13, 0xEE13, 0xEE13, 0xEE13, 0xEE13, 0xEE13, 0xEE13, 0xEE13, 0xEE13, 0xEE13, 0xEE13, 0xEE13, 
0xEE13, 0xEE13, 0xEE13, 0xEE13, 0xEE13, 0xEE13, 0xEE13, 0xEE13, 0xEE13, 0xEE13, 0xEE13, 0xEE13, 
0xEE13, 0xEE13, 0xEE13, 0xEE13, 0xEE13, 0xEE13, 0xEE13, 0xEE13, 0xEE13, 0xEE13, 0xEE13, 0xEE13, 
0xEE13, 0xEE13, 0xEE13, 0xEE13, 0xEE13, 0xEE13, 0xEE13, 0xEE13, 0xEE13, 0xEE13, 0xEE13, 0xEE13, 
0xEE13, 0xEE13, 0xEE13, 0xEE13, 0xEE13, 0xEE13, 0xEE13, 0xEE13, 0xEE13, 0xEE13, 0xEE13, 0xEE13, 
0xEE13, 0xEE13, 0xEE13, 0xEE13, 0xEE13, 0xEE13, 0xEE13, 0xEE13, 0xEE13, 0xEE13, 0xEE13, 0xEE13, 
0xEE13, 0xEE13, 0xEE13, 0xEE13, 0xEE13, 0xEE13, 0xEE13, 0xEE13, 0xEE13, 0xEE13, 0xEE13, 0xEE13, 
0xEE13, 0xEE13, 0xEE13, 0xEE13, 0xEE13, 0xEE13, 0xEE13, 0xEE13, 0xEE13, 0xEE13, 0xEE13, 0xEE13, 
0xEE13, 0xEE13, 0xEE13, 0xEE13, 0xEE13, 0xEE13, 0xEE13, 0xEE13, 0xEE13, 0xEE13, 0xEE13, 0xEE13, 
0xEE13, 0xEE13, 0xEE13, 0xEE13, 0xEE13, 0xEE13, 0xEE13, 0xEE13, 0xEE13, 0xEE13, 0xEE13, 0xEE13, 
0xEE13, 0xEE13, 0xEE13, 0xEE13, 
};
