#include "assets.h"

const uint16_t eat_img_2[16384] = {
0x5DFF, 0x5DFF, 0x5DFF, 0x5DFF, 0x5DFF, 0x5DFF, 0x5DFF, 0x5DFF, 0x5DFF, 0x5DFF, 0x5DFF, 0x5DFF, 
0x5DFF, 0x5DFF, 0x5DFF, 0x5DFF, 0x5DFF, 0x5DFF, 0x5DFF, 0x5DFF, 0x5DFF, 0x5DFF, 0x5DFF, 0x5DFF, 
0x5DFF, 0x5DFF, 0x5DFF, 0x5DFF, 0x5DFF, 0x5DFF, 0x5DFF, 0x5DFF, 0x5DFF, 0x5DFF, 0x5DFF, 0x5DFF, 
0x5DFF, 0x5DFF, 0x5DFF, 0x5DFF, 0x5DFF, 0x5DFF, 0x5DFF, 0x5DFF, 0x5DFF, 0x5DFF, 0x5DFF, 0x5DFF, 
0x5DFF, 0x5DFF, 0x5DFF, 0x5DFF, 0x5DFF, 0x5DFF, 0x5DFF, 0x5DFF, 0x5DFF, 0x5DFF, 0x5DFF, 0x5DFF, 
0x5DFF, 0x5DFF, 0x5DFF, 0x5DFF, 0x5DFF, 0x5DFF, 0x5DFF, 0x5DFF, 0x5DFF, 0x5DFF, 0x5DFF, 0x5DFF, 
0x5DFF, 0x5DFF, 0x5DFF, 0x5DFF, 0x5DFF, 0x5DFF, 0x5DFF, 0x5DFF, 0x5DFF, 0x5DFF, 0x5DFF, 0x5DFF, 
0x5DFF, 0x5DFF, 0x5DFF, 0x5DFF, 0x5DFF, 0x5DFF, 0x5DFF, 0x5DFF, 0x5DFF, 0x5DFF, 0x5DFF, 0x5DFF, 
0x5DFF, 0x5DFF, 0x5DFF, 0x5DFF, 0x5DFF, 0x5DFF, 0x5DFF, 0x5DFF, 0x5DFF, 0x5DFF, 0x5DFF, 0x5DFF, 
0x5DFF, 0x5DFF, 0x5DFF, 0x5DFF, 0x5DFF, 0x5DFF, 0x5DFF, 0x5DFF, 0x5DFF, 0x5DFF, 0x5DFF, 0x5DFF, 
0x5DFF, 0x5DFF, 0x5DFF, 0x5DFF, 0x5DFF, 0x5DFF, 0x5DFF, 0x5DFF, 0x5DFF, 0x5DFF, 0x5DFF, 0x5DFF, 
0x5DFF, 0x5DFF, 0x5DFF, 0x5DFF, 0x5DFF, 0x5DFF, 0x5DFF, 0x5DFF, 0x5DFF, 0x5DFF, 0x5DFF, 0x5DFF, 
0x5DFF, 0x5DFF, 0x5DFF, 0x5DFF, 0x5DFF, 0x5DFF, 0x5DFF, 0x5DFF, 0x5DFF, 0x5DFF, 0x5DFF, 0x5DFF, 
0x5DFF, 0x5DFF, 0x5DFF, 0x5DFF, 0x5DFF, 0x5DFF, 0x5DFF, 0x5DFF, 0x5DFF, 0x5DFF, 0x5DFF, 0x5DFF, 
0x5DFF, 0x5DFF, 0x5DFF, 0x5DFF, 0x5DFF, 0x5DFF, 0x5DFF, 0x5DFF, 0x5DFF, 0x5DFF, 0x5DFF, 0x5DFF, 
0x5DFF, 0x5DFF, 0x5DFF, 0x5DFF, 0x5DFF, 0x5DFF, 0x5DFF, 0x5DFF, 0x5DFF, 0x5DFF, 0x5DFF, 0x5DFF, 
0x5DFF, 0x5DFF, 0x5DFF, 0x5DFF, 0x5DFF, 0x5DFF, 0x5DFF, 0x5DFF, 0x5DFF, 0x5DFF, 0x5DFF, 0x5DFF, 
0x5DFF, 0x5DFF, 0x5DFF, 0x5DFF, 0x5DFF, 0x5DFF, 0x5DFF, 0x5DFF, 0x5DFF, 0x5DFF, 0x5DFF, 0x5DFF, 
0x5DFF, 0x5DFF, 0x5DFF, 0x5DFF, 0x5DFF, 0x5DFF, 0x5DFF, 0x5DFF, 0x5DFF, 0x5DFF, 0x5DFF, 0x5DFF, 
0x5DFF, 0x5DFF, 0x5DFF, 0x5DFF, 0x5DFF, 0x5DFF, 0x5DFF, 0x5DFF, 0x5DFF, 0x5DFF, 0x5DFF, 0x5DFF, 
0x5DFF, 0x5DFF, 0x5DFF, 0x5DFF, 0x5DFF, 0x5DFF, 0x5DFF, 0x5DFF, 0x5DFF, 0x5DFF, 0x5DFF, 0x5DFF, 
0x5DFF, 0x5DFF, 0x5DFF, 0x5DFF, 0x5DFF, 0x5DFF, 0x5DFF, 0x5DFF, 0x5DFF, 0x5DFF, 0x5DFF, 0x5DFF, 
0x5DFF, 0x5DFF, 0x5DFF, 0x5DFF, 0x5DFF, 0x5DFF, 0x5DFF, 0x5DFF, 0x5DFF, 0x5DFF, 0x5DFF, 0x5DFF, 
0x5DFF, 0x5DFF, 0x5DFF, 0x5DFF, 0x5DFF, 0x5DFF, 0x5DFF, 0x5DFF, 0x5DFF, 0x5DFF, 0x5DFF, 0x5DFF, 
0x5DFF, 0x5DFF, 0x5DFF, 0x5DFF, 0x5DFF, 0x5DFF, 0x5DFF, 0x5DFF, 0x5DFF, 0x5DFF, 0x5DFF, 0x5DFF, 
0x5DFF, 0x5DFF, 0x5DFF, 0x5DFF, 0x5DFF, 0x5DFF, 0x5DFF, 0x5DFF, 0x5DFF, 0x5DFF, 0x5DFF, 0x5DFF, 
0x5DFF, 0x5DFF, 0x5DFF, 0x5DFF, 0x5DFF, 0x5DFF, 0x5DFF, 0x5DFF, 0x5DFF, 0x5DFF, 0x5DFF, 0x5DFF, 
0x5DFF, 0x5DFF, 0x5DFF, 0x5DFF, 0x5DFF, 0x5DFF, 0x5DFF, 0x5DFF, 0x5DFF, 0x5DFF, 0x5DFF, 0x5DFF, 
0x5DFF, 0x5DFF, 0x5DFF, 0x5DFF, 0x5DFF, 0x5DFF, 0x5DFF, 0x5DFF, 0x5DFF, 0x5DFF, 0x5DFF, 0x5DFF, 
0x5DFF, 0x5DFF, 0x5DFF, 0x5DFF, 0x5DFF, 0x5DFF, 0x5DFF, 0x5DFF, 0x5DFF, 0x5DFF, 0x5DFF, 0x5DFF, 
0x5DFF, 0x5DFF, 0x5DFF, 0x5DFF, 0x5DFF, 0x5DFF, 0x5DFF, 0x5DFF, 0x5DFF, 0x5DFF, 0x5DFF, 0x5DFF, 
0x5DFF, 0x5DFF, 0x5DFF, 0x5DFF, 0x5DFF, 0x5DFF, 0x5DFF, 0x5DFF, 0x5DFF, 0x5DFF, 0x5DFF, 0x5DFF, 
0x5DFF, 0x5DFF, 0x5DFF, 0x5DFF, 0x5DFF, 0x5DFF, 0x5DFF, 0x5DFF, 0x5DFF, 0x5DFF, 0x5DFF, 0x5DFF, 
0x5DFF, 0x5DFF, 0x5DFF, 0x5DFF, 0x5DFF, 0x5DFF, 0x5DFF, 0x5DFF, 0x5DFF, 0x5DFF, 0x5DFF, 0x5DFF, 
0x5DFF, 0x5DFF, 0x5DFF, 0x5DFF, 0x5DFF, 0x5DFF, 0x5DFF, 0x5DFF, 0x5DFF, 0x5DFF, 0x5DFF, 0x5DFF, 
0x5DFF, 0x5DFF, 0x5DFF, 0x5DFF, 0x5DFF, 0x5DFF, 0x5DFF, 0x5DFF, 0x5DFF, 0x5DFF, 0x5DFF, 0x5DFF, 
0x5DFF, 0x5DFF, 0x5DFF, 0x5DFF, 0x5DFF, 0x5DFF, 0x5DFF, 0x5DFF, 0x5DFF, 0x5DFF, 0x5DFF, 0x5DFF, 
0x5DFF, 0x5DFF, 0x5DFF, 0x5DFF, 0x5DFF, 0x5DFF, 0x5DFF, 0x5DFF, 0x5DFF, 0x5DFF, 0x5DFF, 0x5DFF, 
0x5DFF, 0x5DFF, 0x5DFF, 0x5DFF, 0x5DFF, 0x5DFF, 0x5DFF, 0x5DFF, 0x5DFF, 0x5DFF, 0x5DFF, 0x5DFF, 
0x5DFF, 0x5DFF, 0x5DFF, 0x5DFF, 0x5DFF, 0x5DFF, 0x5DFF, 0x5DFF, 0x5DFF, 0x5DFF, 0x5DFF, 0x5DFF, 
0x5DFF, 0x5DFF, 0x5DFF, 0x5DFF, 0x5DFF, 0x5DFF, 0x5DFF, 0x5DFF, 0x5DFF, 0x5DFF, 0x5DFF, 0x5DFF, 
0x5DFF, 0x5DFF, 0x5DFF, 0x5DFF, 0x5DFF, 0x5DFF, 0x5DFF, 0x5DFF, 0x5DFF, 0x5DFF, 0x5DFF, 0x5DFF, 
0x5DFF, 0x5DFF, 0x5DFF, 0x5DFF, 0x5DFF, 0x5DFF, 0x5DFF, 0x5DFF, 0x5DFF, 0x5DFF, 0x5DFF, 0x5DFF, 
0x5DFF, 0x5DFF, 0x5DFF, 0x5DFF, 0x5DFF, 0x5DFF, 0x5DFF, 0x5DFF, 0x5DFF, 0x5DFF, 0x5DFF, 0x5DFF, 
0x5DFF, 0x5DFF, 0x5DFF, 0x5DFF, 0x5DFF, 0x5DFF, 0x5DFF, 0x5DFF, 0x5DFF, 0x5DFF, 0x5DFF, 0x5DFF, 
0x5DFF, 0x5DFF, 0x5DFF, 0x5DFF, 0x5DFF, 0x5DFF, 0x5DFF, 0x5DFF, 0x5DFF, 0x5DFF, 0x5DFF, 0x5DFF, 
0x5DFF, 0x5DFF, 0x5DFF, 0x5DFF, 0x5DFF, 0x5DFF, 0x5DFF, 0x5DFF, 0x5DFF, 0x5DFF, 0x5DFF, 0x5DFF, 
0x5DFF, 0x5DFF, 0x5DFF, 0x5DFF, 0x5DFF, 0x5DFF, 0x5DFF, 0x5DFF, 0x5DFF, 0x5DFF, 0x5DFF, 0x5DFF, 
0x5DFF, 0x5DFF, 0x5DFF, 0x5DFF, 0x5DFF, 0x5DFF, 0x5DFF, 0x5DFF, 0x5DFF, 0x5DFF, 0x5DFF, 0x5DFF, 
0x5DFF, 0x5DFF, 0x5DFF, 0x5DFF, 0x5DFF, 0x5DFF, 0x5DFF, 0x5DFF, 0x5DFF, 0x5DFF, 0x5DFF, 0x5DFF, 
0x5DFF, 0x5DFF, 0x5DFF, 0x5DFF, 0x5DFF, 0x5DFF, 0x5DFF, 0x5DFF, 0x5DFF, 0x5DFF, 0x5DFF, 0x5DFF, 
0x5DFF, 0x5DFF, 0x5DFF, 0x5DFF, 0x5DFF, 0x5DFF, 0x5DFF, 0x5DFF, 0x5DFF, 0x5DFF, 0x5DFF, 0x5DFF, 
0x5DFF, 0x5DFF, 0x5DFF, 0x5DFF, 0x5DFF, 0x5DFF, 0x5DFF, 0x5DFF, 0x5DFF, 0x5DFF, 0x5DFF, 0x5DFF, 
0x5DFF, 0x5DFF, 0x5DFF, 0x5DFF, 0x5DFF, 0x5DFF, 0x5DFF, 0x5DFF, 0x5DFF, 0x5DFF, 0x5DFF, 0x5DFF, 
0x5DFF, 0x5DFF, 0x5DFF, 0x5DFF, 0x5DFF, 0x5DFF, 0x5DFF, 0x5DFF, 0x5DFF, 0x5DFF, 0x5DFF, 0x5DFF, 
0x5DFF, 0x5DFF, 0x5DFF, 0x5DFF, 0x5DFF, 0x5DFF, 0x5DFF, 0x5DFF, 0x5DFF, 0x5DFF, 0x5DFF, 0x5DFF, 
0x5DFF, 0x5DFF, 0x5DFF, 0x5DFF, 0x5DFF, 0x5DFF, 0x5DFF, 0x5DFF, 0x5DFF, 0x5DFF, 0x5DFF, 0x5DFF, 
0x5DFF, 0x5DFF, 0x5DFF, 0x5DFF, 0x5DFF, 0x5DFF, 0x5DFF, 0x5DFF, 0x5DFF, 0x5DFF, 0x5DFF, 0x5DFF, 
0x5DFF, 0x5DFF, 0x5DFF, 0x5DFF, 0x5DFF, 0x5DFF, 0x5DFF, 0x5DFF, 0x5DFF, 0x5DFF, 0x5DFF, 0x5DFF, 
0x5DFF, 0x5DFF, 0x5DFF, 0x5DFF, 0x5DFF, 0x5DFF, 0x5DFF, 0x5DFF, 0x5DFF, 0x5DFF, 0x5DFF, 0x5DFF, 
0x5DFF, 0x5DFF, 0x5DFF, 0x5DFF, 0x5DFF, 0x5DFF, 0x5DFF, 0x5DFF, 0x5DFF, 0x5DFF, 0x5DFF, 0x5DFF, 
0x5DFF, 0x5DFF, 0x5DFF, 0x5DFF, 0x5DFF, 0x5DFF, 0x5DFF, 0x5DFF, 0x5DFF, 0x5DFF, 0x5DFF, 0x5DFF, 
0x5DFF, 0x5DFF, 0x5DFF, 0x5DFF, 0x5DFF, 0x5DFF, 0x5DFF, 0x5DFF, 0x5DFF, 0x5DFF, 0x5DFF, 0x5DFF, 
0x5DFF, 0x5DFF, 0x5DFF, 0x5DFF, 0x5DFF, 0x5DFF, 0x5DFF, 0x5DFF, 0x5DFF, 0x5DFF, 0x5DFF, 0x5DFF, 
0x5DFF, 0x5DFF, 0x5DFF, 0x5DFF, 0x5DFF, 0x5DFF, 0x5DFF, 0x5DFF, 0x5DFF, 0x5DFF, 0x5DFF, 0x5DFF, 
0x5DFF, 0x5DFF, 0x5DFF, 0x5DFF, 0xC7B4, 0xC7B4, 0xC7B4, 0xC7B4, 0xC7B4, 0xC7B4, 0xC7B4, 0xC7B4, 
0xC7B4, 0xC7B4, 0xC7B4, 0xC7B4, 0x5DFF, 0x5DFF, 0x5DFF, 0x5DFF, 0x5DFF, 0x5DFF, 0x5DFF, 0x5DFF, 
0x5DFF, 0x5DFF, 0x5DFF, 0x5DFF, 0x5DFF, 0x5DFF, 0x5DFF, 0x5DFF, 0x5DFF, 0x5DFF, 0x5DFF, 0x5DFF, 
0x5DFF, 0x5DFF, 0x5DFF, 0x5DFF, 0x5DFF, 0x5DFF, 0x5DFF, 0x5DFF, 0x5DFF, 0x5DFF, 0x5DFF, 0x5DFF, 
0x5DFF, 0x5DFF, 0x5DFF, 0x5DFF, 0x5DFF, 0x5DFF, 0x5DFF, 0x5DFF, 0x5DFF, 0x5DFF, 0x5DFF, 0x5DFF, 
0x5DFF, 0x5DFF, 0x5DFF, 0x5DFF, 0x5DFF, 0x5DFF, 0x5DFF, 0x5DFF, 0x5DFF, 0x5DFF, 0x5DFF, 0x5DFF, 
0x5DFF, 0x5DFF, 0x5DFF, 0x5DFF, 0x5DFF, 0x5DFF, 0x5DFF, 0x5DFF, 0x5DFF, 0x5DFF, 0x5DFF, 0x5DFF, 
0x5DFF, 0x5DFF, 0x5DFF, 0x5DFF, 0x5DFF, 0x5DFF, 0x5DFF, 0x5DFF, 0x5DFF, 0x5DFF, 0x5DFF, 0x5DFF, 
0x5DFF, 0x5DFF, 0x5DFF, 0x5DFF, 0x5DFF, 0x5DFF, 0x5DFF, 0x5DFF, 0x5DFF, 0x5DFF, 0x5DFF, 0x5DFF, 
0x5DFF, 0x5DFF, 0x5DFF, 0x5DFF, 0x5DFF, 0x5DFF, 0x5DFF, 0x5DFF, 0x5DFF, 0x5DFF, 0x5DFF, 0x5DFF, 
0x5DFF, 0x5DFF, 0x5DFF, 0x5DFF, 0x5DFF, 0x5DFF, 0x5DFF, 0x5DFF, 0x5DFF, 0x5DFF, 0x5DFF, 0x5DFF, 
0xC7B4, 0xC7B4, 0xC7B4, 0xC7B4, 0xC7B4, 0xC7B4, 0xC7B4, 0xC7B4, 0xC7B4, 0xC7B4, 0xC7B4, 0xC7B4, 
0x5DFF, 0x5DFF, 0x5DFF, 0x5DFF, 0x5DFF, 0x5DFF, 0x5DFF, 0x5DFF, 0x5DFF, 0x5DFF, 0x5DFF, 0x5DFF, 
0x5DFF, 0x5DFF, 0x5DFF, 0x5DFF, 0x5DFF, 0x5DFF, 0x5DFF, 0x5DFF, 0x5DFF, 0x5DFF, 0x5DFF, 0x5DFF, 
0x5DFF, 0x5DFF, 0x5DFF, 0x5DFF, 0x5DFF, 0x5DFF, 0x5DFF, 0x5DFF, 0x5DFF, 0x5DFF, 0x5DFF, 0x5DFF, 
0x5DFF, 0x5DFF, 0x5DFF, 0x5DFF, 0x5DFF, 0x5DFF, 0x5DFF, 0x5DFF, 0x5DFF, 0x5DFF, 0x5DFF, 0x5DFF, 
0x5DFF, 0x5DFF, 0x5DFF, 0x5DFF, 0x5DFF, 0x5DFF, 0x5DFF, 0x5DFF, 0x5DFF, 0x5DFF, 0x5DFF, 0x5DFF, 
0x5DFF, 0x5DFF, 0x5DFF, 0x5DFF, 0x5DFF, 0x5DFF, 0x5DFF, 0x5DFF, 0x5DFF, 0x5DFF, 0x5DFF, 0x5DFF, 
0x5DFF, 0x5DFF, 0x5DFF, 0x5DFF, 0x5DFF, 0x5DFF, 0x5DFF, 0x5DFF, 0x5DFF, 0x5DFF, 0x5DFF, 0x5DFF, 
0x5DFF, 0x5DFF, 0x5DFF, 0x5DFF, 0x5DFF, 0x5DFF, 0x5DFF, 0x5DFF, 0x5DFF, 0x5DFF, 0x5DFF, 0x5DFF, 
0x5DFF, 0x5DFF, 0x5DFF, 0x5DFF, 0x5DFF, 0x5DFF, 0x5DFF, 0x5DFF, 0x5DFF, 0x5DFF, 0x5DFF, 0x5DFF, 
0x5DFF, 0x5DFF, 0x5DFF, 0x5DFF, 0x5DFF, 0x5DFF, 0xC7B4, 0xC7B4, 0xC7B4, 0xC7B4, 0xC7B4, 0xC7B4, 
0xC7B4, 0xC7B4, 0xC7B4, 0xC7B4, 0xC7B4, 0xC7B4, 0xC7B4, 0xC7B4, 0xC7B4, 0xC7B4, 0x5DFF, 0x5DFF, 
0x5DFF, 0x5DFF, 0x5DFF, 0x5DFF, 0x5DFF, 0x5DFF, 0x5DFF, 0x5DFF, 0x5DFF, 0x5DFF, 0x5DFF, 0x5DFF, 
0x5DFF, 0x5DFF, 0x5DFF, 0x5DFF, 0x5DFF, 0x5DFF, 0x5DFF, 0x5DFF, 0x5DFF, 0x5DFF, 0x5DFF, 0x5DFF, 
0x5DFF, 0x5DFF, 0x5DFF, 0x5DFF, 0x5DFF, 0x5DFF, 0x5DFF, 0x5DFF, 0x5DFF, 0x5DFF, 0x5DFF, 0x5DFF, 
0x5DFF, 0x5DFF, 0x5DFF, 0x5DFF, 0x5DFF, 0x5DFF, 0x5DFF, 0x5DFF, 0x5DFF, 0x5DFF, 0x5DFF, 0x5DFF, 
0x5DFF, 0x5DFF, 0x5DFF, 0x5DFF, 0x5DFF, 0x5DFF, 0x5DFF, 0x5DFF, 0x5DFF, 0x5DFF, 0x5DFF, 0x5DFF, 
0x5DFF, 0x5DFF, 0x5DFF, 0x5DFF, 0x5DFF, 0x5DFF, 0x5DFF, 0x5DFF, 0x5DFF, 0x5DFF, 0x5DFF, 0x5DFF, 
0x5DFF, 0x5DFF, 0x5DFF, 0x5DFF, 0x5DFF, 0x5DFF, 0x5DFF, 0x5DFF, 0x5DFF, 0x5DFF, 0x5DFF, 0x5DFF, 
0x5DFF, 0x5DFF, 0x5DFF, 0x5DFF, 0x5DFF, 0x5DFF, 0x5DFF, 0x5DFF, 0x5DFF, 0x5DFF, 0x5DFF, 0x5DFF, 
0x5DFF, 0x5DFF, 0x5DFF, 0x5DFF, 0x5DFF, 0x5DFF, 0x5DFF, 0x5DFF, 0x5DFF, 0x5DFF, 0x5DFF, 0x5DFF, 
0x5DFF, 0x5DFF, 0xC7B4, 0xC7B4, 0xC7B4, 0xC7B4, 0xC7B4, 0xC7B4, 0xC7B4, 0xC7B4, 0xC7B4, 0xC7B4, 
0xC7B4, 0xC7B4, 0xC7B4, 0xC7B4, 0xC7B4, 0xC7B4, 0x5DFF, 0x5DFF, 0x5DFF, 0x5DFF, 0x5DFF, 0x5DFF, 
0x5DFF, 0x5DFF, 0x5DFF, 0x5DFF, 0x5DFF, 0x5DFF, 0x5DFF, 0x5DFF, 0x5DFF, 0x5DFF, 0x5DFF, 0x5DFF, 
0x5DFF, 0x5DFF, 0x5DFF, 0x5DFF, 0x5DFF, 0x5DFF, 0x5DFF, 0x5DFF, 0x5DFF, 0x5DFF, 0x5DFF, 0x5DFF, 
0x5DFF, 0x5DFF, 0x5DFF, 0x5DFF, 0x5DFF, 0x5DFF, 0x5DFF, 0x5DFF, 0x5DFF, 0x5DFF, 0x5DFF, 0x5DFF, 
0x5DFF, 0x5DFF, 0x5DFF, 0x5DFF, 0x5DFF, 0x5DFF, 0x5DFF, 0x5DFF, 0x5DFF, 0x5DFF, 0x5DFF, 0x5DFF, 
0x5DFF, 0x5DFF, 0x5DFF, 0x5DFF, 0x5DFF, 0x5DFF, 0x5DFF, 0x5DFF, 0x5DFF, 0x5DFF, 0x5DFF, 0x5DFF, 
0x5DFF, 0x5DFF, 0x5DFF, 0x5DFF, 0x5DFF, 0x5DFF, 0x5DFF, 0x5DFF, 0x5DFF, 0x5DFF, 0x5DFF, 0x5DFF, 
0x5DFF, 0x5DFF, 0x5DFF, 0x5DFF, 0x5DFF, 0x5DFF, 0x5DFF, 0x5DFF, 0x5DFF, 0x5DFF, 0x5DFF, 0x5DFF, 
0x5DFF, 0x5DFF, 0x5DFF, 0x5DFF, 0x5DFF, 0x5DFF, 0x5DFF, 0x5DFF, 0xC7B4, 0xC7B4, 0xC7B4, 0xC7B4, 
0x5DFF, 0x5DFF, 0x5DFF, 0x5DFF, 0x5DFF, 0x5DFF, 0x5DFF, 0x5DFF, 0x5DFF, 0x5DFF, 0xC7B4, 0xC7B4, 
0xC7B4, 0xC7B4, 0xC7B4, 0xC7B4, 0xC7B4, 0xC7B4, 0xC7B4, 0xC7B4, 0xC7B4, 0xC7B4, 0xC7B4, 0xC7B4, 
0xC7B4, 0xC7B4, 0x5DFF, 0x5DFF, 0x5DFF, 0x5DFF, 0x5DFF, 0x5DFF, 0x5DFF, 0x5DFF, 0x5DFF, 0x5DFF, 
0x5DFF, 0x5DFF, 0x5DFF, 0x5DFF, 0x5DFF, 0x5DFF, 0x5DFF, 0x5DFF, 0x5DFF, 0x5DFF, 0x5DFF, 0x5DFF, 
0x5DFF, 0x5DFF, 0x5DFF, 0x5DFF, 0x5DFF, 0x5DFF, 0x5DFF, 0x5DFF, 0x5DFF, 0x5DFF, 0x5DFF, 0x5DFF, 
0x5DFF, 0x5DFF, 0x5DFF, 0x5DFF, 0x5DFF, 0x5DFF, 0x5DFF, 0x5DFF, 0x5DFF, 0x5DFF, 0x5DFF, 0x5DFF, 
0x5DFF, 0x5DFF, 0x5DFF, 0x5DFF, 0x5DFF, 0x5DFF, 0x5DFF, 0x5DFF, 0x5DFF, 0x5DFF, 0x5DFF, 0x5DFF, 
0x5DFF, 0x5DFF, 0x5DFF, 0x5DFF, 0x5DFF, 0x5DFF, 0x5DFF, 0x5DFF, 0x5DFF, 0x5DFF, 0x5DFF, 0x5DFF, 
0x5DFF, 0x5DFF, 0x5DFF, 0x5DFF, 0x5DFF, 0x5DFF, 0x5DFF, 0x5DFF, 0x5DFF, 0x5DFF, 0x5DFF, 0x5DFF, 
0x5DFF, 0x5DFF, 0x5DFF, 0x5DFF, 0x5DFF, 0x5DFF, 0x5DFF, 0x5DFF, 0x5DFF, 0x5DFF, 0x5DFF, 0x5DFF, 
0x5DFF, 0x5DFF, 0x5DFF, 0x5DFF, 0xC7B4, 0xC7B4, 0xC7B4, 0xC7B4, 0x5DFF, 0x5DFF, 0x5DFF, 0x5DFF, 
0x5DFF, 0x5DFF, 0x5DFF, 0x5DFF, 0x5DFF, 0x5DFF, 0xC7B4, 0xC7B4, 0xC7B4, 0xC7B4, 0xC7B4, 0xC7B4, 
0xC7B4, 0xC7B4, 0xC7B4, 0xC7B4, 0xC7B4, 0xC7B4, 0xC7B4, 0xC7B4, 0xC7B4, 0xC7B4, 0x5DFF, 0x5DFF, 
0x5DFF, 0x5DFF, 0x5DFF, 0x5DFF, 0x5DFF, 0x5DFF, 0x5DFF, 0x5DFF, 0x5DFF, 0x5DFF, 0x5DFF, 0x5DFF, 
0x5DFF, 0x5DFF, 0x5DFF, 0x5DFF, 0x5DFF, 0x5DFF, 0x5DFF, 0x5DFF, 0x5DFF, 0x5DFF, 0x5DFF, 0x5DFF, 
0x5DFF, 0x5DFF, 0x5DFF, 0x5DFF, 0x5DFF, 0x5DFF, 0x5DFF, 0x5DFF, 0x5DFF, 0x5DFF, 0x5DFF, 0x5DFF, 
0x5DFF, 0x5DFF, 0x5DFF, 0x5DFF, 0x5DFF, 0x5DFF, 0x5DFF, 0x5DFF, 0x5DFF, 0x5DFF, 0x5DFF, 0x5DFF, 
0x5DFF, 0x5DFF, 0x5DFF, 0x5DFF, 0x5DFF, 0x5DFF, 0x5DFF, 0x5DFF, 0x5DFF, 0x5DFF, 0x5DFF, 0x5DFF, 
0x5DFF, 0x5DFF, 0x5DFF, 0x5DFF, 0x5DFF, 0x5DFF, 0x5DFF, 0x5DFF, 0x5DFF, 0x5DFF, 0x5DFF, 0x5DFF, 
0x5DFF, 0x5DFF, 0x5DFF, 0x5DFF, 0x5DFF, 0x5DFF, 0x5DFF, 0x5DFF, 0x5DFF, 0x5DFF, 0x5DFF, 0x5DFF, 
0x5DFF, 0x5DFF, 0x5DFF, 0x5DFF, 0x5DFF, 0x5DFF, 0x5DFF, 0x5DFF, 0x5DFF, 0x5DFF, 0x5DFF, 0x5DFF, 
0xC7B4, 0xC7B4, 0xC7B4, 0xC7B4, 0xC7B4, 0xC7B4, 0xC7B4, 0xC7B4, 0x5DFF, 0x5DFF, 0x5DFF, 0x5DFF, 
0x5DFF, 0x5DFF, 0xC7B4, 0xC7B4, 0xC7B4, 0xC7B4, 0xC7B4, 0xC7B4, 0xC7B4, 0xC7B4, 0xC7B4, 0xC7B4, 
0xC7B4, 0xC7B4, 0xC7B4, 0xC7B4, 0xC7B4, 0xC7B4, 0xC7B4, 0xC7B4, 0x5DFF, 0x5DFF, 0x5DFF, 0x5DFF, 
0x5DFF, 0x5DFF, 0x5DFF, 0x5DFF, 0x5DFF, 0x5DFF, 0x5DFF, 0x5DFF, 0x5DFF, 0x5DFF, 0x5DFF, 0x5DFF, 
0x5DFF, 0x5DFF, 0x5DFF, 0x5DFF, 0x5DFF, 0x5DFF, 0x5DFF, 0x5DFF, 0x5DFF, 0x5DFF, 0x5DFF, 0x5DFF, 
0x5DFF, 0x5DFF, 0x5DFF, 0x5DFF, 0x5DFF, 0x5DFF, 0x5DFF, 0x5DFF, 0x5DFF, 0x5DFF, 0x5DFF, 0x5DFF, 
0x5DFF, 0x5DFF, 0x5DFF, 0x5DFF, 0x5DFF, 0x5DFF, 0x5DFF, 0x5DFF, 0x5DFF, 0x5DFF, 0x5DFF, 0x5DFF, 
0x5DFF, 0x5DFF, 0x5DFF, 0x5DFF, 0x5DFF, 0x5DFF, 0x5DFF, 0x5DFF, 0x5DFF, 0x5DFF, 0x5DFF, 0x5DFF, 
0x5DFF, 0x5DFF, 0x5DFF, 0x5DFF, 0x5DFF, 0x5DFF, 0x5DFF, 0x5DFF, 0x5DFF, 0x5DFF, 0x5DFF, 0x5DFF, 
0x5DFF, 0x5DFF, 0x5DFF, 0x5DFF, 0x5DFF, 0x5DFF, 0x5DFF, 0x5DFF, 0x5DFF, 0x5DFF, 0x5DFF, 0x5DFF, 
0x5DFF, 0x5DFF, 0x5DFF, 0x5DFF, 0x5DFF, 0x5DFF, 0x5DFF, 0x5DFF, 0xC7B4, 0xC7B4, 0xC7B4, 0xC7B4, 
0xC7B4, 0xC7B4, 0xC7B4, 0xC7B4, 0x5DFF, 0x5DFF, 0x5DFF, 0x5DFF, 0x5DFF, 0x5DFF, 0xC7B4, 0xC7B4, 
0xC7B4, 0xC7B4, 0xC7B4, 0xC7B4, 0xC7B4, 0xC7B4, 0xC7B4, 0xC7B4, 0xC7B4, 0xC7B4, 0xC7B4, 0xC7B4, 
0xC7B4, 0xC7B4, 0xC7B4, 0xC7B4, 0x5DFF, 0x5DFF, 0x5DFF, 0x5DFF, 0x5DFF, 0x5DFF, 0x5DFF, 0x5DFF, 
0x5DFF, 0x5DFF, 0x5DFF, 0x5DFF, 0x5DFF, 0x5DFF, 0x5DFF, 0x5DFF, 0x5DFF, 0x5DFF, 0x5DFF, 0x5DFF, 
0x5DFF, 0x5DFF, 0x5DFF, 0x5DFF, 0x5DFF, 0x5DFF, 0x5DFF, 0x5DFF, 0x5DFF, 0x5DFF, 0x5DFF, 0x5DFF, 
0x5DFF, 0x5DFF, 0x5DFF, 0x5DFF, 0x5DFF, 0x5DFF, 0x5DFF, 0x5DFF, 0x5DFF, 0x5DFF, 0x5DFF, 0x5DFF, 
0x5DFF, 0x5DFF, 0x5DFF, 0x5DFF, 0x5DFF, 0x5DFF, 0x5DFF, 0x5DFF, 0x5DFF, 0x5DFF, 0x5DFF, 0x5DFF, 
0x5DFF, 0x5DFF, 0x5DFF, 0x5DFF, 0x5DFF, 0x5DFF, 0x5DFF, 0x5DFF, 0x5DFF, 0x5DFF, 0x5DFF, 0x5DFF, 
0x5DFF, 0x5DFF, 0x5DFF, 0x5DFF, 0x5DFF, 0x5DFF, 0x5DFF, 0x5DFF, 0x5DFF, 0x5DFF, 0x5DFF, 0x5DFF, 
0x5DFF, 0x5DFF, 0x5DFF, 0x5DFF, 0x5DFF, 0x5DFF, 0x5DFF, 0x5DFF, 0x5DFF, 0x5DFF, 0x5DFF, 0x5DFF, 
0x5DFF, 0x5DFF, 0x5DFF, 0x5DFF, 0xC7B4, 0xC7B4, 0xC7B4, 0xC7B4, 0xC7B4, 0xC7B4, 0xC7B4, 0xC7B4, 
0xC7B4, 0xC7B4, 0x5DFF, 0x5DFF, 0x5DFF, 0x5DFF, 0xC7B4, 0xC7B4, 0xC7B4, 0xC7B4, 0xC7B4, 0xC7B4, 
0xC7B4, 0xC7B4, 0xC7B4, 0xC7B4, 0xC7B4, 0xC7B4, 0xC7B4, 0xC7B4, 0xC7B4, 0xC7B4, 0xC7B4, 0xC7B4, 
0x5DFF, 0x5DFF, 0x5DFF, 0x5DFF, 0x5DFF, 0x5DFF, 0x5DFF, 0x5DFF, 0x5DFF, 0x5DFF, 0x5DFF, 0x5DFF, 
0x5DFF, 0x5DFF, 0x5DFF, 0x5DFF, 0x5DFF, 0x5DFF, 0x5DFF, 0x5DFF, 0x5DFF, 0x5DFF, 0x5DFF, 0x5DFF, 
0x5DFF, 0x5DFF, 0x5DFF, 0x5DFF, 0x5DFF, 0x5DFF, 0x5DFF, 0x5DFF, 0x5DFF, 0x5DFF, 0x5DFF, 0x5DFF, 
0x5DFF, 0x5DFF, 0x5DFF, 0x5DFF, 0x5DFF, 0x5DFF, 0x5DFF, 0x5DFF, 0x5DFF, 0x5DFF, 0x5DFF, 0x5DFF, 
0x5DFF, 0x5DFF, 0x5DFF, 0x5DFF, 0x5DFF, 0x5DFF, 0x5DFF, 0x5DFF, 0x5DFF, 0x5DFF, 0x5DFF, 0x5DFF, 
0x5DFF, 0x5DFF, 0x5DFF, 0x5DFF, 0x5DFF, 0x5DFF, 0x5DFF, 0x5DFF, 0x5DFF, 0x5DFF, 0x5DFF, 0x5DFF, 
0x5DFF, 0x5DFF, 0x5DFF, 0x5DFF, 0x5DFF, 0x5DFF, 0x5DFF, 0x5DFF, 0x5DFF, 0x5DFF, 0x5DFF, 0x5DFF, 
0x5DFF, 0x5DFF, 0x5DFF, 0x5DFF, 0x5DFF, 0x5DFF, 0x5DFF, 0x5DFF, 0x5DFF, 0x5DFF, 0x5DFF, 0x5DFF, 
0xC7B4, 0xC7B4, 0xC7B4, 0xC7B4, 0xC7B4, 0xC7B4, 0xC7B4, 0xC7B4, 0xC7B4, 0xC7B4, 0x5DFF, 0x5DFF, 
0x5DFF, 0x5DFF, 0xC7B4, 0xC7B4, 0xC7B4, 0xC7B4, 0xC7B4, 0xC7B4, 0xC7B4, 0xC7B4, 0xC7B4, 0xC7B4, 
0xC7B4, 0xC7B4, 0xC7B4, 0xC7B4, 0xC7B4, 0xC7B4, 0xC7B4, 0xC7B4, 0x5DFF, 0x5DFF, 0x5DFF, 0x5DFF, 
0x5DFF, 0x5DFF, 0x5DFF, 0x5DFF, 0x5DFF, 0x5DFF, 0x5DFF, 0x5DFF, 0x5DFF, 0x5DFF, 0x5DFF, 0x5DFF, 
0x5DFF, 0x5DFF, 0x5DFF, 0x5DFF, 0x5DFF, 0x5DFF, 0x5DFF, 0x5DFF, 0x5DFF, 0x5DFF, 0x5DFF, 0x5DFF, 
0x5DFF, 0x5DFF, 0x5DFF, 0x5DFF, 0x5DFF, 0x5DFF, 0x5DFF, 0x5DFF, 0x5DFF, 0x5DFF, 0x5DFF, 0x5DFF, 
0x5DFF, 0x5DFF, 0x5DFF, 0x5DFF, 0x5DFF, 0x5DFF, 0x5DFF, 0x5DFF, 0x5DFF, 0x5DFF, 0x5DFF, 0x5DFF, 
0x5DFF, 0x5DFF, 0x5DFF, 0x5DFF, 0x5DFF, 0x5DFF, 0x5DFF, 0x5DFF, 0x5DFF, 0x5DFF, 0x5DFF, 0x5DFF, 
0x5DFF, 0x5DFF, 0x5DFF, 0x5DFF, 0x5DFF, 0x5DFF, 0x5DFF, 0x5DFF, 0x5DFF, 0x5DFF, 0x5DFF, 0x5DFF, 
0x5DFF, 0x5DFF, 0x5DFF, 0x5DFF, 0x5DFF, 0x5DFF, 0x5DFF, 0x5DFF, 0x5DFF, 0x5DFF, 0x5DFF, 0x5DFF, 
0x5DFF, 0x5DFF, 0x5DFF, 0x5DFF, 0x5DFF, 0x5DFF, 0x5DFF, 0x5DFF, 0xC7B4, 0xC7B4, 0xC7B4, 0xC7B4, 
0xC7B4, 0xC7B4, 0xC7B4, 0xC7B4, 0xC7B4, 0xC7B4, 0xC7B4, 0xC7B4, 0x5DFF, 0x5DFF, 0xC7B4, 0xC7B4, 
0xC7B4, 0xC7B4, 0xC7B4, 0xC7B4, 0xC7B4, 0xC7B4, 0xC7B4, 0xC7B4, 0xC7B4, 0xC7B4, 0xC7B4, 0xC7B4, 
0xC7B4, 0xC7B4, 0xC7B4, 0xC7B4, 0x5DFF, 0x5DFF, 0x5DFF, 0x5DFF, 0x5DFF, 0x5DFF, 0x5DFF, 0x5DFF, 
0x5DFF, 0x5DFF, 0x5DFF, 0x5DFF, 0x5DFF, 0x5DFF, 0x5DFF, 0x5DFF, 0x5DFF, 0x5DFF, 0x5DFF, 0x5DFF, 
0x5DFF, 0x5DFF, 0x5DFF, 0x5DFF, 0x5DFF, 0x5DFF, 0x5DFF, 0x5DFF, 0x5DFF, 0x5DFF, 0x5DFF, 0x5DFF, 
0x5DFF, 0x5DFF, 0x5DFF, 0x5DFF, 0x5DFF, 0x5DFF, 0x5DFF, 0x5DFF, 0x5DFF, 0x5DFF, 0x5DFF, 0x5DFF, 
0x5DFF, 0x5DFF, 0x5DFF, 0x5DFF, 0x5DFF, 0x5DFF, 0x5DFF, 0x5DFF, 0x5DFF, 0x5DFF, 0x5DFF, 0x5DFF, 
0x5DFF, 0x5DFF, 0x5DFF, 0x5DFF, 0x5DFF, 0x5DFF, 0x5DFF, 0x5DFF, 0x5DFF, 0x5DFF, 0x5DFF, 0x5DFF, 
0x5DFF, 0x5DFF, 0x5DFF, 0x5DFF, 0x5DFF, 0x5DFF, 0x5DFF, 0x5DFF, 0x5DFF, 0x5DFF, 0x5DFF, 0x5DFF, 
0x5DFF, 0x5DFF, 0x5DFF, 0x5DFF, 0x5DFF, 0x5DFF, 0x5DFF, 0x5DFF, 0x5DFF, 0x5DFF, 0x5DFF, 0x5DFF, 
0x5DFF, 0x5DFF, 0x5DFF, 0x5DFF, 0xC7B4, 0xC7B4, 0xC7B4, 0xC7B4, 0xC7B4, 0xC7B4, 0xC7B4, 0xC7B4, 
0xC7B4, 0xC7B4, 0xC7B4, 0xC7B4, 0x5DFF, 0x5DFF, 0xC7B4, 0xC7B4, 0xC7B4, 0xC7B4, 0xC7B4, 0xC7B4, 
0xC7B4, 0xC7B4, 0xC7B4, 0xC7B4, 0xC7B4, 0xC7B4, 0xC7B4, 0xC7B4, 0xC7B4, 0xC7B4, 0xC7B4, 0xC7B4, 
0x5DFF, 0x5DFF, 0x5DFF, 0x5DFF, 0x5DFF, 0x5DFF, 0x5DFF, 0x5DFF, 0x5DFF, 0x5DFF, 0x5DFF, 0x5DFF, 
0x5DFF, 0x5DFF, 0x5DFF, 0x5DFF, 0x5DFF, 0x5DFF, 0x5DFF, 0x5DFF, 0x5DFF, 0x5DFF, 0x5DFF, 0x5DFF, 
0x5DFF, 0x5DFF, 0x5DFF, 0x5DFF, 0x5DFF, 0x5DFF, 0x5DFF, 0x5DFF, 0x5DFF, 0x5DFF, 0x5DFF, 0x5DFF, 
0x5DFF, 0x5DFF, 0x5DFF, 0x5DFF, 0x5DFF, 0x5DFF, 0x5DFF, 0x5DFF, 0x5DFF, 0x5DFF, 0x5DFF, 0x5DFF, 
0x5DFF, 0x5DFF, 0x5DFF, 0x5DFF, 0x5DFF, 0x5DFF, 0x5DFF, 0x5DFF, 0x5DFF, 0x5DFF, 0x5DFF, 0x5DFF, 
0x5DFF, 0x5DFF, 0x5DFF, 0x5DFF, 0x5DFF, 0x5DFF, 0x5DFF, 0x5DFF, 0x5DFF, 0x5DFF, 0x5DFF, 0x5DFF, 
0x5DFF, 0x5DFF, 0x5DFF, 0x5DFF, 0x5DFF, 0x5DFF, 0x5DFF, 0x5DFF, 0x5DFF, 0x5DFF, 0x5DFF, 0x5DFF, 
0x5DFF, 0x5DFF, 0x5DFF, 0x5DFF, 0x5DFF, 0x5DFF, 0x5DFF, 0x5DFF, 0x5DFF, 0x5DFF, 0x5DFF, 0x5DFF, 
0xC7B4, 0xC7B4, 0xC7B4, 0xC7B4, 0xC7B4, 0xC7B4, 0xC7B4, 0xC7B4, 0xC7B4, 0xC7B4, 0xC7B4, 0xC7B4, 
0xC7B4, 0xC7B4, 0xC7B4, 0xC7B4, 0xC7B4, 0xC7B4, 0xC7B4, 0xC7B4, 0xC7B4, 0xC7B4, 0xC7B4, 0xC7B4, 
0xC7B4, 0xC7B4, 0xC7B4, 0xC7B4, 0xC7B4, 0xC7B4, 0xC7B4, 0xC7B4, 0x5DFF, 0x5DFF, 0x5DFF, 0x5DFF, 
0x5DFF, 0x5DFF, 0x5DFF, 0x5DFF, 0x5DFF, 0x5DFF, 0x5DFF, 0x5DFF, 0x5DFF, 0x5DFF, 0x5DFF, 0x5DFF, 
0x5DFF, 0x5DFF, 0x5DFF, 0x5DFF, 0x5DFF, 0x5DFF, 0x5DFF, 0x5DFF, 0x5DFF, 0x5DFF, 0x5DFF, 0x5DFF, 
0x5DFF, 0x5DFF, 0x5DFF, 0x5DFF, 0x5DFF, 0x5DFF, 0x5DFF, 0x5DFF, 0x5DFF, 0x5DFF, 0x5DFF, 0x5DFF, 
0x5DFF, 0x5DFF, 0x5DFF, 0x5DFF, 0x5DFF, 0x5DFF, 0x5DFF, 0x5DFF, 0x5DFF, 0x5DFF, 0x5DFF, 0x5DFF, 
0x5DFF, 0x5DFF, 0x5DFF, 0x5DFF, 0x5DFF, 0x5DFF, 0x5DFF, 0x5DFF, 0x5DFF, 0x5DFF, 0x5DFF, 0x5DFF, 
0x5DFF, 0x5DFF, 0x5DFF, 0x5DFF, 0x5DFF, 0x5DFF, 0x5DFF, 0x5DFF, 0x5DFF, 0x5DFF, 0x5DFF, 0x5DFF, 
0x5DFF, 0x5DFF, 0x5DFF, 0x5DFF, 0x5DFF, 0x5DFF, 0x5DFF, 0x5DFF, 0x5DFF, 0x5DFF, 0x5DFF, 0x5DFF, 
0x5DFF, 0x5DFF, 0x5DFF, 0x5DFF, 0x5DFF, 0x5DFF, 0x5DFF, 0x5DFF, 0xC7B4, 0xC7B4, 0xC7B4, 0xC7B4, 
0xC7B4, 0xC7B4, 0xC7B4, 0xC7B4, 0xC7B4, 0xC7B4, 0xC7B4, 0xC7B4, 0xC7B4, 0xC7B4, 0xC7B4, 0xC7B4, 
0xC7B4, 0xC7B4, 0xC7B4, 0xC7B4, 0xC7B4, 0xC7B4, 0xC7B4, 0xC7B4, 0xC7B4, 0xC7B4, 0xC7B4, 0xC7B4, 
0xC7B4, 0xC7B4, 0xC7B4, 0xC7B4, 0x5DFF, 0x5DFF, 0x5DFF, 0x5DFF, 0x5DFF, 0x5DFF, 0x5DFF, 0x5DFF, 
0x5DFF, 0x5DFF, 0x5DFF, 0x5DFF, 0x5DFF, 0x5DFF, 0x5DFF, 0x5DFF, 0x5DFF, 0x5DFF, 0x5DFF, 0x5DFF, 
0x5DFF, 0x5DFF, 0x5DFF, 0x5DFF, 0x5DFF, 0x5DFF, 0x5DFF, 0x5DFF, 0x5DFF, 0x5DFF, 0x5DFF, 0x5DFF, 
0x5DFF, 0x5DFF, 0x5DFF, 0x5DFF, 0x5DFF, 0x5DFF, 0x5DFF, 0x5DFF, 0x5DFF, 0x5DFF, 0x5DFF, 0x5DFF, 
0x5DFF, 0x5DFF, 0x5DFF, 0x5DFF, 0x5DFF, 0x5DFF, 0x5DFF, 0x5DFF, 0x5DFF, 0x5DFF, 0x5DFF, 0x5DFF, 
0x5DFF, 0x5DFF, 0x5DFF, 0x5DFF, 0x5DFF, 0x5DFF, 0x5DFF, 0x5DFF, 0x5DFF, 0x5DFF, 0x5DFF, 0x5DFF, 
0x5DFF, 0x5DFF, 0x5DFF, 0x5DFF, 0x5DFF, 0x5DFF, 0x5DFF, 0x5DFF, 0x5DFF, 0x5DFF, 0x5DFF, 0x5DFF, 
0x5DFF, 0x5DFF, 0x5DFF, 0x5DFF, 0x5DFF, 0x5DFF, 0x5DFF, 0x5DFF, 0x5DFF, 0x5DFF, 0x5DFF, 0x5DFF, 
0x5DFF, 0x5DFF, 0x5DFF, 0x5DFF, 0xC7B4, 0xC7B4, 0xC7B4, 0xC7B4, 0xC7B4, 0xC7B4, 0xC7B4, 0xC7B4, 
0xC7B4, 0xC7B4, 0xC7B4, 0xC7B4, 0xC7B4, 0xC7B4, 0xC7B4, 0xC7B4, 0xC7B4, 0xC7B4, 0xC7B4, 0xC7B4, 
0xC7B4, 0xC7B4, 0xC7B4, 0xC7B4, 0xC7B4, 0xC7B4, 0xC7B4, 0xC7B4, 0xC7B4, 0xC7B4, 0xC7B4, 0xC7B4, 
0x5DFF, 0x5DFF, 0x5DFF, 0x5DFF, 0x5DFF, 0x5DFF, 0x5DFF, 0x5DFF, 0x5DFF, 0x5DFF, 0x5DFF, 0x5DFF, 
0x5DFF, 0x5DFF, 0x5DFF, 0x5DFF, 0x5DFF, 0x5DFF, 0x5DFF, 0x5DFF, 0x5DFF, 0x5DFF, 0x5DFF, 0x5DFF, 
0x5DFF, 0x5DFF, 0x5DFF, 0x5DFF, 0x5DFF, 0x5DFF, 0x5DFF, 0x5DFF, 0x5DFF, 0x5DFF, 0x5DFF, 0x5DFF, 
0x5DFF, 0x5DFF, 0x5DFF, 0x5DFF, 0x5DFF, 0x5DFF, 0x5DFF, 0x5DFF, 0x5DFF, 0x5DFF, 0x5DFF, 0x5DFF, 
0xC7B4, 0xC7B4, 0xC7B4, 0xC7B4, 0xC7B4, 0xC7B4, 0x5DFF, 0x5DFF, 0x5DFF, 0x5DFF, 0x5DFF, 0x5DFF, 
0xC7B4, 0xC7B4, 0xC7B4, 0xC7B4, 0xC7B4, 0xC7B4, 0x5DFF, 0x5DFF, 0x5DFF, 0x5DFF, 0x5DFF, 0x5DFF, 
0x5DFF, 0x5DFF, 0x5DFF, 0x5DFF, 0x5DFF, 0x5DFF, 0x5DFF, 0x5DFF, 0x5DFF, 0x5DFF, 0x5DFF, 0x5DFF, 
0x5DFF, 0x5DFF, 0x5DFF, 0x5DFF, 0x5DFF, 0x5DFF, 0x5DFF, 0x5DFF, 0x5DFF, 0x5DFF, 0x5DFF, 0x5DFF, 
0xC7B4, 0xC7B4, 0xC7B4, 0xC7B4, 0xC7B4, 0xC7B4, 0xC7B4, 0xC7B4, 0xC7B4, 0xC7B4, 0xC7B4, 0xC7B4, 
0xC7B4, 0xC7B4, 0xC7B4, 0xC7B4, 0xC7B4, 0xC7B4, 0xC7B4, 0xC7B4, 0xC7B4, 0xC7B4, 0xC7B4, 0xC7B4, 
0xC7B4, 0xC7B4, 0xC7B4, 0xC7B4, 0xC7B4, 0xC7B4, 0xC7B4, 0xC7B4, 0x5DFF, 0x5DFF, 0x5DFF, 0x5DFF, 
0x5DFF, 0x5DFF, 0x5DFF, 0x5DFF, 0x5DFF, 0x5DFF, 0x5DFF, 0x5DFF, 0x5DFF, 0x5DFF, 0x5DFF, 0x5DFF, 
0x5DFF, 0x5DFF, 0x5DFF, 0x5DFF, 0x5DFF, 0x5DFF, 0x5DFF, 0x5DFF, 0x5DFF, 0x5DFF, 0x5DFF, 0x5DFF, 
0x5DFF, 0x5DFF, 0x5DFF, 0x5DFF, 0x5DFF, 0x5DFF, 0x5DFF, 0x5DFF, 0x5DFF, 0x5DFF, 0x5DFF, 0x5DFF, 
0x5DFF, 0x5DFF, 0x5DFF, 0x5DFF, 0x5DFF, 0x5DFF, 0x5DFF, 0x5DFF, 0xC7B4, 0xC7B4, 0xC7B4, 0xC7B4, 
0xC7B4, 0xC7B4, 0x5DFF, 0x5DFF, 0x5DFF, 0x5DFF, 0x5DFF, 0x5DFF, 0xC7B4, 0xC7B4, 0xC7B4, 0xC7B4, 
0xC7B4, 0xC7B4, 0x5DFF, 0x5DFF, 0x5DFF, 0x5DFF, 0x5DFF, 0x5DFF, 0x5DFF, 0x5DFF, 0x5DFF, 0x5DFF, 
0x5DFF, 0x5DFF, 0x5DFF, 0x5DFF, 0x5DFF, 0x5DFF, 0x5DFF, 0x5DFF, 0x5DFF, 0x5DFF, 0x5DFF, 0x5DFF, 
0x5DFF, 0x5DFF, 0x5DFF, 0x5DFF, 0x5DFF, 0x5DFF, 0x5DFF, 0x5DFF, 0xC7B4, 0xC7B4, 0xC7B4, 0xC7B4, 
0xC7B4, 0xC7B4, 0xC7B4, 0xC7B4, 0xC7B4, 0xC7B4, 0xC7B4, 0xC7B4, 0xC7B4, 0xC7B4, 0xC7B4, 0xC7B4, 
0xC7B4, 0xC7B4, 0xC7B4, 0xC7B4, 0xC7B4, 0xC7B4, 0xC7B4, 0xC7B4, 0xC7B4, 0xC7B4, 0xC7B4, 0xC7B4, 
0xC7B4, 0xC7B4, 0xC7B4, 0xC7B4, 0x5DFF, 0x5DFF, 0x5DFF, 0x5DFF, 0x5DFF, 0x5DFF, 0x5DFF, 0x5DFF, 
0x5DFF, 0x5DFF, 0x5DFF, 0x5DFF, 0x5DFF, 0x5DFF, 0x5DFF, 0x5DFF, 0x5DFF, 0x5DFF, 0x5DFF, 0x5DFF, 
0x5DFF, 0x5DFF, 0x5DFF, 0x5DFF, 0x5DFF, 0x5DFF, 0x5DFF, 0x5DFF, 0x5DFF, 0x5DFF, 0x5DFF, 0x5DFF, 
0x5DFF, 0x5DFF, 0x5DFF, 0x5DFF, 0x5DFF, 0x5DFF, 0x5DFF, 0x5DFF, 0x5DFF, 0x5DFF, 0x5DFF, 0x5DFF, 
0x5DFF, 0x5DFF, 0xC7B4, 0xC7B4, 0xC7B4, 0xC7B4, 0xC7B4, 0xC7B4, 0xC7B4, 0xC7B4, 0xC7B4, 0xC7B4, 
0x5DFF, 0x5DFF, 0xC7B4, 0xC7B4, 0xC7B4, 0xC7B4, 0xC7B4, 0xC7B4, 0xC7B4, 0xC7B4, 0xC7B4, 0xC7B4, 
0x5DFF, 0x5DFF, 0x5DFF, 0x5DFF, 0x5DFF, 0x5DFF, 0x5DFF, 0x5DFF, 0x5DFF, 0x5DFF, 0x5DFF, 0x5DFF, 
0x5DFF, 0x5DFF, 0x5DFF, 0x5DFF, 0x5DFF, 0x5DFF, 0x5DFF, 0x5DFF, 0x5DFF, 0x5DFF, 0x5DFF, 0x5DFF, 
0x5DFF, 0x5DFF, 0x5DFF, 0x5DFF, 0xC7B4, 0xC7B4, 0xC7B4, 0xC7B4, 0xC7B4, 0xC7B4, 0xC7B4, 0xC7B4, 
0xC7B4, 0xC7B4, 0xC7B4, 0xC7B4, 0xC7B4, 0xC7B4, 0xC7B4, 0xC7B4, 0xC7B4, 0xC7B4, 0xC7B4, 0xC7B4, 
0xC7B4, 0xC7B4, 0xC7B4, 0xC7B4, 0xC7B4, 0xC7B4, 0xC7B4, 0xC7B4, 0xC7B4, 0xC7B4, 0xC7B4, 0xC7B4, 
0x5DFF, 0x5DFF, 0x5DFF, 0x5DFF, 0x5DFF, 0x5DFF, 0x5DFF, 0x5DFF, 0x5DFF, 0x5DFF, 0x5DFF, 0x5DFF, 
0x5DFF, 0x5DFF, 0x5DFF, 0x5DFF, 0x5DFF, 0x5DFF, 0x5DFF, 0x5DFF, 0x5DFF, 0x5DFF, 0x5DFF, 0x5DFF, 
0x5DFF, 0x5DFF, 0x5DFF, 0x5DFF, 0x5DFF, 0x5DFF, 0x5DFF, 0x5DFF, 0x5DFF, 0x5DFF, 0x5DFF, 0x5DFF, 
0x5DFF, 0x5DFF, 0x5DFF, 0x5DFF, 0x5DFF, 0x5DFF, 0x5DFF, 0x5DFF, 0x5DFF, 0x5DFF, 0xC7B4, 0xC7B4, 
0xC7B4, 0xC7B4, 0xC7B4, 0xC7B4, 0xC7B4, 0xC7B4, 0xC7B4, 0xC7B4, 0x5DFF, 0x5DFF, 0xC7B4, 0xC7B4, 
0xC7B4, 0xC7B4, 0xC7B4, 0xC7B4, 0xC7B4, 0xC7B4, 0xC7B4, 0xC7B4, 0x5DFF, 0x5DFF, 0x5DFF, 0x5DFF, 
0x5DFF, 0x5DFF, 0x5DFF, 0x5DFF, 0x5DFF, 0x5DFF, 0x5DFF, 0x5DFF, 0x5DFF, 0x5DFF, 0x5DFF, 0x5DFF, 
0x5DFF, 0x5DFF, 0x5DFF, 0x5DFF, 0x5DFF, 0x5DFF, 0x5DFF, 0x5DFF, 0x5DFF, 0x5DFF, 0x5DFF, 0x5DFF, 
0xC7B4, 0xC7B4, 0xC7B4, 0xC7B4, 0xC7B4, 0xC7B4, 0xC7B4, 0xC7B4, 0xC7B4, 0xC7B4, 0xC7B4, 0xC7B4, 
0xC7B4, 0xC7B4, 0xC7B4, 0xC7B4, 0xC7B4, 0xC7B4, 0xC7B4, 0xC7B4, 0xC7B4, 0xC7B4, 0xC7B4, 0xC7B4, 
0xC7B4, 0xC7B4, 0xC7B4, 0xC7B4, 0xC7B4, 0xC7B4, 0x5DFF, 0x5DFF, 0x5DFF, 0x5DFF, 0x5DFF, 0x5DFF, 
0x5DFF, 0x5DFF, 0x5DFF, 0x5DFF, 0x5DFF, 0x5DFF, 0x5DFF, 0x5DFF, 0x5DFF, 0x5DFF, 0x5DFF, 0x5DFF, 
0x5DFF, 0x5DFF, 0x5DFF, 0x5DFF, 0x5DFF, 0x5DFF, 0x5DFF, 0x5DFF, 0x5DFF, 0x5DFF, 0x5DFF, 0x5DFF, 
0x5DFF, 0x5DFF, 0x5DFF, 0x5DFF, 0x5DFF, 0x5DFF, 0x5DFF, 0x5DFF, 0x5DFF, 0x5DFF, 0x5DFF, 0x5DFF, 
0x5DFF, 0x5DFF, 0x5DFF, 0x5DFF, 0x5DFF, 0x5DFF, 0xC7B4, 0xC7B4, 0xC7B4, 0xC7B4, 0xC7B4, 0xC7B4, 
0xC7B4, 0xC7B4, 0xC7B4, 0xC7B4, 0xC7B4, 0xC7B4, 0xC7B4, 0xC7B4, 0xC7B4, 0xC7B4, 0xC7B4, 0xC7B4, 
0xC7B4, 0xC7B4, 0xC7B4, 0xC7B4, 0x5DFF, 0x5DFF, 0x5DFF, 0x5DFF, 0x5DFF, 0x5DFF, 0x5DFF, 0x5DFF, 
0x5DFF, 0x5DFF, 0x5DFF, 0x5DFF, 0x5DFF, 0x5DFF, 0x5DFF, 0x5DFF, 0x5DFF, 0x5DFF, 0x5DFF, 0x5DFF, 
0x5DFF, 0x5DFF, 0x5DFF, 0x5DFF, 0x5DFF, 0x5DFF, 0x5DFF, 0x5DFF, 0xC7B4, 0xC7B4, 0xC7B4, 0xC7B4, 
0xC7B4, 0xC7B4, 0xC7B4, 0xC7B4, 0xC7B4, 0xC7B4, 0xC7B4, 0xC7B4, 0xC7B4, 0xC7B4, 0xC7B4, 0xC7B4, 
0xC7B4, 0xC7B4, 0xC7B4, 0xC7B4, 0xC7B4, 0xC7B4, 0xC7B4, 0xC7B4, 0xC7B4, 0xC7B4, 0xC7B4, 0xC7B4, 
0xC7B4, 0xC7B4, 0x5DFF, 0x5DFF, 0x5DFF, 0x5DFF, 0x5DFF, 0x5DFF, 0x5DFF, 0x5DFF, 0x5DFF, 0x5DFF, 
0x5DFF, 0x5DFF, 0x5DFF, 0x5DFF, 0x5DFF, 0x5DFF, 0x5DFF, 0x5DFF, 0x5DFF, 0x5DFF, 0x5DFF, 0x5DFF, 
0x5DFF, 0x5DFF, 0x5DFF, 0x5DFF, 0x5DFF, 0x5DFF, 0x5DFF, 0x5DFF, 0x5DFF, 0x5DFF, 0x5DFF, 0x5DFF, 
0x5DFF, 0x5DFF, 0x5DFF, 0x5DFF, 0x5DFF, 0x5DFF, 0x5DFF, 0x5DFF, 0x5DFF, 0x5DFF, 0x5DFF, 0x5DFF, 
0x5DFF, 0x5DFF, 0xC7B4, 0xC7B4, 0xC7B4, 0xC7B4, 0xC7B4, 0xC7B4, 0xC7B4, 0xC7B4, 0xC7B4, 0xC7B4, 
0xC7B4, 0xC7B4, 0xC7B4, 0xC7B4, 0xC7B4, 0xC7B4, 0xC7B4, 0xC7B4, 0xC7B4, 0xC7B4, 0xC7B4, 0xC7B4, 
0x5DFF, 0x5DFF, 0x5DFF, 0x5DFF, 0x5DFF, 0x5DFF, 0x5DFF, 0x5DFF, 0x5DFF, 0x5DFF, 0x5DFF, 0x5DFF, 
0x5DFF, 0x5DFF, 0x5DFF, 0x5DFF, 0x5DFF, 0x5DFF, 0x5DFF, 0x5DFF, 0x5DFF, 0x5DFF, 0x5DFF, 0x5DFF, 
0x5DFF, 0x5DFF, 0x5DFF, 0x5DFF, 0xC7B4, 0xC7B4, 0xC7B4, 0xC7B4, 0xC7B4, 0xC7B4, 0xC7B4, 0xC7B4, 
0xC7B4, 0xC7B4, 0xC7B4, 0xC7B4, 0xC7B4, 0xC7B4, 0xC7B4, 0xC7B4, 0xC7B4, 0xC7B4, 0xC7B4, 0xC7B4, 
0xC7B4, 0xC7B4, 0xC7B4, 0xC7B4, 0xC7B4, 0xC7B4, 0xC7B4, 0xC7B4, 0xC7B4, 0xC7B4, 0x5DFF, 0x5DFF, 
0x5DFF, 0x5DFF, 0x5DFF, 0x5DFF, 0x5DFF, 0x5DFF, 0x5DFF, 0x5DFF, 0x5DFF, 0x5DFF, 0x5DFF, 0x5DFF, 
0x5DFF, 0x5DFF, 0x5DFF, 0x5DFF, 0x5DFF, 0x5DFF, 0x5DFF, 0x5DFF, 0x5DFF, 0x5DFF, 0x5DFF, 0x5DFF, 
0x5DFF, 0x5DFF, 0x5DFF, 0x5DFF, 0x5DFF, 0x5DFF, 0x5DFF, 0x5DFF, 0x5DFF, 0x5DFF, 0x5DFF, 0x5DFF, 
0x5DFF, 0x5DFF, 0x5DFF, 0x5DFF, 0x5DFF, 0x5DFF, 0x5DFF, 0x5DFF, 0x5DFF, 0x5DFF, 0xC7B4, 0xC7B4, 
0xC7B4, 0xC7B4, 0xC7B4, 0xC7B4, 0xC7B4, 0xC7B4, 0xC7B4, 0xC7B4, 0xC7B4, 0xC7B4, 0xC7B4, 0xC7B4, 
0xC7B4, 0xC7B4, 0xC7B4, 0xC7B4, 0xC7B4, 0xC7B4, 0xC7B4, 0xC7B4, 0x5DFF, 0x5DFF, 0x5DFF, 0x5DFF, 
0x5DFF, 0x5DFF, 0x5DFF, 0x5DFF, 0x5DFF, 0x5DFF, 0x5DFF, 0x5DFF, 0x5DFF, 0x5DFF, 0x5DFF, 0x5DFF, 
0x5DFF, 0x5DFF, 0x5DFF, 0x5DFF, 0x5DFF, 0x5DFF, 0x5DFF, 0x5DFF, 0x5DFF, 0x5DFF, 0x5DFF, 0x5DFF, 
0xC7B4, 0xC7B4, 0xC7B4, 0xC7B4, 0xC7B4, 0xC7B4, 0xC7B4, 0xC7B4, 0xC7B4, 0xC7B4, 0xC7B4, 0xC7B4, 
0xC7B4, 0xC7B4, 0xC7B4, 0xC7B4, 0xC7B4, 0xC7B4, 0xC7B4, 0xC7B4, 0xC7B4, 0xC7B4, 0xC7B4, 0xC7B4, 
0xC7B4, 0xC7B4, 0xC7B4, 0xC7B4, 0xC7B4, 0xC7B4, 0x5DFF, 0x5DFF, 0x5DFF, 0x5DFF, 0x5DFF, 0x5DFF, 
0x5DFF, 0x5DFF, 0x5DFF, 0x5DFF, 0x5DFF, 0x5DFF, 0x5DFF, 0x5DFF, 0x5DFF, 0x5DFF, 0x5DFF, 0x5DFF, 
0x5DFF, 0x5DFF, 0x5DFF, 0x5DFF, 0x5DFF, 0x5DFF, 0x5DFF, 0x5DFF, 0x5DFF, 0x5DFF, 0x5DFF, 0x5DFF, 
0x5DFF, 0x5DFF, 0x5DFF, 0x5DFF, 0x5DFF, 0x5DFF, 0x5DFF, 0x5DFF, 0x5DFF, 0x5DFF, 0x5DFF, 0x5DFF, 
0x5DFF, 0x5DFF, 0x5DFF, 0x5DFF, 0x5DFF, 0x5DFF, 0xC7B4, 0xC7B4, 0xC7B4, 0xC7B4, 0xC7B4, 0xC7B4, 
0xC7B4, 0xC7B4, 0xC7B4, 0xC7B4, 0xC7B4, 0xC7B4, 0xC7B4, 0xC7B4, 0xC7B4, 0xC7B4, 0xC7B4, 0xC7B4, 
0xC7B4, 0xC7B4, 0xC7B4, 0xC7B4, 0x5DFF, 0x5DFF, 0x5DFF, 0x5DFF, 0x5DFF, 0x5DFF, 0x5DFF, 0x5DFF, 
0x5DFF, 0x5DFF, 0x5DFF, 0x5DFF, 0x5DFF, 0x5DFF, 0x5DFF, 0x5DFF, 0x5DFF, 0x5DFF, 0x5DFF, 0x5DFF, 
0x5DFF, 0x5DFF, 0x5DFF, 0x5DFF, 0x5DFF, 0x5DFF, 0x5DFF, 0x5DFF, 0xC7B4, 0xC7B4, 0xC7B4, 0xC7B4, 
0xC7B4, 0xC7B4, 0xC7B4, 0xC7B4, 0xC7B4, 0xC7B4, 0xC7B4, 0xC7B4, 0xC7B4, 0xC7B4, 0xC7B4, 0xC7B4, 
0xC7B4, 0xC7B4, 0xC7B4, 0xC7B4, 0xC7B4, 0xC7B4, 0xC7B4, 0xC7B4, 0xC7B4, 0xC7B4, 0xC7B4, 0xC7B4, 
0x5DFF, 0x5DFF, 0x5DFF, 0x5DFF, 0x5DFF, 0x5DFF, 0x5DFF, 0x5DFF, 0x5DFF, 0x5DFF, 0x5DFF, 0x5DFF, 
0x5DFF, 0x5DFF, 0x5DFF, 0x5DFF, 0x5DFF, 0x5DFF, 0x5DFF, 0x5DFF, 0x5DFF, 0x5DFF, 0x5DFF, 0x5DFF, 
0x5DFF, 0x5DFF, 0x5DFF, 0x5DFF, 0x5DFF, 0x5DFF, 0x5DFF, 0x5DFF, 0x5DFF, 0x5DFF, 0x5DFF, 0x5DFF, 
0x5DFF, 0x5DFF, 0x5DFF, 0x5DFF, 0x5DFF, 0x5DFF, 0x5DFF, 0x5DFF, 0x5DFF, 0x5DFF, 0x5DFF, 0x5DFF, 
0x5DFF, 0x5DFF, 0x5DFF, 0x5DFF, 0xC7B4, 0xC7B4, 0xC7B4, 0xC7B4, 0xC7B4, 0xC7B4, 0xC7B4, 0xC7B4, 
0xC7B4, 0xC7B4, 0xC7B4, 0xC7B4, 0xC7B4, 0xC7B4, 0xC7B4, 0xC7B4, 0xC7B4, 0xC7B4, 0x5DFF, 0x5DFF, 
0x5DFF, 0x5DFF, 0x5DFF, 0x5DFF, 0x5DFF, 0x5DFF, 0x5DFF, 0x5DFF, 0x5DFF, 0x5DFF, 0x5DFF, 0x5DFF, 
0x5DFF, 0x5DFF, 0x5DFF, 0x5DFF, 0x5DFF, 0x5DFF, 0x5DFF, 0x5DFF, 0x5DFF, 0x5DFF, 0x5DFF, 0x5DFF, 
0x5DFF, 0x5DFF, 0x5DFF, 0x5DFF, 0xC7B4, 0xC7B4, 0xC7B4, 0xC7B4, 0xC7B4, 0xC7B4, 0xC7B4, 0xC7B4, 
0xC7B4, 0xC7B4, 0xC7B4, 0xC7B4, 0xC7B4, 0xC7B4, 0xC7B4, 0xC7B4, 0xC7B4, 0xC7B4, 0xC7B4, 0xC7B4, 
0xC7B4, 0xC7B4, 0xC7B4, 0xC7B4, 0xC7B4, 0xC7B4, 0xC7B4, 0xC7B4, 0x5DFF, 0x5DFF, 0x5DFF, 0x5DFF, 
0x5DFF, 0x5DFF, 0x5DFF, 0x5DFF, 0x5DFF, 0x5DFF, 0x5DFF, 0x5DFF, 0x5DFF, 0x5DFF, 0x5DFF, 0x5DFF, 
0x5DFF, 0x5DFF, 0x5DFF, 0x5DFF, 0x5DFF, 0x5DFF, 0x5DFF, 0x5DFF, 0x5DFF, 0x5DFF, 0x5DFF, 0x5DFF, 
0x5DFF, 0x5DFF, 0x5DFF, 0x5DFF, 0x5DFF, 0x5DFF, 0x5DFF, 0x5DFF, 0x5DFF, 0x5DFF, 0x5DFF, 0x5DFF, 
0x5DFF, 0x5DFF, 0x5DFF, 0x5DFF, 0x5DFF, 0x5DFF, 0x5DFF, 0x5DFF, 0x5DFF, 0x5DFF, 0x5DFF, 0x5DFF, 
0xC7B4, 0xC7B4, 0xC7B4, 0xC7B4, 0xC7B4, 0xC7B4, 0xC7B4, 0xC7B4, 0xC7B4, 0xC7B4, 0xC7B4, 0xC7B4, 
0xC7B4, 0xC7B4, 0xC7B4, 0xC7B4, 0xC7B4, 0xC7B4, 0x5DFF, 0x5DFF, 0x5DFF, 0x5DFF, 0x5DFF, 0x5DFF, 
0x5DFF, 0x5DFF, 0x5DFF, 0x5DFF, 0x5DFF, 0x5DFF, 0x5DFF, 0x5DFF, 0x5DFF, 0x5DFF, 0x5DFF, 0x5DFF, 
0x5DFF, 0x5DFF, 0x5DFF, 0x5DFF, 0x5DFF, 0x5DFF, 0x5DFF, 0x5DFF, 0x5DFF, 0x5DFF, 0x5DFF, 0x5DFF, 
0x5DFF, 0x5DFF, 0xC7B4, 0xC7B4, 0xC7B4, 0xC7B4, 0xC7B4, 0xC7B4, 0xC7B4, 0xC7B4, 0xC7B4, 0xC7B4, 
0xC7B4, 0xC7B4, 0xC7B4, 0xC7B4, 0xC7B4, 0xC7B4, 0xC7B4, 0xC7B4, 0xC7B4, 0xC7B4, 0xC7B4, 0xC7B4, 
0xC7B4, 0xC7B4, 0x5DFF, 0x5DFF, 0x5DFF, 0x5DFF, 0x5DFF, 0x5DFF, 0x5DFF, 0x5DFF, 0x5DFF, 0x5DFF, 
0x5DFF, 0x5DFF, 0x5DFF, 0x5DFF, 0x5DFF, 0x5DFF, 0x5DFF, 0x5DFF, 0x5DFF, 0x5DFF, 0x5DFF, 0x5DFF, 
0x5DFF, 0x5DFF, 0x5DFF, 0x5DFF, 0x5DFF, 0x5DFF, 0x5DFF, 0x5DFF, 0x5DFF, 0x5DFF, 0x5DFF, 0x5DFF, 
0x5DFF, 0x5DFF, 0x5DFF, 0x5DFF, 0x5DFF, 0x5DFF, 0x5DFF, 0x5DFF, 0x5DFF, 0x5DFF, 0x5DFF, 0x5DFF, 
0x5DFF, 0x5DFF, 0x5DFF, 0x5DFF, 0x5DFF, 0x5DFF, 0x5DFF, 0x5DFF, 0x5DFF, 0x5DFF, 0x5DFF, 0x5DFF, 
0xC7B4, 0xC7B4, 0xC7B4, 0xC7B4, 0xC7B4, 0xC7B4, 0xC7B4, 0xC7B4, 0xC7B4, 0xC7B4, 0x5DFF, 0x5DFF, 
0x5DFF, 0x5DFF, 0x5DFF, 0x5DFF, 0x5DFF, 0x5DFF, 0x5DFF, 0x5DFF, 0x5DFF, 0x5DFF, 0x5DFF, 0x5DFF, 
0x5DFF, 0x5DFF, 0x5DFF, 0x5DFF, 0x5DFF, 0x5DFF, 0x5DFF, 0x5DFF, 0x5DFF, 0x5DFF, 0x5DFF, 0x5DFF, 
0x5DFF, 0x5DFF, 0x5DFF, 0x5DFF, 0x5DFF, 0x5DFF, 0x5DFF, 0x5DFF, 0x5DFF, 0x5DFF, 0xC7B4, 0xC7B4, 
0xC7B4, 0xC7B4, 0xC7B4, 0xC7B4, 0xC7B4, 0xC7B4, 0xC7B4, 0xC7B4, 0xC7B4, 0xC7B4, 0xC7B4, 0xC7B4, 
0xC7B4, 0xC7B4, 0xC7B4, 0xC7B4, 0xC7B4, 0xC7B4, 0xC7B4, 0xC7B4, 0xC7B4, 0xC7B4, 0x5DFF, 0x5DFF, 
0x5DFF, 0x5DFF, 0x5DFF, 0x5DFF, 0x5DFF, 0x5DFF, 0x5DFF, 0x5DFF, 0x5DFF, 0x5DFF, 0x5DFF, 0x5DFF, 
0x5DFF, 0x5DFF, 0x5DFF, 0x5DFF, 0x5DFF, 0x5DFF, 0x5DFF, 0x5DFF, 0x5DFF, 0x5DFF, 0x5DFF, 0x5DFF, 
0x5DFF, 0x5DFF, 0x5DFF, 0x5DFF, 0x5DFF, 0x5DFF, 0x5DFF, 0x5DFF, 0x5DFF, 0x5DFF, 0x5DFF, 0x5DFF, 
0x5DFF, 0x5DFF, 0x5DFF, 0x5DFF, 0x5DFF, 0x5DFF, 0x5DFF, 0x5DFF, 0x5DFF, 0x5DFF, 0x5DFF, 0x5DFF, 
0x5DFF, 0x5DFF, 0x5DFF, 0x5DFF, 0x5DFF, 0x5DFF, 0x5DFF, 0x5DFF, 0xC7B4, 0xC7B4, 0xC7B4, 0xC7B4, 
0xC7B4, 0xC7B4, 0xC7B4, 0xC7B4, 0xC7B4, 0xC7B4, 0x5DFF, 0x5DFF, 0x5DFF, 0x5DFF, 0x5DFF, 0x5DFF, 
0x5DFF, 0x5DFF, 0x5DFF, 0x5DFF, 0x5DFF, 0x5DFF, 0x5DFF, 0x5DFF, 0x5DFF, 0x5DFF, 0x5DFF, 0x5DFF, 
0x5DFF, 0x5DFF, 0x5DFF, 0x5DFF, 0x5DFF, 0x5DFF, 0x5DFF, 0x5DFF, 0x5DFF, 0x5DFF, 0x5DFF, 0x5DFF, 
0x5DFF, 0x5DFF, 0x5DFF, 0x5DFF, 0x5DFF, 0x5DFF, 0x5DFF, 0x5DFF, 0xC7B4, 0xC7B4, 0xC7B4, 0xC7B4, 
0xC7B4, 0xC7B4, 0xC7B4, 0xC7B4, 0xC7B4, 0xC7B4, 0xC7B4, 0xC7B4, 0xC7B4, 0xC7B4, 0xC7B4, 0xC7B4, 
0xC7B4, 0xC7B4, 0xC7B4, 0xC7B4, 0x5DFF, 0x5DFF, 0x5DFF, 0x5DFF, 0x5DFF, 0x5DFF, 0x5DFF, 0x5DFF, 
0x5DFF, 0x5DFF, 0x5DFF, 0x5DFF, 0x5DFF, 0x5DFF, 0x5DFF, 0x5DFF, 0x5DFF, 0x5DFF, 0x5DFF, 0x5DFF, 
0x5DFF, 0x5DFF, 0x5DFF, 0x5DFF, 0x5DFF, 0x5DFF, 0x5DFF, 0x5DFF, 0x5DFF, 0x5DFF, 0x5DFF, 0x5DFF, 
0x5DFF, 0x5DFF, 0x5DFF, 0x5DFF, 0x5DFF, 0x5DFF, 0x5DFF, 0x5DFF, 0x5DFF, 0x5DFF, 0x5DFF, 0x5DFF, 
0x5DFF, 0x5DFF, 0x5DFF, 0x5DFF, 0x5DFF, 0x5DFF, 0x5DFF, 0x5DFF, 0x5DFF, 0x5DFF, 0x5DFF, 0x5DFF, 
0x5DFF, 0x5DFF, 0x5DFF, 0x5DFF, 0x5DFF, 0x5DFF, 0xC7B4, 0xC7B4, 0xC7B4, 0xC7B4, 0xC7B4, 0xC7B4, 
0x5DFF, 0x5DFF, 0x5DFF, 0x5DFF, 0x5DFF, 0x5DFF, 0x5DFF, 0x5DFF, 0x5DFF, 0x5DFF, 0x5DFF, 0x5DFF, 
0x5DFF, 0x5DFF, 0x5DFF, 0x5DFF, 0x5DFF, 0x5DFF, 0x5DFF, 0x5DFF, 0x5DFF, 0x5DFF, 0x5DFF, 0x5DFF, 
0x5DFF, 0x5DFF, 0x5DFF, 0x5DFF, 0x5DFF, 0x5DFF, 0x5DFF, 0x5DFF, 0x5DFF, 0x5DFF, 0x5DFF, 0x5DFF, 
0x5DFF, 0x5DFF, 0x5DFF, 0x5DFF, 0xC7B4, 0xC7B4, 0xC7B4, 0xC7B4, 0xC7B4, 0xC7B4, 0xC7B4, 0xC7B4, 
0xC7B4, 0xC7B4, 0xC7B4, 0xC7B4, 0xC7B4, 0xC7B4, 0xC7B4, 0xC7B4, 0xC7B4, 0xC7B4, 0xC7B4, 0xC7B4, 
0x5DFF, 0x5DFF, 0x5DFF, 0x5DFF, 0x5DFF, 0x5DFF, 0x5DFF, 0x5DFF, 0x5DFF, 0x5DFF, 0x5DFF, 0x5DFF, 
0x5DFF, 0x5DFF, 0x5DFF, 0x5DFF, 0x5DFF, 0x5DFF, 0x5DFF, 0x5DFF, 0x5DFF, 0x5DFF, 0x5DFF, 0x5DFF, 
0x5DFF, 0x5DFF, 0x5DFF, 0x5DFF, 0x5DFF, 0x5DFF, 0x5DFF, 0x5DFF, 0x5DFF, 0x5DFF, 0x5DFF, 0x5DFF, 
0x5DFF, 0x5DFF, 0x5DFF, 0x5DFF, 0x5DFF, 0x5DFF, 0x5DFF, 0x5DFF, 0x5DFF, 0x5DFF, 0x5DFF, 0x5DFF, 
0x5DFF, 0x5DFF, 0x5DFF, 0x5DFF, 0x5DFF, 0x5DFF, 0x5DFF, 0x5DFF, 0x5DFF, 0x5DFF, 0x5DFF, 0x5DFF, 
0x5DFF, 0x5DFF, 0xC7B4, 0xC7B4, 0xC7B4, 0xC7B4, 0xC7B4, 0xC7B4, 0x5DFF, 0x5DFF, 0x5DFF, 0x5DFF, 
0x5DFF, 0x5DFF, 0x5DFF, 0x5DFF, 0x5DFF, 0x5DFF, 0x5DFF, 0x5DFF, 0x5DFF, 0x5DFF, 0x5DFF, 0x5DFF, 
0x5DFF, 0x5DFF, 0x5DFF, 0x5DFF, 0x5DFF, 0x5DFF, 0x5DFF, 0x5DFF, 0x5DFF, 0x5DFF, 0x5DFF, 0x5DFF, 
0x5DFF, 0x5DFF, 0x5DFF, 0x5DFF, 0x5DFF, 0x5DFF, 0x5DFF, 0x5DFF, 0x5DFF, 0x5DFF, 0x5DFF, 0x5DFF, 
0x5DFF, 0x5DFF, 0xC7B4, 0xC7B4, 0xC7B4, 0xC7B4, 0xC7B4, 0xC7B4, 0xC7B4, 0xC7B4, 0xC7B4, 0xC7B4, 
0xC7B4, 0xC7B4, 0xC7B4, 0xC7B4, 0xC7B4, 0xC7B4, 0x5DFF, 0x5DFF, 0x5DFF, 0x5DFF, 0x5DFF, 0x5DFF, 
0x5DFF, 0x5DFF, 0x5DFF, 0x5DFF, 0x5DFF, 0x5DFF, 0x5DFF, 0x5DFF, 0x5DFF, 0x5DFF, 0x5DFF, 0x5DFF, 
0x5DFF, 0x5DFF, 0x5DFF, 0x5DFF, 0x5DFF, 0x5DFF, 0x5DFF, 0x5DFF, 0x5DFF, 0x5DFF, 0x5DFF, 0x5DFF, 
0x5DFF, 0x5DFF, 0x5DFF, 0x5DFF, 0x5DFF, 0x5DFF, 0x5DFF, 0x5DFF, 0x5DFF, 0x5DFF, 0x5DFF, 0x5DFF, 
0x5DFF, 0x5DFF, 0x5DFF, 0x5DFF, 0x5DFF, 0x5DFF, 0x5DFF, 0x5DFF, 0x5DFF, 0x5DFF, 0x5DFF, 0x5DFF, 
0x5DFF, 0x5DFF, 0x5DFF, 0x5DFF, 0x5DFF, 0x5DFF, 0x5DFF, 0x5DFF, 0x5DFF, 0x5DFF, 0x5DFF, 0x5DFF, 
0x5DFF, 0x5DFF, 0x5DFF, 0x5DFF, 0x5DFF, 0x5DFF, 0x5DFF, 0x5DFF, 0x5DFF, 0x5DFF, 0x5DFF, 0x5DFF, 
0x5DFF, 0x5DFF, 0x5DFF, 0x5DFF, 0x5DFF, 0x5DFF, 0x5DFF, 0x5DFF, 0x5DFF, 0x5DFF, 0x5DFF, 0x5DFF, 
0x5DFF, 0x5DFF, 0x5DFF, 0x5DFF, 0x5DFF, 0x5DFF, 0x5DFF, 0x5DFF, 0x5DFF, 0x5DFF, 0x5DFF, 0x5DFF, 
0x5DFF, 0x5DFF, 0x5DFF, 0x5DFF, 0x5DFF, 0x5DFF, 0x5DFF, 0x5DFF, 0x5DFF, 0x5DFF, 0xC7B4, 0xC7B4, 
0xC7B4, 0xC7B4, 0xC7B4, 0xC7B4, 0xC7B4, 0xC7B4, 0xC7B4, 0xC7B4, 0xC7B4, 0xC7B4, 0xC7B4, 0xC7B4, 
0xC7B4, 0xC7B4, 0x5DFF, 0x5DFF, 0x5DFF, 0x5DFF, 0x5DFF, 0x5DFF, 0x5DFF, 0x5DFF, 0x5DFF, 0x5DFF, 
0x5DFF, 0x5DFF, 0x5DFF, 0x5DFF, 0x5DFF, 0x5DFF, 0x5DFF, 0x5DFF, 0x5DFF, 0x5DFF, 0x5DFF, 0x5DFF, 
0x5DFF, 0x5DFF, 0x5DFF, 0x5DFF, 0x5DFF, 0x5DFF, 0x5DFF, 0x5DFF, 0x5DFF, 0x5DFF, 0x5DFF, 0x5DFF, 
0x5DFF, 0x5DFF, 0x5DFF, 0x5DFF, 0x5DFF, 0x5DFF, 0x5DFF, 0x5DFF, 0x5DFF, 0x5DFF, 0x5DFF, 0x5DFF, 
0x5DFF, 0x5DFF, 0x5DFF, 0x5DFF, 0x5DFF, 0x5DFF, 0x5DFF, 0x5DFF, 0x5DFF, 0x5DFF, 0x5DFF, 0x5DFF, 
0x5DFF, 0x5DFF, 0x5DFF, 0x5DFF, 0x5DFF, 0x5DFF, 0x5DFF, 0x5DFF, 0x5DFF, 0x5DFF, 0x5DFF, 0x5DFF, 
0x5DFF, 0x5DFF, 0x5DFF, 0x5DFF, 0x5DFF, 0x5DFF, 0x5DFF, 0x5DFF, 0x5DFF, 0x5DFF, 0x5DFF, 0x5DFF, 
0x5DFF, 0x5DFF, 0x5DFF, 0x5DFF, 0x5DFF, 0x5DFF, 0x5DFF, 0x5DFF, 0x5DFF, 0x5DFF, 0x5DFF, 0x5DFF, 
0x5DFF, 0x5DFF, 0x5DFF, 0x5DFF, 0x5DFF, 0x5DFF, 0x5DFF, 0x5DFF, 0x5DFF, 0x5DFF, 0x5DFF, 0x5DFF, 
0x5DFF, 0x5DFF, 0x5DFF, 0x5DFF, 0x5DFF, 0x5DFF, 0x5DFF, 0x5DFF, 0x5DFF, 0x5DFF, 0x5DFF, 0x5DFF, 
0xC7B4, 0xC7B4, 0xC7B4, 0xC7B4, 0xC7B4, 0xC7B4, 0xC7B4, 0xC7B4, 0x5DFF, 0x5DFF, 0x5DFF, 0x5DFF, 
0x5DFF, 0x5DFF, 0x5DFF, 0x5DFF, 0x5DFF, 0x5DFF, 0x5DFF, 0x5DFF, 0x5DFF, 0x5DFF, 0x5DFF, 0x5DFF, 
0x5DFF, 0x5DFF, 0x5DFF, 0x5DFF, 0x5DFF, 0x5DFF, 0x5DFF, 0x5DFF, 0x5DFF, 0x5DFF, 0x5DFF, 0x5DFF, 
0x5DFF, 0x5DFF, 0x5DFF, 0x5DFF, 0x5DFF, 0x5DFF, 0x5DFF, 0x5DFF, 0x5DFF, 0x5DFF, 0x5DFF, 0x5DFF, 
0x5DFF, 0x5DFF, 0x5DFF, 0x5DFF, 0x5DFF, 0x5DFF, 0x5DFF, 0x5DFF, 0x5DFF, 0x5DFF, 0x5DFF, 0x5DFF, 
0x5DFF, 0x5DFF, 0x5DFF, 0x5DFF, 0x5DFF, 0x5DFF, 0x5DFF, 0x5DFF, 0x5DFF, 0x5DFF, 0x5DFF, 0x5DFF, 
0x5DFF, 0x5DFF, 0x5DFF, 0x5DFF, 0x5DFF, 0x5DFF, 0x5DFF, 0x5DFF, 0x5DFF, 0x5DFF, 0x5DFF, 0x5DFF, 
0x5DFF, 0x5DFF, 0x5DFF, 0x5DFF, 0x5DFF, 0x5DFF, 0x5DFF, 0x5DFF, 0x5DFF, 0x5DFF, 0x5DFF, 0x5DFF, 
0x5DFF, 0x5DFF, 0x5DFF, 0x5DFF, 0x5DFF, 0x5DFF, 0x5DFF, 0x5DFF, 0x5DFF, 0x5DFF, 0x5DFF, 0x5DFF, 
0x5DFF, 0x5DFF, 0x5DFF, 0x5DFF, 0x5DFF, 0x5DFF, 0x5DFF, 0x5DFF, 0x5DFF, 0x5DFF, 0x5DFF, 0x5DFF, 
0x5DFF, 0x5DFF, 0x5DFF, 0x5DFF, 0x5DFF, 0x5DFF, 0x5DFF, 0x5DFF, 0xC7B4, 0xC7B4, 0xC7B4, 0xC7B4, 
0xC7B4, 0xC7B4, 0xC7B4, 0xC7B4, 0x5DFF, 0x5DFF, 0x5DFF, 0x5DFF, 0x5DFF, 0x5DFF, 0x5DFF, 0x5DFF, 
0x5DFF, 0x5DFF, 0x5DFF, 0x5DFF, 0x5DFF, 0x5DFF, 0x5DFF, 0x5DFF, 0x5DFF, 0x5DFF, 0x5DFF, 0x5DFF, 
0x5DFF, 0x5DFF, 0x5DFF, 0x5DFF, 0x5DFF, 0x5DFF, 0x5DFF, 0x5DFF, 0x5DFF, 0x5DFF, 0x5DFF, 0x5DFF, 
0x5DFF, 0x5DFF, 0x5DFF, 0x5DFF, 0x5DFF, 0x5DFF, 0x5DFF, 0x5DFF, 0x5DFF, 0x5DFF, 0x5DFF, 0x5DFF, 
0x5DFF, 0x5DFF, 0x5DFF, 0x5DFF, 0x5DFF, 0x5DFF, 0x5DFF, 0x5DFF, 0x5DFF, 0x5DFF, 0x5DFF, 0x5DFF, 
0x5DFF, 0x5DFF, 0x5DFF, 0x5DFF, 0x5DFF, 0x5DFF, 0x5DFF, 0x5DFF, 0x5DFF, 0x5DFF, 0x5DFF, 0x5DFF, 
0x5DFF, 0x5DFF, 0x5DFF, 0x5DFF, 0x5DFF, 0x5DFF, 0x5DFF, 0x5DFF, 0x5DFF, 0x5DFF, 0x5DFF, 0x5DFF, 
0x5DFF, 0x5DFF, 0x5DFF, 0x5DFF, 0x5DFF, 0x5DFF, 0x5DFF, 0x5DFF, 0x5DFF, 0x5DFF, 0x5DFF, 0x5DFF, 
0x5DFF, 0x5DFF, 0x5DFF, 0x5DFF, 0x5DFF, 0x5DFF, 0x5DFF, 0x5DFF, 0x5DFF, 0x5DFF, 0x5DFF, 0x5DFF, 
0x5DFF, 0x5DFF, 0x5DFF, 0x5DFF, 0x5DFF, 0x5DFF, 0x5DFF, 0x5DFF, 0x5DFF, 0x5DFF, 0x5DFF, 0x5DFF, 
0x5DFF, 0x5DFF, 0x5DFF, 0x5DFF, 0x5DFF, 0x5DFF, 0x5DFF, 0x5DFF, 0x5DFF, 0x5DFF, 0x5DFF, 0x5DFF, 
0x5DFF, 0x5DFF, 0x5DFF, 0x5DFF, 0x5DFF, 0x5DFF, 0x5DFF, 0x5DFF, 0x5DFF, 0x5DFF, 0x5DFF, 0x5DFF, 
0x5DFF, 0x5DFF, 0x5DFF, 0x5DFF, 0x5DFF, 0x5DFF, 0x5DFF, 0x5DFF, 0x34AD, 0x34AD, 0x34AD, 0x34AD, 
0x34AD, 0x34AD, 0x5DFF, 0x5DFF, 0x5DFF, 0x5DFF, 0x5DFF, 0x5DFF, 0x5DFF, 0x5DFF, 0x5DFF, 0x5DFF, 
0x5DFF, 0x5DFF, 0x5DFF, 0x5DFF, 0x5DFF, 0x5DFF, 0x5DFF, 0x5DFF, 0x5DFF, 0x5DFF, 0x5DFF, 0x5DFF, 
0x5DFF, 0x5DFF, 0x34AD, 0x34AD, 0x34AD, 0x34AD, 0x34AD, 0x34AD, 0x34AD, 0x34AD, 0x5DFF, 0x5DFF, 
0x5DFF, 0x5DFF, 0x5DFF, 0x5DFF, 0x5DFF, 0x5DFF, 0x5DFF, 0x5DFF, 0x5DFF, 0x5DFF, 0x5DFF, 0x5DFF, 
0x5DFF, 0x5DFF, 0x5DFF, 0x5DFF, 0x5DFF, 0x5DFF, 0x5DFF, 0x5DFF, 0x5DFF, 0x5DFF, 0x5DFF, 0x5DFF, 
0x5DFF, 0x5DFF, 0x5DFF, 0x5DFF, 0x5DFF, 0x5DFF, 0x5DFF, 0x5DFF, 0x5DFF, 0x5DFF, 0x5DFF, 0x5DFF, 
0x5DFF, 0x5DFF, 0x5DFF, 0x5DFF, 0x5DFF, 0x5DFF, 0x5DFF, 0x5DFF, 0x5DFF, 0x5DFF, 0x5DFF, 0x5DFF, 
0x5DFF, 0x5DFF, 0x5DFF, 0x5DFF, 0x5DFF, 0x5DFF, 0x5DFF, 0x5DFF, 0x5DFF, 0x5DFF, 0x5DFF, 0x5DFF, 
0x5DFF, 0x5DFF, 0x5DFF, 0x5DFF, 0x5DFF, 0x5DFF, 0x5DFF, 0x5DFF, 0x5DFF, 0x5DFF, 0x5DFF, 0x5DFF, 
0x5DFF, 0x5DFF, 0x5DFF, 0x5DFF, 0x5DFF, 0x5DFF, 0x5DFF, 0x5DFF, 0x5DFF, 0x5DFF, 0x5DFF, 0x5DFF, 
0x5DFF, 0x5DFF, 0x5DFF, 0x5DFF, 0x34AD, 0x34AD, 0x34AD, 0x34AD, 0x34AD, 0x34AD, 0x5DFF, 0x5DFF, 
0x5DFF, 0x5DFF, 0x5DFF, 0x5DFF, 0x5DFF, 0x5DFF, 0x5DFF, 0x5DFF, 0x5DFF, 0x5DFF, 0x5DFF, 0x5DFF, 
0x5DFF, 0x5DFF, 0x5DFF, 0x5DFF, 0x5DFF, 0x5DFF, 0x5DFF, 0x5DFF, 0x5DFF, 0x5DFF, 0x34AD, 0x34AD, 
0x34AD, 0x34AD, 0x34AD, 0x34AD, 0x34AD, 0x34AD, 0x5DFF, 0x5DFF, 0x5DFF, 0x5DFF, 0x5DFF, 0x5DFF, 
0x5DFF, 0x5DFF, 0x5DFF, 0x5DFF, 0x5DFF, 0x5DFF, 0x5DFF, 0x5DFF, 0x5DFF, 0x5DFF, 0x5DFF, 0x5DFF, 
0x5DFF, 0x5DFF, 0x5DFF, 0x5DFF, 0x5DFF, 0x5DFF, 0x5DFF, 0x5DFF, 0x5DFF, 0x5DFF, 0x5DFF, 0x5DFF, 
0x5DFF, 0x5DFF, 0x5DFF, 0x5DFF, 0x5DFF, 0x5DFF, 0x5DFF, 0x5DFF, 0x5DFF, 0x5DFF, 0x5DFF, 0x5DFF, 
0x5DFF, 0x5DFF, 0x5DFF, 0x5DFF, 0x5DFF, 0x5DFF, 0x5DFF, 0x5DFF, 0x5DFF, 0x5DFF, 0x5DFF, 0x5DFF, 
0x5DFF, 0x5DFF, 0x5DFF, 0x5DFF, 0x5DFF, 0x5DFF, 0x5DFF, 0x5DFF, 0x5DFF, 0x5DFF, 0x5DFF, 0x5DFF, 
0x5DFF, 0x5DFF, 0x5DFF, 0x5DFF, 0x5DFF, 0x5DFF, 0x5DFF, 0x5DFF, 0x5DFF, 0x5DFF, 0x5DFF, 0x5DFF, 
0x5DFF, 0x5DFF, 0x5DFF, 0x5DFF, 0x5DFF, 0x5DFF, 0x5DFF, 0x5DFF, 0x5DFF, 0x5DFF, 0x34AD, 0x34AD, 
0x34AD, 0x34AD, 0x34AD, 0x34AD, 0x34AD, 0x34AD, 0x34AD, 0x34AD, 0x5DFF, 0x5DFF, 0x5DFF, 0x5DFF, 
0x5DFF, 0x5DFF, 0x5DFF, 0x5DFF, 0x5DFF, 0x5DFF, 0x5DFF, 0x5DFF, 0x5DFF, 0x5DFF, 0x5DFF, 0x5DFF, 
0x5DFF, 0x5DFF, 0x5DFF, 0x5DFF, 0x34AD, 0x34AD, 0x34AD, 0x34AD, 0x34AD, 0x34AD, 0x34AD, 0x34AD, 
0x34AD, 0x34AD, 0x34AD, 0x34AD, 0x5DFF, 0x5DFF, 0x5DFF, 0x5DFF, 0x5DFF, 0x5DFF, 0x5DFF, 0x5DFF, 
0x5DFF, 0x5DFF, 0x5DFF, 0x5DFF, 0x5DFF, 0x5DFF, 0x5DFF, 0x5DFF, 0x5DFF, 0x5DFF, 0x5DFF, 0x5DFF, 
0x5DFF, 0x5DFF, 0x5DFF, 0x5DFF, 0x5DFF, 0x5DFF, 0x5DFF, 0x5DFF, 0x5DFF, 0x5DFF, 0x5DFF, 0x5DFF, 
0x5DFF, 0x5DFF, 0x5DFF, 0x5DFF, 0x5DFF, 0x5DFF, 0x5DFF, 0x5DFF, 0x5DFF, 0x5DFF, 0x5DFF, 0x5DFF, 
0x5DFF, 0x5DFF, 0x5DFF, 0x5DFF, 0x5DFF, 0x5DFF, 0x5DFF, 0x5DFF, 0x5DFF, 0x5DFF, 0x5DFF, 0x5DFF, 
0x5DFF, 0x5DFF, 0x5DFF, 0x5DFF, 0x5DFF, 0x5DFF, 0x5DFF, 0x5DFF, 0x5DFF, 0x5DFF, 0x5DFF, 0x5DFF, 
0x5DFF, 0x5DFF, 0x5DFF, 0x5DFF, 0x5DFF, 0x5DFF, 0x5DFF, 0x5DFF, 0x5DFF, 0x5DFF, 0x5DFF, 0x5DFF, 
0x5DFF, 0x5DFF, 0x5DFF, 0x5DFF, 0x5DFF, 0x5DFF, 0x34AD, 0x34AD, 0x34AD, 0x34AD, 0x34AD, 0x34AD, 
0x34AD, 0x34AD, 0x34AD, 0x34AD, 0x5DFF, 0x5DFF, 0x5DFF, 0x5DFF, 0x5DFF, 0x5DFF, 0x5DFF, 0x5DFF, 
0x5DFF, 0x5DFF, 0x5DFF, 0x5DFF, 0x5DFF, 0x5DFF, 0x5DFF, 0x5DFF, 0x5DFF, 0x5DFF, 0x5DFF, 0x5DFF, 
0x34AD, 0x34AD, 0x34AD, 0x34AD, 0x34AD, 0x34AD, 0x34AD, 0x34AD, 0x34AD, 0x34AD, 0x34AD, 0x34AD, 
0x5DFF, 0x5DFF, 0x5DFF, 0x5DFF, 0x5DFF, 0x5DFF, 0x5DFF, 0x5DFF, 0x5DFF, 0x5DFF, 0x5DFF, 0x5DFF, 
0x5DFF, 0x5DFF, 0x5DFF, 0x5DFF, 0x5DFF, 0x5DFF, 0x5DFF, 0x5DFF, 0x5DFF, 0x5DFF, 0x5DFF, 0x5DFF, 
0x5DFF, 0x5DFF, 0x5DFF, 0x5DFF, 0x5DFF, 0x5DFF, 0x5DFF, 0x5DFF, 0x5DFF, 0x5DFF, 0x5DFF, 0x5DFF, 
0x5DFF, 0x5DFF, 0x5DFF, 0x5DFF, 0x5DFF, 0x5DFF, 0x5DFF, 0x5DFF, 0x5DFF, 0x5DFF, 0x5DFF, 0x5DFF, 
0x5DFF, 0x5DFF, 0x5DFF, 0x5DFF, 0x5DFF, 0x5DFF, 0x5DFF, 0x5DFF, 0x5DFF, 0x5DFF, 0x5DFF, 0x5DFF, 
0x5DFF, 0x5DFF, 0x5DFF, 0x5DFF, 0x5DFF, 0x5DFF, 0x5DFF, 0x5DFF, 0x5DFF, 0x5DFF, 0x5DFF, 0x5DFF, 
0x5DFF, 0x5DFF, 0x5DFF, 0x5DFF, 0x5DFF, 0x5DFF, 0x5DFF, 0x5DFF, 0x5DFF, 0x5DFF, 0x5DFF, 0x5DFF, 
0x34AD, 0x34AD, 0x34AD, 0x34AD, 0x31E7, 0x31E7, 0x31E7, 0x31E7, 0x31E7, 0x31E7, 0x34AD, 0x34AD, 
0x34AD, 0x34AD, 0x5DFF, 0x5DFF, 0x5DFF, 0x5DFF, 0x5DFF, 0x5DFF, 0x5DFF, 0x5DFF, 0x5DFF, 0x5DFF, 
0x5DFF, 0x5DFF, 0x5DFF, 0x5DFF, 0x5DFF, 0x5DFF, 0x34AD, 0x34AD, 0x34AD, 0x34AD, 0x34AD, 0x34AD, 
0x31E7, 0x31E7, 0x31E7, 0x31E7, 0x31E7, 0x31E7, 0x34AD, 0x34AD, 0x34AD, 0x34AD, 0x5DFF, 0x5DFF, 
0x5DFF, 0x5DFF, 0x5DFF, 0x5DFF, 0x5DFF, 0x5DFF, 0x5DFF, 0x5DFF, 0x5DFF, 0x5DFF, 0x5DFF, 0x5DFF, 
0x5DFF, 0x5DFF, 0x5DFF, 0x5DFF, 0x5DFF, 0x5DFF, 0x5DFF, 0x5DFF, 0x5DFF, 0x5DFF, 0x5DFF, 0x5DFF, 
0x5DFF, 0x5DFF, 0x5DFF, 0x5DFF, 0x5DFF, 0x5DFF, 0x5DFF, 0x5DFF, 0x5DFF, 0x5DFF, 0x5DFF, 0x5DFF, 
0x5DFF, 0x5DFF, 0x5DFF, 0x5DFF, 0x5DFF, 0x5DFF, 0x5DFF, 0x5DFF, 0x5DFF, 0x5DFF, 0x5DFF, 0x5DFF, 
0x5DFF, 0x5DFF, 0x5DFF, 0x5DFF, 0x5DFF, 0x5DFF, 0x5DFF, 0x5DFF, 0x5DFF, 0x5DFF, 0x5DFF, 0x5DFF, 
0x5DFF, 0x5DFF, 0x5DFF, 0x5DFF, 0x5DFF, 0x5DFF, 0x5DFF, 0x5DFF, 0x5DFF, 0x5DFF, 0x5DFF, 0x5DFF, 
0x5DFF, 0x5DFF, 0x5DFF, 0x5DFF, 0x5DFF, 0x5DFF, 0x5DFF, 0x5DFF, 0x34AD, 0x34AD, 0x34AD, 0x34AD, 
0x31E7, 0x31E7, 0x31E7, 0x31E7, 0x31E7, 0x31E7, 0x34AD, 0x34AD, 0x34AD, 0x34AD, 0x5DFF, 0x5DFF, 
0x5DFF, 0x5DFF, 0x5DFF, 0x5DFF, 0x5DFF, 0x5DFF, 0x5DFF, 0x5DFF, 0x5DFF, 0x5DFF, 0x5DFF, 0x5DFF, 
0x5DFF, 0x5DFF, 0x34AD, 0x34AD, 0x34AD, 0x34AD, 0x34AD, 0x34AD, 0x31E7, 0x31E7, 0x31E7, 0x31E7, 
0x31E7, 0x31E7, 0x34AD, 0x34AD, 0x34AD, 0x34AD, 0x5DFF, 0x5DFF, 0x5DFF, 0x5DFF, 0x5DFF, 0x5DFF, 
0x5DFF, 0x5DFF, 0x5DFF, 0x5DFF, 0x5DFF, 0x5DFF, 0x5DFF, 0x5DFF, 0x5DFF, 0x5DFF, 0x5DFF, 0x5DFF, 
0x5DFF, 0x5DFF, 0x5DFF, 0x5DFF, 0x5DFF, 0x5DFF, 0x5DFF, 0x5DFF, 0x5DFF, 0x5DFF, 0x5DFF, 0x5DFF, 
0x5DFF, 0x5DFF, 0x5DFF, 0x5DFF, 0x5DFF, 0x5DFF, 0x5DFF, 0x5DFF, 0x5DFF, 0x5DFF, 0x5DFF, 0x5DFF, 
0x5DFF, 0x5DFF, 0x5DFF, 0x5DFF, 0x5DFF, 0x5DFF, 0x5DFF, 0x5DFF, 0x5DFF, 0x5DFF, 0x5DFF, 0x5DFF, 
0x5DFF, 0x5DFF, 0x5DFF, 0x5DFF, 0x5DFF, 0x5DFF, 0x5DFF, 0x5DFF, 0x5DFF, 0x5DFF, 0x5DFF, 0x5DFF, 
0x5DFF, 0x5DFF, 0x5DFF, 0x5DFF, 0x5DFF, 0x5DFF, 0x5DFF, 0x5DFF, 0x5DFF, 0x5DFF, 0x5DFF, 0x5DFF, 
0x5DFF, 0x5DFF, 0x5DFF, 0x5DFF, 0x34AD, 0x34AD, 0x34AD, 0x34AD, 0x31E7, 0x31E7, 0x31E7, 0x31E7, 
0x31E7, 0x31E7, 0x34AD, 0x34AD, 0x34AD, 0x34AD, 0x5DFF, 0x5DFF, 0x5DFF, 0x5DFF, 0x5DFF, 0x5DFF, 
0x5DFF, 0x5DFF, 0x5DFF, 0x5DFF, 0x5DFF, 0x5DFF, 0x5DFF, 0x5DFF, 0x5DFF, 0x5DFF, 0x34AD, 0x34AD, 
0x34AD, 0x34AD, 0x34AD, 0x34AD, 0x31E7, 0x31E7, 0x31E7, 0x31E7, 0x31E7, 0x31E7, 0x34AD, 0x34AD, 
0x34AD, 0x34AD, 0x5DFF, 0x5DFF, 0x5DFF, 0x5DFF, 0x5DFF, 0x5DFF, 0x5DFF, 0x5DFF, 0x5DFF, 0x5DFF, 
0x5DFF, 0x5DFF, 0x5DFF, 0x5DFF, 0x5DFF, 0x5DFF, 0x5DFF, 0x5DFF, 0x5DFF, 0x5DFF, 0x5DFF, 0x5DFF, 
0x5DFF, 0x5DFF, 0x5DFF, 0x5DFF, 0x5DFF, 0x5DFF, 0x5DFF, 0x5DFF, 0x5DFF, 0x5DFF, 0x5DFF, 0x5DFF, 
0x5DFF, 0x5DFF, 0x5DFF, 0x5DFF, 0x5DFF, 0x5DFF, 0x5DFF, 0x5DFF, 0x5DFF, 0x5DFF, 0x5DFF, 0x5DFF, 
0x5DFF, 0x5DFF, 0x5DFF, 0x5DFF, 0x5DFF, 0x5DFF, 0x5DFF, 0x5DFF, 0x5DFF, 0x5DFF, 0x5DFF, 0x5DFF, 
0x5DFF, 0x5DFF, 0x5DFF, 0x5DFF, 0x5DFF, 0x5DFF, 0x5DFF, 0x5DFF, 0x5DFF, 0x5DFF, 0x5DFF, 0x5DFF, 
0x5DFF, 0x5DFF, 0x5DFF, 0x5DFF, 0x5DFF, 0x5DFF, 0x5DFF, 0x5DFF, 0x5DFF, 0x5DFF, 0x5DFF, 0x5DFF, 
0x34AD, 0x34AD, 0x34AD, 0x34AD, 0x31E7, 0x31E7, 0x31E7, 0x31E7, 0x31E7, 0x31E7, 0x34AD, 0x34AD, 
0x34AD, 0x34AD, 0x5DFF, 0x5DFF, 0x5DFF, 0x5DFF, 0x5DFF, 0x5DFF, 0x5DFF, 0x5DFF, 0x5DFF, 0x5DFF, 
0x5DFF, 0x5DFF, 0x5DFF, 0x5DFF, 0x5DFF, 0x5DFF, 0x34AD, 0x34AD, 0x34AD, 0x34AD, 0x34AD, 0x34AD, 
0x31E7, 0x31E7, 0x31E7, 0x31E7, 0x31E7, 0x31E7, 0x34AD, 0x34AD, 0x34AD, 0x34AD, 0x5DFF, 0x5DFF, 
0x5DFF, 0x5DFF, 0x5DFF, 0x5DFF, 0x5DFF, 0x5DFF, 0x5DFF, 0x5DFF, 0x5DFF, 0x5DFF, 0x5DFF, 0x5DFF, 
0x5DFF, 0x5DFF, 0x5DFF, 0x5DFF, 0x5DFF, 0x5DFF, 0x5DFF, 0x5DFF, 0x5DFF, 0x5DFF, 0x5DFF, 0x5DFF, 
0x5DFF, 0x5DFF, 0x5DFF, 0x5DFF, 0x5DFF, 0x5DFF, 0x5DFF, 0x5DFF, 0x5DFF, 0x5DFF, 0x5DFF, 0x5DFF, 
0x5DFF, 0x5DFF, 0x5DFF, 0x5DFF, 0x5DFF, 0x5DFF, 0x5DFF, 0x5DFF, 0x5DFF, 0x5DFF, 0x5DFF, 0x5DFF, 
0x5DFF, 0x5DFF, 0x5DFF, 0x5DFF, 0x5DFF, 0x5DFF, 0x5DFF, 0x5DFF, 0x5DFF, 0x5DFF, 0x5DFF, 0x5DFF, 
0x5DFF, 0x5DFF, 0x5DFF, 0x5DFF, 0x5DFF, 0x5DFF, 0x5DFF, 0x5DFF, 0x5DFF, 0x5DFF, 0x5DFF, 0x5DFF, 
0x5DFF, 0x5DFF, 0x5DFF, 0x5DFF, 0x5DFF, 0x5DFF, 0x5DFF, 0x5DFF, 0x34AD, 0x34AD, 0x34AD, 0x34AD, 
0x31E7, 0x31E7, 0x31E7, 0x31E7, 0x34AD, 0x34AD, 0x34AD, 0x34AD, 0x34AD, 0x34AD, 0x34AD, 0x34AD, 
0x34AD, 0x34AD, 0x34AD, 0x34AD, 0x34AD, 0x34AD, 0x34AD, 0x34AD, 0x34AD, 0x34AD, 0x34AD, 0x34AD, 
0x34AD, 0x34AD, 0x34AD, 0x34AD, 0x34AD, 0x34AD, 0x34AD, 0x34AD, 0x31E7, 0x31E7, 0x31E7, 0x31E7, 
0x31E7, 0x31E7, 0x34AD, 0x34AD, 0x34AD, 0x34AD, 0x5DFF, 0x5DFF, 0x5DFF, 0x5DFF, 0x5DFF, 0x5DFF, 
0x5DFF, 0x5DFF, 0x5DFF, 0x5DFF, 0x5DFF, 0x5DFF, 0x5DFF, 0x5DFF, 0x5DFF, 0x5DFF, 0x5DFF, 0x5DFF, 
0x5DFF, 0x5DFF, 0x5DFF, 0x5DFF, 0x5DFF, 0x5DFF, 0x5DFF, 0x5DFF, 0x5DFF, 0x5DFF, 0x5DFF, 0x5DFF, 
0x5DFF, 0x5DFF, 0x5DFF, 0x5DFF, 0x5DFF, 0x5DFF, 0x5DFF, 0x5DFF, 0x5DFF, 0x5DFF, 0x5DFF, 0x5DFF, 
0x5DFF, 0x5DFF, 0x5DFF, 0x5DFF, 0x5DFF, 0x5DFF, 0x5DFF, 0x5DFF, 0x5DFF, 0x5DFF, 0x5DFF, 0x5DFF, 
0x5DFF, 0x5DFF, 0x5DFF, 0x5DFF, 0x5DFF, 0x5DFF, 0x5DFF, 0x5DFF, 0x5DFF, 0x5DFF, 0x5DFF, 0x5DFF, 
0x5DFF, 0x5DFF, 0x5DFF, 0x5DFF, 0x5DFF, 0x5DFF, 0x5DFF, 0x5DFF, 0x5DFF, 0x5DFF, 0x5DFF, 0x5DFF, 
0x5DFF, 0x5DFF, 0x5DFF, 0x5DFF, 0x34AD, 0x34AD, 0x34AD, 0x34AD, 0x31E7, 0x31E7, 0x31E7, 0x31E7, 
0x34AD, 0x34AD, 0x34AD, 0x34AD, 0x34AD, 0x34AD, 0x34AD, 0x34AD, 0x34AD, 0x34AD, 0x34AD, 0x34AD, 
0x34AD, 0x34AD, 0x34AD, 0x34AD, 0x34AD, 0x34AD, 0x34AD, 0x34AD, 0x34AD, 0x34AD, 0x34AD, 0x34AD, 
0x34AD, 0x34AD, 0x34AD, 0x34AD, 0x31E7, 0x31E7, 0x31E7, 0x31E7, 0x31E7, 0x31E7, 0x34AD, 0x34AD, 
0x34AD, 0x34AD, 0x5DFF, 0x5DFF, 0x5DFF, 0x5DFF, 0x5DFF, 0x5DFF, 0x5DFF, 0x5DFF, 0x5DFF, 0x5DFF, 
0x5DFF, 0x5DFF, 0x5DFF, 0x5DFF, 0x5DFF, 0x5DFF, 0x5DFF, 0x5DFF, 0x5DFF, 0x5DFF, 0x5DFF, 0x5DFF, 
0x5DFF, 0x5DFF, 0x5DFF, 0x5DFF, 0x5DFF, 0x5DFF, 0x5DFF, 0x5DFF, 0x5DFF, 0x5DFF, 0x5DFF, 0x5DFF, 
0x5DFF, 0x5DFF, 0x5DFF, 0x5DFF, 0x5DFF, 0x5DFF, 0x5DFF, 0x5DFF, 0x5DFF, 0x5DFF, 0x5DFF, 0x5DFF, 
0x5DFF, 0x5DFF, 0x5DFF, 0x5DFF, 0x5DFF, 0x5DFF, 0x5DFF, 0x5DFF, 0x5DFF, 0x5DFF, 0x5DFF, 0x5DFF, 
0x5DFF, 0x5DFF, 0x5DFF, 0x5DFF, 0x5DFF, 0x5DFF, 0x5DFF, 0x5DFF, 0x5DFF, 0x5DFF, 0x5DFF, 0x5DFF, 
0x5DFF, 0x5DFF, 0x5DFF, 0x5DFF, 0x5DFF, 0x5DFF, 0x5DFF, 0x5DFF, 0x5DFF, 0x5DFF, 0x5DFF, 0x5DFF, 
0x34AD, 0x34AD, 0x34AD, 0x34AD, 0x34AD, 0x34AD, 0x34AD, 0x34AD, 0x34AD, 0x34AD, 0x31E7, 0x31E7, 
0x31E7, 0x31E7, 0x34AD, 0x34AD, 0x34AD, 0x34AD, 0x34AD, 0x34AD, 0x34AD, 0x34AD, 0x34AD, 0x34AD, 
0x34AD, 0x34AD, 0x34AD, 0x34AD, 0x34AD, 0x34AD, 0x34AD, 0x34AD, 0x34AD, 0x34AD, 0x34AD, 0x34AD, 
0x34AD, 0x34AD, 0x34AD, 0x34AD, 0x34AD, 0x34AD, 0x34AD, 0x34AD, 0x34AD, 0x34AD, 0x5DFF, 0x5DFF, 
0x5DFF, 0x5DFF, 0x5DFF, 0x5DFF, 0x5DFF, 0x5DFF, 0x5DFF, 0x5DFF, 0x5DFF, 0x5DFF, 0x5DFF, 0x5DFF, 
0x5DFF, 0x5DFF, 0x5DFF, 0x5DFF, 0x5DFF, 0x5DFF, 0x5DFF, 0x5DFF, 0x5DFF, 0x5DFF, 0x5DFF, 0x5DFF, 
0x5DFF, 0x5DFF, 0x5DFF, 0x5DFF, 0x5DFF, 0x5DFF, 0x5DFF, 0x5DFF, 0x5DFF, 0x5DFF, 0x5DFF, 0x5DFF, 
0x5DFF, 0x5DFF, 0x5DFF, 0x5DFF, 0x5DFF, 0x5DFF, 0x5DFF, 0x5DFF, 0x5DFF, 0x5DFF, 0x5DFF, 0x5DFF, 
0x5DFF, 0x5DFF, 0x5DFF, 0x5DFF, 0x5DFF, 0x5DFF, 0x5DFF, 0x5DFF, 0x5DFF, 0x5DFF, 0x5DFF, 0x5DFF, 
0x5DFF, 0x5DFF, 0x5DFF, 0x5DFF, 0x5DFF, 0x5DFF, 0x5DFF, 0x5DFF, 0x5DFF, 0x5DFF, 0x5DFF, 0x5DFF, 
0x5DFF, 0x5DFF, 0x5DFF, 0x5DFF, 0x5DFF, 0x5DFF, 0x5DFF, 0x5DFF, 0x34AD, 0x34AD, 0x34AD, 0x34AD, 
0x34AD, 0x34AD, 0x34AD, 0x34AD, 0x34AD, 0x34AD, 0x31E7, 0x31E7, 0x31E7, 0x31E7, 0x34AD, 0x34AD, 
0x34AD, 0x34AD, 0x34AD, 0x34AD, 0x34AD, 0x34AD, 0x34AD, 0x34AD, 0x34AD, 0x34AD, 0x34AD, 0x34AD, 
0x34AD, 0x34AD, 0x34AD, 0x34AD, 0x34AD, 0x34AD, 0x34AD, 0x34AD, 0x34AD, 0x34AD, 0x34AD, 0x34AD, 
0x34AD, 0x34AD, 0x34AD, 0x34AD, 0x34AD, 0x34AD, 0x5DFF, 0x5DFF, 0x5DFF, 0x5DFF, 0x5DFF, 0x5DFF, 
0x5DFF, 0x5DFF, 0x5DFF, 0x5DFF, 0x5DFF, 0x5DFF, 0x5DFF, 0x5DFF, 0x5DFF, 0x5DFF, 0x5DFF, 0x5DFF, 
0x5DFF, 0x5DFF, 0x5DFF, 0x5DFF, 0x5DFF, 0x5DFF, 0x5DFF, 0x5DFF, 0x5DFF, 0x5DFF, 0x5DFF, 0x5DFF, 
0x5DFF, 0x5DFF, 0x5DFF, 0x5DFF, 0x5DFF, 0x5DFF, 0x5DFF, 0x5DFF, 0x5DFF, 0x5DFF, 0x5DFF, 0x5DFF, 
0x5DFF, 0x5DFF, 0x5DFF, 0x5DFF, 0x5DFF, 0x5DFF, 0x5DFF, 0x5DFF, 0x5DFF, 0x5DFF, 0x5DFF, 0x5DFF, 
0x5DFF, 0x5DFF, 0x5DFF, 0x5DFF, 0x5DFF, 0x5DFF, 0x5DFF, 0x5DFF, 0x5DFF, 0x5DFF, 0x5DFF, 0x5DFF, 
0x5DFF, 0x5DFF, 0x5DFF, 0x5DFF, 0x5DFF, 0x5DFF, 0x5DFF, 0x5DFF, 0x5DFF, 0x5DFF, 0x5DFF, 0x5DFF, 
0x5DFF, 0x5DFF, 0x34AD, 0x34AD, 0x34AD, 0x34AD, 0x34AD, 0x34AD, 0x34AD, 0x34AD, 0x34AD, 0x34AD, 
0x34AD, 0x34AD, 0x34AD, 0x34AD, 0x34AD, 0x34AD, 0x31E7, 0x31E7, 0x34AD, 0x34AD, 0x34AD, 0x34AD, 
0x34AD, 0x34AD, 0x34AD, 0x34AD, 0x34AD, 0x34AD, 0x31E7, 0x31E7, 0x31E7, 0x31E7, 0x34AD, 0x34AD, 
0x34AD, 0x34AD, 0x34AD, 0x34AD, 0x34AD, 0x34AD, 0x34AD, 0x34AD, 0x34AD, 0x34AD, 0x34AD, 0x34AD, 
0x34AD, 0x34AD, 0x34AD, 0x34AD, 0x5DFF, 0x5DFF, 0x5DFF, 0x5DFF, 0x5DFF, 0x5DFF, 0x5DFF, 0x5DFF, 
0x5DFF, 0x5DFF, 0x5DFF, 0x5DFF, 0x5DFF, 0x5DFF, 0x5DFF, 0x5DFF, 0x5DFF, 0x5DFF, 0x5DFF, 0x5DFF, 
0x5DFF, 0x5DFF, 0x5DFF, 0x5DFF, 0x5DFF, 0x5DFF, 0x5DFF, 0x5DFF, 0x5DFF, 0x5DFF, 0x5DFF, 0x5DFF, 
0x5DFF, 0x5DFF, 0x5DFF, 0x5DFF, 0x5DFF, 0x5DFF, 0x5DFF, 0x5DFF, 0x5DFF, 0x5DFF, 0x5DFF, 0x5DFF, 
0x5DFF, 0x5DFF, 0x5DFF, 0x5DFF, 0x5DFF, 0x5DFF, 0x5DFF, 0x5DFF, 0x5DFF, 0x5DFF, 0x5DFF, 0x5DFF, 
0x5DFF, 0x5DFF, 0x5DFF, 0x5DFF, 0x5DFF, 0x5DFF, 0x5DFF, 0x5DFF, 0x5DFF, 0x5DFF, 0x5DFF, 0x5DFF, 
0x5DFF, 0x5DFF, 0x5DFF, 0x5DFF, 0x5DFF, 0x5DFF, 0x5DFF, 0x5DFF, 0x5DFF, 0x5DFF, 0x34AD, 0x34AD, 
0x34AD, 0x34AD, 0x34AD, 0x34AD, 0x34AD, 0x34AD, 0x34AD, 0x34AD, 0x34AD, 0x34AD, 0x34AD, 0x34AD, 
0x34AD, 0x34AD, 0x31E7, 0x31E7, 0x34AD, 0x34AD, 0x34AD, 0x34AD, 0x34AD, 0x34AD, 0x34AD, 0x34AD, 
0x34AD, 0x34AD, 0x31E7, 0x31E7, 0x31E7, 0x31E7, 0x34AD, 0x34AD, 0x34AD, 0x34AD, 0x34AD, 0x34AD, 
0x34AD, 0x34AD, 0x34AD, 0x34AD, 0x34AD, 0x34AD, 0x34AD, 0x34AD, 0x34AD, 0x34AD, 0x34AD, 0x34AD, 
0x5DFF, 0x5DFF, 0x5DFF, 0x5DFF, 0x5DFF, 0x5DFF, 0x5DFF, 0x5DFF, 0x5DFF, 0x5DFF, 0x5DFF, 0x5DFF, 
0x5DFF, 0x5DFF, 0x5DFF, 0x5DFF, 0x5DFF, 0x5DFF, 0x5DFF, 0x5DFF, 0x5DFF, 0x5DFF, 0x5DFF, 0x5DFF, 
0x5DFF, 0x5DFF, 0x5DFF, 0x5DFF, 0x5DFF, 0x5DFF, 0x5DFF, 0x5DFF, 0x5DFF, 0x5DFF, 0x5DFF, 0x5DFF, 
0x5DFF, 0x5DFF, 0x5DFF, 0x5DFF, 0x5DFF, 0x5DFF, 0x5DFF, 0x5DFF, 0x5DFF, 0x5DFF, 0x5DFF, 0x5DFF, 
0x5DFF, 0x5DFF, 0x5DFF, 0x5DFF, 0x5DFF, 0x5DFF, 0x5DFF, 0x5DFF, 0x5DFF, 0x5DFF, 0x5DFF, 0x5DFF, 
0x5DFF, 0x5DFF, 0x5DFF, 0x5DFF, 0x5DFF, 0x5DFF, 0x5DFF, 0x5DFF, 0x5DFF, 0x5DFF, 0x5DFF, 0x5DFF, 
0x5DFF, 0x5DFF, 0x5DFF, 0x5DFF, 0x34AD, 0x34AD, 0x34AD, 0x34AD, 0x34AD, 0x34AD, 0x34AD, 0x34AD, 
0x34AD, 0x34AD, 0x34AD, 0x34AD, 0x34AD, 0x34AD, 0x34AD, 0x34AD, 0x34AD, 0x34AD, 0x31E7, 0x31E7, 
0x31E7, 0x31E7, 0x31E7, 0x31E7, 0x31E7, 0x31E7, 0x31E7, 0x31E7, 0x31E7, 0x31E7, 0x31E7, 0x31E7, 
0x34AD, 0x34AD, 0x34AD, 0x34AD, 0x34AD, 0x34AD, 0x34AD, 0x34AD, 0x34AD, 0x34AD, 0x34AD, 0x34AD, 
0x34AD, 0x34AD, 0x34AD, 0x34AD, 0x34AD, 0x34AD, 0x34AD, 0x34AD, 0x34AD, 0x34AD, 0x34AD, 0x34AD, 
0x5DFF, 0x5DFF, 0x5DFF, 0x5DFF, 0x5DFF, 0x5DFF, 0x5DFF, 0x5DFF, 0x5DFF, 0x5DFF, 0x5DFF, 0x5DFF, 
0x5DFF, 0x5DFF, 0x5DFF, 0x5DFF, 0x5DFF, 0x5DFF, 0x5DFF, 0x5DFF, 0x5DFF, 0x5DFF, 0x5DFF, 0x5DFF, 
0x5DFF, 0x5DFF, 0x5DFF, 0x5DFF, 0x5DFF, 0x5DFF, 0x5DFF, 0x5DFF, 0x5DFF, 0x5DFF, 0x5DFF, 0x5DFF, 
0x5DFF, 0x5DFF, 0x5DFF, 0x5DFF, 0x5DFF, 0x5DFF, 0x5DFF, 0x5DFF, 0x5DFF, 0x5DFF, 0x5DFF, 0x5DFF, 
0x5DFF, 0x5DFF, 0x5DFF, 0x5DFF, 0x5DFF, 0x5DFF, 0x5DFF, 0x5DFF, 0x5DFF, 0x5DFF, 0x5DFF, 0x5DFF, 
0x5DFF, 0x5DFF, 0x5DFF, 0x5DFF, 0x5DFF, 0x5DFF, 0x5DFF, 0x5DFF, 0x5DFF, 0x5DFF, 0x5DFF, 0x5DFF, 
0x34AD, 0x34AD, 0x34AD, 0x34AD, 0x34AD, 0x34AD, 0x34AD, 0x34AD, 0x34AD, 0x34AD, 0x34AD, 0x34AD, 
0x34AD, 0x34AD, 0x34AD, 0x34AD, 0x34AD, 0x34AD, 0x31E7, 0x31E7, 0x31E7, 0x31E7, 0x31E7, 0x31E7, 
0x31E7, 0x31E7, 0x31E7, 0x31E7, 0x31E7, 0x31E7, 0x31E7, 0x31E7, 0x34AD, 0x34AD, 0x34AD, 0x34AD, 
0x34AD, 0x34AD, 0x34AD, 0x34AD, 0x34AD, 0x34AD, 0x34AD, 0x34AD, 0x34AD, 0x34AD, 0x34AD, 0x34AD, 
0x34AD, 0x34AD, 0x34AD, 0x34AD, 0x34AD, 0x34AD, 0x34AD, 0x34AD, 0x5DFF, 0x5DFF, 0x5DFF, 0x5DFF, 
0x5DFF, 0x5DFF, 0x5DFF, 0x5DFF, 0x5DFF, 0x5DFF, 0x5DFF, 0x5DFF, 0x5DFF, 0x5DFF, 0x5DFF, 0x5DFF, 
0x5DFF, 0x5DFF, 0x5DFF, 0x5DFF, 0x5DFF, 0x5DFF, 0x5DFF, 0x5DFF, 0x5DFF, 0x5DFF, 0x5DFF, 0x5DFF, 
0x5DFF, 0x5DFF, 0x5DFF, 0x5DFF, 0x5DFF, 0x5DFF, 0x5DFF, 0x5DFF, 0x5DFF, 0x5DFF, 0x5DFF, 0x5DFF, 
0x5DFF, 0x5DFF, 0x5DFF, 0x5DFF, 0x5DFF, 0x5DFF, 0x5DFF, 0x5DFF, 0x5DFF, 0x5DFF, 0x5DFF, 0x5DFF, 
0x5DFF, 0x5DFF, 0x5DFF, 0x5DFF, 0x5DFF, 0x5DFF, 0x5DFF, 0x5DFF, 0x5DFF, 0x5DFF, 0x5DFF, 0x5DFF, 
0x5DFF, 0x5DFF, 0x5DFF, 0x5DFF, 0x5DFF, 0x5DFF, 0x5DFF, 0x5DFF, 0x34AD, 0x34AD, 0x34AD, 0x34AD, 
0x34AD, 0x34AD, 0x34AD, 0x34AD, 0x34AD, 0x34AD, 0x34AD, 0x34AD, 0x34AD, 0x34AD, 0x31E7, 0x31E7, 
0x31E7, 0x31E7, 0x31E7, 0x31E7, 0x34AD, 0x34AD, 0x34AD, 0x34AD, 0x34AD, 0x34AD, 0x34AD, 0x34AD, 
0x34AD, 0x34AD, 0x34AD, 0x34AD, 0x31E7, 0x31E7, 0x34AD, 0x34AD, 0x34AD, 0x34AD, 0x34AD, 0x34AD, 
0x34AD, 0x34AD, 0x34AD, 0x34AD, 0x34AD, 0x34AD, 0x34AD, 0x34AD, 0x34AD, 0x34AD, 0x34AD, 0x34AD, 
0x34AD, 0x34AD, 0x34AD, 0x34AD, 0x34AD, 0x34AD, 0x5DFF, 0x5DFF, 0x5DFF, 0x5DFF, 0x5DFF, 0x5DFF, 
0x5DFF, 0x5DFF, 0x5DFF, 0x5DFF, 0x5DFF, 0x5DFF, 0x5DFF, 0x5DFF, 0x5DFF, 0x5DFF, 0x5DFF, 0x5DFF, 
0x5DFF, 0x5DFF, 0x5DFF, 0x5DFF, 0x5DFF, 0x5DFF, 0x5DFF, 0x5DFF, 0x5DFF, 0x5DFF, 0x5DFF, 0x5DFF, 
0x5DFF, 0x5DFF, 0x5DFF, 0x5DFF, 0x5DFF, 0x5DFF, 0x5DFF, 0x5DFF, 0x5DFF, 0x5DFF, 0x5DFF, 0x5DFF, 
0x5DFF, 0x5DFF, 0x5DFF, 0x5DFF, 0x5DFF, 0x5DFF, 0x5DFF, 0x5DFF, 0x5DFF, 0x5DFF, 0x5DFF, 0x5DFF, 
0x5DFF, 0x5DFF, 0x5DFF, 0x5DFF, 0x5DFF, 0x5DFF, 0x5DFF, 0x5DFF, 0x5DFF, 0x5DFF, 0x5DFF, 0x5DFF, 
0x5DFF, 0x5DFF, 0x5DFF, 0x5DFF, 0x34AD, 0x34AD, 0x34AD, 0x34AD, 0x34AD, 0x34AD, 0x34AD, 0x34AD, 
0x34AD, 0x34AD, 0x34AD, 0x34AD, 0x34AD, 0x34AD, 0x31E7, 0x31E7, 0x31E7, 0x31E7, 0x31E7, 0x31E7, 
0x34AD, 0x34AD, 0x34AD, 0x34AD, 0x34AD, 0x34AD, 0x34AD, 0x34AD, 0x34AD, 0x34AD, 0x34AD, 0x34AD, 
0x31E7, 0x31E7, 0x34AD, 0x34AD, 0x34AD, 0x34AD, 0x34AD, 0x34AD, 0x34AD, 0x34AD, 0x34AD, 0x34AD, 
0x34AD, 0x34AD, 0x34AD, 0x34AD, 0x34AD, 0x34AD, 0x34AD, 0x34AD, 0x34AD, 0x34AD, 0x34AD, 0x34AD, 
0x34AD, 0x34AD, 0x5DFF, 0x5DFF, 0x5DFF, 0x5DFF, 0x5DFF, 0x5DFF, 0x5DFF, 0x5DFF, 0x5DFF, 0x5DFF, 
0x5DFF, 0x5DFF, 0x5DFF, 0x5DFF, 0x5DFF, 0x5DFF, 0x5DFF, 0x5DFF, 0x5DFF, 0x5DFF, 0x5DFF, 0x5DFF, 
0x5DFF, 0x5DFF, 0x5DFF, 0x5DFF, 0x5DFF, 0x5DFF, 0x5DFF, 0x5DFF, 0x5DFF, 0x5DFF, 0x5DFF, 0x5DFF, 
0x5DFF, 0x5DFF, 0x5DFF, 0x5DFF, 0x5DFF, 0x5DFF, 0x5DFF, 0x5DFF, 0x5DFF, 0x5DFF, 0x5DFF, 0x5DFF, 
0x5DFF, 0x5DFF, 0x5DFF, 0x5DFF, 0x5DFF, 0x5DFF, 0x5DFF, 0x5DFF, 0x5DFF, 0x5DFF, 0x5DFF, 0x5DFF, 
0x5DFF, 0x5DFF, 0x5DFF, 0x5DFF, 0x5DFF, 0x5DFF, 0x5DFF, 0x5DFF, 0x5DFF, 0x5DFF, 0x34AD, 0x34AD, 
0x34AD, 0x34AD, 0x34AD, 0x34AD, 0x34AD, 0x34AD, 0x34AD, 0x34AD, 0x34AD, 0x34AD, 0x34AD, 0x34AD, 
0x34AD, 0x34AD, 0x34AD, 0x34AD, 0x34AD, 0x34AD, 0x34AD, 0x34AD, 0x34AD, 0x34AD, 0x34AD, 0x34AD, 
0x34AD, 0x34AD, 0x34AD, 0x34AD, 0x34AD, 0x34AD, 0x34AD, 0x34AD, 0x34AD, 0x34AD, 0x34AD, 0x34AD, 
0x34AD, 0x34AD, 0x34AD, 0x34AD, 0x34AD, 0x34AD, 0x34AD, 0x34AD, 0x34AD, 0x34AD, 0x34AD, 0x34AD, 
0x34AD, 0x34AD, 0x34AD, 0x34AD, 0x34AD, 0x34AD, 0x34AD, 0x34AD, 0x34AD, 0x34AD, 0x5DFF, 0x5DFF, 
0x5DFF, 0x5DFF, 0x5DFF, 0x5DFF, 0x5DFF, 0x5DFF, 0x5DFF, 0x5DFF, 0x5DFF, 0x5DFF, 0x5DFF, 0x5DFF, 
0x5DFF, 0x5DFF, 0x5DFF, 0x5DFF, 0x5DFF, 0x5DFF, 0x5DFF, 0x5DFF, 0x5DFF, 0x5DFF, 0x5DFF, 0x5DFF, 
0x5DFF, 0x5DFF, 0x5DFF, 0x5DFF, 0x5DFF, 0x5DFF, 0x5DFF, 0x5DFF, 0x5DFF, 0x5DFF, 0x5DFF, 0x5DFF, 
0x5DFF, 0x5DFF, 0x5DFF, 0x5DFF, 0x5DFF, 0x5DFF, 0x5DFF, 0x5DFF, 0x5DFF, 0x5DFF, 0x5DFF, 0x5DFF, 
0x5DFF, 0x5DFF, 0x5DFF, 0x5DFF, 0x5DFF, 0x5DFF, 0x5DFF, 0x5DFF, 0x5DFF, 0x5DFF, 0x5DFF, 0x5DFF, 
0x5DFF, 0x5DFF, 0x5DFF, 0x5DFF, 0x5DFF, 0x5DFF, 0x34AD, 0x34AD, 0x34AD, 0x34AD, 0x34AD, 0x34AD, 
0x34AD, 0x34AD, 0x34AD, 0x34AD, 0x34AD, 0x34AD, 0x34AD, 0x34AD, 0x34AD, 0x34AD, 0x34AD, 0x34AD, 
0x34AD, 0x34AD, 0x34AD, 0x34AD, 0x34AD, 0x34AD, 0x34AD, 0x34AD, 0x34AD, 0x34AD, 0x34AD, 0x34AD, 
0x34AD, 0x34AD, 0x34AD, 0x34AD, 0x34AD, 0x34AD, 0x34AD, 0x34AD, 0x34AD, 0x34AD, 0x34AD, 0x34AD, 
0x34AD, 0x34AD, 0x34AD, 0x34AD, 0x34AD, 0x34AD, 0x34AD, 0x34AD, 0x34AD, 0x34AD, 0x34AD, 0x34AD, 
0x34AD, 0x34AD, 0x34AD, 0x34AD, 0x34AD, 0x34AD, 0x5DFF, 0x5DFF, 0x5DFF, 0x5DFF, 0x5DFF, 0x5DFF, 
0x5DFF, 0x5DFF, 0x5DFF, 0x5DFF, 0x5DFF, 0x5DFF, 0x5DFF, 0x5DFF, 0x5DFF, 0x5DFF, 0x5DFF, 0x5DFF, 
0x5DFF, 0x5DFF, 0x5DFF, 0x5DFF, 0x5DFF, 0x5DFF, 0x5DFF, 0x5DFF, 0x5DFF, 0x5DFF, 0x5DFF, 0x5DFF, 
0x5DFF, 0x5DFF, 0x5DFF, 0x5DFF, 0x5DFF, 0x5DFF, 0x5DFF, 0x5DFF, 0x5DFF, 0x5DFF, 0x5DFF, 0x5DFF, 
0x5DFF, 0x5DFF, 0x5DFF, 0x5DFF, 0x5DFF, 0x5DFF, 0x5DFF, 0x5DFF, 0x5DFF, 0x5DFF, 0x5DFF, 0x5DFF, 
0x5DFF, 0x5DFF, 0x5DFF, 0x5DFF, 0x5DFF, 0x5DFF, 0x5DFF, 0x5DFF, 0x5DFF, 0x5DFF, 0x5DFF, 0x5DFF, 
0x5DFF, 0x5DFF, 0x34AD, 0x34AD, 0x34AD, 0x34AD, 0x34AD, 0x34AD, 0x34AD, 0x34AD, 0x34AD, 0x34AD, 
0x34AD, 0x34AD, 0x34AD, 0x34AD, 0x34AD, 0x34AD, 0x34AD, 0x34AD, 0x34AD, 0x34AD, 0x34AD, 0x34AD, 
0x34AD, 0x34AD, 0x34AD, 0x34AD, 0x34AD, 0x34AD, 0x34AD, 0x34AD, 0xFFFF, 0xFFFF, 0x34AD, 0x34AD, 
0x34AD, 0x34AD, 0x34AD, 0x34AD, 0x34AD, 0x34AD, 0x34AD, 0x34AD, 0x34AD, 0x34AD, 0x34AD, 0x34AD, 
0x34AD, 0x34AD, 0x34AD, 0x34AD, 0x34AD, 0x34AD, 0x34AD, 0x34AD, 0x34AD, 0x34AD, 0x34AD, 0x34AD, 
0x34AD, 0x34AD, 0x34AD, 0x34AD, 0x5DFF, 0x5DFF, 0x5DFF, 0x5DFF, 0x5DFF, 0x5DFF, 0x5DFF, 0x5DFF, 
0x5DFF, 0x5DFF, 0x5DFF, 0x5DFF, 0x5DFF, 0x5DFF, 0x5DFF, 0x5DFF, 0x5DFF, 0x5DFF, 0x5DFF, 0x5DFF, 
0x5DFF, 0x5DFF, 0x5DFF, 0x5DFF, 0x5DFF, 0x5DFF, 0x5DFF, 0x5DFF, 0x5DFF, 0x5DFF, 0x5DFF, 0x5DFF, 
0x5DFF, 0x5DFF, 0x5DFF, 0x5DFF, 0x5DFF, 0x5DFF, 0x5DFF, 0x5DFF, 0x5DFF, 0x5DFF, 0x5DFF, 0x5DFF, 
0x5DFF, 0x5DFF, 0x5DFF, 0x5DFF, 0x5DFF, 0x5DFF, 0x5DFF, 0x5DFF, 0x5DFF, 0x5DFF, 0x5DFF, 0x5DFF, 
0x5DFF, 0x5DFF, 0x5DFF, 0x5DFF, 0x5DFF, 0x5DFF, 0x5DFF, 0x5DFF, 0x5DFF, 0x5DFF, 0x34AD, 0x34AD, 
0x34AD, 0x34AD, 0x34AD, 0x34AD, 0x34AD, 0x34AD, 0x34AD, 0x34AD, 0x34AD, 0x34AD, 0x34AD, 0x34AD, 
0x34AD, 0x34AD, 0x34AD, 0x34AD, 0x34AD, 0x34AD, 0x34AD, 0x34AD, 0x34AD, 0x34AD, 0x34AD, 0x34AD, 
0x34AD, 0x34AD, 0x34AD, 0x34AD, 0xFFFF, 0xFFFF, 0x34AD, 0x34AD, 0x34AD, 0x34AD, 0x34AD, 0x34AD, 
0x34AD, 0x34AD, 0x34AD, 0x34AD, 0x34AD, 0x34AD, 0x34AD, 0x34AD, 0x34AD, 0x34AD, 0x34AD, 0x34AD, 
0x34AD, 0x34AD, 0x34AD, 0x34AD, 0x34AD, 0x34AD, 0x34AD, 0x34AD, 0x34AD, 0x34AD, 0x34AD, 0x34AD, 
0x5DFF, 0x5DFF, 0x5DFF, 0x5DFF, 0x5DFF, 0x5DFF, 0x5DFF, 0x5DFF, 0x5DFF, 0x5DFF, 0x5DFF, 0x5DFF, 
0x5DFF, 0x5DFF, 0x5DFF, 0x5DFF, 0x5DFF, 0x5DFF, 0x5DFF, 0x5DFF, 0x5DFF, 0x5DFF, 0x5DFF, 0x5DFF, 
0x5DFF, 0x5DFF, 0x5DFF, 0x5DFF, 0x5DFF, 0x5DFF, 0x5DFF, 0x5DFF, 0x5DFF, 0x5DFF, 0x5DFF, 0x5DFF, 
0x5DFF, 0x5DFF, 0x5DFF, 0x5DFF, 0x5DFF, 0x5DFF, 0x5DFF, 0x5DFF, 0x5DFF, 0x5DFF, 0x5DFF, 0x5DFF, 
0x5DFF, 0x5DFF, 0x5DFF, 0x5DFF, 0x5DFF, 0x5DFF, 0x5DFF, 0x5DFF, 0x5DFF, 0x5DFF, 0x5DFF, 0x5DFF, 
0x5DFF, 0x5DFF, 0x5DFF, 0x5DFF, 0x5DFF, 0x5DFF, 0x34AD, 0x34AD, 0x34AD, 0x34AD, 0x34AD, 0x34AD, 
0x34AD, 0x34AD, 0x34AD, 0x34AD, 0x34AD, 0x34AD, 0x34AD, 0x34AD, 0x31E7, 0x31E7, 0x31E7, 0x31E7, 
0x31E7, 0x31E7, 0x31E7, 0x31E7, 0x34AD, 0x34AD, 0x34AD, 0x34AD, 0x34AD, 0x34AD, 0xFFFF, 0xFFFF, 
0xFFFF, 0xFFFF, 0xFFFF, 0xFFFF, 0x34AD, 0x34AD, 0x34AD, 0x34AD, 0x34AD, 0x34AD, 0x31E7, 0x31E7, 
0x31E7, 0x31E7, 0x31E7, 0x31E7, 0x31E7, 0x31E7, 0x31E7, 0x31E7, 0x34AD, 0x34AD, 0x34AD, 0x34AD, 
0x34AD, 0x34AD, 0x34AD, 0x34AD, 0x34AD, 0x34AD, 0x34AD, 0x34AD, 0x5DFF, 0x5DFF, 0x5DFF, 0x5DFF, 
0x5DFF, 0x5DFF, 0x5DFF, 0x5DFF, 0x5DFF, 0x5DFF, 0x5DFF, 0x5DFF, 0x5DFF, 0x5DFF, 0x5DFF, 0x5DFF, 
0x5DFF, 0x5DFF, 0x5DFF, 0x5DFF, 0x5DFF, 0x5DFF, 0x5DFF, 0x5DFF, 0x5DFF, 0x5DFF, 0x5DFF, 0x5DFF, 
0x5DFF, 0x5DFF, 0x5DFF, 0x5DFF, 0x5DFF, 0x5DFF, 0x5DFF, 0x5DFF, 0x5DFF, 0x5DFF, 0x5DFF, 0x5DFF, 
0x5DFF, 0x5DFF, 0x5DFF, 0x5DFF, 0x5DFF, 0x5DFF, 0x5DFF, 0x5DFF, 0x5DFF, 0x5DFF, 0x5DFF, 0x5DFF, 
0x5DFF, 0x5DFF, 0x5DFF, 0x5DFF, 0x5DFF, 0x5DFF, 0x5DFF, 0x5DFF, 0x5DFF, 0x5DFF, 0x5DFF, 0x5DFF, 
0x5DFF, 0x5DFF, 0x34AD, 0x34AD, 0x34AD, 0x34AD, 0x34AD, 0x34AD, 0x34AD, 0x34AD, 0x34AD, 0x34AD, 
0x34AD, 0x34AD, 0x34AD, 0x34AD, 0x31E7, 0x31E7, 0x31E7, 0x31E7, 0x31E7, 0x31E7, 0x31E7, 0x31E7, 
0x34AD, 0x34AD, 0x34AD, 0x34AD, 0x34AD, 0x34AD, 0xFFFF, 0xFFFF, 0xFFFF, 0xFFFF, 0xFFFF, 0xFFFF, 
0x34AD, 0x34AD, 0x34AD, 0x34AD, 0x34AD, 0x34AD, 0x31E7, 0x31E7, 0x31E7, 0x31E7, 0x31E7, 0x31E7, 
0x31E7, 0x31E7, 0x31E7, 0x31E7, 0x34AD, 0x34AD, 0x34AD, 0x34AD, 0x34AD, 0x34AD, 0x34AD, 0x34AD, 
0x34AD, 0x34AD, 0x34AD, 0x34AD, 0x5DFF, 0x5DFF, 0x5DFF, 0x5DFF, 0x5DFF, 0x5DFF, 0x5DFF, 0x5DFF, 
0x5DFF, 0x5DFF, 0x5DFF, 0x5DFF, 0x5DFF, 0x5DFF, 0x5DFF, 0x5DFF, 0x5DFF, 0x5DFF, 0x5DFF, 0x5DFF, 
0x5DFF, 0x5DFF, 0x5DFF, 0x5DFF, 0x5DFF, 0x5DFF, 0x5DFF, 0x5DFF, 0x5DFF, 0x5DFF, 0x5DFF, 0x5DFF, 
0x5DFF, 0x5DFF, 0x5DFF, 0x5DFF, 0x5DFF, 0x5DFF, 0x5DFF, 0x5DFF, 0x5DFF, 0x5DFF, 0x5DFF, 0x5DFF, 
0x5DFF, 0x5DFF, 0x5DFF, 0x5DFF, 0x5DFF, 0x5DFF, 0x5DFF, 0x5DFF, 0x5DFF, 0x5DFF, 0x5DFF, 0x5DFF, 
0x5DFF, 0x5DFF, 0x5DFF, 0x5DFF, 0x5DFF, 0x5DFF, 0x5DFF, 0x5DFF, 0x5DFF, 0x5DFF, 0x34AD, 0x34AD, 
0x34AD, 0x34AD, 0x34AD, 0x34AD, 0x34AD, 0x34AD, 0x31E7, 0x31E7, 0x31E7, 0x31E7, 0x31E7, 0x31E7, 
0x34AD, 0x34AD, 0x34AD, 0x34AD, 0x34AD, 0x34AD, 0x34AD, 0x34AD, 0x31E7, 0x31E7, 0x34AD, 0x34AD, 
0x0000, 0x0000, 0x0000, 0x0000, 0xFFFF, 0xFFFF, 0xFFFF, 0xFFFF, 0xFFFF, 0xFFFF, 0x34AD, 0x34AD, 
0x31E7, 0x31E7, 0x31E7, 0x31E7, 0x34AD, 0x34AD, 0x34AD, 0x34AD, 0x34AD, 0x34AD, 0x34AD, 0x34AD, 
0x34AD, 0x34AD, 0x34AD, 0x34AD, 0x34AD, 0x34AD, 0x34AD, 0x34AD, 0x34AD, 0x34AD, 0x34AD, 0x34AD, 
0x5DFF, 0x5DFF, 0x5DFF, 0x5DFF, 0x5DFF, 0x5DFF, 0x5DFF, 0x5DFF, 0x5DFF, 0x5DFF, 0x5DFF, 0x5DFF, 
0x5DFF, 0x5DFF, 0x5DFF, 0x5DFF, 0x5DFF, 0x5DFF, 0x5DFF, 0x5DFF, 0x5DFF, 0x5DFF, 0x5DFF, 0x5DFF, 
0x5DFF, 0x5DFF, 0x5DFF, 0x5DFF, 0x5DFF, 0x5DFF, 0x5DFF, 0x5DFF, 0x5DFF, 0x5DFF, 0x5DFF, 0x5DFF, 
0x5DFF, 0x5DFF, 0x5DFF, 0x5DFF, 0x5DFF, 0x5DFF, 0x5DFF, 0x5DFF, 0x5DFF, 0x5DFF, 0x5DFF, 0x5DFF, 
0x5DFF, 0x5DFF, 0x5DFF, 0x5DFF, 0x5DFF, 0x5DFF, 0x5DFF, 0x5DFF, 0x5DFF, 0x5DFF, 0x5DFF, 0x5DFF, 
0x5DFF, 0x5DFF, 0x5DFF, 0x5DFF, 0x5DFF, 0x5DFF, 0x34AD, 0x34AD, 0x34AD, 0x34AD, 0x34AD, 0x34AD, 
0x34AD, 0x34AD, 0x31E7, 0x31E7, 0x31E7, 0x31E7, 0x31E7, 0x31E7, 0x34AD, 0x34AD, 0x34AD, 0x34AD, 
0x34AD, 0x34AD, 0x34AD, 0x34AD, 0x31E7, 0x31E7, 0x34AD, 0x34AD, 0x0000, 0x0000, 0x0000, 0x0000, 
0xFFFF, 0xFFFF, 0xFFFF, 0xFFFF, 0xFFFF, 0xFFFF, 0x34AD, 0x34AD, 0x31E7, 0x31E7, 0x31E7, 0x31E7, 
0x34AD, 0x34AD, 0x34AD, 0x34AD, 0x34AD, 0x34AD, 0x34AD, 0x34AD, 0x34AD, 0x34AD, 0x34AD, 0x34AD, 
0x34AD, 0x34AD, 0x34AD, 0x34AD, 0x34AD, 0x34AD, 0x34AD, 0x34AD, 0x5DFF, 0x5DFF, 0x5DFF, 0x5DFF, 
0x5DFF, 0x5DFF, 0x5DFF, 0x5DFF, 0x5DFF, 0x5DFF, 0x5DFF, 0x5DFF, 0x5DFF, 0x5DFF, 0x5DFF, 0x5DFF, 
0x5DFF, 0x5DFF, 0x5DFF, 0x5DFF, 0x5DFF, 0x5DFF, 0x5DFF, 0x5DFF, 0x5DFF, 0x5DFF, 0x5DFF, 0x5DFF, 
0x5DFF, 0x5DFF, 0x5DFF, 0x5DFF, 0x5DFF, 0x5DFF, 0x5DFF, 0x5DFF, 0x5DFF, 0x5DFF, 0x5DFF, 0x5DFF, 
0x5DFF, 0x5DFF, 0x5DFF, 0x5DFF, 0x5DFF, 0x5DFF, 0x5DFF, 0x5DFF, 0x5DFF, 0x5DFF, 0x5DFF, 0x5DFF, 
0x5DFF, 0x5DFF, 0x5DFF, 0x5DFF, 0x5DFF, 0x5DFF, 0x5DFF, 0x5DFF, 0x5DFF, 0x5DFF, 0x5DFF, 0x5DFF, 
0x34AD, 0x34AD, 0x34AD, 0x34AD, 0x34AD, 0x34AD, 0x34AD, 0x34AD, 0x31E7, 0x31E7, 0x31E7, 0x31E7, 
0x34AD, 0x34AD, 0x34AD, 0x34AD, 0x34AD, 0x34AD, 0x34AD, 0x34AD, 0x34AD, 0x34AD, 0x34AD, 0x34AD, 
0x31E7, 0x31E7, 0x0000, 0x0000, 0x0000, 0x0000, 0x0000, 0x0000, 0x0000, 0x0000, 0xFFFF, 0xFFFF, 
0xFFFF, 0xFFFF, 0xFFFF, 0xFFFF, 0x31E7, 0x31E7, 0x34AD, 0x34AD, 0x34AD, 0x34AD, 0x34AD, 0x34AD, 
0x34AD, 0x34AD, 0x34AD, 0x34AD, 0x34AD, 0x34AD, 0x34AD, 0x34AD, 0x34AD, 0x34AD, 0x34AD, 0x34AD, 
0x34AD, 0x34AD, 0x34AD, 0x34AD, 0x34AD, 0x34AD, 0x5DFF, 0x5DFF, 0x5DFF, 0x5DFF, 0x5DFF, 0x5DFF, 
0x5DFF, 0x5DFF, 0x5DFF, 0x5DFF, 0x5DFF, 0x5DFF, 0x5DFF, 0x5DFF, 0x5DFF, 0x5DFF, 0x5DFF, 0x5DFF, 
0x5DFF, 0x5DFF, 0x5DFF, 0x5DFF, 0x5DFF, 0x5DFF, 0x5DFF, 0x5DFF, 0x5DFF, 0x5DFF, 0x5DFF, 0x5DFF, 
0x5DFF, 0x5DFF, 0x5DFF, 0x5DFF, 0x5DFF, 0x5DFF, 0x5DFF, 0x5DFF, 0x5DFF, 0x5DFF, 0x5DFF, 0x5DFF, 
0x5DFF, 0x5DFF, 0x5DFF, 0x5DFF, 0x5DFF, 0x5DFF, 0x5DFF, 0x5DFF, 0x5DFF, 0x5DFF, 0x5DFF, 0x5DFF, 
0x5DFF, 0x5DFF, 0x5DFF, 0x5DFF, 0x5DFF, 0x5DFF, 0x5DFF, 0x5DFF, 0x34AD, 0x34AD, 0x34AD, 0x34AD, 
0x34AD, 0x34AD, 0x34AD, 0x34AD, 0x31E7, 0x31E7, 0x31E7, 0x31E7, 0x34AD, 0x34AD, 0x34AD, 0x34AD, 
0x34AD, 0x34AD, 0x34AD, 0x34AD, 0x34AD, 0x34AD, 0x34AD, 0x34AD, 0x31E7, 0x31E7, 0x0000, 0x0000, 
0x0000, 0x0000, 0x0000, 0x0000, 0x0000, 0x0000, 0xFFFF, 0xFFFF, 0xFFFF, 0xFFFF, 0xFFFF, 0xFFFF, 
0x31E7, 0x31E7, 0x34AD, 0x34AD, 0x34AD, 0x34AD, 0x34AD, 0x34AD, 0x34AD, 0x34AD, 0x34AD, 0x34AD, 
0x34AD, 0x34AD, 0x34AD, 0x34AD, 0x34AD, 0x34AD, 0x34AD, 0x34AD, 0x34AD, 0x34AD, 0x34AD, 0x34AD, 
0x34AD, 0x34AD, 0x5DFF, 0x5DFF, 0x5DFF, 0x5DFF, 0x5DFF, 0x5DFF, 0x5DFF, 0x5DFF, 0x5DFF, 0x5DFF, 
0x5DFF, 0x5DFF, 0x5DFF, 0x5DFF, 0x5DFF, 0x5DFF, 0x5DFF, 0x5DFF, 0x5DFF, 0x5DFF, 0x5DFF, 0x5DFF, 
0x5DFF, 0x5DFF, 0x5DFF, 0x5DFF, 0x5DFF, 0x5DFF, 0x5DFF, 0x5DFF, 0x5DFF, 0x5DFF, 0x5DFF, 0x5DFF, 
0x5DFF, 0x5DFF, 0x5DFF, 0x5DFF, 0x5DFF, 0x5DFF, 0x5DFF, 0x5DFF, 0x5DFF, 0x5DFF, 0x5DFF, 0x5DFF, 
0x5DFF, 0x5DFF, 0x5DFF, 0x5DFF, 0x5DFF, 0x5DFF, 0x5DFF, 0x5DFF, 0x5DFF, 0x5DFF, 0x5DFF, 0x5DFF, 
0x5DFF, 0x5DFF, 0x5DFF, 0x5DFF, 0x34AD, 0x34AD, 0x34AD, 0x34AD, 0x34AD, 0x34AD, 0x34AD, 0x34AD, 
0x34AD, 0x34AD, 0x34AD, 0x34AD, 0x34AD, 0x34AD, 0x34AD, 0x34AD, 0x34AD, 0x34AD, 0x34AD, 0x34AD, 
0x34AD, 0x34AD, 0x34AD, 0x34AD, 0x31E7, 0x31E7, 0x0000, 0x0000, 0x0000, 0x0000, 0x0000, 0x0000, 
0x0000, 0x0000, 0xFFFF, 0xFFFF, 0xFFFF, 0xFFFF, 0xFFFF, 0xFFFF, 0x34AD, 0x34AD, 0x34AD, 0x34AD, 
0x34AD, 0x34AD, 0x34AD, 0x34AD, 0x34AD, 0x34AD, 0x34AD, 0x34AD, 0x34AD, 0x34AD, 0x34AD, 0x34AD, 
0x34AD, 0x34AD, 0x34AD, 0x34AD, 0x34AD, 0x34AD, 0x34AD, 0x34AD, 0x34AD, 0x34AD, 0x5DFF, 0x5DFF, 
0x5DFF, 0x5DFF, 0x5DFF, 0x5DFF, 0x5DFF, 0x5DFF, 0x5DFF, 0x5DFF, 0x5DFF, 0x5DFF, 0x5DFF, 0x5DFF, 
0x5DFF, 0x5DFF, 0x5DFF, 0x5DFF, 0x5DFF, 0x5DFF, 0x5DFF, 0x5DFF, 0x5DFF, 0x5DFF, 0x5DFF, 0x5DFF, 
0x5DFF, 0x5DFF, 0x5DFF, 0x5DFF, 0x5DFF, 0x5DFF, 0x5DFF, 0x5DFF, 0x5DFF, 0x5DFF, 0x5DFF, 0x5DFF, 
0x5DFF, 0x5DFF, 0x5DFF, 0x5DFF, 0x5DFF, 0x5DFF, 0x5DFF, 0x5DFF, 0x5DFF, 0x5DFF, 0x5DFF, 0x5DFF, 
0x5DFF, 0x5DFF, 0x5DFF, 0x5DFF, 0x5DFF, 0x5DFF, 0x5DFF, 0x5DFF, 0x5DFF, 0x5DFF, 0x5DFF, 0x5DFF, 
0x34AD, 0x34AD, 0x34AD, 0x34AD, 0x34AD, 0x34AD, 0x34AD, 0x34AD, 0x34AD, 0x34AD, 0x34AD, 0x34AD, 
0x34AD, 0x34AD, 0x34AD, 0x34AD, 0x34AD, 0x34AD, 0x34AD, 0x34AD, 0x34AD, 0x34AD, 0x34AD, 0x34AD, 
0x31E7, 0x31E7, 0x0000, 0x0000, 0x0000, 0x0000, 0x0000, 0x0000, 0x0000, 0x0000, 0xFFFF, 0xFFFF, 
0xFFFF, 0xFFFF, 0xFFFF, 0xFFFF, 0x34AD, 0x34AD, 0x34AD, 0x34AD, 0x34AD, 0x34AD, 0x34AD, 0x34AD, 
0x34AD, 0x34AD, 0x34AD, 0x34AD, 0x34AD, 0x34AD, 0x34AD, 0x34AD, 0x34AD, 0x34AD, 0x34AD, 0x34AD, 
0x34AD, 0x34AD, 0x34AD, 0x34AD, 0x34AD, 0x34AD, 0x5DFF, 0x5DFF, 0x5DFF, 0x5DFF, 0x5DFF, 0x5DFF, 
0x5DFF, 0x5DFF, 0x5DFF, 0x5DFF, 0x5DFF, 0x5DFF, 0x5DFF, 0x5DFF, 0x5DFF, 0x5DFF, 0x5DFF, 0x5DFF, 
0x5DFF, 0x5DFF, 0x5DFF, 0x5DFF, 0x5DFF, 0x5DFF, 0x5DFF, 0x5DFF, 0x5DFF, 0x5DFF, 0x5DFF, 0x5DFF, 
0x5DFF, 0x5DFF, 0x5DFF, 0x5DFF, 0x5DFF, 0x5DFF, 0x5DFF, 0x5DFF, 0x5DFF, 0x5DFF, 0x5DFF, 0x5DFF, 
0x5DFF, 0x5DFF, 0x5DFF, 0x5DFF, 0x5DFF, 0x5DFF, 0x5DFF, 0x5DFF, 0x5DFF, 0x5DFF, 0x5DFF, 0x5DFF, 
0x5DFF, 0x5DFF, 0x5DFF, 0x5DFF, 0x5DFF, 0x5DFF, 0x5DFF, 0x5DFF, 0x34AD, 0x34AD, 0x34AD, 0x34AD, 
0x34AD, 0x34AD, 0x34AD, 0x34AD, 0x34AD, 0x34AD, 0x34AD, 0x34AD, 0x34AD, 0x34AD, 0x34AD, 0x34AD, 
0x34AD, 0x34AD, 0x34AD, 0x34AD, 0x31E7, 0x31E7, 0x31E7, 0x31E7, 0xFFFF, 0xFFFF, 0x0000, 0x0000, 
0x0000, 0x0000, 0x0000, 0x0000, 0x0000, 0x0000, 0xFFFF, 0xFFFF, 0xFFFF, 0xFFFF, 0xFFFF, 0xFFFF, 
0x31E7, 0x31E7, 0x34AD, 0x34AD, 0x34AD, 0x34AD, 0x34AD, 0x34AD, 0x34AD, 0x34AD, 0x34AD, 0x34AD, 
0x34AD, 0x34AD, 0x34AD, 0x34AD, 0x34AD, 0x34AD, 0x34AD, 0x34AD, 0x34AD, 0x34AD, 0x34AD, 0x34AD, 
0x34AD, 0x34AD, 0x5DFF, 0x5DFF, 0x5DFF, 0x5DFF, 0x5DFF, 0x5DFF, 0x5DFF, 0x5DFF, 0x5DFF, 0x5DFF, 
0x5DFF, 0x5DFF, 0x5DFF, 0x5DFF, 0x5DFF, 0x5DFF, 0x5DFF, 0x5DFF, 0x5DFF, 0x5DFF, 0x5DFF, 0x5DFF, 
0x5DFF, 0x5DFF, 0x5DFF, 0x5DFF, 0x5DFF, 0x5DFF, 0x5DFF, 0x5DFF, 0x5DFF, 0x5DFF, 0x5DFF, 0x5DFF, 
0x5DFF, 0x5DFF, 0x5DFF, 0x5DFF, 0x5DFF, 0x5DFF, 0x5DFF, 0x5DFF, 0x5DFF, 0x5DFF, 0x5DFF, 0x5DFF, 
0x5DFF, 0x5DFF, 0x5DFF, 0x5DFF, 0x5DFF, 0x5DFF, 0x5DFF, 0x5DFF, 0x5DFF, 0x5DFF, 0x5DFF, 0x5DFF, 
0x5DFF, 0x5DFF, 0x5DFF, 0x5DFF, 0x34AD, 0x34AD, 0x34AD, 0x34AD, 0x34AD, 0x34AD, 0x34AD, 0x34AD, 
0x34AD, 0x34AD, 0x34AD, 0x34AD, 0x34AD, 0x34AD, 0x34AD, 0x34AD, 0x34AD, 0x34AD, 0x34AD, 0x34AD, 
0x31E7, 0x31E7, 0x31E7, 0x31E7, 0xFFFF, 0xFFFF, 0x0000, 0x0000, 0x0000, 0x0000, 0x0000, 0x0000, 
0x0000, 0x0000, 0xFFFF, 0xFFFF, 0xFFFF, 0xFFFF, 0xFFFF, 0xFFFF, 0x31E7, 0x31E7, 0x34AD, 0x34AD, 
0x34AD, 0x34AD, 0x34AD, 0x34AD, 0x34AD, 0x34AD, 0x34AD, 0x34AD, 0x34AD, 0x34AD, 0x34AD, 0x34AD, 
0x34AD, 0x34AD, 0x34AD, 0x34AD, 0x34AD, 0x34AD, 0x34AD, 0x34AD, 0x34AD, 0x34AD, 0x5DFF, 0x5DFF, 
0x5DFF, 0x5DFF, 0x5DFF, 0x5DFF, 0x5DFF, 0x5DFF, 0x5DFF, 0x5DFF, 0x5DFF, 0x5DFF, 0x5DFF, 0x5DFF, 
0x5DFF, 0x5DFF, 0x5DFF, 0x5DFF, 0x5DFF, 0x5DFF, 0x5DFF, 0x5DFF, 0x5DFF, 0x5DFF, 0x5DFF, 0x5DFF, 
0x5DFF, 0x5DFF, 0x5DFF, 0x5DFF, 0x5DFF, 0x5DFF, 0x5DFF, 0x5DFF, 0x5DFF, 0x5DFF, 0x5DFF, 0x5DFF, 
0x5DFF, 0x5DFF, 0x5DFF, 0x5DFF, 0x5DFF, 0x5DFF, 0x5DFF, 0x5DFF, 0x5DFF, 0x5DFF, 0x5DFF, 0x5DFF, 
0x5DFF, 0x5DFF, 0x5DFF, 0x5DFF, 0x5DFF, 0x5DFF, 0x5DFF, 0x5DFF, 0x5DFF, 0x5DFF, 0x5DFF, 0x5DFF, 
0x34AD, 0x34AD, 0x34AD, 0x34AD, 0x34AD, 0x34AD, 0x34AD, 0x34AD, 0x34AD, 0x34AD, 0x34AD, 0x34AD, 
0x34AD, 0x34AD, 0x34AD, 0x34AD, 0x31E7, 0x31E7, 0x31E7, 0x31E7, 0x31E7, 0x31E7, 0x34AD, 0x34AD, 
0x34AD, 0x34AD, 0x34AD, 0x34AD, 0x34AD, 0x34AD, 0x34AD, 0x34AD, 0x34AD, 0x34AD, 0x34AD, 0x34AD, 
0x34AD, 0x34AD, 0x34AD, 0x34AD, 0x31E7, 0x31E7, 0x31E7, 0x31E7, 0x34AD, 0x34AD, 0x34AD, 0x34AD, 
0x34AD, 0x34AD, 0x34AD, 0x34AD, 0x34AD, 0x34AD, 0x34AD, 0x34AD, 0x34AD, 0x34AD, 0x34AD, 0x34AD, 
0x34AD, 0x34AD, 0x34AD, 0x34AD, 0x34AD, 0x34AD, 0x5DFF, 0x5DFF, 0x5DFF, 0x5DFF, 0x5DFF, 0x5DFF, 
0x5DFF, 0x5DFF, 0x5DFF, 0x5DFF, 0x5DFF, 0x5DFF, 0x5DFF, 0x5DFF, 0x5DFF, 0x5DFF, 0x5DFF, 0x5DFF, 
0x5DFF, 0x5DFF, 0x5DFF, 0x5DFF, 0x5DFF, 0x5DFF, 0x5DFF, 0x5DFF, 0x5DFF, 0x5DFF, 0x5DFF, 0x5DFF, 
0x5DFF, 0x5DFF, 0x5DFF, 0x5DFF, 0x5DFF, 0x5DFF, 0x5DFF, 0x5DFF, 0x5DFF, 0x5DFF, 0x5DFF, 0x5DFF, 
0x5DFF, 0x5DFF, 0x5DFF, 0x5DFF, 0x5DFF, 0x5DFF, 0x5DFF, 0x5DFF, 0x5DFF, 0x5DFF, 0x5DFF, 0x5DFF, 
0x5DFF, 0x5DFF, 0x5DFF, 0x5DFF, 0x5DFF, 0x5DFF, 0x5DFF, 0x5DFF, 0x34AD, 0x34AD, 0x34AD, 0x34AD, 
0x34AD, 0x34AD, 0x34AD, 0x34AD, 0x34AD, 0x34AD, 0x34AD, 0x34AD, 0x34AD, 0x34AD, 0x34AD, 0x34AD, 
0x31E7, 0x31E7, 0x31E7, 0x31E7, 0x31E7, 0x31E7, 0x34AD, 0x34AD, 0x34AD, 0x34AD, 0x34AD, 0x34AD, 
0x34AD, 0x34AD, 0x34AD, 0x34AD, 0x34AD, 0x34AD, 0x34AD, 0x34AD, 0x34AD, 0x34AD, 0x34AD, 0x34AD, 
0x31E7, 0x31E7, 0x31E7, 0x31E7, 0x34AD, 0x34AD, 0x34AD, 0x34AD, 0x34AD, 0x34AD, 0x34AD, 0x34AD, 
0x34AD, 0x34AD, 0x34AD, 0x34AD, 0x34AD, 0x34AD, 0x34AD, 0x34AD, 0x34AD, 0x34AD, 0x34AD, 0x34AD, 
0x34AD, 0x34AD, 0x5DFF, 0x5DFF, 0x5DFF, 0x5DFF, 0x5DFF, 0x5DFF, 0x5DFF, 0x5DFF, 0x5DFF, 0x5DFF, 
0x5DFF, 0x5DFF, 0x5DFF, 0x5DFF, 0x5DFF, 0x5DFF, 0x5DFF, 0x5DFF, 0x5DFF, 0x5DFF, 0x5DFF, 0x5DFF, 
0x5DFF, 0x5DFF, 0x5DFF, 0x5DFF, 0x5DFF, 0x5DFF, 0x5DFF, 0x5DFF, 0x5DFF, 0x5DFF, 0x5DFF, 0x5DFF, 
0x5DFF, 0x5DFF, 0x5DFF, 0x5DFF, 0x5DFF, 0x5DFF, 0x5DFF, 0x5DFF, 0x5DFF, 0x5DFF, 0x5DFF, 0x5DFF, 
0x5DFF, 0x5DFF, 0x5DFF, 0x5DFF, 0x5DFF, 0x5DFF, 0x5DFF, 0x5DFF, 0x5DFF, 0x5DFF, 0x5DFF, 0x5DFF, 
0x5DFF, 0x5DFF, 0x5DFF, 0x5DFF, 0x34AD, 0x34AD, 0x34AD, 0x34AD, 0x34AD, 0x34AD, 0x34AD, 0x34AD, 
0x34AD, 0x34AD, 0x34AD, 0x34AD, 0x31E7, 0x31E7, 0x31E7, 0x31E7, 0x31E7, 0x31E7, 0x34AD, 0x34AD, 
0x34AD, 0x34AD, 0x34AD, 0x34AD, 0x34AD, 0x34AD, 0x34AD, 0x34AD, 0x34AD, 0x34AD, 0x34AD, 0x34AD, 
0x34AD, 0x34AD, 0x34AD, 0x34AD, 0x34AD, 0x34AD, 0x34AD, 0x34AD, 0x34AD, 0x34AD, 0x31E7, 0x31E7, 
0x31E7, 0x31E7, 0x31E7, 0x31E7, 0x31E7, 0x31E7, 0x34AD, 0x34AD, 0x34AD, 0x34AD, 0x34AD, 0x34AD, 
0x34AD, 0x34AD, 0x34AD, 0x34AD, 0x34AD, 0x34AD, 0x34AD, 0x34AD, 0x34AD, 0x34AD, 0x5DFF, 0x5DFF, 
0x5DFF, 0x5DFF, 0x5DFF, 0x5DFF, 0x5DFF, 0x5DFF, 0x5DFF, 0x5DFF, 0x5DFF, 0x5DFF, 0x5DFF, 0x5DFF, 
0x5DFF, 0x5DFF, 0x5DFF, 0x5DFF, 0x5DFF, 0x5DFF, 0x5DFF, 0x5DFF, 0x5DFF, 0x5DFF, 0x5DFF, 0x5DFF, 
0x5DFF, 0x5DFF, 0x5DFF, 0x5DFF, 0x5DFF, 0x5DFF, 0x5DFF, 0x5DFF, 0x5DFF, 0x5DFF, 0x5DFF, 0x5DFF, 
0x5DFF, 0x5DFF, 0x5DFF, 0x5DFF, 0x5DFF, 0x5DFF, 0x5DFF, 0x5DFF, 0x5DFF, 0x5DFF, 0x5DFF, 0x5DFF, 
0x5DFF, 0x5DFF, 0x5DFF, 0x5DFF, 0x5DFF, 0x5DFF, 0x5DFF, 0x5DFF, 0x5DFF, 0x5DFF, 0x5DFF, 0x5DFF, 
0x34AD, 0x34AD, 0x34AD, 0x34AD, 0x34AD, 0x34AD, 0x34AD, 0x34AD, 0x34AD, 0x34AD, 0x34AD, 0x34AD, 
0x31E7, 0x31E7, 0x31E7, 0x31E7, 0x31E7, 0x31E7, 0x34AD, 0x34AD, 0x34AD, 0x34AD, 0x34AD, 0x34AD, 
0x34AD, 0x34AD, 0x34AD, 0x34AD, 0x34AD, 0x34AD, 0x34AD, 0x34AD, 0x34AD, 0x34AD, 0x34AD, 0x34AD, 
0x34AD, 0x34AD, 0x34AD, 0x34AD, 0x34AD, 0x34AD, 0x31E7, 0x31E7, 0x31E7, 0x31E7, 0x31E7, 0x31E7, 
0x31E7, 0x31E7, 0x34AD, 0x34AD, 0x34AD, 0x34AD, 0x34AD, 0x34AD, 0x34AD, 0x34AD, 0x34AD, 0x34AD, 
0x34AD, 0x34AD, 0x34AD, 0x34AD, 0x34AD, 0x34AD, 0x5DFF, 0x5DFF, 0x5DFF, 0x5DFF, 0x5DFF, 0x5DFF, 
0x5DFF, 0x5DFF, 0x5DFF, 0x5DFF, 0x5DFF, 0x5DFF, 0x5DFF, 0x5DFF, 0x5DFF, 0x5DFF, 0x5DFF, 0x5DFF, 
0x5DFF, 0x5DFF, 0x5DFF, 0x5DFF, 0x5DFF, 0x5DFF, 0x5DFF, 0x5DFF, 0x5DFF, 0x5DFF, 0x5DFF, 0x5DFF, 
0x5DFF, 0x5DFF, 0x5DFF, 0x5DFF, 0x5DFF, 0x5DFF, 0x5DFF, 0x5DFF, 0x5DFF, 0x5DFF, 0x5DFF, 0x5DFF, 
0x5DFF, 0x5DFF, 0x5DFF, 0x5DFF, 0x5DFF, 0x5DFF, 0x5DFF, 0x5DFF, 0x5DFF, 0x5DFF, 0x5DFF, 0x5DFF, 
0x5DFF, 0x5DFF, 0x5DFF, 0x5DFF, 0x5DFF, 0x5DFF, 0x5DFF, 0x5DFF, 0x34AD, 0x34AD, 0x34AD, 0x34AD, 
0x34AD, 0x34AD, 0x34AD, 0x34AD, 0x34AD, 0x34AD, 0x34AD, 0x34AD, 0x34AD, 0x34AD, 0x34AD, 0x34AD, 
0x34AD, 0x34AD, 0x34AD, 0x34AD, 0x34AD, 0x34AD, 0x34AD, 0x34AD, 0x34AD, 0x34AD, 0x34AD, 0x34AD, 
0x34AD, 0x34AD, 0x34AD, 0x34AD, 0x34AD, 0x34AD, 0x34AD, 0x34AD, 0x34AD, 0x34AD, 0x34AD, 0x34AD, 
0x34AD, 0x34AD, 0x34AD, 0x34AD, 0x34AD, 0x34AD, 0x34AD, 0x34AD, 0x34AD, 0x34AD, 0x34AD, 0x34AD, 
0x34AD, 0x34AD, 0x34AD, 0x34AD, 0x34AD, 0x34AD, 0x34AD, 0x34AD, 0x34AD, 0x34AD, 0x34AD, 0x34AD, 
0x5DFF, 0x5DFF, 0x5DFF, 0x5DFF, 0x5DFF, 0x5DFF, 0x5DFF, 0x5DFF, 0x5DFF, 0x5DFF, 0x5DFF, 0x5DFF, 
0x5DFF, 0x5DFF, 0x5DFF, 0x5DFF, 0x5DFF, 0x5DFF, 0x5DFF, 0x5DFF, 0x5DFF, 0x5DFF, 0x5DFF, 0x5DFF, 
0x5DFF, 0x5DFF, 0x5DFF, 0x5DFF, 0x5DFF, 0x5DFF, 0x5DFF, 0x5DFF, 0x5DFF, 0x5DFF, 0x5DFF, 0x5DFF, 
0x5DFF, 0x5DFF, 0x5DFF, 0x5DFF, 0x5DFF, 0x5DFF, 0x5DFF, 0x5DFF, 0x5DFF, 0x5DFF, 0x5DFF, 0x5DFF, 
0x5DFF, 0x5DFF, 0x5DFF, 0x5DFF, 0x5DFF, 0x5DFF, 0x5DFF, 0x5DFF, 0x5DFF, 0x5DFF, 0x5DFF, 0x5DFF, 
0x5DFF, 0x5DFF, 0x5DFF, 0x5DFF, 0x34AD, 0x34AD, 0x34AD, 0x34AD, 0x34AD, 0x34AD, 0x34AD, 0x34AD, 
0x34AD, 0x34AD, 0x34AD, 0x34AD, 0x34AD, 0x34AD, 0x34AD, 0x34AD, 0x34AD, 0x34AD, 0x34AD, 0x34AD, 
0x34AD, 0x34AD, 0x34AD, 0x34AD, 0x34AD, 0x34AD, 0x34AD, 0x34AD, 0x34AD, 0x34AD, 0x34AD, 0x34AD, 
0x34AD, 0x34AD, 0x34AD, 0x34AD, 0x34AD, 0x34AD, 0x34AD, 0x34AD, 0x34AD, 0x34AD, 0x34AD, 0x34AD, 
0x34AD, 0x34AD, 0x34AD, 0x34AD, 0x34AD, 0x34AD, 0x34AD, 0x34AD, 0x34AD, 0x34AD, 0x34AD, 0x34AD, 
0x34AD, 0x34AD, 0x34AD, 0x34AD, 0x34AD, 0x34AD, 0x34AD, 0x34AD, 0x5DFF, 0x5DFF, 0x5DFF, 0x5DFF, 
0x5DFF, 0x5DFF, 0x5DFF, 0x5DFF, 0x5DFF, 0x5DFF, 0x5DFF, 0x5DFF, 0x5DFF, 0x5DFF, 0x5DFF, 0x5DFF, 
0x5DFF, 0x5DFF, 0x5DFF, 0x5DFF, 0x5DFF, 0x5DFF, 0x5DFF, 0x5DFF, 0x5DFF, 0x5DFF, 0x5DFF, 0x5DFF, 
0x5DFF, 0x5DFF, 0x5DFF, 0x5DFF, 0x5DFF, 0x5DFF, 0x5DFF, 0x5DFF, 0x5DFF, 0x5DFF, 0x5DFF, 0x5DFF, 
0x5DFF, 0x5DFF, 0x5DFF, 0x5DFF, 0x5DFF, 0x5DFF, 0x5DFF, 0x5DFF, 0x5DFF, 0x5DFF, 0x5DFF, 0x5DFF, 
0x5DFF, 0x5DFF, 0x5DFF, 0x5DFF, 0x5DFF, 0x5DFF, 0x5DFF, 0x5DFF, 0x5DFF, 0x5DFF, 0x5DFF, 0x5DFF, 
0x5DFF, 0x5DFF, 0x34AD, 0x34AD, 0x34AD, 0x34AD, 0x34AD, 0x34AD, 0x34AD, 0x34AD, 0x34AD, 0x34AD, 
0x34AD, 0x34AD, 0x34AD, 0x34AD, 0x34AD, 0x34AD, 0x34AD, 0x34AD, 0x34AD, 0x34AD, 0x34AD, 0x34AD, 
0x34AD, 0x34AD, 0x34AD, 0x34AD, 0x34AD, 0x34AD, 0x34AD, 0x34AD, 0x34AD, 0x34AD, 0x34AD, 0x34AD, 
0x34AD, 0x34AD, 0x34AD, 0x34AD, 0x34AD, 0x34AD, 0x34AD, 0x34AD, 0x34AD, 0x34AD, 0x34AD, 0x34AD, 
0x34AD, 0x34AD, 0x34AD, 0x34AD, 0x34AD, 0x34AD, 0x34AD, 0x34AD, 0x34AD, 0x34AD, 0x34AD, 0x34AD, 
0x34AD, 0x34AD, 0x34AD, 0x34AD, 0x5DFF, 0x5DFF, 0x5DFF, 0x5DFF, 0x5DFF, 0x5DFF, 0x5DFF, 0x5DFF, 
0x5DFF, 0x5DFF, 0x5DFF, 0x5DFF, 0x5DFF, 0x5DFF, 0x5DFF, 0x5DFF, 0x5DFF, 0x5DFF, 0x5DFF, 0x5DFF, 
0x5DFF, 0x5DFF, 0x5DFF, 0x5DFF, 0x5DFF, 0x5DFF, 0x5DFF, 0x5DFF, 0x5DFF, 0x5DFF, 0x5DFF, 0x5DFF, 
0x5DFF, 0x5DFF, 0x5DFF, 0x5DFF, 0x5DFF, 0x5DFF, 0x5DFF, 0x5DFF, 0x5DFF, 0x5DFF, 0x5DFF, 0x5DFF, 
0x5DFF, 0x5DFF, 0x5DFF, 0x5DFF, 0x5DFF, 0x5DFF, 0x5DFF, 0x5DFF, 0x5DFF, 0x5DFF, 0x5DFF, 0x5DFF, 
0x5DFF, 0x5DFF, 0x5DFF, 0x5DFF, 0x5DFF, 0x5DFF, 0x5DFF, 0x5DFF, 0x5DFF, 0x5DFF, 0x34AD, 0x34AD, 
0x34AD, 0x34AD, 0x34AD, 0x34AD, 0x34AD, 0x34AD, 0x34AD, 0x34AD, 0x34AD, 0x34AD, 0x34AD, 0x34AD, 
0x34AD, 0x34AD, 0x34AD, 0x34AD, 0x34AD, 0x34AD, 0x34AD, 0x34AD, 0x34AD, 0x34AD, 0x34AD, 0x34AD, 
0x34AD, 0x34AD, 0x34AD, 0x34AD, 0x34AD, 0x34AD, 0x34AD, 0x34AD, 0x34AD, 0x34AD, 0x34AD, 0x34AD, 
0x34AD, 0x34AD, 0x34AD, 0x34AD, 0x34AD, 0x34AD, 0x34AD, 0x34AD, 0x34AD, 0x34AD, 0x34AD, 0x34AD, 
0x34AD, 0x34AD, 0x34AD, 0x34AD, 0x34AD, 0x34AD, 0x34AD, 0x34AD, 0x34AD, 0x34AD, 0x34AD, 0x34AD, 
0x5DFF, 0x5DFF, 0x5DFF, 0x5DFF, 0x5DFF, 0x5DFF, 0x5DFF, 0x5DFF, 0x5DFF, 0x5DFF, 0x5DFF, 0x5DFF, 
0x5DFF, 0x5DFF, 0x5DFF, 0x5DFF, 0x5DFF, 0x5DFF, 0x5DFF, 0x5DFF, 0x5DFF, 0x5DFF, 0x5DFF, 0x5DFF, 
0x5DFF, 0x5DFF, 0x5DFF, 0x5DFF, 0x5DFF, 0x5DFF, 0x5DFF, 0x5DFF, 0x5DFF, 0x5DFF, 0x5DFF, 0x5DFF, 
0x5DFF, 0x5DFF, 0x5DFF, 0x5DFF, 0x5DFF, 0x5DFF, 0x5DFF, 0x5DFF, 0x5DFF, 0x5DFF, 0x5DFF, 0x5DFF, 
0x5DFF, 0x5DFF, 0x5DFF, 0x5DFF, 0x5DFF, 0x5DFF, 0x5DFF, 0x5DFF, 0x5DFF, 0x5DFF, 0x5DFF, 0x5DFF, 
0x5DFF, 0x5DFF, 0x5DFF, 0x5DFF, 0x5DFF, 0x5DFF, 0x34AD, 0x34AD, 0x34AD, 0x34AD, 0x34AD, 0x34AD, 
0x34AD, 0x34AD, 0x34AD, 0x34AD, 0x34AD, 0x34AD, 0x34AD, 0x34AD, 0x34AD, 0x34AD, 0x34AD, 0x34AD, 
0x34AD, 0x34AD, 0x34AD, 0x34AD, 0x34AD, 0x34AD, 0x34AD, 0x34AD, 0x34AD, 0x34AD, 0x34AD, 0x34AD, 
0x34AD, 0x34AD, 0x34AD, 0x34AD, 0x34AD, 0x34AD, 0x34AD, 0x34AD, 0x34AD, 0x34AD, 0x34AD, 0x34AD, 
0x34AD, 0x34AD, 0x34AD, 0x34AD, 0x34AD, 0x34AD, 0x34AD, 0x34AD, 0x34AD, 0x34AD, 0x34AD, 0x34AD, 
0x34AD, 0x34AD, 0x34AD, 0x34AD, 0x34AD, 0x34AD, 0x34AD, 0x34AD, 0x5DFF, 0x5DFF, 0x5DFF, 0x5DFF, 
0x5DFF, 0x5DFF, 0x5DFF, 0x5DFF, 0x5DFF, 0x5DFF, 0x5DFF, 0x5DFF, 0x5DFF, 0x5DFF, 0x5DFF, 0x5DFF, 
0x5DFF, 0x5DFF, 0x5DFF, 0x5DFF, 0x5DFF, 0x5DFF, 0x5DFF, 0x5DFF, 0x5DFF, 0x5DFF, 0x5DFF, 0x5DFF, 
0x5DFF, 0x5DFF, 0x5DFF, 0x5DFF, 0x5DFF, 0x5DFF, 0x5DFF, 0x5DFF, 0x5DFF, 0x5DFF, 0x5DFF, 0x5DFF, 
0x5DFF, 0x5DFF, 0x5DFF, 0x5DFF, 0x5DFF, 0x5DFF, 0x5DFF, 0x5DFF, 0x5DFF, 0x5DFF, 0x5DFF, 0x5DFF, 
0x5DFF, 0x5DFF, 0x5DFF, 0x5DFF, 0x5DFF, 0x5DFF, 0x5DFF, 0x5DFF, 0x5DFF, 0x5DFF, 0x5DFF, 0x5DFF, 
0x5DFF, 0x5DFF, 0x34AD, 0x34AD, 0x34AD, 0x34AD, 0x34AD, 0x34AD, 0x34AD, 0x34AD, 0x34AD, 0x34AD, 
0x34AD, 0x34AD, 0x34AD, 0x34AD, 0x34AD, 0x34AD, 0x34AD, 0x34AD, 0x34AD, 0x34AD, 0x34AD, 0x34AD, 
0x34AD, 0x34AD, 0x34AD, 0x34AD, 0x34AD, 0x34AD, 0x34AD, 0x34AD, 0x34AD, 0x34AD, 0x34AD, 0x34AD, 
0x34AD, 0x34AD, 0x34AD, 0x34AD, 0x34AD, 0x34AD, 0x34AD, 0x34AD, 0x34AD, 0x34AD, 0x34AD, 0x34AD, 
0x34AD, 0x34AD, 0x34AD, 0x34AD, 0x34AD, 0x34AD, 0x34AD, 0x34AD, 0x34AD, 0x34AD, 0x34AD, 0x34AD, 
0x34AD, 0x34AD, 0x34AD, 0x34AD, 0x5DFF, 0x5DFF, 0x5DFF, 0x5DFF, 0x5DFF, 0x5DFF, 0x5DFF, 0x5DFF, 
0x5DFF, 0x5DFF, 0x5DFF, 0x5DFF, 0x5DFF, 0x5DFF, 0x5DFF, 0x5DFF, 0x5DFF, 0x5DFF, 0x5DFF, 0x5DFF, 
0x5DFF, 0x5DFF, 0x5DFF, 0x5DFF, 0x5DFF, 0x5DFF, 0x5DFF, 0x5DFF, 0x5DFF, 0x5DFF, 0x5DFF, 0x5DFF, 
0x5DFF, 0x5DFF, 0x5DFF, 0x5DFF, 0x5DFF, 0x5DFF, 0x5DFF, 0x5DFF, 0x5DFF, 0x5DFF, 0x5DFF, 0x5DFF, 
0x5DFF, 0x5DFF, 0x5DFF, 0x5DFF, 0x5DFF, 0x5DFF, 0x5DFF, 0x5DFF, 0x5DFF, 0x5DFF, 0x5DFF, 0x5DFF, 
0x5DFF, 0x5DFF, 0x5DFF, 0x5DFF, 0x5DFF, 0x5DFF, 0x5DFF, 0x5DFF, 0x5DFF, 0x5DFF, 0x5DFF, 0x5DFF, 
0x34AD, 0x34AD, 0x34AD, 0x34AD, 0x34AD, 0x34AD, 0x34AD, 0x34AD, 0x34AD, 0x34AD, 0x34AD, 0x34AD, 
0x34AD, 0x34AD, 0x34AD, 0x34AD, 0x34AD, 0x34AD, 0x34AD, 0x34AD, 0x34AD, 0x34AD, 0x34AD, 0x34AD, 
0x34AD, 0x34AD, 0x34AD, 0x34AD, 0x34AD, 0x34AD, 0x34AD, 0x34AD, 0x34AD, 0x34AD, 0x34AD, 0x34AD, 
0x34AD, 0x34AD, 0x34AD, 0x34AD, 0x34AD, 0x34AD, 0x34AD, 0x34AD, 0x34AD, 0x34AD, 0x34AD, 0x34AD, 
0x34AD, 0x34AD, 0x34AD, 0x34AD, 0x34AD, 0x34AD, 0x34AD, 0x34AD, 0x34AD, 0x34AD, 0x34AD, 0x34AD, 
0x5DFF, 0x5DFF, 0x5DFF, 0x5DFF, 0x5DFF, 0x5DFF, 0x5DFF, 0x5DFF, 0x5DFF, 0x5DFF, 0x5DFF, 0x5DFF, 
0x5DFF, 0x5DFF, 0x5DFF, 0x5DFF, 0x5DFF, 0x5DFF, 0x5DFF, 0x5DFF, 0x5DFF, 0x5DFF, 0x5DFF, 0x5DFF, 
0x5DFF, 0x5DFF, 0x5DFF, 0x5DFF, 0x5DFF, 0x5DFF, 0x5DFF, 0x5DFF, 0x5DFF, 0x5DFF, 0x5DFF, 0x5DFF, 
0x5DFF, 0x5DFF, 0x5DFF, 0x5DFF, 0x5DFF, 0x5DFF, 0x5DFF, 0x5DFF, 0x5DFF, 0x5DFF, 0x5DFF, 0x5DFF, 
0x5DFF, 0x5DFF, 0x5DFF, 0x5DFF, 0x5DFF, 0x5DFF, 0x5DFF, 0x5DFF, 0x5DFF, 0x5DFF, 0x5DFF, 0x5DFF, 
0x5DFF, 0x5DFF, 0x5DFF, 0x5DFF, 0x5DFF, 0x5DFF, 0x5DFF, 0x5DFF, 0x34AD, 0x34AD, 0x34AD, 0x34AD, 
0x34AD, 0x34AD, 0x34AD, 0x34AD, 0x34AD, 0x34AD, 0x34AD, 0x34AD, 0x34AD, 0x34AD, 0x34AD, 0x34AD, 
0x34AD, 0x34AD, 0x34AD, 0x34AD, 0x34AD, 0x34AD, 0x34AD, 0x34AD, 0x34AD, 0x34AD, 0x34AD, 0x34AD, 
0x34AD, 0x34AD, 0x34AD, 0x34AD, 0x34AD, 0x34AD, 0x34AD, 0x34AD, 0x34AD, 0x34AD, 0x34AD, 0x34AD, 
0x34AD, 0x34AD, 0x34AD, 0x34AD, 0x34AD, 0x34AD, 0x34AD, 0x34AD, 0x34AD, 0x34AD, 0x34AD, 0x34AD, 
0x34AD, 0x34AD, 0x34AD, 0x34AD, 0x34AD, 0x34AD, 0x34AD, 0x34AD, 0x5DFF, 0x5DFF, 0x5DFF, 0x5DFF, 
0x5DFF, 0x5DFF, 0x5DFF, 0x5DFF, 0x5DFF, 0x5DFF, 0x5DFF, 0x5DFF, 0x5DFF, 0x5DFF, 0x5DFF, 0x5DFF, 
0x5DFF, 0x5DFF, 0x5DFF, 0x5DFF, 0x5DFF, 0x5DFF, 0x5DFF, 0x5DFF, 0x5DFF, 0x5DFF, 0x5DFF, 0x5DFF, 
0x5DFF, 0x5DFF, 0x5DFF, 0x5DFF, 0x5DFF, 0x5DFF, 0x5DFF, 0x5DFF, 0x5DFF, 0x5DFF, 0x5DFF, 0x5DFF, 
0x5DFF, 0x5DFF, 0x5DFF, 0x5DFF, 0x5DFF, 0x5DFF, 0x5DFF, 0x5DFF, 0x5DFF, 0x5DFF, 0x5DFF, 0x5DFF, 
0x5DFF, 0x5DFF, 0x5DFF, 0x5DFF, 0x5DFF, 0x5DFF, 0x5DFF, 0x5DFF, 0x5DFF, 0x5DFF, 0x5DFF, 0x5DFF, 
0x5DFF, 0x5DFF, 0x5DFF, 0x5DFF, 0x34AD, 0x34AD, 0x34AD, 0x34AD, 0x34AD, 0x34AD, 0x34AD, 0x34AD, 
0x34AD, 0x34AD, 0x34AD, 0x34AD, 0x34AD, 0x34AD, 0x34AD, 0x34AD, 0x34AD, 0x34AD, 0x34AD, 0x34AD, 
0x34AD, 0x34AD, 0x34AD, 0x34AD, 0x34AD, 0x34AD, 0x34AD, 0x34AD, 0x34AD, 0x34AD, 0x34AD, 0x34AD, 
0x34AD, 0x34AD, 0x34AD, 0x34AD, 0x34AD, 0x34AD, 0x34AD, 0x34AD, 0x34AD, 0x34AD, 0x34AD, 0x34AD, 
0x34AD, 0x34AD, 0x34AD, 0x34AD, 0x34AD, 0x34AD, 0x34AD, 0x34AD, 0x34AD, 0x34AD, 0x34AD, 0x34AD, 
0x34AD, 0x34AD, 0x5DFF, 0x5DFF, 0x5DFF, 0x5DFF, 0x5DFF, 0x5DFF, 0x5DFF, 0x5DFF, 0x5DFF, 0x5DFF, 
0x5DFF, 0x5DFF, 0x5DFF, 0x5DFF, 0x5DFF, 0x5DFF, 0x5DFF, 0x5DFF, 0x5DFF, 0x5DFF, 0x5DFF, 0x5DFF, 
0x5DFF, 0x5DFF, 0x5DFF, 0x5DFF, 0x5DFF, 0x5DFF, 0x5DFF, 0x5DFF, 0x5DFF, 0x5DFF, 0x5DFF, 0x5DFF, 
0x5DFF, 0x5DFF, 0x5DFF, 0x5DFF, 0x5DFF, 0x5DFF, 0x5DFF, 0x5DFF, 0x5DFF, 0x5DFF, 0x5DFF, 0x5DFF, 
0x5DFF, 0x5DFF, 0x5DFF, 0x5DFF, 0x5DFF, 0x5DFF, 0x5DFF, 0x5DFF, 0x5DFF, 0x5DFF, 0x5DFF, 0x5DFF, 
0x5DFF, 0x5DFF, 0x5DFF, 0x5DFF, 0x5DFF, 0x5DFF, 0x5DFF, 0x5DFF, 0x5DFF, 0x5DFF, 0x5DFF, 0x5DFF, 
0x34AD, 0x34AD, 0x34AD, 0x34AD, 0x34AD, 0x34AD, 0x34AD, 0x34AD, 0x34AD, 0x34AD, 0x34AD, 0x34AD, 
0x34AD, 0x34AD, 0x34AD, 0x34AD, 0x34AD, 0x34AD, 0x34AD, 0x34AD, 0x34AD, 0x34AD, 0x34AD, 0x34AD, 
0x34AD, 0x34AD, 0x34AD, 0x34AD, 0x34AD, 0x34AD, 0x34AD, 0x34AD, 0x34AD, 0x34AD, 0x34AD, 0x34AD, 
0x34AD, 0x34AD, 0x34AD, 0x34AD, 0x34AD, 0x34AD, 0x34AD, 0x34AD, 0x34AD, 0x34AD, 0x34AD, 0x34AD, 
0x34AD, 0x34AD, 0x34AD, 0x34AD, 0x34AD, 0x34AD, 0x34AD, 0x34AD, 0x34AD, 0x34AD, 0x5DFF, 0x5DFF, 
0x5DFF, 0x5DFF, 0x5DFF, 0x5DFF, 0x5DFF, 0x5DFF, 0x5DFF, 0x5DFF, 0x5DFF, 0x5DFF, 0x5DFF, 0x5DFF, 
0x5DFF, 0x5DFF, 0x5DFF, 0x5DFF, 0x5DFF, 0x5DFF, 0x5DFF, 0x5DFF, 0x5DFF, 0x5DFF, 0x5DFF, 0x5DFF, 
0x5DFF, 0x5DFF, 0x5DFF, 0x5DFF, 0x5DFF, 0x5DFF, 0x5DFF, 0x5DFF, 0x5DFF, 0x5DFF, 0x5DFF, 0x5DFF, 
0x5DFF, 0x5DFF, 0x5DFF, 0x5DFF, 0x5DFF, 0x5DFF, 0x5DFF, 0x5DFF, 0x5DFF, 0x5DFF, 0x5DFF, 0x5DFF, 
0x5DFF, 0x5DFF, 0x5DFF, 0x5DFF, 0x5DFF, 0x5DFF, 0x5DFF, 0x5DFF, 0x5DFF, 0x5DFF, 0x5DFF, 0x5DFF, 
0x5DFF, 0x5DFF, 0x5DFF, 0x5DFF, 0x5DFF, 0x5DFF, 0x5DFF, 0x5DFF, 0x5DFF, 0x5DFF, 0x34AD, 0x34AD, 
0x34AD, 0x34AD, 0x34AD, 0x34AD, 0x34AD, 0x34AD, 0x34AD, 0x34AD, 0x34AD, 0x34AD, 0x34AD, 0x34AD, 
0x34AD, 0x34AD, 0x34AD, 0x34AD, 0x34AD, 0x34AD, 0x34AD, 0x34AD, 0x34AD, 0x34AD, 0x34AD, 0x34AD, 
0x34AD, 0x34AD, 0x34AD, 0x34AD, 0x34AD, 0x34AD, 0x34AD, 0x34AD, 0x34AD, 0x34AD, 0x34AD, 0x34AD, 
0x34AD, 0x34AD, 0x34AD, 0x34AD, 0x34AD, 0x34AD, 0x34AD, 0x34AD, 0x34AD, 0x34AD, 0x34AD, 0x34AD, 
0x34AD, 0x34AD, 0x34AD, 0x34AD, 0x5DFF, 0x5DFF, 0x5DFF, 0x5DFF, 0x5DFF, 0x5DFF, 0x5DFF, 0x5DFF, 
0x5DFF, 0x5DFF, 0x5DFF, 0x5DFF, 0x5DFF, 0x5DFF, 0x5DFF, 0x5DFF, 0x5DFF, 0x5DFF, 0x5DFF, 0x5DFF, 
0x5DFF, 0x5DFF, 0x5DFF, 0x5DFF, 0x5DFF, 0x5DFF, 0x5DFF, 0x5DFF, 0x5DFF, 0x5DFF, 0x5DFF, 0x5DFF, 
0x5DFF, 0x5DFF, 0x5DFF, 0x5DFF, 0x5DFF, 0x5DFF, 0x5DFF, 0x5DFF, 0x5DFF, 0x5DFF, 0x5DFF, 0x5DFF, 
0x5DFF, 0x5DFF, 0x5DFF, 0x5DFF, 0x5DFF, 0x5DFF, 0x5DFF, 0x5DFF, 0x5DFF, 0x5DFF, 0x5DFF, 0x5DFF, 
0x5DFF, 0x5DFF, 0x5DFF, 0x5DFF, 0x5DFF, 0x5DFF, 0x5DFF, 0x5DFF, 0x5DFF, 0x5DFF, 0x5DFF, 0x5DFF, 
0x5DFF, 0x5DFF, 0x5DFF, 0x5DFF, 0x5DFF, 0x5DFF, 0x34AD, 0x34AD, 0x34AD, 0x34AD, 0x34AD, 0x34AD, 
0x34AD, 0x34AD, 0x34AD, 0x34AD, 0x34AD, 0x34AD, 0x34AD, 0x34AD, 0x34AD, 0x34AD, 0x34AD, 0x34AD, 
0x34AD, 0x34AD, 0x34AD, 0x34AD, 0x34AD, 0x34AD, 0x34AD, 0x34AD, 0x34AD, 0x34AD, 0x34AD, 0x34AD, 
0x34AD, 0x34AD, 0x34AD, 0x34AD, 0x34AD, 0x34AD, 0x34AD, 0x34AD, 0x34AD, 0x34AD, 0x34AD, 0x34AD, 
0x34AD, 0x34AD, 0x34AD, 0x34AD, 0x34AD, 0x34AD, 0x34AD, 0x34AD, 0x34AD, 0x34AD, 0x34AD, 0x34AD, 
0x5DFF, 0x5DFF, 0x5DFF, 0x5DFF, 0x5DFF, 0x5DFF, 0x5DFF, 0x5DFF, 0x5DFF, 0x5DFF, 0x5DFF, 0x5DFF, 
0x5DFF, 0x5DFF, 0x5DFF, 0x5DFF, 0x5DFF, 0x5DFF, 0x5DFF, 0x5DFF, 0x5DFF, 0x5DFF, 0x5DFF, 0x5DFF, 
0x5DFF, 0x5DFF, 0x5DFF, 0x5DFF, 0x5DFF, 0x5DFF, 0x5DFF, 0x5DFF, 0x5DFF, 0x5DFF, 0x5DFF, 0x5DFF, 
0x5DFF, 0x5DFF, 0x5DFF, 0x5DFF, 0x5DFF, 0x5DFF, 0x5DFF, 0x5DFF, 0x5DFF, 0x5DFF, 0x5DFF, 0x5DFF, 
0x5DFF, 0x5DFF, 0x5DFF, 0x5DFF, 0x5DFF, 0x5DFF, 0x5DFF, 0x5DFF, 0x5DFF, 0x5DFF, 0x5DFF, 0x5DFF, 
0x5DFF, 0x5DFF, 0x5DFF, 0x5DFF, 0x5DFF, 0x5DFF, 0x5DFF, 0x5DFF, 0x5DFF, 0x5DFF, 0x5DFF, 0x5DFF, 
0x5DFF, 0x5DFF, 0x5DFF, 0x5DFF, 0x34AD, 0x34AD, 0x34AD, 0x34AD, 0x34AD, 0x34AD, 0x34AD, 0x34AD, 
0x34AD, 0x34AD, 0x34AD, 0x34AD, 0x34AD, 0x34AD, 0x34AD, 0x34AD, 0x34AD, 0x34AD, 0x34AD, 0x34AD, 
0x34AD, 0x34AD, 0x34AD, 0x34AD, 0x34AD, 0x34AD, 0x34AD, 0x34AD, 0x34AD, 0x34AD, 0x34AD, 0x34AD, 
0x34AD, 0x34AD, 0x34AD, 0x34AD, 0x34AD, 0x34AD, 0x34AD, 0x34AD, 0x34AD, 0x34AD, 0x34AD, 0x34AD, 
0x34AD, 0x34AD, 0x34AD, 0x34AD, 0x34AD, 0x34AD, 0x34AD, 0x34AD, 0x5DFF, 0x5DFF, 0x5DFF, 0x5DFF, 
0x5DFF, 0x5DFF, 0x5DFF, 0x5DFF, 0x5DFF, 0x5DFF, 0x5DFF, 0x5DFF, 0x5DFF, 0x5DFF, 0x5DFF, 0x5DFF, 
0x5DFF, 0x5DFF, 0x5DFF, 0x5DFF, 0x5DFF, 0x5DFF, 0x5DFF, 0x5DFF, 0x5DFF, 0x5DFF, 0x5DFF, 0x5DFF, 
0x5DFF, 0x5DFF, 0x5DFF, 0x5DFF, 0x5DFF, 0x5DFF, 0x5DFF, 0x5DFF, 0x5DFF, 0x5DFF, 0x5DFF, 0x5DFF, 
0x5DFF, 0x5DFF, 0x5DFF, 0x5DFF, 0x5DFF, 0x5DFF, 0x5DFF, 0x5DFF, 0x5DFF, 0x5DFF, 0x5DFF, 0x5DFF, 
0x5DFF, 0x5DFF, 0x5DFF, 0x5DFF, 0x5DFF, 0x5DFF, 0x5DFF, 0x5DFF, 0x5DFF, 0x5DFF, 0x5DFF, 0x5DFF, 
0x5DFF, 0x5DFF, 0x5DFF, 0x5DFF, 0x5DFF, 0x5DFF, 0x5DFF, 0x5DFF, 0x5DFF, 0x5DFF, 0x5DFF, 0x5DFF, 
0x34AD, 0x34AD, 0x34AD, 0x34AD, 0x34AD, 0x34AD, 0x34AD, 0x34AD, 0x34AD, 0x34AD, 0x34AD, 0x34AD, 
0x34AD, 0x34AD, 0x34AD, 0x34AD, 0x34AD, 0x34AD, 0x34AD, 0x34AD, 0x34AD, 0x34AD, 0x34AD, 0x34AD, 
0x34AD, 0x34AD, 0x34AD, 0x34AD, 0x34AD, 0x34AD, 0x34AD, 0x34AD, 0x34AD, 0x34AD, 0x34AD, 0x34AD, 
0x34AD, 0x34AD, 0x34AD, 0x34AD, 0x34AD, 0x34AD, 0x34AD, 0x34AD, 0x34AD, 0x34AD, 0x34AD, 0x34AD, 
0x34AD, 0x34AD, 0x34AD, 0x34AD, 0x5DFF, 0x5DFF, 0x5DFF, 0x5DFF, 0x5DFF, 0x5DFF, 0x5DFF, 0x5DFF, 
0x5DFF, 0x5DFF, 0x5DFF, 0x5DFF, 0x5DFF, 0x5DFF, 0x5DFF, 0x5DFF, 0x5DFF, 0x5DFF, 0x5DFF, 0x5DFF, 
0x5DFF, 0x5DFF, 0x5DFF, 0x5DFF, 0x5DFF, 0x5DFF, 0x5DFF, 0x5DFF, 0x5DFF, 0x5DFF, 0x5DFF, 0x5DFF, 
0x5DFF, 0x5DFF, 0x5DFF, 0x5DFF, 0x5DFF, 0x5DFF, 0x5DFF, 0x5DFF, 0x5DFF, 0x5DFF, 0x5DFF, 0x5DFF, 
0x5DFF, 0x5DFF, 0x5DFF, 0x5DFF, 0x5DFF, 0x5DFF, 0x5DFF, 0x5DFF, 0x5DFF, 0x5DFF, 0x5DFF, 0x5DFF, 
0x5DFF, 0x5DFF, 0x5DFF, 0x5DFF, 0x5DFF, 0x5DFF, 0x5DFF, 0x5DFF, 0x5DFF, 0x5DFF, 0x5DFF, 0x5DFF, 
0x5DFF, 0x5DFF, 0x5DFF, 0x5DFF, 0x5DFF, 0x5DFF, 0x34AD, 0x34AD, 0x34AD, 0x34AD, 0x34AD, 0x34AD, 
0x34AD, 0x34AD, 0x34AD, 0x34AD, 0x34AD, 0x34AD, 0x34AD, 0x34AD, 0x34AD, 0x34AD, 0x34AD, 0x34AD, 
0x34AD, 0x34AD, 0x34AD, 0x34AD, 0x34AD, 0x34AD, 0x34AD, 0x34AD, 0x34AD, 0x34AD, 0x34AD, 0x34AD, 
0x34AD, 0x34AD, 0x34AD, 0x34AD, 0x34AD, 0x34AD, 0x34AD, 0x34AD, 0x34AD, 0x34AD, 0x34AD, 0x34AD, 
0x34AD, 0x34AD, 0x34AD, 0x34AD, 0x34AD, 0x34AD, 0x34AD, 0x34AD, 0x5DFF, 0x5DFF, 0x5DFF, 0x5DFF, 
0x5DFF, 0x5DFF, 0x5DFF, 0x5DFF, 0x5DFF, 0x5DFF, 0x5DFF, 0x5DFF, 0x5DFF, 0x5DFF, 0x5DFF, 0x5DFF, 
0x5DFF, 0x5DFF, 0x5DFF, 0x5DFF, 0x5DFF, 0x5DFF, 0x5DFF, 0x5DFF, 0x5DFF, 0x5DFF, 0x5DFF, 0x5DFF, 
0x5DFF, 0x5DFF, 0x5DFF, 0x5DFF, 0x5DFF, 0x5DFF, 0x5DFF, 0x5DFF, 0x5DFF, 0x5DFF, 0x5DFF, 0x5DFF, 
0x5DFF, 0x5DFF, 0x5DFF, 0x5DFF, 0x5DFF, 0x5DFF, 0x5DFF, 0x5DFF, 0x5DFF, 0x5DFF, 0x5DFF, 0x5DFF, 
0x5DFF, 0x5DFF, 0x5DFF, 0x5DFF, 0x5DFF, 0x5DFF, 0x5DFF, 0x5DFF, 0x5DFF, 0x5DFF, 0x5DFF, 0x5DFF, 
0x5DFF, 0x5DFF, 0x5DFF, 0x5DFF, 0x5DFF, 0x5DFF, 0x5DFF, 0x5DFF, 0x5DFF, 0x5DFF, 0x5DFF, 0x5DFF, 
0x5DFF, 0x5DFF, 0x34AD, 0x34AD, 0x34AD, 0x34AD, 0x34AD, 0x34AD, 0x34AD, 0x34AD, 0x34AD, 0x34AD, 
0x34AD, 0x34AD, 0x34AD, 0x34AD, 0x34AD, 0x34AD, 0x34AD, 0x34AD, 0x34AD, 0x34AD, 0x34AD, 0x34AD, 
0x34AD, 0x34AD, 0x34AD, 0x34AD, 0x34AD, 0x34AD, 0x34AD, 0x34AD, 0x34AD, 0x34AD, 0x34AD, 0x34AD, 
0x34AD, 0x34AD, 0x34AD, 0x34AD, 0x34AD, 0x34AD, 0x34AD, 0x34AD, 0x34AD, 0x34AD, 0x34AD, 0x34AD, 
0x34AD, 0x34AD, 0x34AD, 0x34AD, 0x5DFF, 0x5DFF, 0x5DFF, 0x5DFF, 0x5DFF, 0x5DFF, 0x5DFF, 0x5DFF, 
0x5DFF, 0x5DFF, 0x5DFF, 0x5DFF, 0x5DFF, 0x5DFF, 0x5DFF, 0x5DFF, 0x5DFF, 0x5DFF, 0x5DFF, 0x5DFF, 
0x5DFF, 0x5DFF, 0x5DFF, 0x5DFF, 0x5DFF, 0x5DFF, 0x5DFF, 0x5DFF, 0x5DFF, 0x5DFF, 0x5DFF, 0x5DFF, 
0x5DFF, 0x5DFF, 0x5DFF, 0x5DFF, 0x5DFF, 0x5DFF, 0x5DFF, 0x5DFF, 0x5DFF, 0x5DFF, 0x5DFF, 0x5DFF, 
0x5DFF, 0x5DFF, 0x5DFF, 0x5DFF, 0x5DFF, 0x5DFF, 0x5DFF, 0x5DFF, 0x5DFF, 0x5DFF, 0x5DFF, 0x5DFF, 
0x5DFF, 0x5DFF, 0x5DFF, 0x5DFF, 0x5DFF, 0x5DFF, 0x5DFF, 0x5DFF, 0x5DFF, 0x5DFF, 0x5DFF, 0x5DFF, 
0x5DFF, 0x5DFF, 0x5DFF, 0x5DFF, 0x5DFF, 0x5DFF, 0x5DFF, 0x5DFF, 0x34AD, 0x34AD, 0x34AD, 0x34AD, 
0x34AD, 0x34AD, 0x34AD, 0x34AD, 0x34AD, 0x34AD, 0x34AD, 0x34AD, 0x34AD, 0x34AD, 0x34AD, 0x34AD, 
0x34AD, 0x34AD, 0x34AD, 0x34AD, 0x34AD, 0x34AD, 0x34AD, 0x34AD, 0x34AD, 0x34AD, 0x34AD, 0x34AD, 
0x34AD, 0x34AD, 0x34AD, 0x34AD, 0x34AD, 0x34AD, 0x34AD, 0x34AD, 0x34AD, 0x34AD, 0x34AD, 0x34AD, 
0x34AD, 0x34AD, 0x34AD, 0x34AD, 0x34AD, 0x34AD, 0x34AD, 0x34AD, 0x34AD, 0x34AD, 0x34AD, 0x34AD, 
0x5DFF, 0x5DFF, 0x5DFF, 0x5DFF, 0x5DFF, 0x5DFF, 0x5DFF, 0x5DFF, 0x5DFF, 0x5DFF, 0x5DFF, 0x5DFF, 
0x5DFF, 0x5DFF, 0x5DFF, 0x5DFF, 0x5DFF, 0x5DFF, 0x5DFF, 0x5DFF, 0x5DFF, 0x5DFF, 0x5DFF, 0x5DFF, 
0x5DFF, 0x5DFF, 0x5DFF, 0x5DFF, 0x5DFF, 0x5DFF, 0x5DFF, 0x5DFF, 0x5DFF, 0x5DFF, 0x5DFF, 0x5DFF, 
0x5DFF, 0x5DFF, 0x5DFF, 0x5DFF, 0x5DFF, 0x5DFF, 0x5DFF, 0x5DFF, 0x5DFF, 0x5DFF, 0x5DFF, 0x5DFF, 
0x5DFF, 0x5DFF, 0x5DFF, 0x5DFF, 0x5DFF, 0x5DFF, 0x5DFF, 0x5DFF, 0x5DFF, 0x5DFF, 0x5DFF, 0x5DFF, 
0x5DFF, 0x5DFF, 0x5DFF, 0x5DFF, 0x5DFF, 0x5DFF, 0x5DFF, 0x5DFF, 0x5DFF, 0x5DFF, 0x5DFF, 0x5DFF, 
0x5DFF, 0x5DFF, 0x5DFF, 0x5DFF, 0x34AD, 0x34AD, 0x34AD, 0x34AD, 0x34AD, 0x34AD, 0x34AD, 0x34AD, 
0x34AD, 0x34AD, 0x34AD, 0x34AD, 0x34AD, 0x34AD, 0x34AD, 0x34AD, 0x34AD, 0x34AD, 0x34AD, 0x34AD, 
0x34AD, 0x34AD, 0x34AD, 0x34AD, 0x34AD, 0x34AD, 0x34AD, 0x34AD, 0x34AD, 0x34AD, 0x34AD, 0x34AD, 
0x34AD, 0x34AD, 0x34AD, 0x34AD, 0x34AD, 0x34AD, 0x34AD, 0x34AD, 0x34AD, 0x34AD, 0x34AD, 0x34AD, 
0x34AD, 0x34AD, 0x34AD, 0x34AD, 0x34AD, 0x34AD, 0x34AD, 0x34AD, 0x5DFF, 0x5DFF, 0x5DFF, 0x5DFF, 
0x5DFF, 0x5DFF, 0x5DFF, 0x5DFF, 0x5DFF, 0x5DFF, 0x5DFF, 0x5DFF, 0x5DFF, 0x5DFF, 0x5DFF, 0x5DFF, 
0x5DFF, 0x5DFF, 0x5DFF, 0x5DFF, 0x5DFF, 0x5DFF, 0x5DFF, 0x5DFF, 0x5DFF, 0x5DFF, 0x5DFF, 0x5DFF, 
0x5DFF, 0x5DFF, 0x5DFF, 0x5DFF, 0x5DFF, 0x5DFF, 0x5DFF, 0x5DFF, 0x5DFF, 0x5DFF, 0x5DFF, 0x5DFF, 
0x5DFF, 0x5DFF, 0x5DFF, 0x5DFF, 0x5DFF, 0x5DFF, 0x5DFF, 0x5DFF, 0x5DFF, 0x5DFF, 0x5DFF, 0x5DFF, 
0x5DFF, 0x5DFF, 0x5DFF, 0x5DFF, 0x5DFF, 0x5DFF, 0x5DFF, 0x5DFF, 0x5DFF, 0x5DFF, 0x5DFF, 0x5DFF, 
0x5DFF, 0x5DFF, 0x5DFF, 0x5DFF, 0x5DFF, 0x5DFF, 0x5DFF, 0x5DFF, 0x5DFF, 0x5DFF, 0x5DFF, 0x5DFF, 
0x34AD, 0x34AD, 0x34AD, 0x34AD, 0x34AD, 0x34AD, 0x34AD, 0x34AD, 0x34AD, 0x34AD, 0x34AD, 0x34AD, 
0x34AD, 0x34AD, 0x34AD, 0x34AD, 0x5DFF, 0x5DFF, 0x5DFF, 0x5DFF, 0x5DFF, 0x5DFF, 0x5DFF, 0x5DFF, 
0x5DFF, 0x5DFF, 0x5DFF, 0x5DFF, 0x5DFF, 0x5DFF, 0x5DFF, 0x5DFF, 0x5DFF, 0x5DFF, 0x5DFF, 0x5DFF, 
0x34AD, 0x34AD, 0x34AD, 0x34AD, 0x34AD, 0x34AD, 0x34AD, 0x34AD, 0x34AD, 0x34AD, 0x34AD, 0x34AD, 
0x34AD, 0x34AD, 0x5DFF, 0x5DFF, 0x5DFF, 0x5DFF, 0x5DFF, 0x5DFF, 0x5DFF, 0x5DFF, 0x5DFF, 0x5DFF, 
0x5DFF, 0x5DFF, 0x5DFF, 0x5DFF, 0x5DFF, 0x5DFF, 0x5DFF, 0x5DFF, 0x5DFF, 0x5DFF, 0x5DFF, 0x5DFF, 
0x5DFF, 0x5DFF, 0x5DFF, 0x5DFF, 0x5DFF, 0x5DFF, 0x5DFF, 0x5DFF, 0x5DFF, 0x5DFF, 0x5DFF, 0x5DFF, 
0x5DFF, 0x5DFF, 0x5DFF, 0x5DFF, 0x5DFF, 0x5DFF, 0x5DFF, 0x5DFF, 0x5DFF, 0x5DFF, 0x5DFF, 0x5DFF, 
0x5DFF, 0x5DFF, 0x5DFF, 0x5DFF, 0x5DFF, 0x5DFF, 0x5DFF, 0x5DFF, 0x5DFF, 0x5DFF, 0x5DFF, 0x5DFF, 
0x5DFF, 0x5DFF, 0x5DFF, 0x5DFF, 0x5DFF, 0x5DFF, 0x5DFF, 0x5DFF, 0x5DFF, 0x5DFF, 0x5DFF, 0x5DFF, 
0x5DFF, 0x5DFF, 0x5DFF, 0x5DFF, 0x5DFF, 0x5DFF, 0x5DFF, 0x5DFF, 0x34AD, 0x34AD, 0x34AD, 0x34AD, 
0x34AD, 0x34AD, 0x34AD, 0x34AD, 0x34AD, 0x34AD, 0x34AD, 0x34AD, 0x34AD, 0x34AD, 0x34AD, 0x34AD, 
0x5DFF, 0x5DFF, 0x5DFF, 0x5DFF, 0x5DFF, 0x5DFF, 0x5DFF, 0x5DFF, 0x5DFF, 0x5DFF, 0x5DFF, 0x5DFF, 
0x5DFF, 0x5DFF, 0x5DFF, 0x5DFF, 0x5DFF, 0x5DFF, 0x5DFF, 0x5DFF, 0x34AD, 0x34AD, 0x34AD, 0x34AD, 
0x34AD, 0x34AD, 0x34AD, 0x34AD, 0x34AD, 0x34AD, 0x34AD, 0x34AD, 0x34AD, 0x34AD, 0x5DFF, 0x5DFF, 
0x5DFF, 0x5DFF, 0x5DFF, 0x5DFF, 0x5DFF, 0x5DFF, 0x5DFF, 0x5DFF, 0x5DFF, 0x5DFF, 0x5DFF, 0x5DFF, 
0x5DFF, 0x5DFF, 0x5DFF, 0x5DFF, 0x5DFF, 0x5DFF, 0x5DFF, 0x5DFF, 0x5DFF, 0x5DFF, 0x5DFF, 0x5DFF, 
0x5DFF, 0x5DFF, 0x5DFF, 0x5DFF, 0x5DFF, 0x5DFF, 0x5DFF, 0x5DFF, 0x5DFF, 0x5DFF, 0x5DFF, 0x5DFF, 
0x5DFF, 0x5DFF, 0x5DFF, 0x5DFF, 0x5DFF, 0x5DFF, 0x5DFF, 0x5DFF, 0x5DFF, 0x5DFF, 0x5DFF, 0x5DFF, 
0x5DFF, 0x5DFF, 0x5DFF, 0x5DFF, 0x5DFF, 0x5DFF, 0x5DFF, 0x5DFF, 0x5DFF, 0x5DFF, 0x5DFF, 0x5DFF, 
0x5DFF, 0x5DFF, 0x5DFF, 0x5DFF, 0x5DFF, 0x5DFF, 0x5DFF, 0x5DFF, 0x5DFF, 0x5DFF, 0x5DFF, 0x5DFF, 
0x5DFF, 0x5DFF, 0x5DFF, 0x5DFF, 0x34AD, 0x34AD, 0x34AD, 0x34AD, 0x34AD, 0x34AD, 0x34AD, 0x34AD, 
0x34AD, 0x34AD, 0x34AD, 0x34AD, 0x5DFF, 0x5DFF, 0x5DFF, 0x5DFF, 0x5DFF, 0x5DFF, 0x5DFF, 0x5DFF, 
0x5DFF, 0x5DFF, 0x5DFF, 0x5DFF, 0x5DFF, 0x5DFF, 0x5DFF, 0x5DFF, 0x5DFF, 0x5DFF, 0x5DFF, 0x5DFF, 
0x5DFF, 0x5DFF, 0x5DFF, 0x5DFF, 0x5DFF, 0x5DFF, 0x34AD, 0x34AD, 0x34AD, 0x34AD, 0x34AD, 0x34AD, 
0x34AD, 0x34AD, 0x34AD, 0x34AD, 0x34AD, 0x34AD, 0x5DFF, 0x5DFF, 0x5DFF, 0x5DFF, 0x5DFF, 0x5DFF, 
0x5DFF, 0x5DFF, 0x5DFF, 0x5DFF, 0x5DFF, 0x5DFF, 0x5DFF, 0x5DFF, 0x5DFF, 0x5DFF, 0x5DFF, 0x5DFF, 
0x5DFF, 0x5DFF, 0x5DFF, 0x5DFF, 0x5DFF, 0x5DFF, 0x5DFF, 0x5DFF, 0x5DFF, 0x5DFF, 0x5DFF, 0x5DFF, 
0x5DFF, 0x5DFF, 0x5DFF, 0x5DFF, 0x5DFF, 0x5DFF, 0x5DFF, 0x5DFF, 0x5DFF, 0x5DFF, 0x5DFF, 0x5DFF, 
0x5DFF, 0x5DFF, 0x5DFF, 0x5DFF, 0x5DFF, 0x5DFF, 0x5DFF, 0x5DFF, 0x5DFF, 0x5DFF, 0x5DFF, 0x5DFF, 
0x5DFF, 0x5DFF, 0x5DFF, 0x5DFF, 0x5DFF, 0x5DFF, 0x5DFF, 0x5DFF, 0x5DFF, 0x5DFF, 0x5DFF, 0x5DFF, 
0x5DFF, 0x5DFF, 0x5DFF, 0x5DFF, 0x5DFF, 0x5DFF, 0x5DFF, 0x5DFF, 0x5DFF, 0x5DFF, 0x5DFF, 0x5DFF, 
0x34AD, 0x34AD, 0x34AD, 0x34AD, 0x34AD, 0x34AD, 0x34AD, 0x34AD, 0x34AD, 0x34AD, 0x34AD, 0x34AD, 
0x5DFF, 0x5DFF, 0x5DFF, 0x5DFF, 0x5DFF, 0x5DFF, 0x5DFF, 0x5DFF, 0x5DFF, 0x5DFF, 0x5DFF, 0x5DFF, 
0x5DFF, 0x5DFF, 0x5DFF, 0x5DFF, 0x5DFF, 0x5DFF, 0x5DFF, 0x5DFF, 0x5DFF, 0x5DFF, 0x5DFF, 0x5DFF, 
0x5DFF, 0x5DFF, 0x34AD, 0x34AD, 0x34AD, 0x34AD, 0x34AD, 0x34AD, 0x34AD, 0x34AD, 0x34AD, 0x34AD, 
0x34AD, 0x34AD, 0x5DFF, 0x5DFF, 0x5DFF, 0x5DFF, 0x5DFF, 0x5DFF, 0x5DFF, 0x5DFF, 0x5DFF, 0x5DFF, 
0x5DFF, 0x5DFF, 0x5DFF, 0x5DFF, 0x5DFF, 0x5DFF, 0x5DFF, 0x5DFF, 0x5DFF, 0x5DFF, 0x5DFF, 0x5DFF, 
0x5DFF, 0x5DFF, 0x5DFF, 0x5DFF, 0x5DFF, 0x5DFF, 0x5DFF, 0x5DFF, 0x5DFF, 0x5DFF, 0x5DFF, 0x5DFF, 
0x5DFF, 0x5DFF, 0x5DFF, 0x5DFF, 0x5DFF, 0x5DFF, 0x5DFF, 0x5DFF, 0x5DFF, 0x5DFF, 0x5DFF, 0x5DFF, 
0x5DFF, 0x5DFF, 0x5DFF, 0x5DFF, 0x5DFF, 0x5DFF, 0x5DFF, 0x5DFF, 0x5DFF, 0x5DFF, 0x5DFF, 0x5DFF, 
0x5DFF, 0x5DFF, 0x5DFF, 0x5DFF, 0x5DFF, 0x5DFF, 0x5DFF, 0x5DFF, 0x5DFF, 0x5DFF, 0x5DFF, 0x5DFF, 
0x5DFF, 0x5DFF, 0x5DFF, 0x5DFF, 0x5DFF, 0x5DFF, 0x5DFF, 0x5DFF, 0x5DFF, 0x5DFF, 0x5DFF, 0x5DFF, 
0x5DFF, 0x5DFF, 0x5DFF, 0x5DFF, 0x5DFF, 0x5DFF, 0x5DFF, 0x5DFF, 0x5DFF, 0x5DFF, 0x5DFF, 0x5DFF, 
0x5DFF, 0x5DFF, 0x5DFF, 0x5DFF, 0x5DFF, 0x5DFF, 0x5DFF, 0x5DFF, 0x5DFF, 0x5DFF, 0x5DFF, 0x5DFF, 
0x5DFF, 0x5DFF, 0x5DFF, 0x5DFF, 0x5DFF, 0x5DFF, 0x5DFF, 0x5DFF, 0x5DFF, 0x5DFF, 0x5DFF, 0x5DFF, 
0x34AD, 0x34AD, 0x34AD, 0x34AD, 0x34AD, 0x34AD, 0x34AD, 0x34AD, 0x5DFF, 0x5DFF, 0x5DFF, 0x5DFF, 
0x5DFF, 0x5DFF, 0x5DFF, 0x5DFF, 0x5DFF, 0x5DFF, 0x5DFF, 0x5DFF, 0x5DFF, 0x5DFF, 0x5DFF, 0x5DFF, 
0x5DFF, 0x5DFF, 0x5DFF, 0x5DFF, 0x5DFF, 0x5DFF, 0x5DFF, 0x5DFF, 0x5DFF, 0x5DFF, 0x5DFF, 0x5DFF, 
0x5DFF, 0x5DFF, 0x5DFF, 0x5DFF, 0x5DFF, 0x5DFF, 0x5DFF, 0x5DFF, 0x5DFF, 0x5DFF, 0x5DFF, 0x5DFF, 
0x5DFF, 0x5DFF, 0x5DFF, 0x5DFF, 0x5DFF, 0x5DFF, 0x5DFF, 0x5DFF, 0x5DFF, 0x5DFF, 0x5DFF, 0x5DFF, 
0x5DFF, 0x5DFF, 0x5DFF, 0x5DFF, 0x5DFF, 0x5DFF, 0x5DFF, 0x5DFF, 0x5DFF, 0x5DFF, 0x5DFF, 0x5DFF, 
0x5DFF, 0x5DFF, 0x5DFF, 0x5DFF, 0x5DFF, 0x5DFF, 0x5DFF, 0x5DFF, 0x5DFF, 0x5DFF, 0x5DFF, 0x5DFF, 
0x5DFF, 0x5DFF, 0x5DFF, 0x5DFF, 0x5DFF, 0x5DFF, 0x5DFF, 0x5DFF, 0x5DFF, 0x5DFF, 0x5DFF, 0x5DFF, 
0x5DFF, 0x5DFF, 0x5DFF, 0x5DFF, 0x5DFF, 0x5DFF, 0x5DFF, 0x5DFF, 0x5DFF, 0x5DFF, 0x5DFF, 0x5DFF, 
0x5DFF, 0x5DFF, 0x5DFF, 0x5DFF, 0x5DFF, 0x5DFF, 0x5DFF, 0x5DFF, 0x5DFF, 0x5DFF, 0x5DFF, 0x5DFF, 
0x5DFF, 0x5DFF, 0x5DFF, 0x5DFF, 0x5DFF, 0x5DFF, 0x5DFF, 0x5DFF, 0x34AD, 0x34AD, 0x34AD, 0x34AD, 
0x34AD, 0x34AD, 0x34AD, 0x34AD, 0x5DFF, 0x5DFF, 0x5DFF, 0x5DFF, 0x5DFF, 0x5DFF, 0x5DFF, 0x5DFF, 
0x5DFF, 0x5DFF, 0x5DFF, 0x5DFF, 0x5DFF, 0x5DFF, 0x5DFF, 0x5DFF, 0x5DFF, 0x5DFF, 0x5DFF, 0x5DFF, 
0x5DFF, 0x5DFF, 0x5DFF, 0x5DFF, 0x5DFF, 0x5DFF, 0x5DFF, 0x5DFF, 0x5DFF, 0x5DFF, 0x5DFF, 0x5DFF, 
0x5DFF, 0x5DFF, 0x5DFF, 0x5DFF, 0x5DFF, 0x5DFF, 0x5DFF, 0x5DFF, 0x5DFF, 0x5DFF, 0x5DFF, 0x5DFF, 
0x5DFF, 0x5DFF, 0x5DFF, 0x5DFF, 0x5DFF, 0x5DFF, 0x5DFF, 0x5DFF, 0x5DFF, 0x5DFF, 0x5DFF, 0x5DFF, 
0x5DFF, 0x5DFF, 0x5DFF, 0x5DFF, 0x5DFF, 0x5DFF, 0x5DFF, 0x5DFF, 0x5DFF, 0x5DFF, 0x5DFF, 0x5DFF, 
0x5DFF, 0x5DFF, 0x5DFF, 0x5DFF, 0x5DFF, 0x5DFF, 0x5DFF, 0x5DFF, 0x5DFF, 0x5DFF, 0x5DFF, 0x5DFF, 
0x5DFF, 0x5DFF, 0x5DFF, 0x5DFF, 0x5DFF, 0x5DFF, 0x5DFF, 0x5DFF, 0x5DFF, 0x5DFF, 0x5DFF, 0x5DFF, 
0x5DFF, 0x5DFF, 0x5DFF, 0x5DFF, 0x5DFF, 0x5DFF, 0x5DFF, 0x5DFF, 0x5DFF, 0x5DFF, 0x5DFF, 0x5DFF, 
0x5DFF, 0x5DFF, 0x5DFF, 0x5DFF, 0x5DFF, 0x5DFF, 0x5DFF, 0x5DFF, 0x5DFF, 0x5DFF, 0x5DFF, 0x5DFF, 
0x5DFF, 0x5DFF, 0x5DFF, 0x5DFF, 0x5DFF, 0x5DFF, 0x5DFF, 0x5DFF, 0x5DFF, 0x5DFF, 0x5DFF, 0x5DFF, 
0x5DFF, 0x5DFF, 0x5DFF, 0x5DFF, 0x5DFF, 0x5DFF, 0x5DFF, 0x5DFF, 0x5DFF, 0x5DFF, 0x5DFF, 0x5DFF, 
0x5DFF, 0x5DFF, 0x5DFF, 0x5DFF, 0x5DFF, 0x5DFF, 0x5DFF, 0x5DFF, 0x5DFF, 0x5DFF, 0x5DFF, 0x5DFF, 
0x5DFF, 0x5DFF, 0x5DFF, 0x5DFF, 0x5DFF, 0x5DFF, 0x5DFF, 0x5DFF, 0x5DFF, 0x5DFF, 0x5DFF, 0x5DFF, 
0x5DFF, 0x5DFF, 0x5DFF, 0x5DFF, 0x5DFF, 0x5DFF, 0x5DFF, 0x5DFF, 0x5DFF, 0x5DFF, 0x5DFF, 0x5DFF, 
0x5DFF, 0x5DFF, 0x5DFF, 0x5DFF, 0x5DFF, 0x5DFF, 0x5DFF, 0x5DFF, 0x5DFF, 0x5DFF, 0x5DFF, 0x5DFF, 
0x5DFF, 0x5DFF, 0x5DFF, 0x5DFF, 0x5DFF, 0x5DFF, 0x5DFF, 0x5DFF, 0x5DFF, 0x5DFF, 0x5DFF, 0x5DFF, 
0x5DFF, 0x5DFF, 0x5DFF, 0x5DFF, 0x5DFF, 0x5DFF, 0x5DFF, 0x5DFF, 0x5DFF, 0x5DFF, 0x5DFF, 0x5DFF, 
0x5DFF, 0x5DFF, 0x5DFF, 0x5DFF, 0x5DFF, 0x5DFF, 0x5DFF, 0x5DFF, 0x5DFF, 0x5DFF, 0x5DFF, 0x5DFF, 
0x5DFF, 0x5DFF, 0x5DFF, 0x5DFF, 0x5DFF, 0x5DFF, 0x5DFF, 0x5DFF, 0x5DFF, 0x5DFF, 0x5DFF, 0x5DFF, 
0x5DFF, 0x5DFF, 0x5DFF, 0x5DFF, 0x5DFF, 0x5DFF, 0x5DFF, 0x5DFF, 0x5DFF, 0x5DFF, 0x5DFF, 0x5DFF, 
0x5DFF, 0x5DFF, 0x5DFF, 0x5DFF, 0x5DFF, 0x5DFF, 0x5DFF, 0x5DFF, 0x5DFF, 0x5DFF, 0x5DFF, 0x5DFF, 
0x5DFF, 0x5DFF, 0x5DFF, 0x5DFF, 0x5DFF, 0x5DFF, 0x5DFF, 0x5DFF, 0x5DFF, 0x5DFF, 0x5DFF, 0x5DFF, 
0x5DFF, 0x5DFF, 0x5DFF, 0x5DFF, 0x5DFF, 0x5DFF, 0x5DFF, 0x5DFF, 0x5DFF, 0x5DFF, 0x5DFF, 0x5DFF, 
0x5DFF, 0x5DFF, 0x5DFF, 0x5DFF, 0x5DFF, 0x5DFF, 0x5DFF, 0x5DFF, 0x5DFF, 0x5DFF, 0x5DFF, 0x5DFF, 
0x5DFF, 0x5DFF, 0x5DFF, 0x5DFF, 0x5DFF, 0x5DFF, 0x5DFF, 0x5DFF, 0x5DFF, 0x5DFF, 0x5DFF, 0x5DFF, 
0x5DFF, 0x5DFF, 0x5DFF, 0x5DFF, 0x5DFF, 0x5DFF, 0x5DFF, 0x5DFF, 0x5DFF, 0x5DFF, 0x5DFF, 0x5DFF, 
0x5DFF, 0x5DFF, 0x5DFF, 0x5DFF, 0x5DFF, 0x5DFF, 0x5DFF, 0x5DFF, 0x5DFF, 0x5DFF, 0x5DFF, 0x5DFF, 
0x5DFF, 0x5DFF, 0x5DFF, 0x5DFF, 0x5DFF, 0x5DFF, 0x5DFF, 0x5DFF, 0x5DFF, 0x5DFF, 0x5DFF, 0x5DFF, 
0x5DFF, 0x5DFF, 0x5DFF, 0x5DFF, 0x5DFF, 0x5DFF, 0x5DFF, 0x5DFF, 0x5DFF, 0x5DFF, 0x5DFF, 0x5DFF, 
0x5DFF, 0x5DFF, 0x5DFF, 0x5DFF, 0x5DFF, 0x5DFF, 0x5DFF, 0x5DFF, 0x5DFF, 0x5DFF, 0x5DFF, 0x5DFF, 
0x5DFF, 0x5DFF, 0x5DFF, 0x5DFF, 0x5DFF, 0x5DFF, 0x5DFF, 0x5DFF, 0x5DFF, 0x5DFF, 0x5DFF, 0x5DFF, 
0x5DFF, 0x5DFF, 0x5DFF, 0x5DFF, 0x5DFF, 0x5DFF, 0x5DFF, 0x5DFF, 0x5DFF, 0x5DFF, 0x5DFF, 0x5DFF, 
0x5DFF, 0x5DFF, 0x5DFF, 0x5DFF, 0x5DFF, 0x5DFF, 0x5DFF, 0x5DFF, 0x5DFF, 0x5DFF, 0x5DFF, 0x5DFF, 
0x5DFF, 0x5DFF, 0x5DFF, 0x5DFF, 0x5DFF, 0x5DFF, 0x5DFF, 0x5DFF, 0x5DFF, 0x5DFF, 0x5DFF, 0x5DFF, 
0x5DFF, 0x5DFF, 0x5DFF, 0x5DFF, 0x5DFF, 0x5DFF, 0x5DFF, 0x5DFF, 0x5DFF, 0x5DFF, 0x5DFF, 0x5DFF, 
0x5DFF, 0x5DFF, 0x5DFF, 0x5DFF, 0x5DFF, 0x5DFF, 0x5DFF, 0x5DFF, 0x5DFF, 0x5DFF, 0x5DFF, 0x5DFF, 
0x5DFF, 0x5DFF, 0x5DFF, 0x5DFF, 0x5DFF, 0x5DFF, 0x5DFF, 0x5DFF, 0x5DFF, 0x5DFF, 0x5DFF, 0x5DFF, 
0x5DFF, 0x5DFF, 0x5DFF, 0x5DFF, 0x5DFF, 0x5DFF, 0x5DFF, 0x5DFF, 0x5DFF, 0x5DFF, 0x5DFF, 0x5DFF, 
0x5DFF, 0x5DFF, 0x5DFF, 0x5DFF, 0x5DFF, 0x5DFF, 0x5DFF, 0x5DFF, 0x5DFF, 0x5DFF, 0x5DFF, 0x5DFF, 
0x5DFF, 0x5DFF, 0x5DFF, 0x5DFF, 0x5DFF, 0x5DFF, 0x5DFF, 0x5DFF, 0x5DFF, 0x5DFF, 0x5DFF, 0x5DFF, 
0x5DFF, 0x5DFF, 0x5DFF, 0x5DFF, 0x5DFF, 0x5DFF, 0x5DFF, 0x5DFF, 0x5DFF, 0x5DFF, 0x5DFF, 0x5DFF, 
0x5DFF, 0x5DFF, 0x5DFF, 0x5DFF, 0x5DFF, 0x5DFF, 0x5DFF, 0x5DFF, 0x5DFF, 0x5DFF, 0x5DFF, 0x5DFF, 
0x5DFF, 0x5DFF, 0x5DFF, 0x5DFF, 0x5DFF, 0x5DFF, 0x5DFF, 0x5DFF, 0x5DFF, 0x5DFF, 0x5DFF, 0x5DFF, 
0x5DFF, 0x5DFF, 0x5DFF, 0x5DFF, 0x5DFF, 0x5DFF, 0x5DFF, 0x5DFF, 0x5DFF, 0x5DFF, 0x5DFF, 0x5DFF, 
0x5DFF, 0x5DFF, 0x5DFF, 0x5DFF, 0x5DFF, 0x5DFF, 0x5DFF, 0x5DFF, 0x5DFF, 0x5DFF, 0x5DFF, 0x5DFF, 
0x5DFF, 0x5DFF, 0x5DFF, 0x5DFF, 0x5DFF, 0x5DFF, 0x5DFF, 0x5DFF, 0x5DFF, 0x5DFF, 0x5DFF, 0x5DFF, 
0x5DFF, 0x5DFF, 0x5DFF, 0x5DFF, 0x5DFF, 0x5DFF, 0x5DFF, 0x5DFF, 0x5DFF, 0x5DFF, 0x5DFF, 0x5DFF, 
0x5DFF, 0x5DFF, 0x5DFF, 0x5DFF, 0x5DFF, 0x5DFF, 0x5DFF, 0x5DFF, 0x5DFF, 0x5DFF, 0x5DFF, 0x5DFF, 
0x5DFF, 0x5DFF, 0x5DFF, 0x5DFF, 0x5DFF, 0x5DFF, 0x5DFF, 0x5DFF, 0x5DFF, 0x5DFF, 0x5DFF, 0x5DFF, 
0x5DFF, 0x5DFF, 0x5DFF, 0x5DFF, 0x5DFF, 0x5DFF, 0x5DFF, 0x5DFF, 0x5DFF, 0x5DFF, 0x5DFF, 0x5DFF, 
0x5DFF, 0x5DFF, 0x5DFF, 0x5DFF, 0x5DFF, 0x5DFF, 0x5DFF, 0x5DFF, 0x5DFF, 0x5DFF, 0x5DFF, 0x5DFF, 
0x5DFF, 0x5DFF, 0x5DFF, 0x5DFF, 0x5DFF, 0x5DFF, 0x5DFF, 0x5DFF, 0x5DFF, 0x5DFF, 0x5DFF, 0x5DFF, 
0x5DFF, 0x5DFF, 0x5DFF, 0x5DFF, 0x5DFF, 0x5DFF, 0x5DFF, 0x5DFF, 0x5DFF, 0x5DFF, 0x5DFF, 0x5DFF, 
0x5DFF, 0x5DFF, 0x5DFF, 0x5DFF, 0x5DFF, 0x5DFF, 0x5DFF, 0x5DFF, 0x5DFF, 0x5DFF, 0x5DFF, 0x5DFF, 
0x5DFF, 0x5DFF, 0x5DFF, 0x5DFF, 0x5DFF, 0x5DFF, 0x5DFF, 0x5DFF, 0x5DFF, 0x5DFF, 0x5DFF, 0x5DFF, 
0x5DFF, 0x5DFF, 0x5DFF, 0x5DFF, 0x5DFF, 0x5DFF, 0x5DFF, 0x5DFF, 0x5DFF, 0x5DFF, 0x5DFF, 0x5DFF, 
0x5DFF, 0x5DFF, 0x5DFF, 0x5DFF, 0x5DFF, 0x5DFF, 0x5DFF, 0x5DFF, 0x5DFF, 0x5DFF, 0x5DFF, 0x5DFF, 
0x5DFF, 0x5DFF, 0x5DFF, 0x5DFF, 0x5DFF, 0x5DFF, 0x5DFF, 0x5DFF, 0x5DFF, 0x5DFF, 0x5DFF, 0x5DFF, 
0x5DFF, 0x5DFF, 0x5DFF, 0x5DFF, 0x5DFF, 0x5DFF, 0x5DFF, 0x5DFF, 0x5DFF, 0x5DFF, 0x5DFF, 0x5DFF, 
0x5DFF, 0x5DFF, 0x5DFF, 0x5DFF, 0x5DFF, 0x5DFF, 0x5DFF, 0x5DFF, 0x5DFF, 0x5DFF, 0x5DFF, 0x5DFF, 
0x5DFF, 0x5DFF, 0x5DFF, 0x5DFF, 0x5DFF, 0x5DFF, 0x5DFF, 0x5DFF, 0x5DFF, 0x5DFF, 0x5DFF, 0x5DFF, 
0x5DFF, 0x5DFF, 0x5DFF, 0x5DFF, 0x5DFF, 0x5DFF, 0x5DFF, 0x5DFF, 0x5DFF, 0x5DFF, 0x5DFF, 0x5DFF, 
0x5DFF, 0x5DFF, 0x5DFF, 0x5DFF, 0x5DFF, 0x5DFF, 0x5DFF, 0x5DFF, 0x5DFF, 0x5DFF, 0x5DFF, 0x5DFF, 
0x5DFF, 0x5DFF, 0x5DFF, 0x5DFF, 0x5DFF, 0x5DFF, 0x5DFF, 0x5DFF, 0x5DFF, 0x5DFF, 0x5DFF, 0x5DFF, 
0x5DFF, 0x5DFF, 0x5DFF, 0x5DFF, 0x5DFF, 0x5DFF, 0x5DFF, 0x5DFF, 0x5DFF, 0x5DFF, 0x5DFF, 0x5DFF, 
0x5DFF, 0x5DFF, 0x5DFF, 0x5DFF, 0x5DFF, 0x5DFF, 0x5DFF, 0x5DFF, 0x5DFF, 0x5DFF, 0x5DFF, 0x5DFF, 
0x5DFF, 0x5DFF, 0x5DFF, 0x5DFF, 0x5DFF, 0x5DFF, 0x5DFF, 0x5DFF, 0x5DFF, 0x5DFF, 0x5DFF, 0x5DFF, 
0x5DFF, 0x5DFF, 0x5DFF, 0x5DFF, 0x5DFF, 0x5DFF, 0x5DFF, 0x5DFF, 0x5DFF, 0x5DFF, 0x5DFF, 0x5DFF, 
0x5DFF, 0x5DFF, 0x5DFF, 0x5DFF, 0x5DFF, 0x5DFF, 0x5DFF, 0x5DFF, 0x5DFF, 0x5DFF, 0x5DFF, 0x5DFF, 
0x5DFF, 0x5DFF, 0x5DFF, 0x5DFF, 0x5DFF, 0x5DFF, 0x5DFF, 0x5DFF, 0x5DFF, 0x5DFF, 0x5DFF, 0x5DFF, 
0x5DFF, 0x5DFF, 0x5DFF, 0x5DFF, 0x5DFF, 0x5DFF, 0x5DFF, 0x5DFF, 0x5DFF, 0x5DFF, 0x5DFF, 0x5DFF, 
0x5DFF, 0x5DFF, 0x5DFF, 0x5DFF, 0x5DFF, 0x5DFF, 0x5DFF, 0x5DFF, 0x5DFF, 0x5DFF, 0x5DFF, 0x5DFF, 
0x5DFF, 0x5DFF, 0x5DFF, 0x5DFF, 0x5DFF, 0x5DFF, 0x5DFF, 0x5DFF, 0x5DFF, 0x5DFF, 0x5DFF, 0x5DFF, 
0x5DFF, 0x5DFF, 0x5DFF, 0x5DFF, 0x5DFF, 0x5DFF, 0x5DFF, 0x5DFF, 0x5DFF, 0x5DFF, 0x5DFF, 0x5DFF, 
0x5DFF, 0x5DFF, 0x5DFF, 0x5DFF, 0x5DFF, 0x5DFF, 0x5DFF, 0x5DFF, 0x5DFF, 0x5DFF, 0x5DFF, 0x5DFF, 
0x5DFF, 0x5DFF, 0x5DFF, 0x5DFF, 0x5DFF, 0x5DFF, 0x5DFF, 0x5DFF, 0x5DFF, 0x5DFF, 0x5DFF, 0x5DFF, 
0x5DFF, 0x5DFF, 0x5DFF, 0x5DFF, 0x5DFF, 0x5DFF, 0x5DFF, 0x5DFF, 0x5DFF, 0x5DFF, 0x5DFF, 0x5DFF, 
0x5DFF, 0x5DFF, 0x5DFF, 0x5DFF, 0x5DFF, 0x5DFF, 0x5DFF, 0x5DFF, 0x5DFF, 0x5DFF, 0x5DFF, 0x5DFF, 
0x5DFF, 0x5DFF, 0x5DFF, 0x5DFF, 0x5DFF, 0x5DFF, 0x5DFF, 0x5DFF, 0x5DFF, 0x5DFF, 0x5DFF, 0x5DFF, 
0x5DFF, 0x5DFF, 0x5DFF, 0x5DFF, 0x5DFF, 0x5DFF, 0x5DFF, 0x5DFF, 0x5DFF, 0x5DFF, 0x5DFF, 0x5DFF, 
0x5DFF, 0x5DFF, 0x5DFF, 0x5DFF, 0x5DFF, 0x5DFF, 0x5DFF, 0x5DFF, 0x5DFF, 0x5DFF, 0x5DFF, 0x5DFF, 
0x5DFF, 0x5DFF, 0x5DFF, 0x5DFF, 0x5DFF, 0x5DFF, 0x5DFF, 0x5DFF, 0x5DFF, 0x5DFF, 0x5DFF, 0x5DFF, 
0x5DFF, 0x5DFF, 0x5DFF, 0x5DFF, 0x5DFF, 0x5DFF, 0x5DFF, 0x5DFF, 0x5DFF, 0x5DFF, 0x5DFF, 0x5DFF, 
0x5DFF, 0x5DFF, 0x5DFF, 0x5DFF, 0x5DFF, 0x5DFF, 0x5DFF, 0x5DFF, 0x5DFF, 0x5DFF, 0x5DFF, 0x5DFF, 
0x5DFF, 0x5DFF, 0x5DFF, 0x5DFF, 0x5DFF, 0x5DFF, 0x5DFF, 0x5DFF, 0x5DFF, 0x5DFF, 0x5DFF, 0x5DFF, 
0x5DFF, 0x5DFF, 0x5DFF, 0x5DFF, 0x5DFF, 0x5DFF, 0x5DFF, 0x5DFF, 0x5DFF, 0x5DFF, 0x5DFF, 0x5DFF, 
0x5DFF, 0x5DFF, 0x5DFF, 0x5DFF, 0x5DFF, 0x5DFF, 0x5DFF, 0x5DFF, 0x5DFF, 0x5DFF, 0x5DFF, 0x5DFF, 
0x5DFF, 0x5DFF, 0x5DFF, 0x5DFF, 0x5DFF, 0x5DFF, 0x5DFF, 0x5DFF, 0x5DFF, 0x5DFF, 0x5DFF, 0x5DFF, 
0x5DFF, 0x5DFF, 0x5DFF, 0x5DFF, 0x5DFF, 0x5DFF, 0x5DFF, 0x5DFF, 0x5DFF, 0x5DFF, 0x5DFF, 0x5DFF, 
0x5DFF, 0x5DFF, 0x5DFF, 0x5DFF, 0x5DFF, 0x5DFF, 0x5DFF, 0x5DFF, 0x5DFF, 0x5DFF, 0x5DFF, 0x5DFF, 
0x5DFF, 0x5DFF, 0x5DFF, 0x5DFF, 0x5DFF, 0x5DFF, 0x5DFF, 0x5DFF, 0x5DFF, 0x5DFF, 0x5DFF, 0x5DFF, 
0x5DFF, 0x5DFF, 0x5DFF, 0x5DFF, 0x5DFF, 0x5DFF, 0x5DFF, 0x5DFF, 0x5DFF, 0x5DFF, 0x5DFF, 0x5DFF, 
0x5DFF, 0x5DFF, 0x5DFF, 0x5DFF, 0x5DFF, 0x5DFF, 0x5DFF, 0x5DFF, 0x5DFF, 0x5DFF, 0x5DFF, 0x5DFF, 
0x5DFF, 0x5DFF, 0x5DFF, 0x5DFF, 0x5DFF, 0x5DFF, 0x5DFF, 0x5DFF, 0x5DFF, 0x5DFF, 0x5DFF, 0x5DFF, 
0x5DFF, 0x5DFF, 0x5DFF, 0x5DFF, 0x5DFF, 0x5DFF, 0x5DFF, 0x5DFF, 0x5DFF, 0x5DFF, 0x5DFF, 0x5DFF, 
0x5DFF, 0x5DFF, 0x5DFF, 0x5DFF, 0x5DFF, 0x5DFF, 0x5DFF, 0x5DFF, 0x5DFF, 0x5DFF, 0x5DFF, 0x5DFF, 
0x5DFF, 0x5DFF, 0x5DFF, 0x5DFF, 0x5DFF, 0x5DFF, 0x5DFF, 0x5DFF, 0x5DFF, 0x5DFF, 0x5DFF, 0x5DFF, 
0x5DFF, 0x5DFF, 0x5DFF, 0x5DFF, 0x5DFF, 0x5DFF, 0x5DFF, 0x5DFF, 0x5DFF, 0x5DFF, 0x5DFF, 0x5DFF, 
0x5DFF, 0x5DFF, 0x5DFF, 0x5DFF, 0x5DFF, 0x5DFF, 0x5DFF, 0x5DFF, 0x5DFF, 0x5DFF, 0x5DFF, 0x5DFF, 
0x5DFF, 0x5DFF, 0x5DFF, 0x5DFF, 0x5DFF, 0x5DFF, 0x5DFF, 0x5DFF, 0x5DFF, 0x5DFF, 0x5DFF, 0x5DFF, 
0x5DFF, 0x5DFF, 0x5DFF, 0x5DFF, 0x5DFF, 0x5DFF, 0x5DFF, 0x5DFF, 0x5DFF, 0x5DFF, 0x5DFF, 0x5DFF, 
0x5DFF, 0x5DFF, 0x5DFF, 0x5DFF, 0x5DFF, 0x5DFF, 0x5DFF, 0x5DFF, 0x5DFF, 0x5DFF, 0x5DFF, 0x5DFF, 
0x5DFF, 0x5DFF, 0x5DFF, 0x5DFF, 0x5DFF, 0x5DFF, 0x5DFF, 0x5DFF, 0x5DFF, 0x5DFF, 0x5DFF, 0x5DFF, 
0x5DFF, 0x5DFF, 0x5DFF, 0x5DFF, 0x5DFF, 0x5DFF, 0x5DFF, 0x5DFF, 0x5DFF, 0x5DFF, 0x5DFF, 0x5DFF, 
0x5DFF, 0x5DFF, 0x5DFF, 0x5DFF, 0x5DFF, 0x5DFF, 0x5DFF, 0x5DFF, 0x5DFF, 0x5DFF, 0x5DFF, 0x5DFF, 
0x5DFF, 0x5DFF, 0x5DFF, 0x5DFF, 0x5DFF, 0x5DFF, 0x5DFF, 0x5DFF, 0x5DFF, 0x5DFF, 0x5DFF, 0x5DFF, 
0x5DFF, 0x5DFF, 0x5DFF, 0x5DFF, 0x5DFF, 0x5DFF, 0x5DFF, 0x5DFF, 0x5DFF, 0x5DFF, 0x5DFF, 0x5DFF, 
0x5DFF, 0x5DFF, 0x5DFF, 0x5DFF, 0x5DFF, 0x5DFF, 0x5DFF, 0x5DFF, 0x5DFF, 0x5DFF, 0x5DFF, 0x5DFF, 
0x5DFF, 0x5DFF, 0x5DFF, 0x5DFF, 0x5DFF, 0x5DFF, 0x5DFF, 0x5DFF, 0x5DFF, 0x5DFF, 0x5DFF, 0x5DFF, 
0x5DFF, 0x5DFF, 0x5DFF, 0x5DFF, 0x5DFF, 0x5DFF, 0x5DFF, 0x5DFF, 0x5DFF, 0x5DFF, 0x5DFF, 0x5DFF, 
0x5DFF, 0x5DFF, 0x5DFF, 0x5DFF, 0x5DFF, 0x5DFF, 0x5DFF, 0x5DFF, 0x5DFF, 0x5DFF, 0x5DFF, 0x5DFF, 
0x5DFF, 0x5DFF, 0x5DFF, 0x5DFF, 0x5DFF, 0x5DFF, 0x5DFF, 0x5DFF, 0x5DFF, 0x5DFF, 0x5DFF, 0x5DFF, 
0x5DFF, 0x5DFF, 0x5DFF, 0x5DFF, 0x5DFF, 0x5DFF, 0x5DFF, 0x5DFF, 0x5DFF, 0x5DFF, 0x5DFF, 0x5DFF, 
0x5DFF, 0x5DFF, 0x5DFF, 0x5DFF, 0x5DFF, 0x5DFF, 0x5DFF, 0x5DFF, 0x5DFF, 0x5DFF, 0x5DFF, 0x5DFF, 
0x5DFF, 0x5DFF, 0x5DFF, 0x5DFF, 0x5DFF, 0x5DFF, 0x5DFF, 0x5DFF, 0x5DFF, 0x5DFF, 0x5DFF, 0x5DFF, 
0x5DFF, 0x5DFF, 0x5DFF, 0x5DFF, 0x5DFF, 0x5DFF, 0x5DFF, 0x5DFF, 0x5DFF, 0x5DFF, 0x5DFF, 0x5DFF, 
0x5DFF, 0x5DFF, 0x5DFF, 0x5DFF, 0x5DFF, 0x5DFF, 0x5DFF, 0x5DFF, 0x5DFF, 0x5DFF, 0x5DFF, 0x5DFF, 
0x5DFF, 0x5DFF, 0x5DFF, 0x5DFF, 0x5DFF, 0x5DFF, 0x5DFF, 0x5DFF, 0x5DFF, 0x5DFF, 0x5DFF, 0x5DFF, 
0x5DFF, 0x5DFF, 0x5DFF, 0x5DFF, 0x5DFF, 0x5DFF, 0x5DFF, 0x5DFF, 0x5DFF, 0x5DFF, 0x5DFF, 0x5DFF, 
0x5DFF, 0x5DFF, 0x5DFF, 0x5DFF, 0x5DFF, 0x5DFF, 0x5DFF, 0x5DFF, 0x5DFF, 0x5DFF, 0x5DFF, 0x5DFF, 
0x5DFF, 0x5DFF, 0x5DFF, 0x5DFF, 0x5DFF, 0x5DFF, 0x5DFF, 0x5DFF, 0x5DFF, 0x5DFF, 0x5DFF, 0x5DFF, 
0x5DFF, 0x5DFF, 0x5DFF, 0x5DFF, 0x5DFF, 0x5DFF, 0x5DFF, 0x5DFF, 0x5DFF, 0x5DFF, 0x5DFF, 0x5DFF, 
0x5DFF, 0x5DFF, 0x5DFF, 0x5DFF, 0x5DFF, 0x5DFF, 0x5DFF, 0x5DFF, 0x5DFF, 0x5DFF, 0x5DFF, 0x5DFF, 
0x5DFF, 0x5DFF, 0x5DFF, 0x5DFF, 0x5DFF, 0x5DFF, 0x5DFF, 0x5DFF, 0x5DFF, 0x5DFF, 0x5DFF, 0x5DFF, 
0x5DFF, 0x5DFF, 0x5DFF, 0x5DFF, 0x5DFF, 0x5DFF, 0x5DFF, 0x5DFF, 0x5DFF, 0x5DFF, 0x5DFF, 0x5DFF, 
0x5DFF, 0x5DFF, 0x5DFF, 0x5DFF, 0x5DFF, 0x5DFF, 0x5DFF, 0x5DFF, 0x5DFF, 0x5DFF, 0x5DFF, 0x5DFF, 
0x5DFF, 0x5DFF, 0x5DFF, 0x5DFF, 0x5DFF, 0x5DFF, 0x5DFF, 0x5DFF, 0x5DFF, 0x5DFF, 0x5DFF, 0x5DFF, 
0x5DFF, 0x5DFF, 0x5DFF, 0x5DFF, 0x5DFF, 0x5DFF, 0x5DFF, 0x5DFF, 0x5DFF, 0x5DFF, 0x5DFF, 0x5DFF, 
0x5DFF, 0x5DFF, 0x5DFF, 0x5DFF, 0x5DFF, 0x5DFF, 0x5DFF, 0x5DFF, 0x5DFF, 0x5DFF, 0x5DFF, 0x5DFF, 
0x5DFF, 0x5DFF, 0x5DFF, 0x5DFF, 0x5DFF, 0x5DFF, 0x5DFF, 0x5DFF, 0x5DFF, 0x5DFF, 0x5DFF, 0x5DFF, 
0x5DFF, 0x5DFF, 0x5DFF, 0x5DFF, 0x5DFF, 0x5DFF, 0x5DFF, 0x5DFF, 0x5DFF, 0x5DFF, 0x5DFF, 0x5DFF, 
0x5DFF, 0x5DFF, 0x5DFF, 0x5DFF, 0x5DFF, 0x5DFF, 0x5DFF, 0x5DFF, 0x5DFF, 0x5DFF, 0x5DFF, 0x5DFF, 
0x5DFF, 0x5DFF, 0x5DFF, 0x5DFF, 0x5DFF, 0x5DFF, 0x5DFF, 0x5DFF, 0x5DFF, 0x5DFF, 0x5DFF, 0x5DFF, 
0x5DFF, 0x5DFF, 0x5DFF, 0x5DFF, 0x5DFF, 0x5DFF, 0x5DFF, 0x5DFF, 0x5DFF, 0x5DFF, 0x5DFF, 0x5DFF, 
0x5DFF, 0x5DFF, 0x5DFF, 0x5DFF, 0x5DFF, 0x5DFF, 0x5DFF, 0x5DFF, 0x5DFF, 0x5DFF, 0x5DFF, 0x5DFF, 
0x5DFF, 0x5DFF, 0x5DFF, 0x5DFF, 0x5DFF, 0x5DFF, 0x5DFF, 0x5DFF, 0x5DFF, 0x5DFF, 0x5DFF, 0x5DFF, 
0x5DFF, 0x5DFF, 0x5DFF, 0x5DFF, 0x5DFF, 0x5DFF, 0x5DFF, 0x5DFF, 0x5DFF, 0x5DFF, 0x5DFF, 0x5DFF, 
0x5DFF, 0x5DFF, 0x5DFF, 0x5DFF, 0x5DFF, 0x5DFF, 0x5DFF, 0x5DFF, 0x5DFF, 0x5DFF, 0x5DFF, 0x5DFF, 
0x5DFF, 0x5DFF, 0x5DFF, 0x5DFF, 0x5DFF, 0x5DFF, 0x5DFF, 0x5DFF, 0x5DFF, 0x5DFF, 0x5DFF, 0x5DFF, 
0x5DFF, 0x5DFF, 0x5DFF, 0x5DFF, 0x5DFF, 0x5DFF, 0x5DFF, 0x5DFF, 0x5DFF, 0x5DFF, 0x5DFF, 0x5DFF, 
0x5DFF, 0x5DFF, 0x5DFF, 0x5DFF, 0x5DFF, 0x5DFF, 0x5DFF, 0x5DFF, 0x5DFF, 0x5DFF, 0x5DFF, 0x5DFF, 
0x5DFF, 0x5DFF, 0x5DFF, 0x5DFF, 0x5DFF, 0x5DFF, 0x5DFF, 0x5DFF, 0x5DFF, 0x5DFF, 0x5DFF, 0x5DFF, 
0x5DFF, 0x5DFF, 0x5DFF, 0x5DFF, 0x5DFF, 0x5DFF, 0x5DFF, 0x5DFF, 0x5DFF, 0x5DFF, 0x5DFF, 0x5DFF, 
0x5DFF, 0x5DFF, 0x5DFF, 0x5DFF, 0x5DFF, 0x5DFF, 0x5DFF, 0x5DFF, 0x5DFF, 0x5DFF, 0x5DFF, 0x5DFF, 
0x5DFF, 0x5DFF, 0x5DFF, 0x5DFF, 0x5DFF, 0x5DFF, 0x5DFF, 0x5DFF, 0x5DFF, 0x5DFF, 0x5DFF, 0x5DFF, 
0x5DFF, 0x5DFF, 0x5DFF, 0x5DFF, 0x5DFF, 0x5DFF, 0x5DFF, 0x5DFF, 0x5DFF, 0x5DFF, 0x5DFF, 0x5DFF, 
0x5DFF, 0x5DFF, 0x5DFF, 0x5DFF, 0x5DFF, 0x5DFF, 0x5DFF, 0x5DFF, 0x5DFF, 0x5DFF, 0x5DFF, 0x5DFF, 
0x5DFF, 0x5DFF, 0x5DFF, 0x5DFF, 0x5DFF, 0x5DFF, 0x5DFF, 0x5DFF, 0x5DFF, 0x5DFF, 0x5DFF, 0x5DFF, 
0x5DFF, 0x5DFF, 0x5DFF, 0x5DFF, 0x5DFF, 0x5DFF, 0x5DFF, 0x5DFF, 0x5DFF, 0x5DFF, 0x5DFF, 0x5DFF, 
0x5DFF, 0x5DFF, 0x5DFF, 0x5DFF, 0x5DFF, 0x5DFF, 0x5DFF, 0x5DFF, 0x5DFF, 0x5DFF, 0x5DFF, 0x5DFF, 
0x5DFF, 0x5DFF, 0x5DFF, 0x5DFF, 0x5DFF, 0x5DFF, 0x5DFF, 0x5DFF, 0x5DFF, 0x5DFF, 0x5DFF, 0x5DFF, 
0x5DFF, 0x5DFF, 0x5DFF, 0x5DFF, 0x5DFF, 0x5DFF, 0x5DFF, 0x5DFF, 0x5DFF, 0x5DFF, 0x5DFF, 0x5DFF, 
0x5DFF, 0x5DFF, 0x5DFF, 0x5DFF, 0x5DFF, 0x5DFF, 0x5DFF, 0x5DFF, 0x5DFF, 0x5DFF, 0x5DFF, 0x5DFF, 
0x5DFF, 0x5DFF, 0x5DFF, 0x5DFF, 0x5DFF, 0x5DFF, 0x5DFF, 0x5DFF, 0x5DFF, 0x5DFF, 0x5DFF, 0x5DFF, 
0x5DFF, 0x5DFF, 0x5DFF, 0x5DFF, 0x5DFF, 0x5DFF, 0x5DFF, 0x5DFF, 0x5DFF, 0x5DFF, 0x5DFF, 0x5DFF, 
0x5DFF, 0x5DFF, 0x5DFF, 0x5DFF, 0x5DFF, 0x5DFF, 0x5DFF, 0x5DFF, 0x5DFF, 0x5DFF, 0x5DFF, 0x5DFF, 
0x5DFF, 0x5DFF, 0x5DFF, 0x5DFF, 0x5DFF, 0x5DFF, 0x5DFF, 0x5DFF, 0x5DFF, 0x5DFF, 0x5DFF, 0x5DFF, 
0x5DFF, 0x5DFF, 0x5DFF, 0x5DFF, 0x5DFF, 0x5DFF, 0x5DFF, 0x5DFF, 0x5DFF, 0x5DFF, 0x5DFF, 0x5DFF, 
0x5DFF, 0x5DFF, 0x5DFF, 0x5DFF, 0x5DFF, 0x5DFF, 0x5DFF, 0x5DFF, 0x5DFF, 0x5DFF, 0x5DFF, 0x5DFF, 
0x5DFF, 0x5DFF, 0x5DFF, 0x5DFF, 0x5DFF, 0x5DFF, 0x5DFF, 0x5DFF, 0x5DFF, 0x5DFF, 0x5DFF, 0x5DFF, 
0x5DFF, 0x5DFF, 0x5DFF, 0x5DFF, 0x5DFF, 0x5DFF, 0x5DFF, 0x5DFF, 0x5DFF, 0x5DFF, 0x5DFF, 0x5DFF, 
0x5DFF, 0x5DFF, 0x5DFF, 0x5DFF, 0x5DFF, 0x5DFF, 0x5DFF, 0x5DFF, 0x5DFF, 0x5DFF, 0x5DFF, 0x5DFF, 
0x5DFF, 0x5DFF, 0x5DFF, 0x5DFF, 0x5DFF, 0x5DFF, 0x5DFF, 0x5DFF, 0x5DFF, 0x5DFF, 0x5DFF, 0x5DFF, 
0x5DFF, 0x5DFF, 0x5DFF, 0x5DFF, 0x5DFF, 0x5DFF, 0x5DFF, 0x5DFF, 0x5DFF, 0x5DFF, 0x5DFF, 0x5DFF, 
0x5DFF, 0x5DFF, 0x5DFF, 0x5DFF, 0x5DFF, 0x5DFF, 0x5DFF, 0x5DFF, 0x5DFF, 0x5DFF, 0x5DFF, 0x5DFF, 
0x5DFF, 0x5DFF, 0x5DFF, 0x5DFF, 0x5DFF, 0x5DFF, 0x5DFF, 0x5DFF, 0x5DFF, 0x5DFF, 0x5DFF, 0x5DFF, 
0x5DFF, 0x5DFF, 0x5DFF, 0x5DFF, 0x5DFF, 0x5DFF, 0x5DFF, 0x5DFF, 0x5DFF, 0x5DFF, 0x5DFF, 0x5DFF, 
0x5DFF, 0x5DFF, 0x5DFF, 0x5DFF, 0x5DFF, 0x5DFF, 0x5DFF, 0x5DFF, 0x5DFF, 0x5DFF, 0x5DFF, 0x5DFF, 
0x5DFF, 0x5DFF, 0x5DFF, 0x5DFF, 0x5DFF, 0x5DFF, 0x5DFF, 0x5DFF, 0x5DFF, 0x5DFF, 0x5DFF, 0x5DFF, 
0x5DFF, 0x5DFF, 0x5DFF, 0x5DFF, 0x5DFF, 0x5DFF, 0x5DFF, 0x5DFF, 0x5DFF, 0x5DFF, 0x5DFF, 0x5DFF, 
0x5DFF, 0x5DFF, 0x5DFF, 0x5DFF, 0x5DFF, 0x5DFF, 0x5DFF, 0x5DFF, 0x5DFF, 0x5DFF, 0x5DFF, 0x5DFF, 
0x5DFF, 0x5DFF, 0x5DFF, 0x5DFF, 0x5DFF, 0x5DFF, 0x5DFF, 0x5DFF, 0x5DFF, 0x5DFF, 0x5DFF, 0x5DFF, 
0x5DFF, 0x5DFF, 0x5DFF, 0x5DFF, 0x5DFF, 0x5DFF, 0x5DFF, 0x5DFF, 0x5DFF, 0x5DFF, 0x5DFF, 0x5DFF, 
0x5DFF, 0x5DFF, 0x5DFF, 0x5DFF, 0x5DFF, 0x5DFF, 0x5DFF, 0x5DFF, 0x5DFF, 0x5DFF, 0x5DFF, 0x5DFF, 
0x5DFF, 0x5DFF, 0x5DFF, 0x5DFF, 0x5DFF, 0x5DFF, 0x5DFF, 0x5DFF, 0x5DFF, 0x5DFF, 0x5DFF, 0x5DFF, 
0x5DFF, 0x5DFF, 0x5DFF, 0x5DFF, 0x5DFF, 0x5DFF, 0x5DFF, 0x5DFF, 0x5DFF, 0x5DFF, 0x5DFF, 0x5DFF, 
0x5DFF, 0x5DFF, 0x5DFF, 0x5DFF, 0x5DFF, 0x5DFF, 0x5DFF, 0x5DFF, 0x5DFF, 0x5DFF, 0x5DFF, 0x5DFF, 
0x5DFF, 0x5DFF, 0x5DFF, 0x5DFF, 0x5DFF, 0x5DFF, 0x5DFF, 0x5DFF, 0x5DFF, 0x5DFF, 0x5DFF, 0x5DFF, 
0x5DFF, 0x5DFF, 0x5DFF, 0x5DFF, 0x5DFF, 0x5DFF, 0x5DFF, 0x5DFF, 0x5DFF, 0x5DFF, 0x5DFF, 0x5DFF, 
0x5DFF, 0x5DFF, 0x5DFF, 0x5DFF, 0x5DFF, 0x5DFF, 0x5DFF, 0x5DFF, 0x5DFF, 0x5DFF, 0x5DFF, 0x5DFF, 
0x5DFF, 0x5DFF, 0x5DFF, 0x5DFF, 0x5DFF, 0x5DFF, 0x5DFF, 0x5DFF, 0x5DFF, 0x5DFF, 0x5DFF, 0x5DFF, 
0x5DFF, 0x5DFF, 0x5DFF, 0x5DFF, 0x5DFF, 0x5DFF, 0x5DFF, 0x5DFF, 0x5DFF, 0x5DFF, 0x5DFF, 0x5DFF, 
0x5DFF, 0x5DFF, 0x5DFF, 0x5DFF, 0x5DFF, 0x5DFF, 0x5DFF, 0x5DFF, 0x5DFF, 0x5DFF, 0x5DFF, 0x5DFF, 
0x5DFF, 0x5DFF, 0x5DFF, 0x5DFF, 0x5DFF, 0x5DFF, 0x5DFF, 0x5DFF, 0x5DFF, 0x5DFF, 0x5DFF, 0x5DFF, 
0x5DFF, 0x5DFF, 0x5DFF, 0x5DFF, 0x5DFF, 0x5DFF, 0x5DFF, 0x5DFF, 0x5DFF, 0x5DFF, 0x5DFF, 0x5DFF, 
0x5DFF, 0x5DFF, 0x5DFF, 0x5DFF, 0x5DFF, 0x5DFF, 0x5DFF, 0x5DFF, 0x5DFF, 0x5DFF, 0x5DFF, 0x5DFF, 
0x5DFF, 0x5DFF, 0x5DFF, 0x5DFF, 0x5DFF, 0x5DFF, 0x5DFF, 0x5DFF, 0x5DFF, 0x5DFF, 0x5DFF, 0x5DFF, 
0x5DFF, 0x5DFF, 0x5DFF, 0x5DFF, 0x5DFF, 0x5DFF, 0x5DFF, 0x5DFF, 0x5DFF, 0x5DFF, 0x5DFF, 0x5DFF, 
0x5DFF, 0x5DFF, 0x5DFF, 0x5DFF, 0x5DFF, 0x5DFF, 0x5DFF, 0x5DFF, 0x5DFF, 0x5DFF, 0x5DFF, 0x5DFF, 
0x5DFF, 0x5DFF, 0x5DFF, 0x5DFF, 0x5DFF, 0x5DFF, 0x5DFF, 0x5DFF, 0x5DFF, 0x5DFF, 0x5DFF, 0x5DFF, 
0x5DFF, 0x5DFF, 0x5DFF, 0x5DFF, 0x5DFF, 0x5DFF, 0x5DFF, 0x5DFF, 0x5DFF, 0x5DFF, 0x5DFF, 0x5DFF, 
0x5DFF, 0x5DFF, 0x5DFF, 0x5DFF, 0x5DFF, 0x5DFF, 0x5DFF, 0x5DFF, 0x5DFF, 0x5DFF, 0x5DFF, 0x5DFF, 
0x5DFF, 0x5DFF, 0x5DFF, 0x5DFF, 0x5DFF, 0x5DFF, 0x5DFF, 0x5DFF, 0x5DFF, 0x5DFF, 0x5DFF, 0x5DFF, 
0x5DFF, 0x5DFF, 0x5DFF, 0x5DFF, 0x5DFF, 0x5DFF, 0x5DFF, 0x5DFF, 0x5DFF, 0x5DFF, 0x5DFF, 0x5DFF, 
0x5DFF, 0x5DFF, 0x5DFF, 0x5DFF, 0x5DFF, 0x5DFF, 0x5DFF, 0x5DFF, 0x5DFF, 0x5DFF, 0x5DFF, 0x5DFF, 
0x5DFF, 0x5DFF, 0x5DFF, 0x5DFF, 0x5DFF, 0x5DFF, 0x5DFF, 0x5DFF, 0x5DFF, 0x5DFF, 0x5DFF, 0x5DFF, 
0x5DFF, 0x5DFF, 0x5DFF, 0x5DFF, 0x5DFF, 0x5DFF, 0x5DFF, 0x5DFF, 0x5DFF, 0x5DFF, 0x5DFF, 0x5DFF, 
0x5DFF, 0x5DFF, 0x5DFF, 0x5DFF, 0x5DFF, 0x5DFF, 0x5DFF, 0x5DFF, 0x5DFF, 0x5DFF, 0x5DFF, 0x5DFF, 
0x5DFF, 0x5DFF, 0x5DFF, 0x5DFF, 0x5DFF, 0x5DFF, 0x5DFF, 0x5DFF, 0x5DFF, 0x5DFF, 0x5DFF, 0x5DFF, 
0x5DFF, 0x5DFF, 0x5DFF, 0x5DFF, 0x5DFF, 0x5DFF, 0x5DFF, 0x5DFF, 0x5DFF, 0x5DFF, 0x5DFF, 0x5DFF, 
0x5DFF, 0x5DFF, 0x5DFF, 0x5DFF, 0x5DFF, 0x5DFF, 0x5DFF, 0x5DFF, 0x5DFF, 0x5DFF, 0x5DFF, 0x5DFF, 
0x5DFF, 0x5DFF, 0x5DFF, 0x5DFF, 0x5DFF, 0x5DFF, 0x5DFF, 0x5DFF, 0x5DFF, 0x5DFF, 0x5DFF, 0x5DFF, 
0x5DFF, 0x5DFF, 0x5DFF, 0x5DFF, 0x5DFF, 0x5DFF, 0x5DFF, 0x5DFF, 0x5DFF, 0x5DFF, 0x5DFF, 0x5DFF, 
0x5DFF, 0x5DFF, 0x5DFF, 0x5DFF, 0x5DFF, 0x5DFF, 0x5DFF, 0x5DFF, 0x5DFF, 0x5DFF, 0x5DFF, 0x5DFF, 
0x5DFF, 0x5DFF, 0x5DFF, 0x5DFF, 0x5DFF, 0x5DFF, 0x5DFF, 0x5DFF, 0x5DFF, 0x5DFF, 0x5DFF, 0x5DFF, 
0x5DFF, 0x5DFF, 0x5DFF, 0x5DFF, 0x5DFF, 0x5DFF, 0x5DFF, 0x5DFF, 0x5DFF, 0x5DFF, 0x5DFF, 0x5DFF, 
0x5DFF, 0x5DFF, 0x5DFF, 0x5DFF, 0x5DFF, 0x5DFF, 0x5DFF, 0x5DFF, 0x5DFF, 0x5DFF, 0x5DFF, 0x5DFF, 
0x5DFF, 0x5DFF, 0x5DFF, 0x5DFF, 0x5DFF, 0x5DFF, 0x5DFF, 0x5DFF, 0x5DFF, 0x5DFF, 0x5DFF, 0x5DFF, 
0x5DFF, 0x5DFF, 0x5DFF, 0x5DFF, 0x5DFF, 0x5DFF, 0x5DFF, 0x5DFF, 0x5DFF, 0x5DFF, 0x5DFF, 0x5DFF, 
0x5DFF, 0x5DFF, 0x5DFF, 0x5DFF, 0x5DFF, 0x5DFF, 0x5DFF, 0x5DFF, 0x5DFF, 0x5DFF, 0x5DFF, 0x5DFF, 
0x5DFF, 0x5DFF, 0x5DFF, 0x5DFF, 0x5DFF, 0x5DFF, 0x5DFF, 0x5DFF, 0x5DFF, 0x5DFF, 0x5DFF, 0x5DFF, 
0x5DFF, 0x5DFF, 0x5DFF, 0x5DFF, 0x5DFF, 0x5DFF, 0x5DFF, 0x5DFF, 0x5DFF, 0x5DFF, 0x5DFF, 0x5DFF, 
0x5DFF, 0x5DFF, 0x5DFF, 0x5DFF, 0x5DFF, 0x5DFF, 0x5DFF, 0x5DFF, 0x5DFF, 0x5DFF, 0x5DFF, 0x5DFF, 
0x5DFF, 0x5DFF, 0x5DFF, 0x5DFF, 0x5DFF, 0x5DFF, 0x5DFF, 0x5DFF, 0x5DFF, 0x5DFF, 0x5DFF, 0x5DFF, 
0x5DFF, 0x5DFF, 0x5DFF, 0x5DFF, 0x5DFF, 0x5DFF, 0x5DFF, 0x5DFF, 0x5DFF, 0x5DFF, 0x5DFF, 0x5DFF, 
0x5DFF, 0x5DFF, 0x5DFF, 0x5DFF, 0x5DFF, 0x5DFF, 0x5DFF, 0x5DFF, 0x5DFF, 0x5DFF, 0x5DFF, 0x5DFF, 
0x5DFF, 0x5DFF, 0x5DFF, 0x5DFF, 0x5DFF, 0x5DFF, 0x5DFF, 0x5DFF, 0x5DFF, 0x5DFF, 0x5DFF, 0x5DFF, 
0x5DFF, 0x5DFF, 0x5DFF, 0x5DFF, 0x5DFF, 0x5DFF, 0x5DFF, 0x5DFF, 0x5DFF, 0x5DFF, 0x5DFF, 0x5DFF, 
0x5DFF, 0x5DFF, 0x5DFF, 0x5DFF, 0x5DFF, 0x5DFF, 0x5DFF, 0x5DFF, 0x5DFF, 0x5DFF, 0x5DFF, 0x5DFF, 
0x5DFF, 0x5DFF, 0x5DFF, 0x5DFF, 0x5DFF, 0x5DFF, 0x5DFF, 0x5DFF, 0x5DFF, 0x5DFF, 0x5DFF, 0x5DFF, 
0x5DFF, 0x5DFF, 0x5DFF, 0x5DFF, 0x5DFF, 0x5DFF, 0x5DFF, 0x5DFF, 0x5DFF, 0x5DFF, 0x5DFF, 0x5DFF, 
0x5DFF, 0x5DFF, 0x5DFF, 0x5DFF, 0x5DFF, 0x5DFF, 0x5DFF, 0x5DFF, 0x5DFF, 0x5DFF, 0x5DFF, 0x5DFF, 
0x5DFF, 0x5DFF, 0x5DFF, 0x5DFF, 0x5DFF, 0x5DFF, 0x5DFF, 0x5DFF, 0x5DFF, 0x5DFF, 0x5DFF, 0x5DFF, 
0x5DFF, 0x5DFF, 0x5DFF, 0x5DFF, 0x5DFF, 0x5DFF, 0x5DFF, 0x5DFF, 0x5DFF, 0x5DFF, 0x5DFF, 0x5DFF, 
0x5DFF, 0x5DFF, 0x5DFF, 0x5DFF, 0x5DFF, 0x5DFF, 0x5DFF, 0x5DFF, 0x5DFF, 0x5DFF, 0x5DFF, 0x5DFF, 
0x5DFF, 0x5DFF, 0x5DFF, 0x5DFF, 0x5DFF, 0x5DFF, 0x5DFF, 0x5DFF, 0x5DFF, 0x5DFF, 0x5DFF, 0x5DFF, 
0x5DFF, 0x5DFF, 0x5DFF, 0x5DFF, 0x5DFF, 0x5DFF, 0x5DFF, 0x5DFF, 0x5DFF, 0x5DFF, 0x5DFF, 0x5DFF, 
0x5DFF, 0x5DFF, 0x5DFF, 0x5DFF, 0x5DFF, 0x5DFF, 0x5DFF, 0x5DFF, 0x5DFF, 0x5DFF, 0x5DFF, 0x5DFF, 
0x5DFF, 0x5DFF, 0x5DFF, 0x5DFF, 0x5DFF, 0x5DFF, 0x5DFF, 0x5DFF, 0x5DFF, 0x5DFF, 0x5DFF, 0x5DFF, 
0x5DFF, 0x5DFF, 0x5DFF, 0x5DFF, 0x5DFF, 0x5DFF, 0x5DFF, 0x5DFF, 0x5DFF, 0x5DFF, 0x5DFF, 0x5DFF, 
0x5DFF, 0x5DFF, 0x5DFF, 0x5DFF, 0x5DFF, 0x5DFF, 0x5DFF, 0x5DFF, 0x5DFF, 0x5DFF, 0x5DFF, 0x5DFF, 
0x5DFF, 0x5DFF, 0x5DFF, 0x5DFF, 0x5DFF, 0x5DFF, 0x5DFF, 0x5DFF, 0x5DFF, 0x5DFF, 0x5DFF, 0x5DFF, 
0x5DFF, 0x5DFF, 0x5DFF, 0x5DFF, 0x5DFF, 0x5DFF, 0x5DFF, 0x5DFF, 0x5DFF, 0x5DFF, 0x5DFF, 0x5DFF, 
0x5DFF, 0x5DFF, 0x5DFF, 0x5DFF, 0x5DFF, 0x5DFF, 0x5DFF, 0x5DFF, 0x5DFF, 0x5DFF, 0x5DFF, 0x5DFF, 
0x5DFF, 0x5DFF, 0x5DFF, 0x5DFF, 0x5DFF, 0x5DFF, 0x5DFF, 0x5DFF, 0x5DFF, 0x5DFF, 0x5DFF, 0x5DFF, 
0x5DFF, 0x5DFF, 0x5DFF, 0x5DFF, 0x5DFF, 0x5DFF, 0x5DFF, 0x5DFF, 0x5DFF, 0x5DFF, 0x5DFF, 0x5DFF, 
0x5DFF, 0x5DFF, 0x5DFF, 0x5DFF, 0x5DFF, 0x5DFF, 0x5DFF, 0x5DFF, 0x5DFF, 0x5DFF, 0x5DFF, 0x5DFF, 
0x5DFF, 0x5DFF, 0x5DFF, 0x5DFF, 0x5DFF, 0x5DFF, 0x5DFF, 0x5DFF, 0x5DFF, 0x5DFF, 0x5DFF, 0x5DFF, 
0x5DFF, 0x5DFF, 0x5DFF, 0x5DFF, 0x5DFF, 0x5DFF, 0x5DFF, 0x5DFF, 0x5DFF, 0x5DFF, 0x5DFF, 0x5DFF, 
0x5DFF, 0x5DFF, 0x5DFF, 0x5DFF, 0x5DFF, 0x5DFF, 0x5DFF, 0x5DFF, 0x5DFF, 0x5DFF, 0x5DFF, 0x5DFF, 
0x5DFF, 0x5DFF, 0x5DFF, 0x5DFF, 0x5DFF, 0x5DFF, 0x5DFF, 0x5DFF, 0x5DFF, 0x5DFF, 0x5DFF, 0x5DFF, 
0x5DFF, 0x5DFF, 0x5DFF, 0x5DFF, 0x5DFF, 0x5DFF, 0x5DFF, 0x5DFF, 0x5DFF, 0x5DFF, 0x5DFF, 0x5DFF, 
0x5DFF, 0x5DFF, 0x5DFF, 0x5DFF, 0x5DFF, 0x5DFF, 0x5DFF, 0x5DFF, 0x5DFF, 0x5DFF, 0x5DFF, 0x5DFF, 
0x5DFF, 0x5DFF, 0x5DFF, 0x5DFF, 0x5DFF, 0x5DFF, 0x5DFF, 0x5DFF, 0x5DFF, 0x5DFF, 0x5DFF, 0x5DFF, 
0x5DFF, 0x5DFF, 0x5DFF, 0x5DFF, 0x5DFF, 0x5DFF, 0x5DFF, 0x5DFF, 0x5DFF, 0x5DFF, 0x5DFF, 0x5DFF, 
0x5DFF, 0x5DFF, 0x5DFF, 0x5DFF, 0x5DFF, 0x5DFF, 0x5DFF, 0x5DFF, 0x5DFF, 0x5DFF, 0x5DFF, 0x5DFF, 
0x5DFF, 0x5DFF, 0x5DFF, 0x5DFF, 0x5DFF, 0x5DFF, 0x5DFF, 0x5DFF, 0x5DFF, 0x5DFF, 0x5DFF, 0x5DFF, 
0x5DFF, 0x5DFF, 0x5DFF, 0x5DFF, 0x5DFF, 0x5DFF, 0x5DFF, 0x5DFF, 0x5DFF, 0x5DFF, 0x5DFF, 0x5DFF, 
0x5DFF, 0x5DFF, 0x5DFF, 0x5DFF, 0x5DFF, 0x5DFF, 0x5DFF, 0x5DFF, 0x5DFF, 0x5DFF, 0x5DFF, 0x5DFF, 
0x5DFF, 0x5DFF, 0x5DFF, 0x5DFF, 0x5DFF, 0x5DFF, 0x5DFF, 0x5DFF, 0x5DFF, 0x5DFF, 0x5DFF, 0x5DFF, 
0x5DFF, 0x5DFF, 0x5DFF, 0x5DFF, 0x5DFF, 0x5DFF, 0x5DFF, 0x5DFF, 0x5DFF, 0x5DFF, 0x5DFF, 0x5DFF, 
0x5DFF, 0x5DFF, 0x5DFF, 0x5DFF, 0x5DFF, 0x5DFF, 0x5DFF, 0x5DFF, 0x5DFF, 0x5DFF, 0x5DFF, 0x5DFF, 
0x5DFF, 0x5DFF, 0x5DFF, 0x5DFF, 0x5DFF, 0x5DFF, 0x5DFF, 0x5DFF, 0x5DFF, 0x5DFF, 0x5DFF, 0x5DFF, 
0x5DFF, 0x5DFF, 0x5DFF, 0x5DFF, 0x5DFF, 0x5DFF, 0x5DFF, 0x5DFF, 0x5DFF, 0x5DFF, 0x5DFF, 0x5DFF, 
0x5DFF, 0x5DFF, 0x5DFF, 0x5DFF, 0x5DFF, 0x5DFF, 0x5DFF, 0x5DFF, 0x5DFF, 0x5DFF, 0x5DFF, 0x5DFF, 
0x5DFF, 0x5DFF, 0x5DFF, 0x5DFF, 0x5DFF, 0x5DFF, 0x5DFF, 0x5DFF, 0x5DFF, 0x5DFF, 0x5DFF, 0x5DFF, 
0x5DFF, 0x5DFF, 0x5DFF, 0x5DFF, 0x5DFF, 0x5DFF, 0x5DFF, 0x5DFF, 0x5DFF, 0x5DFF, 0x5DFF, 0x5DFF, 
0x5DFF, 0x5DFF, 0x5DFF, 0x5DFF, 0x5DFF, 0x5DFF, 0x5DFF, 0x5DFF, 0x5DFF, 0x5DFF, 0x5DFF, 0x5DFF, 
0x5DFF, 0x5DFF, 0x5DFF, 0x5DFF, 0x5DFF, 0x5DFF, 0x5DFF, 0x5DFF, 0x5DFF, 0x5DFF, 0x5DFF, 0x5DFF, 
0x5DFF, 0x5DFF, 0x5DFF, 0x5DFF, 0x5DFF, 0x5DFF, 0x5DFF, 0x5DFF, 0x5DFF, 0x5DFF, 0x5DFF, 0x5DFF, 
0x5DFF, 0x5DFF, 0x5DFF, 0x5DFF, 0x5DFF, 0x5DFF, 0x5DFF, 0x5DFF, 0x5DFF, 0x5DFF, 0x5DFF, 0x5DFF, 
0x5DFF, 0x5DFF, 0x5DFF, 0x5DFF, 0x5DFF, 0x5DFF, 0x5DFF, 0x5DFF, 0x5DFF, 0x5DFF, 0x5DFF, 0x5DFF, 
0x5DFF, 0x5DFF, 0x5DFF, 0x5DFF, 0x5DFF, 0x5DFF, 0x5DFF, 0x5DFF, 0x5DFF, 0x5DFF, 0x5DFF, 0x5DFF, 
0x5DFF, 0x5DFF, 0x5DFF, 0x5DFF, 0x5DFF, 0x5DFF, 0x5DFF, 0x5DFF, 0x5DFF, 0x5DFF, 0x5DFF, 0x5DFF, 
0x5DFF, 0x5DFF, 0x5DFF, 0x5DFF, 0x5DFF, 0x5DFF, 0x5DFF, 0x5DFF, 0x5DFF, 0x5DFF, 0x5DFF, 0x5DFF, 
0x5DFF, 0x5DFF, 0x5DFF, 0x5DFF, 0x5DFF, 0x5DFF, 0x5DFF, 0x5DFF, 0x5DFF, 0x5DFF, 0x5DFF, 0x5DFF, 
0x5DFF, 0x5DFF, 0x5DFF, 0x5DFF, 0x5DFF, 0x5DFF, 0x5DFF, 0x5DFF, 0x5DFF, 0x5DFF, 0x5DFF, 0x5DFF, 
0x5DFF, 0x5DFF, 0x5DFF, 0x5DFF, 0x5DFF, 0x5DFF, 0x5DFF, 0x5DFF, 0x5DFF, 0x5DFF, 0x5DFF, 0x5DFF, 
0x5DFF, 0x5DFF, 0x5DFF, 0x5DFF, 0x5DFF, 0x5DFF, 0x5DFF, 0x5DFF, 0x5DFF, 0x5DFF, 0x5DFF, 0x5DFF, 
0x5DFF, 0x5DFF, 0x5DFF, 0x5DFF, 0x5DFF, 0x5DFF, 0x5DFF, 0x5DFF, 0x5DFF, 0x5DFF, 0x5DFF, 0x5DFF, 
0x5DFF, 0x5DFF, 0x5DFF, 0x5DFF, 0x5DFF, 0x5DFF, 0x5DFF, 0x5DFF, 0x5DFF, 0x5DFF, 0x5DFF, 0x5DFF, 
0x5DFF, 0x5DFF, 0x5DFF, 0x5DFF, 0x5DFF, 0x5DFF, 0x5DFF, 0x5DFF, 0x5DFF, 0x5DFF, 0x5DFF, 0x5DFF, 
0x5DFF, 0x5DFF, 0x5DFF, 0x5DFF, 0x5DFF, 0x5DFF, 0x5DFF, 0x5DFF, 0x5DFF, 0x5DFF, 0x5DFF, 0x5DFF, 
0x5DFF, 0x5DFF, 0x5DFF, 0x5DFF, 0x5DFF, 0x5DFF, 0x5DFF, 0x5DFF, 0x5DFF, 0x5DFF, 0x5DFF, 0x5DFF, 
0x5DFF, 0x5DFF, 0x5DFF, 0x5DFF, 0x5DFF, 0x5DFF, 0x5DFF, 0x5DFF, 0x5DFF, 0x5DFF, 0x5DFF, 0x5DFF, 
0x5DFF, 0x5DFF, 0x5DFF, 0x5DFF, 0x5DFF, 0x5DFF, 0x5DFF, 0x5DFF, 0x5DFF, 0x5DFF, 0x5DFF, 0x5DFF, 
0x5DFF, 0x5DFF, 0x5DFF, 0x5DFF, 0x5DFF, 0x5DFF, 0x5DFF, 0x5DFF, 0x5DFF, 0x5DFF, 0x5DFF, 0x5DFF, 
0x5DFF, 0x5DFF, 0x5DFF, 0x5DFF, 0x5DFF, 0x5DFF, 0x5DFF, 0x5DFF, 0x5DFF, 0x5DFF, 0x5DFF, 0x5DFF, 
0x5DFF, 0x5DFF, 0x5DFF, 0x5DFF, 0x5DFF, 0x5DFF, 0x5DFF, 0x5DFF, 0x5DFF, 0x5DFF, 0x5DFF, 0x5DFF, 
0x5DFF, 0x5DFF, 0x5DFF, 0x5DFF, 0x5DFF, 0x5DFF, 0x5DFF, 0x5DFF, 0x5DFF, 0x5DFF, 0x5DFF, 0x5DFF, 
0x5DFF, 0x5DFF, 0x5DFF, 0x5DFF, 0x5DFF, 0x5DFF, 0x5DFF, 0x5DFF, 0x5DFF, 0x5DFF, 0x5DFF, 0x5DFF, 
0x5DFF, 0x5DFF, 0x5DFF, 0x5DFF, 0x5DFF, 0x5DFF, 0x5DFF, 0x5DFF, 0x5DFF, 0x5DFF, 0x5DFF, 0x5DFF, 
0x5DFF, 0x5DFF, 0x5DFF, 0x5DFF, 0x5DFF, 0x5DFF, 0x5DFF, 0x5DFF, 0x5DFF, 0x5DFF, 0x5DFF, 0x5DFF, 
0x5DFF, 0x5DFF, 0x5DFF, 0x5DFF, 0x5DFF, 0x5DFF, 0x5DFF, 0x5DFF, 0x5DFF, 0x5DFF, 0x5DFF, 0x5DFF, 
0x5DFF, 0x5DFF, 0x5DFF, 0x5DFF, 0x5DFF, 0x5DFF, 0x5DFF, 0x5DFF, 0x5DFF, 0x5DFF, 0x5DFF, 0x5DFF, 
0x5DFF, 0x5DFF, 0x5DFF, 0x5DFF, 0x5DFF, 0x5DFF, 0x5DFF, 0x5DFF, 0x5DFF, 0x5DFF, 0x5DFF, 0x5DFF, 
0x5DFF, 0x5DFF, 0x5DFF, 0x5DFF, 0x5DFF, 0x5DFF, 0x5DFF, 0x5DFF, 0x5DFF, 0x5DFF, 0x5DFF, 0x5DFF, 
0x5DFF, 0x5DFF, 0x5DFF, 0x5DFF, 0x5DFF, 0x5DFF, 0x5DFF, 0x5DFF, 0x5DFF, 0x5DFF, 0x5DFF, 0x5DFF, 
0x5DFF, 0x5DFF, 0x5DFF, 0x5DFF, 0x5DFF, 0x5DFF, 0x5DFF, 0x5DFF, 0x5DFF, 0x5DFF, 0x5DFF, 0x5DFF, 
0x5DFF, 0x5DFF, 0x5DFF, 0x5DFF, 0x5DFF, 0x5DFF, 0x5DFF, 0x5DFF, 0x5DFF, 0x5DFF, 0x5DFF, 0x5DFF, 
0x5DFF, 0x5DFF, 0x5DFF, 0x5DFF, 0x5DFF, 0x5DFF, 0x5DFF, 0x5DFF, 0x5DFF, 0x5DFF, 0x5DFF, 0x5DFF, 
0x5DFF, 0x5DFF, 0x5DFF, 0x5DFF, 0x5DFF, 0x5DFF, 0x5DFF, 0x5DFF, 0x5DFF, 0x5DFF, 0x5DFF, 0x5DFF, 
0x5DFF, 0x5DFF, 0x5DFF, 0x5DFF, 0x5DFF, 0x5DFF, 0x5DFF, 0x5DFF, 0x5DFF, 0x5DFF, 0x5DFF, 0x5DFF, 
0x5DFF, 0x5DFF, 0x5DFF, 0x5DFF, 0x5DFF, 0x5DFF, 0x5DFF, 0x5DFF, 0x5DFF, 0x5DFF, 0x5DFF, 0x5DFF, 
0x5DFF, 0x5DFF, 0x5DFF, 0x5DFF, 0x5DFF, 0x5DFF, 0x5DFF, 0x5DFF, 0x5DFF, 0x5DFF, 0x5DFF, 0x5DFF, 
0x5DFF, 0x5DFF, 0x5DFF, 0x5DFF, 0x5DFF, 0x5DFF, 0x5DFF, 0x5DFF, 0x5DFF, 0x5DFF, 0x5DFF, 0x5DFF, 
0x5DFF, 0x5DFF, 0x5DFF, 0x5DFF, 0x5DFF, 0x5DFF, 0x5DFF, 0x5DFF, 0x5DFF, 0x5DFF, 0x5DFF, 0x5DFF, 
0x5DFF, 0x5DFF, 0x5DFF, 0x5DFF, 0x5DFF, 0x5DFF, 0x5DFF, 0x5DFF, 0x5DFF, 0x5DFF, 0x5DFF, 0x5DFF, 
0x5DFF, 0x5DFF, 0x5DFF, 0x5DFF, 0x5DFF, 0x5DFF, 0x5DFF, 0x5DFF, 0x5DFF, 0x5DFF, 0x5DFF, 0x5DFF, 
0x5DFF, 0x5DFF, 0x5DFF, 0x5DFF, 0x5DFF, 0x5DFF, 0x5DFF, 0x5DFF, 0x5DFF, 0x5DFF, 0x5DFF, 0x5DFF, 
0x5DFF, 0x5DFF, 0x5DFF, 0x5DFF, 0x5DFF, 0x5DFF, 0x5DFF, 0x5DFF, 0x5DFF, 0x5DFF, 0x5DFF, 0x5DFF, 
0x5DFF, 0x5DFF, 0x5DFF, 0x5DFF, 0x5DFF, 0x5DFF, 0x5DFF, 0x5DFF, 0x5DFF, 0x5DFF, 0x5DFF, 0x5DFF, 
0x5DFF, 0x5DFF, 0x5DFF, 0x5DFF, 0x5DFF, 0x5DFF, 0x5DFF, 0x5DFF, 0x5DFF, 0x5DFF, 0x5DFF, 0x5DFF, 
0x5DFF, 0x5DFF, 0x5DFF, 0x5DFF, 0x5DFF, 0x5DFF, 0x5DFF, 0x5DFF, 0x5DFF, 0x5DFF, 0x5DFF, 0x5DFF, 
0x5DFF, 0x5DFF, 0x5DFF, 0x5DFF, 0x5DFF, 0x5DFF, 0x5DFF, 0x5DFF, 0x5DFF, 0x5DFF, 0x5DFF, 0x5DFF, 
0x5DFF, 0x5DFF, 0x5DFF, 0x5DFF, 0x5DFF, 0x5DFF, 0x5DFF, 0x5DFF, 0x5DFF, 0x5DFF, 0x5DFF, 0x5DFF, 
0x5DFF, 0x5DFF, 0x5DFF, 0x5DFF, 0x5DFF, 0x5DFF, 0x5DFF, 0x5DFF, 0x5DFF, 0x5DFF, 0x5DFF, 0x5DFF, 
0x5DFF, 0x5DFF, 0x5DFF, 0x5DFF, 0x5DFF, 0x5DFF, 0x5DFF, 0x5DFF, 0x5DFF, 0x5DFF, 0x5DFF, 0x5DFF, 
0x5DFF, 0x5DFF, 0x5DFF, 0x5DFF, 0x5DFF, 0x5DFF, 0x5DFF, 0x5DFF, 0x5DFF, 0x5DFF, 0x5DFF, 0x5DFF, 
0x5DFF, 0x5DFF, 0x5DFF, 0x5DFF, 0x5DFF, 0x5DFF, 0x5DFF, 0x5DFF, 0x5DFF, 0x5DFF, 0x5DFF, 0x5DFF, 
0x5DFF, 0x5DFF, 0x5DFF, 0x5DFF, 0x5DFF, 0x5DFF, 0x5DFF, 0x5DFF, 0x5DFF, 0x5DFF, 0x5DFF, 0x5DFF, 
0x5DFF, 0x5DFF, 0x5DFF, 0x5DFF, 0x5DFF, 0x5DFF, 0x5DFF, 0x5DFF, 0x5DFF, 0x5DFF, 0x5DFF, 0x5DFF, 
0x5DFF, 0x5DFF, 0x5DFF, 0x5DFF, 0x5DFF, 0x5DFF, 0x5DFF, 0x5DFF, 0x5DFF, 0x5DFF, 0x5DFF, 0x5DFF, 
0x5DFF, 0x5DFF, 0x5DFF, 0x5DFF, 0x5DFF, 0x5DFF, 0x5DFF, 0x5DFF, 0x5DFF, 0x5DFF, 0x5DFF, 0x5DFF, 
0x5DFF, 0x5DFF, 0x5DFF, 0x5DFF, 0x5DFF, 0x5DFF, 0x5DFF, 0x5DFF, 0x5DFF, 0x5DFF, 0x5DFF, 0x5DFF, 
0x5DFF, 0x5DFF, 0x5DFF, 0x5DFF, 0x5DFF, 0x5DFF, 0x5DFF, 0x5DFF, 0x5DFF, 0x5DFF, 0x5DFF, 0x5DFF, 
0x5DFF, 0x5DFF, 0x5DFF, 0x5DFF, 0x5DFF, 0x5DFF, 0x5DFF, 0x5DFF, 0x5DFF, 0x5DFF, 0x5DFF, 0x5DFF, 
0x5DFF, 0x5DFF, 0x5DFF, 0x5DFF, 0x5DFF, 0x5DFF, 0x5DFF, 0x5DFF, 0x5DFF, 0x5DFF, 0x5DFF, 0x5DFF, 
0x5DFF, 0x5DFF, 0x5DFF, 0x5DFF, 0x5DFF, 0x5DFF, 0x5DFF, 0x5DFF, 0x5DFF, 0x5DFF, 0x5DFF, 0x5DFF, 
0x5DFF, 0x5DFF, 0x5DFF, 0x5DFF, 0x5DFF, 0x5DFF, 0x5DFF, 0x5DFF, 0x5DFF, 0x5DFF, 0x5DFF, 0x5DFF, 
0x5DFF, 0x5DFF, 0x5DFF, 0x5DFF, 0x5DFF, 0x5DFF, 0x5DFF, 0x5DFF, 0x5DFF, 0x5DFF, 0x5DFF, 0x5DFF, 
0x5DFF, 0x5DFF, 0x5DFF, 0x5DFF, 0x5DFF, 0x5DFF, 0x5DFF, 0x5DFF, 0x5DFF, 0x5DFF, 0x5DFF, 0x5DFF, 
0x5DFF, 0x5DFF, 0x5DFF, 0x5DFF, 0x5DFF, 0x5DFF, 0x5DFF, 0x5DFF, 0x5DFF, 0x5DFF, 0x5DFF, 0x5DFF, 
0x5DFF, 0x5DFF, 0x5DFF, 0x5DFF, 
};
