#include "assets.h"

const uint16_t eat_img[16384] = {
0xEE13, 0xEE13, 0xEE13, 0xEE13, 0xEE13, 0xEE13, 0xEE13, 0xEE13, 0xEE13, 0xEE13, 0xEE13, 0xEE13, 
0xEE13, 0xEE13, 0xEE13, 0xEE13, 0xEE13, 0xEE13, 0xEE13, 0xEE13, 0xEE13, 0xEE13, 0xEE13, 0xEE13, 
0xEE13, 0xEE13, 0xEE13, 0xEE13, 0xEE13, 0xEE13, 0xEE13, 0xEE13, 0xEE13, 0xEE13, 0xEE13, 0xEE13, 
0xEE13, 0xEE13, 0xEE13, 0xEE13, 0xEE13, 0xEE13, 0xEE13, 0xEE13, 0xEE13, 0xEE13, 0xEE13, 0xEE13, 
0xEE13, 0xEE13, 0xEE13, 0xEE13, 0xEE13, 0xEE13, 0xEE13, 0xEE13, 0xEE13, 0xEE13, 0xEE13, 0xEE13, 
0xEE13, 0xEE13, 0xEE13, 0xEE13, 0xEE13, 0xEE13, 0xEE13, 0xEE13, 0xEE13, 0xEE13, 0xEE13, 0xEE13, 
0xEE13, 0xEE13, 0xEE13, 0xEE13, 0xEE13, 0xEE13, 0xEE13, 0xEE13, 0xEE13, 0xEE13, 0xEE13, 0xEE13, 
0xEE13, 0xEE13, 0xEE13, 0xEE13, 0xEE13, 0xEE13, 0xEE13, 0xEE13, 0xEE13, 0xEE13, 0xEE13, 0xEE13, 
0xEE13, 0xEE13, 0xEE13, 0xEE13, 0xEE13, 0xEE13, 0xEE13, 0xEE13, 0xEE13, 0xEE13, 0xEE13, 0xEE13, 
0xEE13, 0xEE13, 0xEE13, 0xEE13, 0xEE13, 0xEE13, 0xEE13, 0xEE13, 0xEE13, 0xEE13, 0xEE13, 0xEE13, 
0xEE13, 0xEE13, 0xEE13, 0xEE13, 0xEE13, 0xEE13, 0xEE13, 0xEE13, 0xEE13, 0xEE13, 0xEE13, 0xEE13, 
0xEE13, 0xEE13, 0xEE13, 0xEE13, 0xEE13, 0xEE13, 0xEE13, 0xEE13, 0xEE13, 0xEE13, 0xEE13, 0xEE13, 
0xEE13, 0xEE13, 0xEE13, 0xEE13, 0xEE13, 0xEE13, 0xEE13, 0xEE13, 0xEE13, 0xEE13, 0xEE13, 0xEE13, 
0xEE13, 0xEE13, 0xEE13, 0xEE13, 0xEE13, 0xEE13, 0xEE13, 0xEE13, 0xEE13, 0xEE13, 0xEE13, 0xEE13, 
0xEE13, 0xEE13, 0xEE13, 0xEE13, 0xEE13, 0xEE13, 0xEE13, 0xEE13, 0xEE13, 0xEE13, 0xEE13, 0xEE13, 
0xEE13, 0xEE13, 0xEE13, 0xEE13, 0xEE13, 0xEE13, 0xEE13, 0xEE13, 0xEE13, 0xEE13, 0xEE13, 0xEE13, 
0xEE13, 0xEE13, 0xEE13, 0xEE13, 0xEE13, 0xEE13, 0xEE13, 0xEE13, 0xEE13, 0xEE13, 0xEE13, 0xEE13, 
0xEE13, 0xEE13, 0xEE13, 0xEE13, 0xEE13, 0xEE13, 0xEE13, 0xEE13, 0xEE13, 0xEE13, 0xEE13, 0xEE13, 
0xEE13, 0xEE13, 0xEE13, 0xEE13, 0xEE13, 0xEE13, 0xEE13, 0xEE13, 0xEE13, 0xEE13, 0xEE13, 0xEE13, 
0xEE13, 0xEE13, 0xEE13, 0xEE13, 0xEE13, 0xEE13, 0xEE13, 0xEE13, 0xEE13, 0xEE13, 0xEE13, 0xEE13, 
0xEE13, 0xEE13, 0xEE13, 0xEE13, 0xEE13, 0xEE13, 0xEE13, 0xEE13, 0xEE13, 0xEE13, 0xEE13, 0xEE13, 
0xEE13, 0xEE13, 0xEE13, 0xEE13, 0xEE13, 0xEE13, 0xEE13, 0xEE13, 0xEE13, 0xEE13, 0xEE13, 0xEE13, 
0xEE13, 0xEE13, 0xEE13, 0xEE13, 0xEE13, 0xEE13, 0xEE13, 0xEE13, 0xEE13, 0xEE13, 0xEE13, 0xEE13, 
0xEE13, 0xEE13, 0xEE13, 0xEE13, 0xEE13, 0xEE13, 0xEE13, 0xEE13, 0xEE13, 0xEE13, 0xEE13, 0xEE13, 
0xEE13, 0xEE13, 0xEE13, 0xEE13, 0xEE13, 0xEE13, 0xEE13, 0xEE13, 0xEE13, 0xEE13, 0xEE13, 0xEE13, 
0xEE13, 0xEE13, 0xEE13, 0xEE13, 0xEE13, 0xEE13, 0xEE13, 0xEE13, 0xEE13, 0xEE13, 0xEE13, 0xEE13, 
0xEE13, 0xEE13, 0xEE13, 0xEE13, 0xEE13, 0xEE13, 0xEE13, 0xEE13, 0xEE13, 0xEE13, 0xEE13, 0xEE13, 
0xEE13, 0xEE13, 0xEE13, 0xEE13, 0xEE13, 0xEE13, 0xEE13, 0xEE13, 0xEE13, 0xEE13, 0xEE13, 0xEE13, 
0xEE13, 0xEE13, 0xEE13, 0xEE13, 0xEE13, 0xEE13, 0xEE13, 0xEE13, 0xEE13, 0xEE13, 0xEE13, 0xEE13, 
0xEE13, 0xEE13, 0xEE13, 0xEE13, 0xEE13, 0xEE13, 0xEE13, 0xEE13, 0xEE13, 0xEE13, 0xEE13, 0xEE13, 
0xEE13, 0xEE13, 0xEE13, 0xEE13, 0xEE13, 0xEE13, 0xEE13, 0xEE13, 0xEE13, 0xEE13, 0xEE13, 0xEE13, 
0xEE13, 0xEE13, 0xEE13, 0xEE13, 0xEE13, 0xEE13, 0xEE13, 0xEE13, 0xEE13, 0xEE13, 0xEE13, 0xEE13, 
0xEE13, 0xEE13, 0xEE13, 0xEE13, 0xEE13, 0xEE13, 0xEE13, 0xEE13, 0xEE13, 0xEE13, 0xEE13, 0xEE13, 
0xEE13, 0xEE13, 0xEE13, 0xEE13, 0xEE13, 0xEE13, 0xEE13, 0xEE13, 0xEE13, 0xEE13, 0xEE13, 0xEE13, 
0xEE13, 0xEE13, 0xEE13, 0xEE13, 0xEE13, 0xEE13, 0xEE13, 0xEE13, 0xEE13, 0xEE13, 0xEE13, 0xEE13, 
0xEE13, 0xEE13, 0xEE13, 0xEE13, 0xEE13, 0xEE13, 0xEE13, 0xEE13, 0xEE13, 0xEE13, 0xEE13, 0xEE13, 
0xEE13, 0xEE13, 0xEE13, 0xEE13, 0xEE13, 0xEE13, 0xEE13, 0xEE13, 0xEE13, 0xEE13, 0xEE13, 0xEE13, 
0xEE13, 0xEE13, 0xEE13, 0xEE13, 0xEE13, 0xEE13, 0xEE13, 0xEE13, 0xEE13, 0xEE13, 0xEE13, 0xEE13, 
0xEE13, 0xEE13, 0xEE13, 0xEE13, 0xEE13, 0xEE13, 0xEE13, 0xEE13, 0xEE13, 0xEE13, 0xEE13, 0xEE13, 
0xEE13, 0xEE13, 0xEE13, 0xEE13, 0xEE13, 0xEE13, 0xEE13, 0xEE13, 0xEE13, 0xEE13, 0xEE13, 0xEE13, 
0xEE13, 0xEE13, 0xEE13, 0xEE13, 0xEE13, 0xEE13, 0xEE13, 0xEE13, 0xEE13, 0xEE13, 0xEE13, 0xEE13, 
0xEE13, 0xEE13, 0xEE13, 0xEE13, 0xEE13, 0xEE13, 0xEE13, 0xEE13, 0xEE13, 0xEE13, 0xEE13, 0xEE13, 
0xEE13, 0xEE13, 0xEE13, 0xEE13, 0xEE13, 0xEE13, 0xEE13, 0xEE13, 0xEE13, 0xEE13, 0xEE13, 0xEE13, 
0xEE13, 0xEE13, 0xEE13, 0xEE13, 0xEE13, 0xEE13, 0xEE13, 0xEE13, 0xEE13, 0xEE13, 0xEE13, 0xEE13, 
0xEE13, 0xEE13, 0xEE13, 0xEE13, 0xEE13, 0xEE13, 0xEE13, 0xEE13, 0xEE13, 0xEE13, 0xEE13, 0xEE13, 
0xEE13, 0xEE13, 0xEE13, 0xEE13, 0xEE13, 0xEE13, 0xEE13, 0xEE13, 0xEE13, 0xEE13, 0xEE13, 0xEE13, 
0xEE13, 0xEE13, 0xEE13, 0xEE13, 0xEE13, 0xEE13, 0xEE13, 0xEE13, 0xEE13, 0xEE13, 0xEE13, 0xEE13, 
0xEE13, 0xEE13, 0xEE13, 0xEE13, 0xEE13, 0xEE13, 0xEE13, 0xEE13, 0xEE13, 0xEE13, 0xEE13, 0xEE13, 
0xEE13, 0xEE13, 0xEE13, 0xEE13, 0xEE13, 0xEE13, 0xEE13, 0xEE13, 0xEE13, 0xEE13, 0xEE13, 0xEE13, 
0xEE13, 0xEE13, 0xEE13, 0xEE13, 0xEE13, 0xEE13, 0xEE13, 0xEE13, 0xEE13, 0xEE13, 0xEE13, 0xEE13, 
0xEE13, 0xEE13, 0xEE13, 0xEE13, 0xEE13, 0xEE13, 0xEE13, 0xEE13, 0xEE13, 0xEE13, 0xEE13, 0xEE13, 
0xEE13, 0xEE13, 0xEE13, 0xEE13, 0xEE13, 0xEE13, 0xEE13, 0xEE13, 0xEE13, 0xEE13, 0xEE13, 0xEE13, 
0xEE13, 0xEE13, 0xEE13, 0xEE13, 0xEE13, 0xEE13, 0xEE13, 0xEE13, 0xEE13, 0xEE13, 0xEE13, 0xEE13, 
0xEE13, 0xEE13, 0xEE13, 0xEE13, 0xEE13, 0xEE13, 0xEE13, 0xEE13, 0xEE13, 0xEE13, 0xEE13, 0xEE13, 
0xEE13, 0xEE13, 0xEE13, 0xEE13, 0xEE13, 0xEE13, 0xEE13, 0xEE13, 0xEE13, 0xEE13, 0xEE13, 0xEE13, 
0xEE13, 0xEE13, 0xEE13, 0xEE13, 0xEE13, 0xEE13, 0xEE13, 0xEE13, 0xEE13, 0xEE13, 0xEE13, 0xEE13, 
0xEE13, 0xEE13, 0xEE13, 0xEE13, 0xEE13, 0xEE13, 0xEE13, 0xEE13, 0xEE13, 0xEE13, 0xEE13, 0xEE13, 
0xEE13, 0xEE13, 0xEE13, 0xEE13, 0xEE13, 0xEE13, 0xEE13, 0xEE13, 0xEE13, 0xEE13, 0xEE13, 0xEE13, 
0xEE13, 0xEE13, 0xEE13, 0xEE13, 0xEE13, 0xEE13, 0xEE13, 0xEE13, 0xEE13, 0xEE13, 0xEE13, 0xEE13, 
0xEE13, 0xEE13, 0xEE13, 0xEE13, 0xEE13, 0xEE13, 0xEE13, 0xEE13, 0xEE13, 0xEE13, 0xEE13, 0xEE13, 
0xEE13, 0xEE13, 0xEE13, 0xEE13, 0xEE13, 0xEE13, 0xEE13, 0xEE13, 0xEE13, 0xEE13, 0xEE13, 0xEE13, 
0xEE13, 0xEE13, 0xEE13, 0xEE13, 0xEE13, 0xEE13, 0xEE13, 0xEE13, 0xEE13, 0xEE13, 0xEE13, 0xEE13, 
0xEE13, 0xEE13, 0xEE13, 0xEE13, 0xEE13, 0xEE13, 0xEE13, 0xEE13, 0xEE13, 0xEE13, 0xEE13, 0xEE13, 
0xEE13, 0xEE13, 0xEE13, 0xEE13, 0xEE13, 0xEE13, 0xEE13, 0xEE13, 0xEE13, 0xEE13, 0xEE13, 0xEE13, 
0xEE13, 0xEE13, 0xEE13, 0xEE13, 0xEE13, 0xEE13, 0xEE13, 0xEE13, 0xEE13, 0xEE13, 0xEE13, 0xEE13, 
0xEE13, 0xEE13, 0xEE13, 0xEE13, 0xEE13, 0xEE13, 0xEE13, 0xEE13, 0xEE13, 0xEE13, 0xEE13, 0xEE13, 
0xEE13, 0xEE13, 0xEE13, 0xEE13, 0xEE13, 0xEE13, 0xEE13, 0xEE13, 0xEE13, 0xEE13, 0xEE13, 0xEE13, 
0xEE13, 0xEE13, 0xEE13, 0xEE13, 0xEE13, 0xEE13, 0xEE13, 0xEE13, 0xEE13, 0xEE13, 0xEE13, 0xEE13, 
0xEE13, 0xEE13, 0xEE13, 0xEE13, 0xEE13, 0xEE13, 0xEE13, 0xEE13, 0xEE13, 0xEE13, 0xEE13, 0xEE13, 
0xEE13, 0xEE13, 0xEE13, 0xEE13, 0xEE13, 0xEE13, 0xEE13, 0xEE13, 0xEE13, 0xEE13, 0xEE13, 0xEE13, 
0xEE13, 0xEE13, 0xEE13, 0xEE13, 0xEE13, 0xEE13, 0xEE13, 0xEE13, 0xEE13, 0xEE13, 0xEE13, 0xEE13, 
0xEE13, 0xEE13, 0xEE13, 0xEE13, 0xEE13, 0xEE13, 0xEE13, 0xEE13, 0xEE13, 0xEE13, 0xEE13, 0xEE13, 
0xEE13, 0xEE13, 0xEE13, 0xEE13, 0xEE13, 0xEE13, 0xEE13, 0xEE13, 0xEE13, 0xEE13, 0xEE13, 0xEE13, 
0xEE13, 0xEE13, 0xEE13, 0xEE13, 0xEE13, 0xEE13, 0xEE13, 0xEE13, 0xEE13, 0xEE13, 0xEE13, 0xEE13, 
0xEE13, 0xEE13, 0xEE13, 0xEE13, 0xEE13, 0xEE13, 0xEE13, 0xEE13, 0xEE13, 0xEE13, 0xEE13, 0xEE13, 
0xEE13, 0xEE13, 0xEE13, 0xEE13, 0xEE13, 0xEE13, 0xEE13, 0xEE13, 0xEE13, 0xEE13, 0xEE13, 0xEE13, 
0xEE13, 0xEE13, 0xEE13, 0xEE13, 0xEE13, 0xEE13, 0xEE13, 0xEE13, 0xEE13, 0xEE13, 0xEE13, 0xEE13, 
0xEE13, 0xEE13, 0xEE13, 0xEE13, 0xEE13, 0xEE13, 0xEE13, 0xEE13, 0xEE13, 0xEE13, 0xEE13, 0xEE13, 
0xEE13, 0xEE13, 0xEE13, 0xEE13, 0xEE13, 0xEE13, 0xEE13, 0xEE13, 0xEE13, 0xEE13, 0xEE13, 0xEE13, 
0xEE13, 0xEE13, 0xEE13, 0xEE13, 0xEE13, 0xEE13, 0xEE13, 0xEE13, 0xEE13, 0xEE13, 0xEE13, 0xEE13, 
0xEE13, 0xEE13, 0xEE13, 0xEE13, 0xEE13, 0xEE13, 0xEE13, 0xEE13, 0xEE13, 0xEE13, 0xEE13, 0xEE13, 
0xEE13, 0xEE13, 0xEE13, 0xEE13, 0xEE13, 0xEE13, 0xEE13, 0xEE13, 0xEE13, 0xEE13, 0xEE13, 0xEE13, 
0xEE13, 0xEE13, 0xEE13, 0xEE13, 0xEE13, 0xEE13, 0xEE13, 0xEE13, 0xEE13, 0xEE13, 0xEE13, 0xEE13, 
0xEE13, 0xEE13, 0xEE13, 0xEE13, 0xEE13, 0xEE13, 0xEE13, 0xEE13, 0xEE13, 0xEE13, 0xEE13, 0xEE13, 
0xEE13, 0xEE13, 0xEE13, 0xEE13, 0xEE13, 0xEE13, 0xEE13, 0xEE13, 0xEE13, 0xEE13, 0xEE13, 0xEE13, 
0xEE13, 0xEE13, 0xEE13, 0xEE13, 0xEE13, 0xEE13, 0xEE13, 0xEE13, 0xEE13, 0xEE13, 0xEE13, 0xEE13, 
0xEE13, 0xEE13, 0xEE13, 0xEE13, 0xEE13, 0xEE13, 0xEE13, 0xEE13, 0xEE13, 0xEE13, 0xEE13, 0xEE13, 
0xEE13, 0xEE13, 0xEE13, 0xEE13, 0xEE13, 0xEE13, 0xEE13, 0xEE13, 0xEE13, 0xEE13, 0xEE13, 0xEE13, 
0xEE13, 0xEE13, 0xEE13, 0xEE13, 0xEE13, 0xEE13, 0xEE13, 0xEE13, 0xEE13, 0xEE13, 0xEE13, 0xEE13, 
0xEE13, 0xEE13, 0xEE13, 0xEE13, 0xEE13, 0xEE13, 0xEE13, 0xEE13, 0xEE13, 0xEE13, 0xEE13, 0xEE13, 
0xEE13, 0xEE13, 0xEE13, 0xEE13, 0xEE13, 0xEE13, 0xEE13, 0xEE13, 0xEE13, 0xEE13, 0xEE13, 0xEE13, 
0xEE13, 0xEE13, 0xEE13, 0xEE13, 0xEE13, 0xEE13, 0xEE13, 0xEE13, 0xEE13, 0xEE13, 0xEE13, 0xEE13, 
0xEE13, 0xEE13, 0xEE13, 0xEE13, 0xEE13, 0xEE13, 0xEE13, 0xEE13, 0xEE13, 0xEE13, 0xEE13, 0xEE13, 
0xEE13, 0xEE13, 0xEE13, 0xEE13, 0xEE13, 0xEE13, 0xEE13, 0xEE13, 0xEE13, 0xEE13, 0xEE13, 0xEE13, 
0xEE13, 0xEE13, 0xEE13, 0xEE13, 0xEE13, 0xEE13, 0xEE13, 0xEE13, 0xEE13, 0xEE13, 0xEE13, 0xEE13, 
0xEE13, 0xEE13, 0xEE13, 0xEE13, 0xEE13, 0xEE13, 0xEE13, 0xEE13, 0xEE13, 0xEE13, 0xEE13, 0xEE13, 
0xEE13, 0xEE13, 0xEE13, 0xEE13, 0xEE13, 0xEE13, 0xEE13, 0xEE13, 0xEE13, 0xEE13, 0xEE13, 0xEE13, 
0xEE13, 0xEE13, 0xEE13, 0xEE13, 0xEE13, 0xEE13, 0xEE13, 0xEE13, 0xEE13, 0xEE13, 0xEE13, 0xEE13, 
0xEE13, 0xEE13, 0xEE13, 0xEE13, 0xEE13, 0xEE13, 0xEE13, 0xEE13, 0xEE13, 0xEE13, 0xEE13, 0xEE13, 
0xEE13, 0xEE13, 0xEE13, 0xEE13, 0xEE13, 0xEE13, 0xEE13, 0xEE13, 0xEE13, 0xEE13, 0xEE13, 0xEE13, 
0xEE13, 0xEE13, 0xEE13, 0xEE13, 0xEE13, 0xEE13, 0xEE13, 0xEE13, 0xEE13, 0xEE13, 0xEE13, 0xEE13, 
0xEE13, 0xEE13, 0xEE13, 0xEE13, 0xEE13, 0xEE13, 0xEE13, 0xEE13, 0xEE13, 0xEE13, 0xEE13, 0xEE13, 
0xEE13, 0xEE13, 0xEE13, 0xEE13, 0xEE13, 0xEE13, 0xEE13, 0xEE13, 0xEE13, 0xEE13, 0xEE13, 0xEE13, 
0xEE13, 0xEE13, 0xEE13, 0xEE13, 0xEE13, 0xEE13, 0xEE13, 0xEE13, 0xEE13, 0xEE13, 0xEE13, 0xEE13, 
0xEE13, 0xEE13, 0xEE13, 0xEE13, 0xEE13, 0xEE13, 0xEE13, 0xEE13, 0xEE13, 0xEE13, 0xEE13, 0xEE13, 
0xEE13, 0xEE13, 0xEE13, 0xEE13, 0xEE13, 0xEE13, 0xEE13, 0xEE13, 0xEE13, 0xEE13, 0xEE13, 0xEE13, 
0xEE13, 0xEE13, 0xEE13, 0xEE13, 0xEE13, 0xEE13, 0xEE13, 0xEE13, 0xEE13, 0xEE13, 0xEE13, 0xEE13, 
0xEE13, 0xEE13, 0xEE13, 0xEE13, 0xEE13, 0xEE13, 0xEE13, 0xEE13, 0xEE13, 0xEE13, 0xEE13, 0xEE13, 
0xEE13, 0xEE13, 0xEE13, 0xEE13, 0xEE13, 0xEE13, 0xEE13, 0xEE13, 0xEE13, 0xEE13, 0xEE13, 0xEE13, 
0xEE13, 0xEE13, 0xEE13, 0xEE13, 0xEE13, 0xEE13, 0xEE13, 0xEE13, 0xEE13, 0xEE13, 0xEE13, 0xEE13, 
0xEE13, 0xEE13, 0xEE13, 0xEE13, 0xEE13, 0xEE13, 0xEE13, 0xEE13, 0xEE13, 0xEE13, 0xEE13, 0xEE13, 
0xEE13, 0xEE13, 0xEE13, 0xEE13, 0xEE13, 0xEE13, 0xEE13, 0xEE13, 0xEE13, 0xEE13, 0xEE13, 0xEE13, 
0xEE13, 0xEE13, 0xEE13, 0xEE13, 0xEE13, 0xEE13, 0xEE13, 0xEE13, 0xEE13, 0xEE13, 0xEE13, 0xEE13, 
0xEE13, 0xEE13, 0xEE13, 0xEE13, 0xEE13, 0xEE13, 0xEE13, 0xEE13, 0xEE13, 0xEE13, 0xEE13, 0xEE13, 
0xEE13, 0xEE13, 0xEE13, 0xEE13, 0xEE13, 0xEE13, 0xEE13, 0xEE13, 0xEE13, 0xEE13, 0xEE13, 0xEE13, 
0xEE13, 0xEE13, 0xEE13, 0xEE13, 0xEE13, 0xEE13, 0xEE13, 0xEE13, 0xEE13, 0xEE13, 0xEE13, 0xEE13, 
0xEE13, 0xEE13, 0xEE13, 0xEE13, 0xEE13, 0xEE13, 0xEE13, 0xEE13, 0xEE13, 0xEE13, 0xEE13, 0xEE13, 
0xEE13, 0xEE13, 0xEE13, 0xEE13, 0xEE13, 0xEE13, 0xEE13, 0xEE13, 0xEE13, 0xEE13, 0xEE13, 0xEE13, 
0xEE13, 0xEE13, 0xEE13, 0xEE13, 0xEE13, 0xEE13, 0xEE13, 0xEE13, 0xEE13, 0xEE13, 0xEE13, 0xEE13, 
0xEE13, 0xEE13, 0xEE13, 0xEE13, 0xEE13, 0xEE13, 0xEE13, 0xEE13, 0xEE13, 0xEE13, 0xEE13, 0xEE13, 
0xEE13, 0xEE13, 0xEE13, 0xEE13, 0xEE13, 0xEE13, 0xEE13, 0xEE13, 0xEE13, 0xEE13, 0xEE13, 0xEE13, 
0xEE13, 0xEE13, 0xEE13, 0xEE13, 0xEE13, 0xEE13, 0xEE13, 0xEE13, 0xEE13, 0xEE13, 0xEE13, 0xEE13, 
0xEE13, 0xEE13, 0xEE13, 0xEE13, 0xEE13, 0xEE13, 0xEE13, 0xEE13, 0xEE13, 0xEE13, 0xEE13, 0xEE13, 
0xEE13, 0xEE13, 0xEE13, 0xEE13, 0xEE13, 0xEE13, 0xEE13, 0xEE13, 0xEE13, 0xEE13, 0xEE13, 0xEE13, 
0xEE13, 0xEE13, 0xEE13, 0xEE13, 0xEE13, 0xEE13, 0xEE13, 0xEE13, 0xEE13, 0xEE13, 0xEE13, 0xEE13, 
0xEE13, 0xEE13, 0xEE13, 0xEE13, 0xEE13, 0xEE13, 0xEE13, 0xEE13, 0xEE13, 0xEE13, 0xEE13, 0xEE13, 
0xEE13, 0xEE13, 0xEE13, 0xEE13, 0xEE13, 0xEE13, 0xEE13, 0xEE13, 0xEE13, 0xEE13, 0xEE13, 0xEE13, 
0xEE13, 0xEE13, 0xEE13, 0xEE13, 0xEE13, 0xEE13, 0xEE13, 0xEE13, 0xEE13, 0xEE13, 0xEE13, 0xEE13, 
0xEE13, 0xEE13, 0xEE13, 0xEE13, 0xEE13, 0xEE13, 0xEE13, 0xEE13, 0xEE13, 0xEE13, 0xEE13, 0xEE13, 
0xEE13, 0xEE13, 0xEE13, 0xEE13, 0xEE13, 0xEE13, 0xEE13, 0xEE13, 0xEE13, 0xEE13, 0xEE13, 0xEE13, 
0xEE13, 0xEE13, 0xEE13, 0xEE13, 0xEE13, 0xEE13, 0xEE13, 0xEE13, 0xEE13, 0xEE13, 0xEE13, 0xEE13, 
0xEE13, 0xEE13, 0xEE13, 0xEE13, 0xEE13, 0xEE13, 0xEE13, 0xEE13, 0xEE13, 0xEE13, 0xEE13, 0xEE13, 
0xEE13, 0xEE13, 0xEE13, 0xEE13, 0xEE13, 0xEE13, 0xEE13, 0xEE13, 0xEE13, 0xEE13, 0xEE13, 0xEE13, 
0xEE13, 0xEE13, 0xEE13, 0xEE13, 0xEE13, 0xEE13, 0xEE13, 0xEE13, 0xEE13, 0xEE13, 0xEE13, 0xEE13, 
0xEE13, 0xEE13, 0xEE13, 0xEE13, 0xEE13, 0xEE13, 0xEE13, 0xEE13, 0xEE13, 0xEE13, 0xEE13, 0xEE13, 
0xEE13, 0xEE13, 0xEE13, 0xEE13, 0xEE13, 0xEE13, 0xEE13, 0xEE13, 0xEE13, 0xEE13, 0xEE13, 0xEE13, 
0xEE13, 0xEE13, 0xEE13, 0xEE13, 0xEE13, 0xEE13, 0xEE13, 0xEE13, 0xEE13, 0xEE13, 0xEE13, 0xEE13, 
0xEE13, 0xEE13, 0xEE13, 0xEE13, 0xEE13, 0xEE13, 0xEE13, 0xEE13, 0xEE13, 0xEE13, 0xEE13, 0xEE13, 
0xEE13, 0xEE13, 0xEE13, 0xEE13, 0xEE13, 0xEE13, 0xEE13, 0xEE13, 0xEE13, 0xEE13, 0xEE13, 0xEE13, 
0xEE13, 0xEE13, 0xEE13, 0xEE13, 0xEE13, 0xEE13, 0xEE13, 0xEE13, 0xEE13, 0xEE13, 0xEE13, 0xEE13, 
0xEE13, 0xEE13, 0xEE13, 0xEE13, 0xEE13, 0xEE13, 0xEE13, 0xEE13, 0xEE13, 0xEE13, 0xEE13, 0xEE13, 
0xEE13, 0xEE13, 0xEE13, 0xEE13, 0xEE13, 0xEE13, 0xEE13, 0xEE13, 0xEE13, 0xEE13, 0xEE13, 0xEE13, 
0xEE13, 0xEE13, 0xEE13, 0xEE13, 0xEE13, 0xEE13, 0xEE13, 0xEE13, 0xEE13, 0xEE13, 0xEE13, 0xEE13, 
0xEE13, 0xEE13, 0xEE13, 0xEE13, 0xEE13, 0xEE13, 0xEE13, 0xEE13, 0xEE13, 0xEE13, 0xEE13, 0xEE13, 
0xEE13, 0xEE13, 0xEE13, 0xEE13, 0xEE13, 0xEE13, 0xEE13, 0xEE13, 0xEE13, 0xEE13, 0xEE13, 0xEE13, 
0xEE13, 0xEE13, 0xEE13, 0xEE13, 0xEE13, 0xEE13, 0xEE13, 0xEE13, 0xEE13, 0xEE13, 0xEE13, 0xEE13, 
0xEE13, 0xEE13, 0xEE13, 0xEE13, 0xEE13, 0xEE13, 0xEE13, 0xEE13, 0xEE13, 0xEE13, 0xEE13, 0xEE13, 
0xEE13, 0xEE13, 0xEE13, 0xEE13, 0xEE13, 0xEE13, 0xEE13, 0xEE13, 0xEE13, 0xEE13, 0xEE13, 0xEE13, 
0xEE13, 0xEE13, 0xEE13, 0xEE13, 0xEE13, 0xEE13, 0xEE13, 0xEE13, 0xEE13, 0xEE13, 0xEE13, 0xEE13, 
0xEE13, 0xEE13, 0xEE13, 0xEE13, 0xEE13, 0xEE13, 0xEE13, 0xEE13, 0xEE13, 0xEE13, 0xEE13, 0xEE13, 
0xEE13, 0xEE13, 0xEE13, 0xEE13, 0xEE13, 0xEE13, 0xEE13, 0xEE13, 0xEE13, 0xEE13, 0xEE13, 0xEE13, 
0xEE13, 0xEE13, 0xEE13, 0xEE13, 0xEE13, 0xEE13, 0xEE13, 0xEE13, 0xEE13, 0xEE13, 0xEE13, 0xEE13, 
0xEE13, 0xEE13, 0xEE13, 0xEE13, 0xEE13, 0xEE13, 0xEE13, 0xEE13, 0xEE13, 0xEE13, 0xEE13, 0xEE13, 
0xEE13, 0xEE13, 0xEE13, 0xEE13, 0xEE13, 0xEE13, 0xEE13, 0xEE13, 0xEE13, 0xEE13, 0xEE13, 0xEE13, 
0xEE13, 0xEE13, 0xEE13, 0xEE13, 0xEE13, 0xEE13, 0xEE13, 0xEE13, 0xEE13, 0xEE13, 0xEE13, 0xEE13, 
0xEE13, 0xEE13, 0xEE13, 0xEE13, 0xEE13, 0xEE13, 0xEE13, 0xEE13, 0xEE13, 0xEE13, 0xEE13, 0xEE13, 
0xEE13, 0xEE13, 0xEE13, 0xEE13, 0xEE13, 0xEE13, 0xEE13, 0xEE13, 0xEE13, 0xEE13, 0xEE13, 0xEE13, 
0xEE13, 0xEE13, 0xEE13, 0xEE13, 0xEE13, 0xEE13, 0xEE13, 0xEE13, 0xEE13, 0xEE13, 0xEE13, 0xEE13, 
0xEE13, 0xEE13, 0xEE13, 0xEE13, 0xEE13, 0xEE13, 0xEE13, 0xEE13, 0xEE13, 0xEE13, 0xEE13, 0xEE13, 
0xEE13, 0xEE13, 0xEE13, 0xEE13, 0xEE13, 0xEE13, 0xEE13, 0xEE13, 0xEE13, 0xEE13, 0xEE13, 0xEE13, 
0xEE13, 0xEE13, 0xEE13, 0xEE13, 0xEE13, 0xEE13, 0xEE13, 0xEE13, 0xEE13, 0xEE13, 0xEE13, 0xEE13, 
0xEE13, 0xEE13, 0xEE13, 0xEE13, 0xEE13, 0xEE13, 0xEE13, 0xEE13, 0xEE13, 0xEE13, 0xEE13, 0xEE13, 
0xEE13, 0xEE13, 0xEE13, 0xEE13, 0xEE13, 0xEE13, 0xEE13, 0xEE13, 0xEE13, 0xEE13, 0xEE13, 0xEE13, 
0xEE13, 0xEE13, 0xEE13, 0xEE13, 0xEE13, 0xEE13, 0xEE13, 0xEE13, 0xEE13, 0xEE13, 0xEE13, 0xEE13, 
0xEE13, 0xEE13, 0xEE13, 0xEE13, 0xEE13, 0xEE13, 0xEE13, 0xEE13, 0xEE13, 0xEE13, 0xEE13, 0xEE13, 
0xEE13, 0xEE13, 0xEE13, 0xEE13, 0xEE13, 0xEE13, 0xEE13, 0xEE13, 0xEE13, 0xEE13, 0xEE13, 0xEE13, 
0xEE13, 0xEE13, 0xEE13, 0xEE13, 0xEE13, 0xEE13, 0xEE13, 0xEE13, 0xEE13, 0xEE13, 0xEE13, 0xEE13, 
0xEE13, 0xEE13, 0xEE13, 0xEE13, 0xEE13, 0xEE13, 0xEE13, 0xEE13, 0xEE13, 0xEE13, 0xEE13, 0xEE13, 
0xEE13, 0xEE13, 0xEE13, 0xEE13, 0xEE13, 0xEE13, 0xEE13, 0xEE13, 0xEE13, 0xEE13, 0xEE13, 0xEE13, 
0xEE13, 0xEE13, 0xEE13, 0xEE13, 0xEE13, 0xEE13, 0xEE13, 0xEE13, 0xEE13, 0xEE13, 0xEE13, 0xEE13, 
0xEE13, 0xEE13, 0xEE13, 0xEE13, 0xEE13, 0xEE13, 0xEE13, 0xEE13, 0xEE13, 0xEE13, 0xEE13, 0xEE13, 
0xEE13, 0xEE13, 0xEE13, 0xEE13, 0xEE13, 0xEE13, 0xEE13, 0xEE13, 0xEE13, 0xEE13, 0xEE13, 0xEE13, 
0xEE13, 0xEE13, 0xEE13, 0xEE13, 0xEE13, 0xEE13, 0xEE13, 0xEE13, 0xEE13, 0xEE13, 0xEE13, 0xEE13, 
0xEE13, 0xEE13, 0xEE13, 0xEE13, 0xEE13, 0xEE13, 0xEE13, 0xEE13, 0xEE13, 0xEE13, 0xEE13, 0xEE13, 
0xEE13, 0xEE13, 0xEE13, 0xEE13, 0xEE13, 0xEE13, 0xEE13, 0xEE13, 0xEE13, 0xEE13, 0xEE13, 0xEE13, 
0xEE13, 0xEE13, 0xEE13, 0xEE13, 0xEE13, 0xEE13, 0xEE13, 0xEE13, 0xEE13, 0xEE13, 0xEE13, 0xEE13, 
0xEE13, 0xEE13, 0xEE13, 0xEE13, 0xEE13, 0xEE13, 0xEE13, 0xEE13, 0xEE13, 0xEE13, 0xEE13, 0xEE13, 
0xEE13, 0xEE13, 0xEE13, 0xEE13, 0xEE13, 0xEE13, 0xEE13, 0xEE13, 0xEE13, 0xEE13, 0xEE13, 0xEE13, 
0xEE13, 0xEE13, 0xEE13, 0xEE13, 0xEE13, 0xEE13, 0xEE13, 0xEE13, 0xEE13, 0xEE13, 0xEE13, 0xEE13, 
0xEE13, 0xEE13, 0xEE13, 0xEE13, 0xEE13, 0xEE13, 0xEE13, 0xEE13, 0xEE13, 0xEE13, 0xEE13, 0xEE13, 
0xEE13, 0xEE13, 0xEE13, 0xEE13, 0xEE13, 0xEE13, 0xEE13, 0xEE13, 0xEE13, 0xEE13, 0xEE13, 0xEE13, 
0xEE13, 0xEE13, 0xEE13, 0xEE13, 0xEE13, 0xEE13, 0xEE13, 0xEE13, 0xEE13, 0xEE13, 0xEE13, 0xEE13, 
0xEE13, 0xEE13, 0xEE13, 0xEE13, 0xEE13, 0xEE13, 0xEE13, 0xEE13, 0xEE13, 0xEE13, 0xEE13, 0xEE13, 
0xEE13, 0xEE13, 0xEE13, 0xEE13, 0xEE13, 0xEE13, 0xEE13, 0xEE13, 0xEE13, 0xEE13, 0xEE13, 0xEE13, 
0xEE13, 0xEE13, 0xEE13, 0xEE13, 0xEE13, 0xEE13, 0xEE13, 0xEE13, 0xEE13, 0xEE13, 0xEE13, 0xEE13, 
0xEE13, 0xEE13, 0xEE13, 0xEE13, 0xEE13, 0xEE13, 0xEE13, 0xEE13, 0xEE13, 0xEE13, 0xEE13, 0xEE13, 
0xEE13, 0xEE13, 0xEE13, 0xEE13, 0xEE13, 0xEE13, 0xEE13, 0xEE13, 0xEE13, 0xEE13, 0xEE13, 0xEE13, 
0xEE13, 0xEE13, 0xEE13, 0xEE13, 0xEE13, 0xEE13, 0xEE13, 0xEE13, 0xEE13, 0xEE13, 0xEE13, 0xEE13, 
0xEE13, 0xEE13, 0xEE13, 0xEE13, 0xEE13, 0xEE13, 0xEE13, 0xEE13, 0xEE13, 0xEE13, 0xEE13, 0xEE13, 
0xEE13, 0xEE13, 0xEE13, 0xEE13, 0xEE13, 0xEE13, 0xEE13, 0xEE13, 0xEE13, 0xEE13, 0xEE13, 0xEE13, 
0xEE13, 0xEE13, 0xEE13, 0xEE13, 0xEE13, 0xEE13, 0xEE13, 0xEE13, 0xEE13, 0xEE13, 0xEE13, 0xEE13, 
0xEE13, 0xEE13, 0xEE13, 0xEE13, 0xEE13, 0xEE13, 0xEE13, 0xEE13, 0xEE13, 0xEE13, 0xEE13, 0xEE13, 
0xEE13, 0xEE13, 0xEE13, 0xEE13, 0xEE13, 0xEE13, 0xEE13, 0xEE13, 0xEE13, 0xEE13, 0xEE13, 0xEE13, 
0xEE13, 0xEE13, 0xEE13, 0xEE13, 0xEE13, 0xEE13, 0xEE13, 0xEE13, 0xEE13, 0xEE13, 0xEE13, 0xEE13, 
0xEE13, 0xEE13, 0xEE13, 0xEE13, 0xEE13, 0xEE13, 0xEE13, 0xEE13, 0xEE13, 0xEE13, 0xEE13, 0xEE13, 
0xEE13, 0xEE13, 0xEE13, 0xEE13, 0xEE13, 0xEE13, 0xEE13, 0xEE13, 0xEE13, 0xEE13, 0xEE13, 0xEE13, 
0xEE13, 0xEE13, 0xEE13, 0xEE13, 0xEE13, 0xEE13, 0xEE13, 0xEE13, 0xEE13, 0xEE13, 0xEE13, 0xEE13, 
0xEE13, 0xEE13, 0xEE13, 0xEE13, 0xEE13, 0xEE13, 0xEE13, 0xEE13, 0xEE13, 0xEE13, 0xEE13, 0xEE13, 
0xEE13, 0xEE13, 0xEE13, 0xEE13, 0xEE13, 0xEE13, 0xEE13, 0xEE13, 0xEE13, 0xEE13, 0xEE13, 0xEE13, 
0xEE13, 0xEE13, 0xEE13, 0xEE13, 0xEE13, 0xEE13, 0xEE13, 0xEE13, 0xEE13, 0xEE13, 0xEE13, 0xEE13, 
0xEE13, 0xEE13, 0xEE13, 0xEE13, 0xEE13, 0xEE13, 0xEE13, 0xEE13, 0xEE13, 0xEE13, 0xEE13, 0xEE13, 
0xEE13, 0xEE13, 0xEE13, 0xEE13, 0xEE13, 0xEE13, 0xEE13, 0xEE13, 0xEE13, 0xEE13, 0xEE13, 0xEE13, 
0xEE13, 0xEE13, 0xEE13, 0xEE13, 0xEE13, 0xEE13, 0xEE13, 0xEE13, 0xEE13, 0xEE13, 0xEE13, 0xEE13, 
0xEE13, 0xEE13, 0xEE13, 0xEE13, 0xEE13, 0xEE13, 0xEE13, 0xEE13, 0xEE13, 0xEE13, 0xEE13, 0xEE13, 
0xEE13, 0xEE13, 0xEE13, 0xEE13, 0xEE13, 0xEE13, 0xEE13, 0xEE13, 0xEE13, 0xEE13, 0xEE13, 0xEE13, 
0xEE13, 0xEE13, 0xEE13, 0xEE13, 0xEE13, 0xEE13, 0xEE13, 0xEE13, 0xEE13, 0xEE13, 0xEE13, 0xEE13, 
0xEE13, 0xEE13, 0xEE13, 0xEE13, 0xEE13, 0xEE13, 0xEE13, 0xEE13, 0xEE13, 0xEE13, 0xEE13, 0xEE13, 
0xEE13, 0xEE13, 0xEE13, 0xEE13, 0xEE13, 0xEE13, 0xEE13, 0xEE13, 0xEE13, 0xEE13, 0xEE13, 0xEE13, 
0xEE13, 0xEE13, 0xEE13, 0xEE13, 0xEE13, 0xEE13, 0xEE13, 0xEE13, 0xEE13, 0xEE13, 0xEE13, 0xEE13, 
0xEE13, 0xEE13, 0xEE13, 0xEE13, 0xEE13, 0xEE13, 0xEE13, 0xEE13, 0xEE13, 0xEE13, 0xEE13, 0xEE13, 
0xEE13, 0xEE13, 0xEE13, 0xEE13, 0xEE13, 0xEE13, 0xEE13, 0xEE13, 0xEE13, 0xEE13, 0xEE13, 0xEE13, 
0xEE13, 0xEE13, 0xEE13, 0xEE13, 0xEE13, 0xEE13, 0xEE13, 0xEE13, 0xEE13, 0xEE13, 0xEE13, 0xEE13, 
0xEE13, 0xEE13, 0xEE13, 0xEE13, 0xEE13, 0xEE13, 0xEE13, 0xEE13, 0xEE13, 0xEE13, 0xEE13, 0xEE13, 
0xEE13, 0xEE13, 0xEE13, 0xEE13, 0xEE13, 0xEE13, 0xEE13, 0xEE13, 0xEE13, 0xEE13, 0xEE13, 0xEE13, 
0xEE13, 0xEE13, 0xEE13, 0xEE13, 0xEE13, 0xEE13, 0xEE13, 0xEE13, 0xEE13, 0xEE13, 0xEE13, 0xEE13, 
0xEE13, 0xEE13, 0xEE13, 0xEE13, 0xEE13, 0xEE13, 0xEE13, 0xEE13, 0xEE13, 0xEE13, 0xEE13, 0xEE13, 
0xEE13, 0xEE13, 0xEE13, 0xEE13, 0xEE13, 0xEE13, 0xEE13, 0xEE13, 0xEE13, 0xEE13, 0xEE13, 0xEE13, 
0xEE13, 0xEE13, 0xEE13, 0xEE13, 0xEE13, 0xEE13, 0xEE13, 0xEE13, 0xEE13, 0xEE13, 0xEE13, 0xEE13, 
0xEE13, 0xEE13, 0xEE13, 0xEE13, 0xEE13, 0xEE13, 0xEE13, 0xEE13, 0xEE13, 0xEE13, 0xEE13, 0xEE13, 
0xEE13, 0xEE13, 0xEE13, 0xEE13, 0xEE13, 0xEE13, 0xEE13, 0xEE13, 0xEE13, 0xEE13, 0xEE13, 0xEE13, 
0xEE13, 0xEE13, 0xEE13, 0xEE13, 0xEE13, 0xEE13, 0xEE13, 0xEE13, 0xEE13, 0xEE13, 0xEE13, 0xEE13, 
0xEE13, 0xEE13, 0xEE13, 0xEE13, 0xEE13, 0xEE13, 0xEE13, 0xEE13, 0xEE13, 0xEE13, 0xEE13, 0xEE13, 
0xEE13, 0xEE13, 0xEE13, 0xEE13, 0xEE13, 0xEE13, 0xEE13, 0xEE13, 0xEE13, 0xEE13, 0xEE13, 0xEE13, 
0xEE13, 0xEE13, 0xEE13, 0xEE13, 0xEE13, 0xEE13, 0xEE13, 0xEE13, 0xEE13, 0xEE13, 0xEE13, 0xEE13, 
0xEE13, 0xEE13, 0xEE13, 0xEE13, 0xEE13, 0xEE13, 0xEE13, 0xEE13, 0xEE13, 0xEE13, 0xEE13, 0xEE13, 
0xEE13, 0xEE13, 0xEE13, 0xEE13, 0xEE13, 0xEE13, 0xEE13, 0xEE13, 0xEE13, 0xEE13, 0xEE13, 0xEE13, 
0xEE13, 0xEE13, 0xEE13, 0xEE13, 0xEE13, 0xEE13, 0xEE13, 0xEE13, 0xEE13, 0xEE13, 0xEE13, 0xEE13, 
0xEE13, 0xEE13, 0xEE13, 0xEE13, 0xEE13, 0xEE13, 0xEE13, 0xEE13, 0xEE13, 0xEE13, 0xEE13, 0xEE13, 
0xEE13, 0xEE13, 0xEE13, 0xEE13, 0xEE13, 0xEE13, 0xEE13, 0xEE13, 0xEE13, 0xEE13, 0xEE13, 0xEE13, 
0xEE13, 0xEE13, 0xEE13, 0xEE13, 0xEE13, 0xEE13, 0xEE13, 0xEE13, 0xEE13, 0xEE13, 0xEE13, 0xEE13, 
0xEE13, 0xEE13, 0xEE13, 0xEE13, 0xEE13, 0xEE13, 0xEE13, 0xEE13, 0xEE13, 0xEE13, 0xEE13, 0xEE13, 
0xEE13, 0xEE13, 0xEE13, 0xEE13, 0xEE13, 0xEE13, 0xEE13, 0xEE13, 0xEE13, 0xEE13, 0xEE13, 0xEE13, 
0xEE13, 0xEE13, 0xEE13, 0xEE13, 0xEE13, 0xEE13, 0xEE13, 0xEE13, 0xEE13, 0xEE13, 0xEE13, 0xEE13, 
0xEE13, 0xEE13, 0xEE13, 0xEE13, 0xEE13, 0xEE13, 0xEE13, 0xEE13, 0xEE13, 0xEE13, 0xEE13, 0xEE13, 
0xEE13, 0xEE13, 0xEE13, 0xEE13, 0xEE13, 0xEE13, 0xEE13, 0xEE13, 0xEE13, 0xEE13, 0xEE13, 0xEE13, 
0xEE13, 0xEE13, 0xEE13, 0xEE13, 0xEE13, 0xEE13, 0xEE13, 0xEE13, 0xEE13, 0xEE13, 0xEE13, 0xEE13, 
0xEE13, 0xEE13, 0xEE13, 0xEE13, 0xEE13, 0xEE13, 0xEE13, 0xEE13, 0xEE13, 0xEE13, 0xEE13, 0xEE13, 
0xEE13, 0xEE13, 0xEE13, 0xEE13, 0xEE13, 0xEE13, 0xEE13, 0xEE13, 0xEE13, 0xEE13, 0xEE13, 0xEE13, 
0xEE13, 0xEE13, 0xEE13, 0xEE13, 0xEE13, 0xEE13, 0xEE13, 0xEE13, 0xEE13, 0xEE13, 0xEE13, 0xEE13, 
0xEE13, 0xEE13, 0xEE13, 0xEE13, 0xEE13, 0xEE13, 0xEE13, 0xEE13, 0xEE13, 0xEE13, 0xEE13, 0xEE13, 
0xEE13, 0xEE13, 0xEE13, 0xEE13, 0xEE13, 0xEE13, 0xEE13, 0xEE13, 0xEE13, 0xEE13, 0xEE13, 0xEE13, 
0xEE13, 0xEE13, 0xEE13, 0xEE13, 0xEE13, 0xEE13, 0xEE13, 0xEE13, 0xEE13, 0xEE13, 0xEE13, 0xEE13, 
0xEE13, 0xEE13, 0xEE13, 0xEE13, 0xEE13, 0xEE13, 0xEE13, 0xEE13, 0xEE13, 0xEE13, 0xEE13, 0xEE13, 
0xEE13, 0xEE13, 0xEE13, 0xEE13, 0xEE13, 0xEE13, 0xEE13, 0xEE13, 0xEE13, 0xEE13, 0xEE13, 0xEE13, 
0xEE13, 0xEE13, 0xEE13, 0xEE13, 0xEE13, 0xEE13, 0xEE13, 0xEE13, 0xEE13, 0xEE13, 0xEE13, 0xEE13, 
0xEE13, 0xEE13, 0xEE13, 0xEE13, 0xEE13, 0xEE13, 0xEE13, 0xEE13, 0xEE13, 0xEE13, 0xEE13, 0xEE13, 
0xEE13, 0xEE13, 0xEE13, 0xEE13, 0xEE13, 0xEE13, 0xEE13, 0xEE13, 0xEE13, 0xEE13, 0xEE13, 0xEE13, 
0xEE13, 0xEE13, 0xEE13, 0xEE13, 0xEE13, 0xEE13, 0xEE13, 0xEE13, 0xEE13, 0xEE13, 0xEE13, 0xEE13, 
0xEE13, 0xEE13, 0xEE13, 0xEE13, 0xEE13, 0xEE13, 0xEE13, 0xEE13, 0xEE13, 0xEE13, 0xEE13, 0xEE13, 
0xEE13, 0xEE13, 0xEE13, 0xEE13, 0xEE13, 0xEE13, 0xEE13, 0xEE13, 0xEE13, 0xEE13, 0xEE13, 0xEE13, 
0xEE13, 0xEE13, 0xEE13, 0xEE13, 0xEE13, 0xEE13, 0xEE13, 0xEE13, 0xEE13, 0xEE13, 0xEE13, 0xEE13, 
0xEE13, 0xEE13, 0xEE13, 0xEE13, 0xEE13, 0xEE13, 0xEE13, 0xEE13, 0xEE13, 0xEE13, 0xEE13, 0xEE13, 
0xEE13, 0xEE13, 0xEE13, 0xEE13, 0xEE13, 0xEE13, 0xEE13, 0xEE13, 0xEE13, 0xEE13, 0xEE13, 0xEE13, 
0xEE13, 0xEE13, 0xEE13, 0xEE13, 0xEE13, 0xEE13, 0xEE13, 0xEE13, 0xEE13, 0xEE13, 0xEE13, 0xEE13, 
0xEE13, 0xEE13, 0xEE13, 0xEE13, 0xEE13, 0xEE13, 0xEE13, 0xEE13, 0xEE13, 0xEE13, 0xEE13, 0xEE13, 
0xEE13, 0xEE13, 0xEE13, 0xEE13, 0xEE13, 0xEE13, 0xEE13, 0xEE13, 0xEE13, 0xEE13, 0xEE13, 0xEE13, 
0xEE13, 0xEE13, 0xEE13, 0xEE13, 0xEE13, 0xEE13, 0xEE13, 0xEE13, 0xEE13, 0xEE13, 0xEE13, 0xEE13, 
0xEE13, 0xEE13, 0xEE13, 0xEE13, 0xEE13, 0xEE13, 0xEE13, 0xEE13, 0xEE13, 0xEE13, 0xEE13, 0xEE13, 
0xEE13, 0xEE13, 0xEE13, 0xEE13, 0xEE13, 0xEE13, 0xEE13, 0xEE13, 0xEE13, 0xEE13, 0xEE13, 0xEE13, 
0xEE13, 0xEE13, 0xEE13, 0xEE13, 0xEE13, 0xEE13, 0xEE13, 0xEE13, 0xEE13, 0xEE13, 0xEE13, 0xEE13, 
0xEE13, 0xEE13, 0xEE13, 0xEE13, 0xEE13, 0xEE13, 0xEE13, 0xEE13, 0xEE13, 0xEE13, 0xEE13, 0xEE13, 
0xEE13, 0xEE13, 0xEE13, 0xEE13, 0xEE13, 0xEE13, 0xEE13, 0xEE13, 0xEE13, 0xEE13, 0xEE13, 0xEE13, 
0xEE13, 0xEE13, 0xEE13, 0xEE13, 0xEE13, 0xEE13, 0xEE13, 0xEE13, 0xEE13, 0xEE13, 0xEE13, 0xEE13, 
0xEE13, 0xEE13, 0xEE13, 0xEE13, 0xEE13, 0xEE13, 0xEE13, 0xEE13, 0xEE13, 0xEE13, 0xEE13, 0xEE13, 
0xEE13, 0xEE13, 0xEE13, 0xEE13, 0xEE13, 0xEE13, 0xEE13, 0xEE13, 0xEE13, 0xEE13, 0xEE13, 0xEE13, 
0xEE13, 0xEE13, 0xEE13, 0xEE13, 0xEE13, 0xEE13, 0xEE13, 0xEE13, 0xEE13, 0xEE13, 0xEE13, 0xEE13, 
0xEE13, 0xEE13, 0xEE13, 0xEE13, 0xEE13, 0xEE13, 0xEE13, 0xEE13, 0xEE13, 0xEE13, 0xEE13, 0xEE13, 
0xEE13, 0xEE13, 0xEE13, 0xEE13, 0xEE13, 0xEE13, 0xEE13, 0xEE13, 0xEE13, 0xEE13, 0xEE13, 0xEE13, 
0xEE13, 0xEE13, 0xEE13, 0xEE13, 0xEE13, 0xEE13, 0xEE13, 0xEE13, 0xEE13, 0xEE13, 0xEE13, 0xEE13, 
0xEE13, 0xEE13, 0xEE13, 0xEE13, 0xEE13, 0xEE13, 0xEE13, 0xEE13, 0xEE13, 0xEE13, 0xEE13, 0xEE13, 
0xEE13, 0xEE13, 0xEE13, 0xEE13, 0xEE13, 0xEE13, 0xEE13, 0xEE13, 0xEE13, 0xEE13, 0xEE13, 0xEE13, 
0xEE13, 0xEE13, 0xEE13, 0xEE13, 0xEE13, 0xEE13, 0xEE13, 0xEE13, 0xEE13, 0xEE13, 0xEE13, 0xEE13, 
0xEE13, 0xEE13, 0xEE13, 0xEE13, 0xEE13, 0xEE13, 0xEE13, 0xEE13, 0xEE13, 0xEE13, 0xEE13, 0xEE13, 
0xEE13, 0xEE13, 0xEE13, 0xEE13, 0xEE13, 0xEE13, 0xEE13, 0xEE13, 0xEE13, 0xEE13, 0xEE13, 0xEE13, 
0xEE13, 0xEE13, 0xEE13, 0xEE13, 0xEE13, 0xEE13, 0xEE13, 0xEE13, 0xEE13, 0xEE13, 0xEE13, 0xEE13, 
0xEE13, 0xEE13, 0xEE13, 0xEE13, 0xEE13, 0xEE13, 0xEE13, 0xEE13, 0xEE13, 0xEE13, 0xEE13, 0xEE13, 
0xEE13, 0xEE13, 0xEE13, 0xEE13, 0xEE13, 0xEE13, 0xEE13, 0xEE13, 0xEE13, 0xEE13, 0xEE13, 0xEE13, 
0xEE13, 0xEE13, 0xEE13, 0xEE13, 0xEE13, 0xEE13, 0xEE13, 0xEE13, 0xEE13, 0xEE13, 0xEE13, 0xEE13, 
0xEE13, 0xEE13, 0xEE13, 0xEE13, 0xEE13, 0xEE13, 0xEE13, 0xEE13, 0xEE13, 0xEE13, 0xEE13, 0xEE13, 
0xEE13, 0xEE13, 0xEE13, 0xEE13, 0xEE13, 0xEE13, 0xEE13, 0xEE13, 0xEE13, 0xEE13, 0xEE13, 0xEE13, 
0xEE13, 0xEE13, 0xEE13, 0xEE13, 0xEE13, 0xEE13, 0xEE13, 0xEE13, 0xEE13, 0xEE13, 0xEE13, 0xEE13, 
0xEE13, 0xEE13, 0xEE13, 0xEE13, 0xEE13, 0xEE13, 0xEE13, 0xEE13, 0xEE13, 0xEE13, 0xEE13, 0xEE13, 
0xEE13, 0xEE13, 0xEE13, 0xEE13, 0xEE13, 0xEE13, 0xEE13, 0xEE13, 0xEE13, 0xEE13, 0xEE13, 0xEE13, 
0xEE13, 0xEE13, 0xEE13, 0xEE13, 0xEE13, 0xEE13, 0xEE13, 0xEE13, 0xEE13, 0xEE13, 0xEE13, 0xEE13, 
0xEE13, 0xEE13, 0xEE13, 0xEE13, 0xEE13, 0xEE13, 0xEE13, 0xEE13, 0xEE13, 0xEE13, 0xEE13, 0xEE13, 
0xEE13, 0xEE13, 0xEE13, 0xEE13, 0xEE13, 0xEE13, 0xEE13, 0xEE13, 0xEE13, 0xEE13, 0xEE13, 0xEE13, 
0xEE13, 0xEE13, 0xEE13, 0xEE13, 0xEE13, 0xEE13, 0xEE13, 0xEE13, 0xEE13, 0xEE13, 0xEE13, 0xEE13, 
0xEE13, 0xEE13, 0xEE13, 0xEE13, 0xEE13, 0xEE13, 0xEE13, 0xEE13, 0xEE13, 0xEE13, 0xEE13, 0xEE13, 
0xEE13, 0xEE13, 0xEE13, 0xEE13, 0xEE13, 0xEE13, 0xEE13, 0xEE13, 0xEE13, 0xEE13, 0xEE13, 0xEE13, 
0xEE13, 0xEE13, 0xEE13, 0xEE13, 0xEE13, 0xEE13, 0xEE13, 0xEE13, 0xEE13, 0xEE13, 0xEE13, 0xEE13, 
0xEE13, 0xEE13, 0xEE13, 0xEE13, 0xEE13, 0xEE13, 0xEE13, 0xEE13, 0xEE13, 0xEE13, 0xEE13, 0xEE13, 
0xEE13, 0xEE13, 0xEE13, 0xEE13, 0xEE13, 0xEE13, 0xEE13, 0xEE13, 0xEE13, 0xEE13, 0xEE13, 0xEE13, 
0xEE13, 0xEE13, 0xEE13, 0xEE13, 0xEE13, 0xEE13, 0xEE13, 0xEE13, 0xEE13, 0xEE13, 0xEE13, 0xEE13, 
0xEE13, 0xEE13, 0xEE13, 0xEE13, 0xEE13, 0xEE13, 0xEE13, 0xEE13, 0xEE13, 0xEE13, 0xEE13, 0xEE13, 
0xEE13, 0xEE13, 0xEE13, 0xEE13, 0xEE13, 0xEE13, 0xEE13, 0xEE13, 0xEE13, 0xEE13, 0xEE13, 0xEE13, 
0xEE13, 0xEE13, 0xEE13, 0xEE13, 0xEE13, 0xEE13, 0xEE13, 0xEE13, 0xEE13, 0xEE13, 0xEE13, 0xEE13, 
0xEE13, 0xEE13, 0xEE13, 0xEE13, 0xEE13, 0xEE13, 0xEE13, 0xEE13, 0xEE13, 0xEE13, 0xEE13, 0xEE13, 
0xEE13, 0xEE13, 0xEE13, 0xEE13, 0xEE13, 0xEE13, 0xEE13, 0xEE13, 0xEE13, 0xEE13, 0xEE13, 0xEE13, 
0xEE13, 0xEE13, 0xEE13, 0xEE13, 0xEE13, 0xEE13, 0xEE13, 0xEE13, 0xEE13, 0xEE13, 0xEE13, 0xEE13, 
0xEE13, 0xEE13, 0xEE13, 0xEE13, 0xEE13, 0xEE13, 0xEE13, 0xEE13, 0xEE13, 0xEE13, 0xEE13, 0xEE13, 
0xEE13, 0xEE13, 0xEE13, 0xEE13, 0xEE13, 0xEE13, 0xEE13, 0xEE13, 0xEE13, 0xEE13, 0xEE13, 0xEE13, 
0xEE13, 0xEE13, 0xEE13, 0xEE13, 0xEE13, 0xEE13, 0xEE13, 0xEE13, 0xEE13, 0xEE13, 0xEE13, 0xEE13, 
0xEE13, 0xEE13, 0xEE13, 0xEE13, 0xEE13, 0xEE13, 0xEE13, 0xEE13, 0xEE13, 0xEE13, 0xEE13, 0xEE13, 
0xEE13, 0xEE13, 0xEE13, 0xEE13, 0xEE13, 0xEE13, 0xEE13, 0xEE13, 0xEE13, 0xEE13, 0xEE13, 0xEE13, 
0xEE13, 0xEE13, 0xEE13, 0xEE13, 0xEE13, 0xEE13, 0xEE13, 0xEE13, 0xEE13, 0xEE13, 0xEE13, 0xEE13, 
0xEE13, 0xEE13, 0xEE13, 0xEE13, 0xEE13, 0xEE13, 0xEE13, 0xEE13, 0xEE13, 0xEE13, 0xEE13, 0xEE13, 
0xEE13, 0xEE13, 0xEE13, 0xEE13, 0xEE13, 0xEE13, 0xEE13, 0xEE13, 0xEE13, 0xEE13, 0xEE13, 0xEE13, 
0xEE13, 0xEE13, 0xEE13, 0xEE13, 0xEE13, 0xEE13, 0xEE13, 0xEE13, 0xEE13, 0xEE13, 0xEE13, 0xEE13, 
0xEE13, 0xEE13, 0xEE13, 0xEE13, 0xEE13, 0xEE13, 0xEE13, 0xEE13, 0xEE13, 0xEE13, 0xEE13, 0xEE13, 
0xEE13, 0xEE13, 0xEE13, 0xEE13, 0xEE13, 0xEE13, 0xEE13, 0xEE13, 0xEE13, 0xEE13, 0xEE13, 0xEE13, 
0xEE13, 0xEE13, 0xEE13, 0xEE13, 0xEE13, 0xEE13, 0xEE13, 0xEE13, 0xEE13, 0xEE13, 0xEE13, 0xEE13, 
0xEE13, 0xEE13, 0xEE13, 0xEE13, 0xEE13, 0xEE13, 0xEE13, 0xEE13, 0xEE13, 0xEE13, 0xEE13, 0xEE13, 
0xEE13, 0xEE13, 0xEE13, 0xEE13, 0xEE13, 0xEE13, 0xEE13, 0xEE13, 0xEE13, 0xEE13, 0xEE13, 0xEE13, 
0xEE13, 0xEE13, 0xEE13, 0xEE13, 0xEE13, 0xEE13, 0xEE13, 0xEE13, 0xEE13, 0xEE13, 0xEE13, 0xEE13, 
0xEE13, 0xEE13, 0xEE13, 0xEE13, 0xEE13, 0xEE13, 0xEE13, 0xEE13, 0xEE13, 0xEE13, 0xEE13, 0xEE13, 
0xEE13, 0xEE13, 0xEE13, 0xEE13, 0xEE13, 0xEE13, 0xEE13, 0xEE13, 0xEE13, 0xEE13, 0xEE13, 0xEE13, 
0xEE13, 0xEE13, 0xEE13, 0xEE13, 0xEE13, 0xEE13, 0xEE13, 0xEE13, 0xEE13, 0xEE13, 0xEE13, 0xEE13, 
0xEE13, 0xEE13, 0xEE13, 0xEE13, 0xEE13, 0xEE13, 0xEE13, 0xEE13, 0xEE13, 0xEE13, 0xEE13, 0xEE13, 
0xEE13, 0xEE13, 0xEE13, 0xEE13, 0xEE13, 0xEE13, 0xEE13, 0xEE13, 0xEE13, 0xEE13, 0xEE13, 0xEE13, 
0xEE13, 0xEE13, 0xEE13, 0xEE13, 0xEE13, 0xEE13, 0xEE13, 0xEE13, 0xEE13, 0xEE13, 0xEE13, 0xEE13, 
0xEE13, 0xEE13, 0xEE13, 0xEE13, 0xEE13, 0xEE13, 0xEE13, 0xEE13, 0xEE13, 0xEE13, 0xEE13, 0xEE13, 
0xEE13, 0xEE13, 0xEE13, 0xEE13, 0xEE13, 0xEE13, 0xEE13, 0xEE13, 0xEE13, 0xEE13, 0xEE13, 0xEE13, 
0xEE13, 0xEE13, 0xEE13, 0xEE13, 0xEE13, 0xEE13, 0xEE13, 0xEE13, 0xEE13, 0xEE13, 0xEE13, 0xEE13, 
0xEE13, 0xEE13, 0xEE13, 0xEE13, 0xEE13, 0xEE13, 0xEE13, 0xEE13, 0xEE13, 0xEE13, 0xEE13, 0xEE13, 
0xEE13, 0xEE13, 0xEE13, 0xEE13, 0xEE13, 0xEE13, 0xEE13, 0xEE13, 0xEE13, 0xEE13, 0xEE13, 0xEE13, 
0xEE13, 0xEE13, 0xEE13, 0xEE13, 0xEE13, 0xEE13, 0xEE13, 0xEE13, 0xEE13, 0xEE13, 0xEE13, 0xEE13, 
0xEE13, 0xEE13, 0xEE13, 0xEE13, 0xEE13, 0xEE13, 0xEE13, 0xEE13, 0xEE13, 0xEE13, 0xEE13, 0xEE13, 
0xEE13, 0xEE13, 0xEE13, 0xEE13, 0xEE13, 0xEE13, 0xEE13, 0xEE13, 0xEE13, 0xEE13, 0xEE13, 0xEE13, 
0xEE13, 0xEE13, 0xEE13, 0xEE13, 0xEE13, 0xEE13, 0xEE13, 0xEE13, 0xEE13, 0xEE13, 0xEE13, 0xEE13, 
0xEE13, 0xEE13, 0xEE13, 0xEE13, 0xEE13, 0xEE13, 0xEE13, 0xEE13, 0xEE13, 0xEE13, 0xEE13, 0xEE13, 
0xEE13, 0xEE13, 0xEE13, 0xEE13, 0xEE13, 0xEE13, 0xEE13, 0xEE13, 0xEE13, 0xEE13, 0xEE13, 0xEE13, 
0xEE13, 0xEE13, 0xEE13, 0xEE13, 0xEE13, 0xEE13, 0xEE13, 0xEE13, 0xEE13, 0xEE13, 0xEE13, 0xEE13, 
0xEE13, 0xEE13, 0xEE13, 0xEE13, 0xEE13, 0xEE13, 0xEE13, 0xEE13, 0xEE13, 0xEE13, 0xEE13, 0xEE13, 
0xEE13, 0xEE13, 0xEE13, 0xEE13, 0xEE13, 0xEE13, 0xEE13, 0xEE13, 0xEE13, 0xEE13, 0xEE13, 0xEE13, 
0xEE13, 0xEE13, 0xEE13, 0xEE13, 0xEE13, 0xEE13, 0xEE13, 0xEE13, 0xEE13, 0xEE13, 0xEE13, 0xEE13, 
0xEE13, 0xEE13, 0xEE13, 0xEE13, 0xEE13, 0xEE13, 0xEE13, 0xEE13, 0xEE13, 0xEE13, 0xEE13, 0xEE13, 
0xEE13, 0xEE13, 0xEE13, 0xEE13, 0xEE13, 0xEE13, 0xEE13, 0xEE13, 0xEE13, 0xEE13, 0xEE13, 0xEE13, 
0xEE13, 0xEE13, 0xEE13, 0xEE13, 0xEE13, 0xEE13, 0xEE13, 0xEE13, 0xEE13, 0xEE13, 0xEE13, 0xEE13, 
0xEE13, 0xEE13, 0xEE13, 0xEE13, 0xEE13, 0xEE13, 0xEE13, 0xEE13, 0xEE13, 0xEE13, 0xEE13, 0xEE13, 
0xEE13, 0xEE13, 0xEE13, 0xEE13, 0xEE13, 0xEE13, 0xEE13, 0xEE13, 0xEE13, 0xEE13, 0xEE13, 0xEE13, 
0xEE13, 0xEE13, 0xEE13, 0xEE13, 0xEE13, 0xEE13, 0xEE13, 0xEE13, 0xEE13, 0xEE13, 0xEE13, 0xEE13, 
0xEE13, 0xEE13, 0xEE13, 0xEE13, 0xEE13, 0xEE13, 0xEE13, 0xEE13, 0xEE13, 0xEE13, 0xEE13, 0xEE13, 
0xEE13, 0xEE13, 0xEE13, 0xEE13, 0xEE13, 0xEE13, 0xEE13, 0xEE13, 0xEE13, 0xEE13, 0xEE13, 0xEE13, 
0xEE13, 0xEE13, 0xEE13, 0xEE13, 0xEE13, 0xEE13, 0xEE13, 0xEE13, 0xEE13, 0xEE13, 0xEE13, 0xEE13, 
0xEE13, 0xEE13, 0xEE13, 0xEE13, 0xEE13, 0xEE13, 0xEE13, 0xEE13, 0xEE13, 0xEE13, 0xEE13, 0xEE13, 
0xEE13, 0xEE13, 0xEE13, 0xEE13, 0xEE13, 0xEE13, 0xEE13, 0xEE13, 0xEE13, 0xEE13, 0xEE13, 0xEE13, 
0xEE13, 0xEE13, 0xEE13, 0xEE13, 0xEE13, 0xEE13, 0xEE13, 0xEE13, 0xEE13, 0xEE13, 0xEE13, 0xEE13, 
0xEE13, 0xEE13, 0xEE13, 0xEE13, 0xEE13, 0xEE13, 0xEE13, 0xEE13, 0xEE13, 0xEE13, 0xEE13, 0xEE13, 
0xEE13, 0xEE13, 0xEE13, 0xEE13, 0xEE13, 0xEE13, 0xEE13, 0xEE13, 0xEE13, 0xEE13, 0xEE13, 0xEE13, 
0xEE13, 0xEE13, 0xEE13, 0xEE13, 0xEE13, 0xEE13, 0xEE13, 0xEE13, 0xEE13, 0xEE13, 0xEE13, 0xEE13, 
0xEE13, 0xEE13, 0xEE13, 0xEE13, 0xEE13, 0xEE13, 0xEE13, 0xEE13, 0xEE13, 0xEE13, 0xEE13, 0xEE13, 
0xEE13, 0xEE13, 0xEE13, 0xEE13, 0xEE13, 0xEE13, 0xEE13, 0xEE13, 0xEE13, 0xEE13, 0xEE13, 0xEE13, 
0xEE13, 0xEE13, 0xEE13, 0xEE13, 0xEE13, 0xEE13, 0xEE13, 0xEE13, 0xEE13, 0xEE13, 0xEE13, 0xEE13, 
0xEE13, 0xEE13, 0xEE13, 0xEE13, 0xEE13, 0xEE13, 0xEE13, 0xEE13, 0xEE13, 0xEE13, 0xEE13, 0xEE13, 
0xEE13, 0xEE13, 0xEE13, 0xEE13, 0xEE13, 0xEE13, 0xEE13, 0xEE13, 0xEE13, 0xEE13, 0xEE13, 0xEE13, 
0xEE13, 0xEE13, 0xEE13, 0xEE13, 0xEE13, 0xEE13, 0xEE13, 0xEE13, 0xEE13, 0xEE13, 0xEE13, 0xEE13, 
0xEE13, 0xEE13, 0xEE13, 0xEE13, 0xEE13, 0xEE13, 0xEE13, 0xEE13, 0xEE13, 0xEE13, 0xEE13, 0xEE13, 
0xEE13, 0xEE13, 0xEE13, 0xEE13, 0xEE13, 0xEE13, 0xEE13, 0xEE13, 0xEE13, 0xEE13, 0xEE13, 0xEE13, 
0xEE13, 0xEE13, 0xEE13, 0xEE13, 0xEE13, 0xEE13, 0xEE13, 0xEE13, 0xEE13, 0xEE13, 0xEE13, 0xEE13, 
0xEE13, 0xEE13, 0xEE13, 0xEE13, 0xEE13, 0xEE13, 0xEE13, 0xEE13, 0xEE13, 0xEE13, 0xEE13, 0xEE13, 
0xEE13, 0xEE13, 0xEE13, 0xEE13, 0xEE13, 0xEE13, 0xEE13, 0xEE13, 0xEE13, 0xEE13, 0xEE13, 0xEE13, 
0xEE13, 0xEE13, 0xEE13, 0xEE13, 0xEE13, 0xEE13, 0xEE13, 0xEE13, 0xEE13, 0xEE13, 0xEE13, 0xEE13, 
0xEE13, 0xEE13, 0xEE13, 0xEE13, 0xEE13, 0xEE13, 0xEE13, 0xEE13, 0xEE13, 0xEE13, 0xEE13, 0xEE13, 
0xEE13, 0xEE13, 0xEE13, 0xEE13, 0xEE13, 0xEE13, 0xEE13, 0xEE13, 0xEE13, 0xEE13, 0xEE13, 0xEE13, 
0xEE13, 0xEE13, 0xEE13, 0xEE13, 0xEE13, 0xEE13, 0xEE13, 0xEE13, 0xEE13, 0xEE13, 0xEE13, 0xEE13, 
0xEE13, 0xEE13, 0xEE13, 0xEE13, 0xEE13, 0xEE13, 0xEE13, 0xEE13, 0xEE13, 0xEE13, 0xEE13, 0xEE13, 
0xEE13, 0xEE13, 0xEE13, 0xEE13, 0xEE13, 0xEE13, 0xEE13, 0xEE13, 0xEE13, 0xEE13, 0xEE13, 0xEE13, 
0xEE13, 0xEE13, 0xEE13, 0xEE13, 0xEE13, 0xEE13, 0xEE13, 0xEE13, 0xEE13, 0xEE13, 0xEE13, 0xEE13, 
0xEE13, 0xEE13, 0xEE13, 0xEE13, 0xEE13, 0xEE13, 0xEE13, 0xEE13, 0xEE13, 0xEE13, 0xEE13, 0xEE13, 
0xEE13, 0xEE13, 0xEE13, 0xEE13, 0xEE13, 0xEE13, 0xEE13, 0xEE13, 0xEE13, 0xEE13, 0xEE13, 0xEE13, 
0xEE13, 0xEE13, 0xEE13, 0xEE13, 0xEE13, 0xEE13, 0xEE13, 0xEE13, 0xEE13, 0xEE13, 0xEE13, 0xEE13, 
0xEE13, 0xEE13, 0xEE13, 0xEE13, 0xEE13, 0xEE13, 0xEE13, 0xEE13, 0xEE13, 0xEE13, 0xEE13, 0xEE13, 
0xEE13, 0xEE13, 0xEE13, 0xEE13, 0xEE13, 0xEE13, 0xEE13, 0xEE13, 0xEE13, 0xEE13, 0xEE13, 0xEE13, 
0xEE13, 0xEE13, 0xEE13, 0xEE13, 0xEE13, 0xEE13, 0xEE13, 0xEE13, 0xEE13, 0xEE13, 0xEE13, 0xEE13, 
0xEE13, 0xEE13, 0xEE13, 0xEE13, 0xEE13, 0xEE13, 0xEE13, 0xEE13, 0xEE13, 0xEE13, 0xEE13, 0xEE13, 
0xEE13, 0xEE13, 0xEE13, 0xEE13, 0xEE13, 0xEE13, 0xEE13, 0xEE13, 0xEE13, 0xEE13, 0xEE13, 0xEE13, 
0xEE13, 0xEE13, 0xEE13, 0xEE13, 0xEE13, 0xEE13, 0xEE13, 0xEE13, 0xEE13, 0xEE13, 0xEE13, 0xEE13, 
0xEE13, 0xEE13, 0xEE13, 0xEE13, 0xEE13, 0xEE13, 0xEE13, 0xEE13, 0xEE13, 0xEE13, 0xEE13, 0xEE13, 
0xEE13, 0xEE13, 0xEE13, 0xEE13, 0xEE13, 0xEE13, 0xEE13, 0xEE13, 0xEE13, 0xEE13, 0xEE13, 0xEE13, 
0xEE13, 0xEE13, 0xEE13, 0xEE13, 0xEE13, 0xEE13, 0xEE13, 0xEE13, 0xEE13, 0xEE13, 0xEE13, 0xEE13, 
0xEE13, 0xEE13, 0xEE13, 0xEE13, 0xEE13, 0xEE13, 0xEE13, 0xEE13, 0xEE13, 0xEE13, 0xEE13, 0xEE13, 
0xEE13, 0xEE13, 0xEE13, 0xEE13, 0xEE13, 0xEE13, 0xEE13, 0xEE13, 0xEE13, 0xEE13, 0xEE13, 0xEE13, 
0xEE13, 0xEE13, 0xEE13, 0xEE13, 0xEE13, 0xEE13, 0xEE13, 0xEE13, 0xEE13, 0xEE13, 0xEE13, 0xEE13, 
0xEE13, 0xEE13, 0xEE13, 0xEE13, 0xEE13, 0xEE13, 0xEE13, 0xEE13, 0xEE13, 0xEE13, 0xEE13, 0xEE13, 
0xEE13, 0xEE13, 0xEE13, 0xEE13, 0xEE13, 0xEE13, 0xEE13, 0xEE13, 0xEE13, 0xEE13, 0xEE13, 0xEE13, 
0xEE13, 0xEE13, 0xEE13, 0xEE13, 0xEE13, 0xEE13, 0xEE13, 0xEE13, 0xEE13, 0xEE13, 0xEE13, 0xEE13, 
0xEE13, 0xEE13, 0xEE13, 0xEE13, 0xEE13, 0xEE13, 0xEE13, 0xEE13, 0xEE13, 0xEE13, 0xEE13, 0xEE13, 
0xEE13, 0xEE13, 0xEE13, 0xEE13, 0xEE13, 0xEE13, 0xEE13, 0xEE13, 0xEE13, 0xEE13, 0xEE13, 0xEE13, 
0xEE13, 0xEE13, 0xEE13, 0xEE13, 0xEE13, 0xEE13, 0xEE13, 0xEE13, 0xEE13, 0xEE13, 0xEE13, 0xEE13, 
0xEE13, 0xEE13, 0xEE13, 0xEE13, 0xEE13, 0xEE13, 0xEE13, 0xEE13, 0xEE13, 0xEE13, 0xEE13, 0xEE13, 
0xEE13, 0xEE13, 0xEE13, 0xEE13, 0xEE13, 0xEE13, 0xEE13, 0xEE13, 0xEE13, 0xEE13, 0xEE13, 0xEE13, 
0xEE13, 0xEE13, 0xEE13, 0xEE13, 0xEE13, 0xEE13, 0xEE13, 0xEE13, 0xEE13, 0xEE13, 0xEE13, 0xEE13, 
0xEE13, 0xEE13, 0xEE13, 0xEE13, 0xEE13, 0xEE13, 0xEE13, 0xEE13, 0xEE13, 0xEE13, 0xEE13, 0xEE13, 
0xEE13, 0xEE13, 0xEE13, 0xEE13, 0xEE13, 0xEE13, 0xEE13, 0xEE13, 0xEE13, 0xEE13, 0xEE13, 0xEE13, 
0xEE13, 0xEE13, 0xEE13, 0xEE13, 0xEE13, 0xEE13, 0xEE13, 0xEE13, 0xEE13, 0xEE13, 0xEE13, 0xEE13, 
0xEE13, 0xEE13, 0xEE13, 0xEE13, 0xEE13, 0xEE13, 0xEE13, 0xEE13, 0xEE13, 0xEE13, 0xEE13, 0xEE13, 
0xEE13, 0xEE13, 0xEE13, 0xEE13, 0xEE13, 0xEE13, 0xEE13, 0xEE13, 0xEE13, 0xEE13, 0xEE13, 0xEE13, 
0xEE13, 0xEE13, 0xEE13, 0xEE13, 0xEE13, 0xEE13, 0xEE13, 0xEE13, 0xEE13, 0xEE13, 0xEE13, 0xEE13, 
0xEE13, 0xEE13, 0xEE13, 0xEE13, 0xEE13, 0xEE13, 0xEE13, 0xEE13, 0xEE13, 0xEE13, 0xEE13, 0xEE13, 
0xEE13, 0xEE13, 0xEE13, 0xEE13, 0xEE13, 0xEE13, 0xEE13, 0xEE13, 0xEE13, 0xEE13, 0xEE13, 0xEE13, 
0xEE13, 0xEE13, 0xEE13, 0xEE13, 0xEE13, 0xEE13, 0xEE13, 0xEE13, 0xEE13, 0xEE13, 0xEE13, 0xEE13, 
0xEE13, 0xEE13, 0xEE13, 0xEE13, 0xEE13, 0xEE13, 0xEE13, 0xEE13, 0xEE13, 0xEE13, 0xEE13, 0xEE13, 
0xEE13, 0xEE13, 0xEE13, 0xEE13, 0xEE13, 0xEE13, 0xEE13, 0xEE13, 0xEE13, 0xEE13, 0xEE13, 0xEE13, 
0xEE13, 0xEE13, 0xEE13, 0xEE13, 0xEE13, 0xEE13, 0xEE13, 0xEE13, 0xEE13, 0xEE13, 0xEE13, 0xEE13, 
0xEE13, 0xEE13, 0xEE13, 0xEE13, 0xEE13, 0xEE13, 0xEE13, 0xEE13, 0xEE13, 0xEE13, 0xEE13, 0xEE13, 
0xEE13, 0xEE13, 0xEE13, 0xEE13, 0xEE13, 0xEE13, 0xEE13, 0xEE13, 0xEE13, 0xEE13, 0xEE13, 0xEE13, 
0xEE13, 0xEE13, 0xEE13, 0xEE13, 0xEE13, 0xEE13, 0xEE13, 0xEE13, 0xEE13, 0xEE13, 0xEE13, 0xEE13, 
0xEE13, 0xEE13, 0xEE13, 0xEE13, 0xEE13, 0xEE13, 0xEE13, 0xEE13, 0xEE13, 0xEE13, 0xEE13, 0xEE13, 
0xEE13, 0xEE13, 0xEE13, 0xEE13, 0xEE13, 0xEE13, 0xEE13, 0xEE13, 0x34AD, 0x34AD, 0x34AD, 0x34AD, 
0x34AD, 0x34AD, 0xEE13, 0xEE13, 0xEE13, 0xEE13, 0xEE13, 0xEE13, 0xEE13, 0xEE13, 0xEE13, 0xEE13, 
0xEE13, 0xEE13, 0xEE13, 0xEE13, 0xEE13, 0xEE13, 0xEE13, 0xEE13, 0xEE13, 0xEE13, 0xEE13, 0xEE13, 
0xEE13, 0xEE13, 0x34AD, 0x34AD, 0x34AD, 0x34AD, 0x34AD, 0x34AD, 0x34AD, 0x34AD, 0xEE13, 0xEE13, 
0xEE13, 0xEE13, 0xEE13, 0xEE13, 0xEE13, 0xEE13, 0xEE13, 0xEE13, 0xEE13, 0xEE13, 0xEE13, 0xEE13, 
0xEE13, 0xEE13, 0xEE13, 0xEE13, 0xEE13, 0xEE13, 0xEE13, 0xEE13, 0xEE13, 0xEE13, 0xEE13, 0xEE13, 
0xEE13, 0xEE13, 0xEE13, 0xEE13, 0xEE13, 0xEE13, 0xEE13, 0xEE13, 0xEE13, 0xEE13, 0xEE13, 0xEE13, 
0xEE13, 0xEE13, 0xEE13, 0xEE13, 0xEE13, 0xEE13, 0xEE13, 0xEE13, 0xEE13, 0xEE13, 0xEE13, 0xEE13, 
0xEE13, 0xEE13, 0xEE13, 0xEE13, 0xEE13, 0xEE13, 0xEE13, 0xEE13, 0xEE13, 0xEE13, 0xEE13, 0xEE13, 
0xEE13, 0xEE13, 0xEE13, 0xEE13, 0xEE13, 0xEE13, 0xEE13, 0xEE13, 0xEE13, 0xEE13, 0xEE13, 0xEE13, 
0xEE13, 0xEE13, 0xEE13, 0xEE13, 0xEE13, 0xEE13, 0xEE13, 0xEE13, 0xEE13, 0xEE13, 0xEE13, 0xEE13, 
0xEE13, 0xEE13, 0xEE13, 0xEE13, 0x34AD, 0x34AD, 0x34AD, 0x34AD, 0x34AD, 0x34AD, 0xEE13, 0xEE13, 
0xEE13, 0xEE13, 0xEE13, 0xEE13, 0xEE13, 0xEE13, 0xEE13, 0xEE13, 0xEE13, 0xEE13, 0xEE13, 0xEE13, 
0xEE13, 0xEE13, 0xEE13, 0xEE13, 0xEE13, 0xEE13, 0xEE13, 0xEE13, 0xEE13, 0xEE13, 0x34AD, 0x34AD, 
0x34AD, 0x34AD, 0x34AD, 0x34AD, 0x34AD, 0x34AD, 0xEE13, 0xEE13, 0xEE13, 0xEE13, 0xEE13, 0xEE13, 
0xEE13, 0xEE13, 0xEE13, 0xEE13, 0xEE13, 0xEE13, 0xEE13, 0xEE13, 0xEE13, 0xEE13, 0xEE13, 0xEE13, 
0xEE13, 0xEE13, 0xEE13, 0xEE13, 0xEE13, 0xEE13, 0xEE13, 0xEE13, 0xEE13, 0xEE13, 0xEE13, 0xEE13, 
0xEE13, 0xEE13, 0xEE13, 0xEE13, 0xEE13, 0xEE13, 0xEE13, 0xEE13, 0xEE13, 0xEE13, 0xEE13, 0xEE13, 
0xEE13, 0xEE13, 0xEE13, 0xEE13, 0xEE13, 0xEE13, 0xEE13, 0xEE13, 0xEE13, 0xEE13, 0xEE13, 0xEE13, 
0xEE13, 0xEE13, 0xEE13, 0xEE13, 0xEE13, 0xEE13, 0xEE13, 0xEE13, 0xEE13, 0xEE13, 0xEE13, 0xEE13, 
0xEE13, 0xEE13, 0xEE13, 0xEE13, 0xEE13, 0xEE13, 0xEE13, 0xEE13, 0xEE13, 0xEE13, 0xEE13, 0xEE13, 
0xEE13, 0xEE13, 0xEE13, 0xEE13, 0xEE13, 0xEE13, 0xEE13, 0xEE13, 0xEE13, 0xEE13, 0x34AD, 0x34AD, 
0x34AD, 0x34AD, 0x34AD, 0x34AD, 0x34AD, 0x34AD, 0x34AD, 0x34AD, 0xEE13, 0xEE13, 0xEE13, 0xEE13, 
0xEE13, 0xEE13, 0xEE13, 0xEE13, 0xEE13, 0xEE13, 0xEE13, 0xEE13, 0xEE13, 0xEE13, 0xEE13, 0xEE13, 
0xEE13, 0xEE13, 0xEE13, 0xEE13, 0x34AD, 0x34AD, 0x34AD, 0x34AD, 0x34AD, 0x34AD, 0x34AD, 0x34AD, 
0x34AD, 0x34AD, 0x34AD, 0x34AD, 0xEE13, 0xEE13, 0xEE13, 0xEE13, 0xEE13, 0xEE13, 0xEE13, 0xEE13, 
0xEE13, 0xEE13, 0xEE13, 0xEE13, 0xEE13, 0xEE13, 0xEE13, 0xEE13, 0xEE13, 0xEE13, 0xEE13, 0xEE13, 
0xEE13, 0xEE13, 0xEE13, 0xEE13, 0xEE13, 0xEE13, 0xEE13, 0xEE13, 0xEE13, 0xEE13, 0xEE13, 0xEE13, 
0xEE13, 0xEE13, 0xEE13, 0xEE13, 0xEE13, 0xEE13, 0xEE13, 0xEE13, 0xEE13, 0xEE13, 0xEE13, 0xEE13, 
0xEE13, 0xEE13, 0xEE13, 0xEE13, 0xEE13, 0xEE13, 0xEE13, 0xEE13, 0xEE13, 0xEE13, 0xEE13, 0xEE13, 
0xEE13, 0xEE13, 0xEE13, 0xEE13, 0xEE13, 0xEE13, 0xEE13, 0xEE13, 0xEE13, 0xEE13, 0xEE13, 0xEE13, 
0xEE13, 0xEE13, 0xEE13, 0xEE13, 0xEE13, 0xEE13, 0xEE13, 0xEE13, 0xEE13, 0xEE13, 0xEE13, 0xEE13, 
0xEE13, 0xEE13, 0xEE13, 0xEE13, 0xEE13, 0xEE13, 0x34AD, 0x34AD, 0x34AD, 0x34AD, 0x34AD, 0x34AD, 
0x34AD, 0x34AD, 0x34AD, 0x34AD, 0xEE13, 0xEE13, 0xEE13, 0xEE13, 0xEE13, 0xEE13, 0xEE13, 0xEE13, 
0xEE13, 0xEE13, 0xEE13, 0xEE13, 0xEE13, 0xEE13, 0xEE13, 0xEE13, 0xEE13, 0xEE13, 0xEE13, 0xEE13, 
0x34AD, 0x34AD, 0x34AD, 0x34AD, 0x34AD, 0x34AD, 0x34AD, 0x34AD, 0x34AD, 0x34AD, 0x34AD, 0x34AD, 
0xEE13, 0xEE13, 0xEE13, 0xEE13, 0xEE13, 0xEE13, 0xEE13, 0xEE13, 0xEE13, 0xEE13, 0xEE13, 0xEE13, 
0xEE13, 0xEE13, 0xEE13, 0xEE13, 0xEE13, 0xEE13, 0xEE13, 0xEE13, 0xEE13, 0xEE13, 0xEE13, 0xEE13, 
0xEE13, 0xEE13, 0xEE13, 0xEE13, 0xEE13, 0xEE13, 0xEE13, 0xEE13, 0xEE13, 0xEE13, 0xEE13, 0xEE13, 
0xEE13, 0xEE13, 0xEE13, 0xEE13, 0xEE13, 0xEE13, 0xEE13, 0xEE13, 0xEE13, 0xEE13, 0xEE13, 0xEE13, 
0xEE13, 0xEE13, 0xEE13, 0xEE13, 0xEE13, 0xEE13, 0xEE13, 0xEE13, 0xEE13, 0xEE13, 0xEE13, 0xEE13, 
0xEE13, 0xEE13, 0xEE13, 0xEE13, 0xEE13, 0xEE13, 0xEE13, 0xEE13, 0xEE13, 0xEE13, 0xEE13, 0xEE13, 
0xEE13, 0xEE13, 0xEE13, 0xEE13, 0xEE13, 0xEE13, 0xEE13, 0xEE13, 0xEE13, 0xEE13, 0xEE13, 0xEE13, 
0x34AD, 0x34AD, 0x34AD, 0x34AD, 0x31E7, 0x31E7, 0x31E7, 0x31E7, 0x31E7, 0x31E7, 0x34AD, 0x34AD, 
0x34AD, 0x34AD, 0xEE13, 0xEE13, 0xEE13, 0xEE13, 0xEE13, 0xEE13, 0xEE13, 0xEE13, 0xEE13, 0xEE13, 
0xEE13, 0xEE13, 0xEE13, 0xEE13, 0xEE13, 0xEE13, 0x34AD, 0x34AD, 0x34AD, 0x34AD, 0x34AD, 0x34AD, 
0x31E7, 0x31E7, 0x31E7, 0x31E7, 0x31E7, 0x31E7, 0x34AD, 0x34AD, 0x34AD, 0x34AD, 0xEE13, 0xEE13, 
0xEE13, 0xEE13, 0xEE13, 0xEE13, 0xEE13, 0xEE13, 0xEE13, 0xEE13, 0xEE13, 0xEE13, 0xEE13, 0xEE13, 
0xEE13, 0xEE13, 0xEE13, 0xEE13, 0xEE13, 0xEE13, 0xEE13, 0xEE13, 0xEE13, 0xEE13, 0xEE13, 0xEE13, 
0xEE13, 0xEE13, 0xEE13, 0xEE13, 0xEE13, 0xEE13, 0xEE13, 0xEE13, 0xEE13, 0xEE13, 0xEE13, 0xEE13, 
0xEE13, 0xEE13, 0xEE13, 0xEE13, 0xEE13, 0xEE13, 0xEE13, 0xEE13, 0xEE13, 0xEE13, 0xEE13, 0xEE13, 
0xEE13, 0xEE13, 0xEE13, 0xEE13, 0xEE13, 0xEE13, 0xEE13, 0xEE13, 0xEE13, 0xEE13, 0xEE13, 0xEE13, 
0xEE13, 0xEE13, 0xEE13, 0xEE13, 0xEE13, 0xEE13, 0xEE13, 0xEE13, 0xEE13, 0xEE13, 0xEE13, 0xEE13, 
0xEE13, 0xEE13, 0xEE13, 0xEE13, 0xEE13, 0xEE13, 0xEE13, 0xEE13, 0x34AD, 0x34AD, 0x34AD, 0x34AD, 
0x31E7, 0x31E7, 0x31E7, 0x31E7, 0x31E7, 0x31E7, 0x34AD, 0x34AD, 0x34AD, 0x34AD, 0xEE13, 0xEE13, 
0xEE13, 0xEE13, 0xEE13, 0xEE13, 0xEE13, 0xEE13, 0xEE13, 0xEE13, 0xEE13, 0xEE13, 0xEE13, 0xEE13, 
0xEE13, 0xEE13, 0x34AD, 0x34AD, 0x34AD, 0x34AD, 0x34AD, 0x34AD, 0x31E7, 0x31E7, 0x31E7, 0x31E7, 
0x31E7, 0x31E7, 0x34AD, 0x34AD, 0x34AD, 0x34AD, 0xEE13, 0xEE13, 0xEE13, 0xEE13, 0xEE13, 0xEE13, 
0xEE13, 0xEE13, 0xEE13, 0xEE13, 0xEE13, 0xEE13, 0xEE13, 0xEE13, 0xEE13, 0xEE13, 0xEE13, 0xEE13, 
0xEE13, 0xEE13, 0xEE13, 0xEE13, 0xEE13, 0xEE13, 0xEE13, 0xEE13, 0xEE13, 0xEE13, 0xEE13, 0xEE13, 
0xEE13, 0xEE13, 0xEE13, 0xEE13, 0xEE13, 0xEE13, 0xEE13, 0xEE13, 0xEE13, 0xEE13, 0xEE13, 0xEE13, 
0xEE13, 0xEE13, 0xEE13, 0xEE13, 0xEE13, 0xEE13, 0xEE13, 0xEE13, 0xEE13, 0xEE13, 0xEE13, 0xEE13, 
0xEE13, 0xEE13, 0xEE13, 0xEE13, 0xEE13, 0xEE13, 0xEE13, 0xEE13, 0xEE13, 0xEE13, 0xEE13, 0xEE13, 
0xEE13, 0xEE13, 0xEE13, 0xEE13, 0xEE13, 0xEE13, 0xEE13, 0xEE13, 0xEE13, 0xEE13, 0xEE13, 0xEE13, 
0xEE13, 0xEE13, 0xEE13, 0xEE13, 0x34AD, 0x34AD, 0x34AD, 0x34AD, 0x31E7, 0x31E7, 0x31E7, 0x31E7, 
0x31E7, 0x31E7, 0x34AD, 0x34AD, 0x34AD, 0x34AD, 0xEE13, 0xEE13, 0xEE13, 0xEE13, 0xEE13, 0xEE13, 
0xEE13, 0xEE13, 0xEE13, 0xEE13, 0xEE13, 0xEE13, 0xEE13, 0xEE13, 0xEE13, 0xEE13, 0x34AD, 0x34AD, 
0x34AD, 0x34AD, 0x34AD, 0x34AD, 0x31E7, 0x31E7, 0x31E7, 0x31E7, 0x31E7, 0x31E7, 0x34AD, 0x34AD, 
0x34AD, 0x34AD, 0xEE13, 0xEE13, 0xEE13, 0xEE13, 0xEE13, 0xEE13, 0xEE13, 0xEE13, 0xEE13, 0xEE13, 
0xEE13, 0xEE13, 0xEE13, 0xEE13, 0xEE13, 0xEE13, 0xEE13, 0xEE13, 0xEE13, 0xEE13, 0xEE13, 0xEE13, 
0xEE13, 0xEE13, 0xEE13, 0xEE13, 0xEE13, 0xEE13, 0xEE13, 0xEE13, 0xEE13, 0xEE13, 0xEE13, 0xEE13, 
0xEE13, 0xEE13, 0xEE13, 0xEE13, 0xEE13, 0xEE13, 0xEE13, 0xEE13, 0xEE13, 0xEE13, 0xEE13, 0xEE13, 
0xEE13, 0xEE13, 0xEE13, 0xEE13, 0xEE13, 0xEE13, 0xEE13, 0xEE13, 0xEE13, 0xEE13, 0xEE13, 0xEE13, 
0xEE13, 0xEE13, 0xEE13, 0xEE13, 0xEE13, 0xEE13, 0xEE13, 0xEE13, 0xEE13, 0xEE13, 0xEE13, 0xEE13, 
0xEE13, 0xEE13, 0xEE13, 0xEE13, 0xEE13, 0xEE13, 0xEE13, 0xEE13, 0xEE13, 0xEE13, 0xEE13, 0xEE13, 
0x34AD, 0x34AD, 0x34AD, 0x34AD, 0x31E7, 0x31E7, 0x31E7, 0x31E7, 0x31E7, 0x31E7, 0x34AD, 0x34AD, 
0x34AD, 0x34AD, 0xEE13, 0xEE13, 0xEE13, 0xEE13, 0xEE13, 0xEE13, 0xEE13, 0xEE13, 0xEE13, 0xEE13, 
0xEE13, 0xEE13, 0xEE13, 0xEE13, 0xEE13, 0xEE13, 0x34AD, 0x34AD, 0x34AD, 0x34AD, 0x34AD, 0x34AD, 
0x31E7, 0x31E7, 0x31E7, 0x31E7, 0x31E7, 0x31E7, 0x34AD, 0x34AD, 0x34AD, 0x34AD, 0xEE13, 0xEE13, 
0xEE13, 0xEE13, 0xEE13, 0xEE13, 0xEE13, 0xEE13, 0xEE13, 0xEE13, 0xEE13, 0xEE13, 0xEE13, 0xEE13, 
0xEE13, 0xEE13, 0xEE13, 0xEE13, 0xEE13, 0xEE13, 0xEE13, 0xEE13, 0xEE13, 0xEE13, 0xEE13, 0xEE13, 
0xEE13, 0xEE13, 0xEE13, 0xEE13, 0xEE13, 0xEE13, 0xEE13, 0xEE13, 0xEE13, 0xEE13, 0xEE13, 0xEE13, 
0xEE13, 0xEE13, 0xEE13, 0xEE13, 0xEE13, 0xEE13, 0xEE13, 0xEE13, 0xEE13, 0xEE13, 0xEE13, 0xEE13, 
0xEE13, 0xEE13, 0xEE13, 0xEE13, 0xEE13, 0xEE13, 0xEE13, 0xEE13, 0xEE13, 0xEE13, 0xEE13, 0xEE13, 
0xEE13, 0xEE13, 0xEE13, 0xEE13, 0xEE13, 0xEE13, 0xEE13, 0xEE13, 0xEE13, 0xEE13, 0xEE13, 0xEE13, 
0xEE13, 0xEE13, 0xEE13, 0xEE13, 0xEE13, 0xEE13, 0xEE13, 0xEE13, 0x34AD, 0x34AD, 0x34AD, 0x34AD, 
0x31E7, 0x31E7, 0x31E7, 0x31E7, 0x31E7, 0x31E7, 0x34AD, 0x34AD, 0x34AD, 0x34AD, 0x34AD, 0x34AD, 
0x34AD, 0x34AD, 0x34AD, 0x34AD, 0x34AD, 0x34AD, 0x34AD, 0x34AD, 0x34AD, 0x34AD, 0x34AD, 0x34AD, 
0x34AD, 0x34AD, 0x34AD, 0x34AD, 0x34AD, 0x34AD, 0x34AD, 0x34AD, 0x31E7, 0x31E7, 0x31E7, 0x31E7, 
0x31E7, 0x31E7, 0x34AD, 0x34AD, 0x34AD, 0x34AD, 0xEE13, 0xEE13, 0xEE13, 0xEE13, 0xEE13, 0xEE13, 
0xEE13, 0xEE13, 0xEE13, 0xEE13, 0xEE13, 0xEE13, 0xEE13, 0xEE13, 0xEE13, 0xEE13, 0xEE13, 0xEE13, 
0xEE13, 0xEE13, 0xEE13, 0xEE13, 0xEE13, 0xEE13, 0xEE13, 0xEE13, 0xEE13, 0xEE13, 0xEE13, 0xEE13, 
0xEE13, 0xEE13, 0xEE13, 0xEE13, 0xEE13, 0xEE13, 0xEE13, 0xEE13, 0xEE13, 0xEE13, 0xEE13, 0xEE13, 
0xEE13, 0xEE13, 0xEE13, 0xEE13, 0xEE13, 0xEE13, 0xEE13, 0xEE13, 0xEE13, 0xEE13, 0xEE13, 0xEE13, 
0xEE13, 0xEE13, 0xEE13, 0xEE13, 0xEE13, 0xEE13, 0xEE13, 0xEE13, 0xEE13, 0xEE13, 0xEE13, 0xEE13, 
0xEE13, 0xEE13, 0xEE13, 0xEE13, 0xEE13, 0xEE13, 0xEE13, 0xEE13, 0xEE13, 0xEE13, 0xEE13, 0xEE13, 
0xEE13, 0xEE13, 0xEE13, 0xEE13, 0x34AD, 0x34AD, 0x34AD, 0x34AD, 0x31E7, 0x31E7, 0x31E7, 0x31E7, 
0x31E7, 0x31E7, 0x34AD, 0x34AD, 0x34AD, 0x34AD, 0x34AD, 0x34AD, 0x34AD, 0x34AD, 0x34AD, 0x34AD, 
0x34AD, 0x34AD, 0x34AD, 0x34AD, 0x34AD, 0x34AD, 0x34AD, 0x34AD, 0x34AD, 0x34AD, 0x34AD, 0x34AD, 
0x34AD, 0x34AD, 0x34AD, 0x34AD, 0x31E7, 0x31E7, 0x31E7, 0x31E7, 0x31E7, 0x31E7, 0x34AD, 0x34AD, 
0x34AD, 0x34AD, 0xEE13, 0xEE13, 0xEE13, 0xEE13, 0xEE13, 0xEE13, 0xEE13, 0xEE13, 0xEE13, 0xEE13, 
0xEE13, 0xEE13, 0xEE13, 0xEE13, 0xEE13, 0xEE13, 0xEE13, 0xEE13, 0xEE13, 0xEE13, 0xEE13, 0xEE13, 
0xEE13, 0xEE13, 0xEE13, 0xEE13, 0xEE13, 0xEE13, 0xEE13, 0xEE13, 0xEE13, 0xEE13, 0xEE13, 0xEE13, 
0xEE13, 0xEE13, 0xEE13, 0xEE13, 0xEE13, 0xEE13, 0xEE13, 0xEE13, 0xEE13, 0xEE13, 0xEE13, 0xEE13, 
0xEE13, 0xEE13, 0xEE13, 0xEE13, 0xEE13, 0xEE13, 0xEE13, 0xEE13, 0xEE13, 0xEE13, 0xEE13, 0xEE13, 
0xEE13, 0xEE13, 0xEE13, 0xEE13, 0xEE13, 0xEE13, 0xEE13, 0xEE13, 0xEE13, 0xEE13, 0xEE13, 0xEE13, 
0xEE13, 0xEE13, 0xEE13, 0xEE13, 0xEE13, 0xEE13, 0xEE13, 0xEE13, 0xEE13, 0xEE13, 0xEE13, 0xEE13, 
0x34AD, 0x34AD, 0x34AD, 0x34AD, 0x34AD, 0x34AD, 0x34AD, 0x34AD, 0x34AD, 0x34AD, 0x34AD, 0x34AD, 
0x31E7, 0x31E7, 0x31E7, 0x31E7, 0x34AD, 0x34AD, 0x34AD, 0x34AD, 0x34AD, 0x34AD, 0x34AD, 0x34AD, 
0x34AD, 0x34AD, 0x34AD, 0x34AD, 0x34AD, 0x34AD, 0x34AD, 0x34AD, 0x34AD, 0x34AD, 0x34AD, 0x34AD, 
0x34AD, 0x34AD, 0x34AD, 0x34AD, 0x34AD, 0x34AD, 0x34AD, 0x34AD, 0x34AD, 0x34AD, 0xEE13, 0xEE13, 
0xEE13, 0xEE13, 0xEE13, 0xEE13, 0xEE13, 0xEE13, 0xEE13, 0xEE13, 0xEE13, 0xEE13, 0xEE13, 0xEE13, 
0xEE13, 0xEE13, 0xEE13, 0xEE13, 0xEE13, 0xEE13, 0xEE13, 0xEE13, 0xEE13, 0xEE13, 0xEE13, 0xEE13, 
0xEE13, 0xEE13, 0xEE13, 0xEE13, 0xEE13, 0xEE13, 0xEE13, 0xEE13, 0xEE13, 0xEE13, 0xEE13, 0xEE13, 
0xEE13, 0xEE13, 0xEE13, 0xEE13, 0xEE13, 0xEE13, 0xEE13, 0xEE13, 0xEE13, 0xEE13, 0xEE13, 0xEE13, 
0xEE13, 0xEE13, 0xEE13, 0xEE13, 0xEE13, 0xEE13, 0xEE13, 0xEE13, 0xEE13, 0xEE13, 0xEE13, 0xEE13, 
0xEE13, 0xEE13, 0xEE13, 0xEE13, 0xEE13, 0xEE13, 0xEE13, 0xEE13, 0xEE13, 0xEE13, 0xEE13, 0xEE13, 
0xEE13, 0xEE13, 0xEE13, 0xEE13, 0xEE13, 0xEE13, 0xEE13, 0xEE13, 0x34AD, 0x34AD, 0x34AD, 0x34AD, 
0x34AD, 0x34AD, 0x34AD, 0x34AD, 0x34AD, 0x34AD, 0x34AD, 0x34AD, 0x31E7, 0x31E7, 0x31E7, 0x31E7, 
0x34AD, 0x34AD, 0x34AD, 0x34AD, 0x34AD, 0x34AD, 0x34AD, 0x34AD, 0x34AD, 0x34AD, 0x34AD, 0x34AD, 
0x34AD, 0x34AD, 0x34AD, 0x34AD, 0x34AD, 0x34AD, 0x34AD, 0x34AD, 0x34AD, 0x34AD, 0x34AD, 0x34AD, 
0x34AD, 0x34AD, 0x34AD, 0x34AD, 0x34AD, 0x34AD, 0xEE13, 0xEE13, 0xEE13, 0xEE13, 0xEE13, 0xEE13, 
0xEE13, 0xEE13, 0xEE13, 0xEE13, 0xEE13, 0xEE13, 0xEE13, 0xEE13, 0xEE13, 0xEE13, 0xEE13, 0xEE13, 
0xEE13, 0xEE13, 0xEE13, 0xEE13, 0xEE13, 0xEE13, 0xEE13, 0xEE13, 0xEE13, 0xEE13, 0xEE13, 0xEE13, 
0xEE13, 0xEE13, 0xEE13, 0xEE13, 0xEE13, 0xEE13, 0xEE13, 0xEE13, 0xEE13, 0xEE13, 0xEE13, 0xEE13, 
0xEE13, 0xEE13, 0xEE13, 0xEE13, 0xEE13, 0xEE13, 0xEE13, 0xEE13, 0xEE13, 0xEE13, 0xEE13, 0xEE13, 
0xEE13, 0xEE13, 0xEE13, 0xEE13, 0xEE13, 0xEE13, 0xEE13, 0xEE13, 0xEE13, 0xEE13, 0xEE13, 0xEE13, 
0xEE13, 0xEE13, 0xEE13, 0xEE13, 0xEE13, 0xEE13, 0xEE13, 0xEE13, 0xEE13, 0xEE13, 0xEE13, 0xEE13, 
0xEE13, 0xEE13, 0x34AD, 0x34AD, 0x34AD, 0x34AD, 0x34AD, 0x34AD, 0x34AD, 0x34AD, 0x34AD, 0x34AD, 
0x34AD, 0x34AD, 0x34AD, 0x34AD, 0x34AD, 0x34AD, 0x34AD, 0x34AD, 0x31E7, 0x31E7, 0x34AD, 0x34AD, 
0x34AD, 0x34AD, 0x34AD, 0x34AD, 0x34AD, 0x34AD, 0x31E7, 0x31E7, 0x31E7, 0x31E7, 0x34AD, 0x34AD, 
0x34AD, 0x34AD, 0x34AD, 0x34AD, 0x34AD, 0x34AD, 0x34AD, 0x34AD, 0x34AD, 0x34AD, 0x34AD, 0x34AD, 
0x34AD, 0x34AD, 0x34AD, 0x34AD, 0xEE13, 0xEE13, 0xEE13, 0xEE13, 0xEE13, 0xEE13, 0xEE13, 0xEE13, 
0xEE13, 0xEE13, 0xEE13, 0xEE13, 0xEE13, 0xEE13, 0xEE13, 0xEE13, 0xEE13, 0xEE13, 0xEE13, 0xEE13, 
0xEE13, 0xEE13, 0xEE13, 0xEE13, 0xEE13, 0xEE13, 0xEE13, 0xEE13, 0xEE13, 0xEE13, 0xEE13, 0xEE13, 
0xEE13, 0xEE13, 0xEE13, 0xEE13, 0xEE13, 0xEE13, 0xEE13, 0xEE13, 0xEE13, 0xEE13, 0xEE13, 0xEE13, 
0xEE13, 0xEE13, 0xEE13, 0xEE13, 0xEE13, 0xEE13, 0xEE13, 0xEE13, 0xEE13, 0xEE13, 0xEE13, 0xEE13, 
0xEE13, 0xEE13, 0xEE13, 0xEE13, 0xEE13, 0xEE13, 0xEE13, 0xEE13, 0xEE13, 0xEE13, 0xEE13, 0xEE13, 
0xEE13, 0xEE13, 0xEE13, 0xEE13, 0xEE13, 0xEE13, 0xEE13, 0xEE13, 0xEE13, 0xEE13, 0x34AD, 0x34AD, 
0x34AD, 0x34AD, 0x34AD, 0x34AD, 0x34AD, 0x34AD, 0x34AD, 0x34AD, 0x34AD, 0x34AD, 0x34AD, 0x34AD, 
0x34AD, 0x34AD, 0x34AD, 0x34AD, 0x31E7, 0x31E7, 0x34AD, 0x34AD, 0x34AD, 0x34AD, 0x34AD, 0x34AD, 
0x34AD, 0x34AD, 0x31E7, 0x31E7, 0x31E7, 0x31E7, 0x34AD, 0x34AD, 0x34AD, 0x34AD, 0x34AD, 0x34AD, 
0x34AD, 0x34AD, 0x34AD, 0x34AD, 0x34AD, 0x34AD, 0x34AD, 0x34AD, 0x34AD, 0x34AD, 0x34AD, 0x34AD, 
0xEE13, 0xEE13, 0xEE13, 0xEE13, 0xEE13, 0xEE13, 0xEE13, 0xEE13, 0xEE13, 0xEE13, 0xEE13, 0xEE13, 
0xEE13, 0xEE13, 0xEE13, 0xEE13, 0xEE13, 0xEE13, 0xEE13, 0xEE13, 0xEE13, 0xEE13, 0xEE13, 0xEE13, 
0xEE13, 0xEE13, 0xEE13, 0xEE13, 0xEE13, 0xEE13, 0xEE13, 0xEE13, 0xEE13, 0xEE13, 0xEE13, 0xEE13, 
0xEE13, 0xEE13, 0xEE13, 0xEE13, 0xEE13, 0xEE13, 0xEE13, 0xEE13, 0xEE13, 0xEE13, 0xEE13, 0xEE13, 
0xEE13, 0xEE13, 0xEE13, 0xEE13, 0xEE13, 0xEE13, 0xEE13, 0xEE13, 0xEE13, 0xEE13, 0xEE13, 0xEE13, 
0xEE13, 0xEE13, 0xEE13, 0xEE13, 0xEE13, 0xEE13, 0xEE13, 0xEE13, 0xEE13, 0xEE13, 0xEE13, 0xEE13, 
0xEE13, 0xEE13, 0xEE13, 0xEE13, 0x34AD, 0x34AD, 0x34AD, 0x34AD, 0x34AD, 0x34AD, 0x34AD, 0x34AD, 
0x34AD, 0x34AD, 0x34AD, 0x34AD, 0x34AD, 0x34AD, 0x34AD, 0x34AD, 0x34AD, 0x34AD, 0x31E7, 0x31E7, 
0x31E7, 0x31E7, 0x31E7, 0x31E7, 0x31E7, 0x31E7, 0x31E7, 0x31E7, 0x31E7, 0x31E7, 0x31E7, 0x31E7, 
0x34AD, 0x34AD, 0x34AD, 0x34AD, 0x34AD, 0x34AD, 0x34AD, 0x34AD, 0x34AD, 0x34AD, 0x34AD, 0x34AD, 
0x34AD, 0x34AD, 0x34AD, 0x34AD, 0x34AD, 0x34AD, 0x34AD, 0x34AD, 0x34AD, 0x34AD, 0x34AD, 0x34AD, 
0xEE13, 0xEE13, 0xEE13, 0xEE13, 0xEE13, 0xEE13, 0xEE13, 0xEE13, 0xEE13, 0xEE13, 0xEE13, 0xEE13, 
0xEE13, 0xEE13, 0xEE13, 0xEE13, 0xEE13, 0xEE13, 0xEE13, 0xEE13, 0xEE13, 0xEE13, 0xEE13, 0xEE13, 
0xEE13, 0xEE13, 0xEE13, 0xEE13, 0xEE13, 0xEE13, 0xEE13, 0xEE13, 0xEE13, 0xEE13, 0xEE13, 0xEE13, 
0xEE13, 0xEE13, 0xEE13, 0xEE13, 0xEE13, 0xEE13, 0xEE13, 0xEE13, 0xEE13, 0xEE13, 0xEE13, 0xEE13, 
0xEE13, 0xEE13, 0xEE13, 0xEE13, 0xEE13, 0xEE13, 0xEE13, 0xEE13, 0xEE13, 0xEE13, 0xEE13, 0xEE13, 
0xEE13, 0xEE13, 0xEE13, 0xEE13, 0xEE13, 0xEE13, 0xEE13, 0xEE13, 0xEE13, 0xEE13, 0xEE13, 0xEE13, 
0x34AD, 0x34AD, 0x34AD, 0x34AD, 0x34AD, 0x34AD, 0x34AD, 0x34AD, 0x34AD, 0x34AD, 0x34AD, 0x34AD, 
0x34AD, 0x34AD, 0x34AD, 0x34AD, 0x34AD, 0x34AD, 0x31E7, 0x31E7, 0x31E7, 0x31E7, 0x31E7, 0x31E7, 
0x31E7, 0x31E7, 0x31E7, 0x31E7, 0x31E7, 0x31E7, 0x31E7, 0x31E7, 0x34AD, 0x34AD, 0x34AD, 0x34AD, 
0x34AD, 0x34AD, 0x34AD, 0x34AD, 0x34AD, 0x34AD, 0x34AD, 0x34AD, 0x34AD, 0x34AD, 0x34AD, 0x34AD, 
0x34AD, 0x34AD, 0x34AD, 0x34AD, 0x34AD, 0x34AD, 0x34AD, 0x34AD, 0xEE13, 0xEE13, 0xEE13, 0xEE13, 
0xEE13, 0xEE13, 0xEE13, 0xEE13, 0xEE13, 0xEE13, 0xEE13, 0xEE13, 0xEE13, 0xEE13, 0xEE13, 0xEE13, 
0xEE13, 0xEE13, 0xEE13, 0xEE13, 0xEE13, 0xEE13, 0xEE13, 0xEE13, 0xEE13, 0xEE13, 0xEE13, 0xEE13, 
0xEE13, 0xEE13, 0xEE13, 0xEE13, 0xEE13, 0xEE13, 0xEE13, 0xEE13, 0xEE13, 0xEE13, 0xEE13, 0xEE13, 
0xEE13, 0xEE13, 0xEE13, 0xEE13, 0xEE13, 0xEE13, 0xEE13, 0xEE13, 0xEE13, 0xEE13, 0xEE13, 0xEE13, 
0xEE13, 0xEE13, 0xEE13, 0xEE13, 0xEE13, 0xEE13, 0xEE13, 0xEE13, 0xEE13, 0xEE13, 0xEE13, 0xEE13, 
0xEE13, 0xEE13, 0xEE13, 0xEE13, 0xEE13, 0xEE13, 0xEE13, 0xEE13, 0x34AD, 0x34AD, 0x34AD, 0x34AD, 
0x34AD, 0x34AD, 0x34AD, 0x34AD, 0x34AD, 0x34AD, 0x34AD, 0x34AD, 0x34AD, 0x34AD, 0x31E7, 0x31E7, 
0x31E7, 0x31E7, 0x31E7, 0x31E7, 0x34AD, 0x34AD, 0x34AD, 0x34AD, 0x34AD, 0x34AD, 0x34AD, 0x34AD, 
0x34AD, 0x34AD, 0x34AD, 0x34AD, 0x34AD, 0x34AD, 0x34AD, 0x34AD, 0x34AD, 0x34AD, 0x34AD, 0x34AD, 
0x34AD, 0x34AD, 0x34AD, 0x34AD, 0x34AD, 0x34AD, 0x34AD, 0x34AD, 0x34AD, 0x34AD, 0x34AD, 0x34AD, 
0x34AD, 0x34AD, 0x34AD, 0x34AD, 0x34AD, 0x34AD, 0xEE13, 0xEE13, 0xEE13, 0xEE13, 0xEE13, 0xEE13, 
0xEE13, 0xEE13, 0xEE13, 0xEE13, 0xEE13, 0xEE13, 0xEE13, 0xEE13, 0xEE13, 0xEE13, 0xEE13, 0xEE13, 
0xEE13, 0xEE13, 0xEE13, 0xEE13, 0xEE13, 0xEE13, 0xEE13, 0xEE13, 0xEE13, 0xEE13, 0xEE13, 0xEE13, 
0xEE13, 0xEE13, 0xEE13, 0xEE13, 0xEE13, 0xEE13, 0xEE13, 0xEE13, 0xEE13, 0xEE13, 0xEE13, 0xEE13, 
0xEE13, 0xEE13, 0xEE13, 0xEE13, 0xEE13, 0xEE13, 0xEE13, 0xEE13, 0xEE13, 0xEE13, 0xEE13, 0xEE13, 
0xEE13, 0xEE13, 0xEE13, 0xEE13, 0xEE13, 0xEE13, 0xEE13, 0xEE13, 0xEE13, 0xEE13, 0xEE13, 0xEE13, 
0xEE13, 0xEE13, 0xEE13, 0xEE13, 0x34AD, 0x34AD, 0x34AD, 0x34AD, 0x34AD, 0x34AD, 0x34AD, 0x34AD, 
0x34AD, 0x34AD, 0x34AD, 0x34AD, 0x34AD, 0x34AD, 0x31E7, 0x31E7, 0x31E7, 0x31E7, 0x31E7, 0x31E7, 
0x34AD, 0x34AD, 0x34AD, 0x34AD, 0x34AD, 0x34AD, 0x34AD, 0x34AD, 0x34AD, 0x34AD, 0x34AD, 0x34AD, 
0x34AD, 0x34AD, 0x34AD, 0x34AD, 0x34AD, 0x34AD, 0x34AD, 0x34AD, 0x34AD, 0x34AD, 0x34AD, 0x34AD, 
0x34AD, 0x34AD, 0x34AD, 0x34AD, 0x34AD, 0x34AD, 0x34AD, 0x34AD, 0x34AD, 0x34AD, 0x34AD, 0x34AD, 
0x34AD, 0x34AD, 0xEE13, 0xEE13, 0xEE13, 0xEE13, 0xEE13, 0xEE13, 0xEE13, 0xEE13, 0xEE13, 0xEE13, 
0xEE13, 0xEE13, 0xEE13, 0xEE13, 0xEE13, 0xEE13, 0xEE13, 0xEE13, 0xEE13, 0xEE13, 0xEE13, 0xEE13, 
0xEE13, 0xEE13, 0xEE13, 0xEE13, 0xEE13, 0xEE13, 0xEE13, 0xEE13, 0xEE13, 0xEE13, 0xEE13, 0xEE13, 
0xEE13, 0xEE13, 0xEE13, 0xEE13, 0xEE13, 0xEE13, 0xEE13, 0xEE13, 0xEE13, 0xEE13, 0xEE13, 0xEE13, 
0xEE13, 0xEE13, 0xEE13, 0xEE13, 0xEE13, 0xEE13, 0xEE13, 0xEE13, 0xEE13, 0xEE13, 0xEE13, 0xEE13, 
0xEE13, 0xEE13, 0xEE13, 0xEE13, 0xEE13, 0xEE13, 0xEE13, 0xEE13, 0xEE13, 0xEE13, 0x34AD, 0x34AD, 
0x34AD, 0x34AD, 0x34AD, 0x34AD, 0x34AD, 0x34AD, 0x34AD, 0x34AD, 0x34AD, 0x34AD, 0x34AD, 0x34AD, 
0x34AD, 0x34AD, 0x34AD, 0x34AD, 0x34AD, 0x34AD, 0x34AD, 0x34AD, 0x34AD, 0x34AD, 0x34AD, 0x34AD, 
0x34AD, 0x34AD, 0x34AD, 0x34AD, 0x34AD, 0x34AD, 0x34AD, 0x34AD, 0x34AD, 0x34AD, 0x34AD, 0x34AD, 
0x34AD, 0x34AD, 0x34AD, 0x34AD, 0x34AD, 0x34AD, 0x34AD, 0x34AD, 0x34AD, 0x34AD, 0x34AD, 0x34AD, 
0x34AD, 0x34AD, 0x34AD, 0x34AD, 0x34AD, 0x34AD, 0x34AD, 0x34AD, 0x34AD, 0x34AD, 0xEE13, 0xEE13, 
0xEE13, 0xEE13, 0xEE13, 0xEE13, 0xEE13, 0xEE13, 0xEE13, 0xEE13, 0xEE13, 0xEE13, 0xEE13, 0xEE13, 
0xEE13, 0xEE13, 0xEE13, 0xEE13, 0xEE13, 0xEE13, 0xEE13, 0xEE13, 0xEE13, 0xEE13, 0xEE13, 0xEE13, 
0xEE13, 0xEE13, 0xEE13, 0xEE13, 0xEE13, 0xEE13, 0xEE13, 0xEE13, 0xEE13, 0xEE13, 0xEE13, 0xEE13, 
0xEE13, 0xEE13, 0xEE13, 0xEE13, 0xEE13, 0xEE13, 0xEE13, 0xEE13, 0xEE13, 0xEE13, 0xEE13, 0xEE13, 
0xEE13, 0xEE13, 0xEE13, 0xEE13, 0xEE13, 0xEE13, 0xEE13, 0xEE13, 0xEE13, 0xEE13, 0xEE13, 0xEE13, 
0xEE13, 0xEE13, 0xEE13, 0xEE13, 0xEE13, 0xEE13, 0x34AD, 0x34AD, 0x34AD, 0x34AD, 0x34AD, 0x34AD, 
0x34AD, 0x34AD, 0x34AD, 0x34AD, 0x34AD, 0x34AD, 0x34AD, 0x34AD, 0x34AD, 0x34AD, 0x34AD, 0x34AD, 
0x34AD, 0x34AD, 0x34AD, 0x34AD, 0x34AD, 0x34AD, 0x34AD, 0x34AD, 0x34AD, 0x34AD, 0x34AD, 0x34AD, 
0x34AD, 0x34AD, 0x34AD, 0x34AD, 0x34AD, 0x34AD, 0x34AD, 0x34AD, 0x34AD, 0x34AD, 0x34AD, 0x34AD, 
0x34AD, 0x34AD, 0x34AD, 0x34AD, 0x34AD, 0x34AD, 0x34AD, 0x34AD, 0x34AD, 0x34AD, 0x34AD, 0x34AD, 
0x34AD, 0x34AD, 0x34AD, 0x34AD, 0x34AD, 0x34AD, 0xEE13, 0xEE13, 0xEE13, 0xEE13, 0xEE13, 0xEE13, 
0xEE13, 0xEE13, 0xEE13, 0xEE13, 0xEE13, 0xEE13, 0xEE13, 0xEE13, 0xEE13, 0xEE13, 0xEE13, 0xEE13, 
0xEE13, 0xEE13, 0xEE13, 0xEE13, 0xEE13, 0xEE13, 0xEE13, 0xEE13, 0xEE13, 0xEE13, 0xEE13, 0xEE13, 
0xEE13, 0xEE13, 0xEE13, 0xEE13, 0xEE13, 0xEE13, 0xEE13, 0xEE13, 0xEE13, 0xEE13, 0xEE13, 0xEE13, 
0xEE13, 0xEE13, 0xEE13, 0xEE13, 0xEE13, 0xEE13, 0xEE13, 0xEE13, 0xEE13, 0xEE13, 0xEE13, 0xEE13, 
0xEE13, 0xEE13, 0xEE13, 0xEE13, 0xEE13, 0xEE13, 0xEE13, 0xEE13, 0xEE13, 0xEE13, 0xEE13, 0xEE13, 
0xEE13, 0xEE13, 0x34AD, 0x34AD, 0x34AD, 0x34AD, 0x34AD, 0x34AD, 0x34AD, 0x34AD, 0x34AD, 0x34AD, 
0x34AD, 0x34AD, 0x34AD, 0x34AD, 0x34AD, 0x34AD, 0x34AD, 0x34AD, 0x34AD, 0x34AD, 0x34AD, 0x34AD, 
0x34AD, 0x34AD, 0x34AD, 0x34AD, 0xFFFF, 0xFFFF, 0xFFFF, 0xFFFF, 0x34AD, 0x34AD, 0x34AD, 0x34AD, 
0x34AD, 0x34AD, 0x34AD, 0x34AD, 0x34AD, 0x34AD, 0x34AD, 0x34AD, 0x34AD, 0x34AD, 0x34AD, 0x34AD, 
0x34AD, 0x34AD, 0x34AD, 0x34AD, 0x34AD, 0x34AD, 0x34AD, 0x34AD, 0x34AD, 0x34AD, 0x34AD, 0x34AD, 
0x34AD, 0x34AD, 0x34AD, 0x34AD, 0xEE13, 0xEE13, 0xEE13, 0xEE13, 0xEE13, 0xEE13, 0xEE13, 0xEE13, 
0xEE13, 0xEE13, 0xEE13, 0xEE13, 0xEE13, 0xEE13, 0xEE13, 0xEE13, 0xEE13, 0xEE13, 0xEE13, 0xEE13, 
0xEE13, 0xEE13, 0xEE13, 0xEE13, 0xEE13, 0xEE13, 0xEE13, 0xEE13, 0xEE13, 0xEE13, 0xEE13, 0xEE13, 
0xEE13, 0xEE13, 0xEE13, 0xEE13, 0xEE13, 0xEE13, 0xEE13, 0xEE13, 0xEE13, 0xEE13, 0xEE13, 0xEE13, 
0xEE13, 0xEE13, 0xEE13, 0xEE13, 0xEE13, 0xEE13, 0xEE13, 0xEE13, 0xEE13, 0xEE13, 0xEE13, 0xEE13, 
0xEE13, 0xEE13, 0xEE13, 0xEE13, 0xEE13, 0xEE13, 0xEE13, 0xEE13, 0xEE13, 0xEE13, 0x34AD, 0x34AD, 
0x34AD, 0x34AD, 0x34AD, 0x34AD, 0x34AD, 0x34AD, 0x34AD, 0x34AD, 0x34AD, 0x34AD, 0x34AD, 0x34AD, 
0x34AD, 0x34AD, 0x34AD, 0x34AD, 0x34AD, 0x34AD, 0x34AD, 0x34AD, 0x34AD, 0x34AD, 0x34AD, 0x34AD, 
0xFFFF, 0xFFFF, 0xFFFF, 0xFFFF, 0x34AD, 0x34AD, 0x34AD, 0x34AD, 0x34AD, 0x34AD, 0x34AD, 0x34AD, 
0x34AD, 0x34AD, 0x34AD, 0x34AD, 0x34AD, 0x34AD, 0x34AD, 0x34AD, 0x34AD, 0x34AD, 0x34AD, 0x34AD, 
0x34AD, 0x34AD, 0x34AD, 0x34AD, 0x34AD, 0x34AD, 0x34AD, 0x34AD, 0x34AD, 0x34AD, 0x34AD, 0x34AD, 
0xEE13, 0xEE13, 0xEE13, 0xEE13, 0xEE13, 0xEE13, 0xEE13, 0xEE13, 0xEE13, 0xEE13, 0xEE13, 0xEE13, 
0xEE13, 0xEE13, 0xEE13, 0xEE13, 0xEE13, 0xEE13, 0xEE13, 0xEE13, 0xEE13, 0xEE13, 0xEE13, 0xEE13, 
0xEE13, 0xEE13, 0xEE13, 0xEE13, 0xEE13, 0xEE13, 0xEE13, 0xEE13, 0xEE13, 0xEE13, 0xEE13, 0xEE13, 
0xEE13, 0xEE13, 0xEE13, 0xEE13, 0xEE13, 0xEE13, 0xEE13, 0xEE13, 0xEE13, 0xEE13, 0xEE13, 0xEE13, 
0xEE13, 0xEE13, 0xEE13, 0xEE13, 0xEE13, 0xEE13, 0xEE13, 0xEE13, 0xEE13, 0xEE13, 0xEE13, 0xEE13, 
0xEE13, 0xEE13, 0xEE13, 0xEE13, 0xEE13, 0xEE13, 0x34AD, 0x34AD, 0x34AD, 0x34AD, 0x34AD, 0x34AD, 
0x34AD, 0x34AD, 0x34AD, 0x34AD, 0x34AD, 0x34AD, 0x34AD, 0x34AD, 0x31E7, 0x31E7, 0x31E7, 0x31E7, 
0x31E7, 0x31E7, 0x31E7, 0x31E7, 0x34AD, 0x34AD, 0xFFFF, 0xFFFF, 0xFFFF, 0xFFFF, 0xFFFF, 0xFFFF, 
0xFFFF, 0xFFFF, 0x34AD, 0x34AD, 0x34AD, 0x34AD, 0x34AD, 0x34AD, 0x34AD, 0x34AD, 0x31E7, 0x31E7, 
0x31E7, 0x31E7, 0x31E7, 0x31E7, 0x31E7, 0x31E7, 0x31E7, 0x31E7, 0x34AD, 0x34AD, 0x34AD, 0x34AD, 
0x34AD, 0x34AD, 0x34AD, 0x34AD, 0x34AD, 0x34AD, 0x34AD, 0x34AD, 0xEE13, 0xEE13, 0xEE13, 0xEE13, 
0xEE13, 0xEE13, 0xEE13, 0xEE13, 0xEE13, 0xEE13, 0xEE13, 0xEE13, 0xEE13, 0xEE13, 0xEE13, 0xEE13, 
0xEE13, 0xEE13, 0xEE13, 0xEE13, 0xEE13, 0xEE13, 0xEE13, 0xEE13, 0xEE13, 0xEE13, 0xEE13, 0xEE13, 
0xEE13, 0xEE13, 0xEE13, 0xEE13, 0xEE13, 0xEE13, 0xEE13, 0xEE13, 0xEE13, 0xEE13, 0xEE13, 0xEE13, 
0xEE13, 0xEE13, 0xEE13, 0xEE13, 0xEE13, 0xEE13, 0xEE13, 0xEE13, 0xEE13, 0xEE13, 0xEE13, 0xEE13, 
0xEE13, 0xEE13, 0xEE13, 0xEE13, 0xEE13, 0xEE13, 0xEE13, 0xEE13, 0xEE13, 0xEE13, 0xEE13, 0xEE13, 
0xEE13, 0xEE13, 0x34AD, 0x34AD, 0x34AD, 0x34AD, 0x34AD, 0x34AD, 0x34AD, 0x34AD, 0x34AD, 0x34AD, 
0x34AD, 0x34AD, 0x34AD, 0x34AD, 0x31E7, 0x31E7, 0x31E7, 0x31E7, 0x31E7, 0x31E7, 0x31E7, 0x31E7, 
0x34AD, 0x34AD, 0xFFFF, 0xFFFF, 0xFFFF, 0xFFFF, 0xFFFF, 0xFFFF, 0xFFFF, 0xFFFF, 0x34AD, 0x34AD, 
0x34AD, 0x34AD, 0x34AD, 0x34AD, 0x34AD, 0x34AD, 0x31E7, 0x31E7, 0x31E7, 0x31E7, 0x31E7, 0x31E7, 
0x31E7, 0x31E7, 0x31E7, 0x31E7, 0x34AD, 0x34AD, 0x34AD, 0x34AD, 0x34AD, 0x34AD, 0x34AD, 0x34AD, 
0x34AD, 0x34AD, 0x34AD, 0x34AD, 0xEE13, 0xEE13, 0xEE13, 0xEE13, 0xEE13, 0xEE13, 0xEE13, 0xEE13, 
0xEE13, 0xEE13, 0xEE13, 0xEE13, 0xEE13, 0xEE13, 0xEE13, 0xEE13, 0xEE13, 0xEE13, 0xEE13, 0xEE13, 
0xEE13, 0xEE13, 0xEE13, 0xEE13, 0xEE13, 0xEE13, 0xEE13, 0xEE13, 0xEE13, 0xEE13, 0xEE13, 0xEE13, 
0xEE13, 0xEE13, 0xEE13, 0xEE13, 0xEE13, 0xEE13, 0xEE13, 0xEE13, 0xEE13, 0xEE13, 0xEE13, 0xEE13, 
0xEE13, 0xEE13, 0xEE13, 0xEE13, 0xEE13, 0xEE13, 0xEE13, 0xEE13, 0xEE13, 0xEE13, 0xEE13, 0xEE13, 
0xEE13, 0xEE13, 0xEE13, 0xEE13, 0xEE13, 0xEE13, 0xEE13, 0xEE13, 0xEE13, 0xEE13, 0x34AD, 0x34AD, 
0x34AD, 0x34AD, 0x34AD, 0x34AD, 0x34AD, 0x34AD, 0x31E7, 0x31E7, 0x31E7, 0x31E7, 0x31E7, 0x31E7, 
0x34AD, 0x34AD, 0x34AD, 0x34AD, 0x34AD, 0x34AD, 0x34AD, 0x34AD, 0x31E7, 0x31E7, 0xFFFF, 0xFFFF, 
0xFFFF, 0xFFFF, 0xFFFF, 0xFFFF, 0xFFFF, 0xFFFF, 0xFFFF, 0xFFFF, 0x34AD, 0x34AD, 0x34AD, 0x34AD, 
0x31E7, 0x31E7, 0x31E7, 0x31E7, 0x34AD, 0x34AD, 0x34AD, 0x34AD, 0x34AD, 0x34AD, 0x34AD, 0x34AD, 
0x34AD, 0x34AD, 0x34AD, 0x34AD, 0x34AD, 0x34AD, 0x34AD, 0x34AD, 0x34AD, 0x34AD, 0x34AD, 0x34AD, 
0xEE13, 0xEE13, 0xEE13, 0xEE13, 0xEE13, 0xEE13, 0xEE13, 0xEE13, 0xEE13, 0xEE13, 0xEE13, 0xEE13, 
0xEE13, 0xEE13, 0xEE13, 0xEE13, 0xEE13, 0xEE13, 0xEE13, 0xEE13, 0xEE13, 0xEE13, 0xEE13, 0xEE13, 
0xEE13, 0xEE13, 0xEE13, 0xEE13, 0xEE13, 0xEE13, 0xEE13, 0xEE13, 0xEE13, 0xEE13, 0xEE13, 0xEE13, 
0xEE13, 0xEE13, 0xEE13, 0xEE13, 0xEE13, 0xEE13, 0xEE13, 0xEE13, 0xEE13, 0xEE13, 0xEE13, 0xEE13, 
0xEE13, 0xEE13, 0xEE13, 0xEE13, 0xEE13, 0xEE13, 0xEE13, 0xEE13, 0xEE13, 0xEE13, 0xEE13, 0xEE13, 
0xEE13, 0xEE13, 0xEE13, 0xEE13, 0xEE13, 0xEE13, 0x34AD, 0x34AD, 0x34AD, 0x34AD, 0x34AD, 0x34AD, 
0x34AD, 0x34AD, 0x31E7, 0x31E7, 0x31E7, 0x31E7, 0x31E7, 0x31E7, 0x34AD, 0x34AD, 0x34AD, 0x34AD, 
0x34AD, 0x34AD, 0x34AD, 0x34AD, 0x31E7, 0x31E7, 0xFFFF, 0xFFFF, 0xFFFF, 0xFFFF, 0xFFFF, 0xFFFF, 
0xFFFF, 0xFFFF, 0xFFFF, 0xFFFF, 0x34AD, 0x34AD, 0x34AD, 0x34AD, 0x31E7, 0x31E7, 0x31E7, 0x31E7, 
0x34AD, 0x34AD, 0x34AD, 0x34AD, 0x34AD, 0x34AD, 0x34AD, 0x34AD, 0x34AD, 0x34AD, 0x34AD, 0x34AD, 
0x34AD, 0x34AD, 0x34AD, 0x34AD, 0x34AD, 0x34AD, 0x34AD, 0x34AD, 0xEE13, 0xEE13, 0xEE13, 0xEE13, 
0xEE13, 0xEE13, 0xEE13, 0xEE13, 0xEE13, 0xEE13, 0xEE13, 0xEE13, 0xEE13, 0xEE13, 0xEE13, 0xEE13, 
0xEE13, 0xEE13, 0xEE13, 0xEE13, 0xEE13, 0xEE13, 0xEE13, 0xEE13, 0xEE13, 0xEE13, 0xEE13, 0xEE13, 
0xEE13, 0xEE13, 0xEE13, 0xEE13, 0xEE13, 0xEE13, 0xEE13, 0xEE13, 0xEE13, 0xEE13, 0xEE13, 0xEE13, 
0xEE13, 0xEE13, 0xEE13, 0xEE13, 0xEE13, 0xEE13, 0xEE13, 0xEE13, 0xEE13, 0xEE13, 0xEE13, 0xEE13, 
0xEE13, 0xEE13, 0xEE13, 0xEE13, 0xEE13, 0xEE13, 0xEE13, 0xEE13, 0xEE13, 0xEE13, 0xEE13, 0xEE13, 
0x34AD, 0x34AD, 0x34AD, 0x34AD, 0x34AD, 0x34AD, 0x34AD, 0x34AD, 0x31E7, 0x31E7, 0x31E7, 0x31E7, 
0x34AD, 0x34AD, 0x34AD, 0x34AD, 0x34AD, 0x34AD, 0x34AD, 0x34AD, 0x34AD, 0x34AD, 0x34AD, 0x34AD, 
0x31E7, 0x31E7, 0x0000, 0x0000, 0x0000, 0x0000, 0x0000, 0x0000, 0x0000, 0x0000, 0xFFFF, 0xFFFF, 
0xFFFF, 0xFFFF, 0x31E7, 0x31E7, 0x31E7, 0x31E7, 0x34AD, 0x34AD, 0x34AD, 0x34AD, 0x34AD, 0x34AD, 
0x34AD, 0x34AD, 0x34AD, 0x34AD, 0x34AD, 0x34AD, 0x34AD, 0x34AD, 0x34AD, 0x34AD, 0x34AD, 0x34AD, 
0x34AD, 0x34AD, 0x34AD, 0x34AD, 0x34AD, 0x34AD, 0xEE13, 0xEE13, 0xEE13, 0xEE13, 0xEE13, 0xEE13, 
0xEE13, 0xEE13, 0xEE13, 0xEE13, 0xEE13, 0xEE13, 0xEE13, 0xEE13, 0xEE13, 0xEE13, 0xEE13, 0xEE13, 
0xEE13, 0xEE13, 0xEE13, 0xEE13, 0xEE13, 0xEE13, 0xEE13, 0xEE13, 0xEE13, 0xEE13, 0xEE13, 0xEE13, 
0xEE13, 0xEE13, 0xEE13, 0xEE13, 0xEE13, 0xEE13, 0xEE13, 0xEE13, 0xEE13, 0xEE13, 0xEE13, 0xEE13, 
0xEE13, 0xEE13, 0xEE13, 0xEE13, 0xEE13, 0xEE13, 0xEE13, 0xEE13, 0xEE13, 0xEE13, 0xEE13, 0xEE13, 
0xEE13, 0xEE13, 0xEE13, 0xEE13, 0xEE13, 0xEE13, 0xEE13, 0xEE13, 0x34AD, 0x34AD, 0x34AD, 0x34AD, 
0x34AD, 0x34AD, 0x34AD, 0x34AD, 0x31E7, 0x31E7, 0x31E7, 0x31E7, 0x34AD, 0x34AD, 0x34AD, 0x34AD, 
0x34AD, 0x34AD, 0x34AD, 0x34AD, 0x34AD, 0x34AD, 0x34AD, 0x34AD, 0x31E7, 0x31E7, 0x0000, 0x0000, 
0x0000, 0x0000, 0x0000, 0x0000, 0x0000, 0x0000, 0xFFFF, 0xFFFF, 0xFFFF, 0xFFFF, 0x31E7, 0x31E7, 
0x31E7, 0x31E7, 0x34AD, 0x34AD, 0x34AD, 0x34AD, 0x34AD, 0x34AD, 0x34AD, 0x34AD, 0x34AD, 0x34AD, 
0x34AD, 0x34AD, 0x34AD, 0x34AD, 0x34AD, 0x34AD, 0x34AD, 0x34AD, 0x34AD, 0x34AD, 0x34AD, 0x34AD, 
0x34AD, 0x34AD, 0xEE13, 0xEE13, 0xEE13, 0xEE13, 0xEE13, 0xEE13, 0xEE13, 0xEE13, 0xEE13, 0xEE13, 
0xEE13, 0xEE13, 0xEE13, 0xEE13, 0xEE13, 0xEE13, 0xEE13, 0xEE13, 0xEE13, 0xEE13, 0xEE13, 0xEE13, 
0xEE13, 0xEE13, 0xEE13, 0xEE13, 0xEE13, 0xEE13, 0xEE13, 0xEE13, 0xEE13, 0xEE13, 0xEE13, 0xEE13, 
0xEE13, 0xEE13, 0xEE13, 0xEE13, 0xEE13, 0xEE13, 0xEE13, 0xEE13, 0xEE13, 0xEE13, 0xEE13, 0xEE13, 
0xEE13, 0xEE13, 0xEE13, 0xEE13, 0xEE13, 0xEE13, 0xEE13, 0xEE13, 0xEE13, 0xEE13, 0xEE13, 0xEE13, 
0xEE13, 0xEE13, 0xEE13, 0xEE13, 0x34AD, 0x34AD, 0x34AD, 0x34AD, 0x34AD, 0x34AD, 0x34AD, 0x34AD, 
0x34AD, 0x34AD, 0x34AD, 0x34AD, 0x34AD, 0x34AD, 0x34AD, 0x34AD, 0x34AD, 0x34AD, 0x34AD, 0x34AD, 
0x34AD, 0x34AD, 0x34AD, 0x34AD, 0x31E7, 0x31E7, 0x0000, 0x0000, 0x0000, 0x0000, 0x0000, 0x0000, 
0x0000, 0x0000, 0xFFFF, 0xFFFF, 0xFFFF, 0xFFFF, 0x31E7, 0x31E7, 0x34AD, 0x34AD, 0x34AD, 0x34AD, 
0x34AD, 0x34AD, 0x34AD, 0x34AD, 0x34AD, 0x34AD, 0x34AD, 0x34AD, 0x34AD, 0x34AD, 0x34AD, 0x34AD, 
0x34AD, 0x34AD, 0x34AD, 0x34AD, 0x34AD, 0x34AD, 0x34AD, 0x34AD, 0x34AD, 0x34AD, 0xEE13, 0xEE13, 
0xEE13, 0xEE13, 0xEE13, 0xEE13, 0xEE13, 0xEE13, 0xEE13, 0xEE13, 0xEE13, 0xEE13, 0xEE13, 0xEE13, 
0xEE13, 0xEE13, 0xEE13, 0xEE13, 0xEE13, 0xEE13, 0xEE13, 0xEE13, 0xEE13, 0xEE13, 0xEE13, 0xEE13, 
0xEE13, 0xEE13, 0xEE13, 0xEE13, 0xEE13, 0xEE13, 0xEE13, 0xEE13, 0xEE13, 0xEE13, 0xEE13, 0xEE13, 
0xEE13, 0xEE13, 0xEE13, 0xEE13, 0xEE13, 0xEE13, 0xEE13, 0xEE13, 0xEE13, 0xEE13, 0xEE13, 0xEE13, 
0xEE13, 0xEE13, 0xEE13, 0xEE13, 0xEE13, 0xEE13, 0xEE13, 0xEE13, 0xEE13, 0xEE13, 0xEE13, 0xEE13, 
0x34AD, 0x34AD, 0x34AD, 0x34AD, 0x34AD, 0x34AD, 0x34AD, 0x34AD, 0x34AD, 0x34AD, 0x34AD, 0x34AD, 
0x34AD, 0x34AD, 0x34AD, 0x34AD, 0x34AD, 0x34AD, 0x34AD, 0x34AD, 0x34AD, 0x34AD, 0x34AD, 0x34AD, 
0x31E7, 0x31E7, 0x0000, 0x0000, 0x0000, 0x0000, 0x0000, 0x0000, 0x0000, 0x0000, 0xFFFF, 0xFFFF, 
0xFFFF, 0xFFFF, 0x31E7, 0x31E7, 0x34AD, 0x34AD, 0x34AD, 0x34AD, 0x34AD, 0x34AD, 0x34AD, 0x34AD, 
0x34AD, 0x34AD, 0x34AD, 0x34AD, 0x34AD, 0x34AD, 0x34AD, 0x34AD, 0x34AD, 0x34AD, 0x34AD, 0x34AD, 
0x34AD, 0x34AD, 0x34AD, 0x34AD, 0x34AD, 0x34AD, 0xEE13, 0xEE13, 0xEE13, 0xEE13, 0xEE13, 0xEE13, 
0xEE13, 0xEE13, 0xEE13, 0xEE13, 0xEE13, 0xEE13, 0xEE13, 0xEE13, 0xEE13, 0xEE13, 0xEE13, 0xEE13, 
0xEE13, 0xEE13, 0xEE13, 0xEE13, 0xEE13, 0xEE13, 0xEE13, 0xEE13, 0xEE13, 0xEE13, 0xEE13, 0xEE13, 
0xEE13, 0xEE13, 0xEE13, 0xEE13, 0xEE13, 0xEE13, 0xEE13, 0xEE13, 0xEE13, 0xEE13, 0xEE13, 0xEE13, 
0xEE13, 0xEE13, 0xEE13, 0xEE13, 0xEE13, 0xEE13, 0xEE13, 0xEE13, 0xEE13, 0xEE13, 0xEE13, 0xEE13, 
0xEE13, 0xEE13, 0xEE13, 0xEE13, 0xEE13, 0xEE13, 0xEE13, 0xEE13, 0x34AD, 0x34AD, 0x34AD, 0x34AD, 
0x34AD, 0x34AD, 0x34AD, 0x34AD, 0x34AD, 0x34AD, 0x34AD, 0x34AD, 0x34AD, 0x34AD, 0x34AD, 0x34AD, 
0x34AD, 0x34AD, 0x34AD, 0x34AD, 0x31E7, 0x31E7, 0x31E7, 0x31E7, 0xFFFF, 0xFFFF, 0x0000, 0x0000, 
0x0000, 0x0000, 0x0000, 0x0000, 0x0000, 0x0000, 0xFFFF, 0xFFFF, 0xFFFF, 0xFFFF, 0x31E7, 0x31E7, 
0x31E7, 0x31E7, 0x34AD, 0x34AD, 0x34AD, 0x34AD, 0x34AD, 0x34AD, 0x34AD, 0x34AD, 0x34AD, 0x34AD, 
0x34AD, 0x34AD, 0x34AD, 0x34AD, 0x34AD, 0x34AD, 0x34AD, 0x34AD, 0x34AD, 0x34AD, 0x34AD, 0x34AD, 
0x34AD, 0x34AD, 0xEE13, 0xEE13, 0xEE13, 0xEE13, 0xEE13, 0xEE13, 0xEE13, 0xEE13, 0xEE13, 0xEE13, 
0xEE13, 0xEE13, 0xEE13, 0xEE13, 0xEE13, 0xEE13, 0xEE13, 0xEE13, 0xEE13, 0xEE13, 0xEE13, 0xEE13, 
0xEE13, 0xEE13, 0xEE13, 0xEE13, 0xEE13, 0xEE13, 0xEE13, 0xEE13, 0xEE13, 0xEE13, 0xEE13, 0xEE13, 
0xEE13, 0xEE13, 0xEE13, 0xEE13, 0xEE13, 0xEE13, 0xEE13, 0xEE13, 0xEE13, 0xEE13, 0xEE13, 0xEE13, 
0xEE13, 0xEE13, 0xEE13, 0xEE13, 0xEE13, 0xEE13, 0xEE13, 0xEE13, 0xEE13, 0xEE13, 0xEE13, 0xEE13, 
0xEE13, 0xEE13, 0xEE13, 0xEE13, 0x34AD, 0x34AD, 0x34AD, 0x34AD, 0x34AD, 0x34AD, 0x34AD, 0x34AD, 
0x34AD, 0x34AD, 0x34AD, 0x34AD, 0x34AD, 0x34AD, 0x34AD, 0x34AD, 0x34AD, 0x34AD, 0x34AD, 0x34AD, 
0x31E7, 0x31E7, 0x31E7, 0x31E7, 0xFFFF, 0xFFFF, 0x0000, 0x0000, 0x0000, 0x0000, 0x0000, 0x0000, 
0x0000, 0x0000, 0xFFFF, 0xFFFF, 0xFFFF, 0xFFFF, 0x31E7, 0x31E7, 0x31E7, 0x31E7, 0x34AD, 0x34AD, 
0x34AD, 0x34AD, 0x34AD, 0x34AD, 0x34AD, 0x34AD, 0x34AD, 0x34AD, 0x34AD, 0x34AD, 0x34AD, 0x34AD, 
0x34AD, 0x34AD, 0x34AD, 0x34AD, 0x34AD, 0x34AD, 0x34AD, 0x34AD, 0x34AD, 0x34AD, 0xEE13, 0xEE13, 
0xEE13, 0xEE13, 0xEE13, 0xEE13, 0xEE13, 0xEE13, 0xEE13, 0xEE13, 0xEE13, 0xEE13, 0xEE13, 0xEE13, 
0xEE13, 0xEE13, 0xEE13, 0xEE13, 0xEE13, 0xEE13, 0xEE13, 0xEE13, 0xEE13, 0xEE13, 0xEE13, 0xEE13, 
0xEE13, 0xEE13, 0xEE13, 0xEE13, 0xEE13, 0xEE13, 0xEE13, 0xEE13, 0xEE13, 0xEE13, 0xEE13, 0xEE13, 
0xEE13, 0xEE13, 0xEE13, 0xEE13, 0xEE13, 0xEE13, 0xEE13, 0xEE13, 0xEE13, 0xEE13, 0xEE13, 0xEE13, 
0xEE13, 0xEE13, 0xEE13, 0xEE13, 0xEE13, 0xEE13, 0xEE13, 0xEE13, 0xEE13, 0xEE13, 0xEE13, 0xEE13, 
0x34AD, 0x34AD, 0x34AD, 0x34AD, 0x34AD, 0x34AD, 0x34AD, 0x34AD, 0x34AD, 0x34AD, 0x34AD, 0x34AD, 
0x34AD, 0x34AD, 0x34AD, 0x34AD, 0x31E7, 0x31E7, 0x31E7, 0x31E7, 0x31E7, 0x31E7, 0x34AD, 0x34AD, 
0x34AD, 0x34AD, 0x34AD, 0x34AD, 0x34AD, 0x34AD, 0x34AD, 0x34AD, 0x34AD, 0x34AD, 0x34AD, 0x34AD, 
0x34AD, 0x34AD, 0x34AD, 0x34AD, 0x31E7, 0x31E7, 0x31E7, 0x31E7, 0x34AD, 0x34AD, 0x34AD, 0x34AD, 
0x34AD, 0x34AD, 0x34AD, 0x34AD, 0x34AD, 0x34AD, 0x34AD, 0x34AD, 0x34AD, 0x34AD, 0x34AD, 0x34AD, 
0x34AD, 0x34AD, 0x34AD, 0x34AD, 0x34AD, 0x34AD, 0xEE13, 0xEE13, 0xEE13, 0xEE13, 0xEE13, 0xEE13, 
0xEE13, 0xEE13, 0xEE13, 0xEE13, 0xEE13, 0xEE13, 0xEE13, 0xEE13, 0xEE13, 0xEE13, 0xEE13, 0xEE13, 
0xEE13, 0xEE13, 0xEE13, 0xEE13, 0xEE13, 0xEE13, 0xEE13, 0xEE13, 0xEE13, 0xEE13, 0xEE13, 0xEE13, 
0xEE13, 0xEE13, 0xEE13, 0xEE13, 0xEE13, 0xEE13, 0xEE13, 0xEE13, 0xEE13, 0xEE13, 0xEE13, 0xEE13, 
0xEE13, 0xEE13, 0xEE13, 0xEE13, 0xEE13, 0xEE13, 0xEE13, 0xEE13, 0xEE13, 0xEE13, 0xEE13, 0xEE13, 
0xEE13, 0xEE13, 0xEE13, 0xEE13, 0xEE13, 0xEE13, 0xEE13, 0xEE13, 0x34AD, 0x34AD, 0x34AD, 0x34AD, 
0x34AD, 0x34AD, 0x34AD, 0x34AD, 0x34AD, 0x34AD, 0x34AD, 0x34AD, 0x34AD, 0x34AD, 0x34AD, 0x34AD, 
0x31E7, 0x31E7, 0x31E7, 0x31E7, 0x31E7, 0x31E7, 0x34AD, 0x34AD, 0x34AD, 0x34AD, 0x34AD, 0x34AD, 
0x34AD, 0x34AD, 0x34AD, 0x34AD, 0x34AD, 0x34AD, 0x34AD, 0x34AD, 0x34AD, 0x34AD, 0x34AD, 0x34AD, 
0x31E7, 0x31E7, 0x31E7, 0x31E7, 0x34AD, 0x34AD, 0x34AD, 0x34AD, 0x34AD, 0x34AD, 0x34AD, 0x34AD, 
0x34AD, 0x34AD, 0x34AD, 0x34AD, 0x34AD, 0x34AD, 0x34AD, 0x34AD, 0x34AD, 0x34AD, 0x34AD, 0x34AD, 
0x34AD, 0x34AD, 0xEE13, 0xEE13, 0xEE13, 0xEE13, 0xEE13, 0xEE13, 0xEE13, 0xEE13, 0xEE13, 0xEE13, 
0xEE13, 0xEE13, 0xEE13, 0xEE13, 0xEE13, 0xEE13, 0xEE13, 0xEE13, 0xEE13, 0xEE13, 0xEE13, 0xEE13, 
0xEE13, 0xEE13, 0xEE13, 0xEE13, 0xEE13, 0xEE13, 0xEE13, 0xEE13, 0xEE13, 0xEE13, 0xEE13, 0xEE13, 
0xEE13, 0xEE13, 0xEE13, 0xEE13, 0xEE13, 0xEE13, 0xEE13, 0xEE13, 0xEE13, 0xEE13, 0xEE13, 0xEE13, 
0xEE13, 0xEE13, 0xEE13, 0xEE13, 0xEE13, 0xEE13, 0xEE13, 0xEE13, 0xEE13, 0xEE13, 0xEE13, 0xEE13, 
0xEE13, 0xEE13, 0xEE13, 0xEE13, 0x34AD, 0x34AD, 0x34AD, 0x34AD, 0x34AD, 0x34AD, 0x34AD, 0x34AD, 
0x34AD, 0x34AD, 0x34AD, 0x34AD, 0x31E7, 0x31E7, 0x31E7, 0x31E7, 0x31E7, 0x31E7, 0x34AD, 0x34AD, 
0x34AD, 0x34AD, 0x34AD, 0x34AD, 0x34AD, 0x34AD, 0x34AD, 0x34AD, 0x34AD, 0x34AD, 0x34AD, 0x34AD, 
0x34AD, 0x34AD, 0x34AD, 0x34AD, 0x34AD, 0x34AD, 0x34AD, 0x34AD, 0x34AD, 0x34AD, 0x31E7, 0x31E7, 
0x31E7, 0x31E7, 0x31E7, 0x31E7, 0x31E7, 0x31E7, 0x34AD, 0x34AD, 0x34AD, 0x34AD, 0x34AD, 0x34AD, 
0x34AD, 0x34AD, 0x34AD, 0x34AD, 0x34AD, 0x34AD, 0x34AD, 0x34AD, 0x34AD, 0x34AD, 0xEE13, 0xEE13, 
0xEE13, 0xEE13, 0xEE13, 0xEE13, 0xEE13, 0xEE13, 0xEE13, 0xEE13, 0xEE13, 0xEE13, 0xEE13, 0xEE13, 
0xEE13, 0xEE13, 0xEE13, 0xEE13, 0xEE13, 0xEE13, 0xEE13, 0xEE13, 0xEE13, 0xEE13, 0xEE13, 0xEE13, 
0xEE13, 0xEE13, 0xEE13, 0xEE13, 0xEE13, 0xEE13, 0xEE13, 0xEE13, 0xEE13, 0xEE13, 0xEE13, 0xEE13, 
0xEE13, 0xEE13, 0xEE13, 0xEE13, 0xEE13, 0xEE13, 0xEE13, 0xEE13, 0xEE13, 0xEE13, 0xEE13, 0xEE13, 
0xEE13, 0xEE13, 0xEE13, 0xEE13, 0xEE13, 0xEE13, 0xEE13, 0xEE13, 0xEE13, 0xEE13, 0xEE13, 0xEE13, 
0x34AD, 0x34AD, 0x34AD, 0x34AD, 0x34AD, 0x34AD, 0x34AD, 0x34AD, 0x34AD, 0x34AD, 0x34AD, 0x34AD, 
0x31E7, 0x31E7, 0x31E7, 0x31E7, 0x31E7, 0x31E7, 0x34AD, 0x34AD, 0x34AD, 0x34AD, 0x34AD, 0x34AD, 
0x34AD, 0x34AD, 0x34AD, 0x34AD, 0x34AD, 0x34AD, 0x34AD, 0x34AD, 0x34AD, 0x34AD, 0x34AD, 0x34AD, 
0x34AD, 0x34AD, 0x34AD, 0x34AD, 0x34AD, 0x34AD, 0x31E7, 0x31E7, 0x31E7, 0x31E7, 0x31E7, 0x31E7, 
0x31E7, 0x31E7, 0x34AD, 0x34AD, 0x34AD, 0x34AD, 0x34AD, 0x34AD, 0x34AD, 0x34AD, 0x34AD, 0x34AD, 
0x34AD, 0x34AD, 0x34AD, 0x34AD, 0x34AD, 0x34AD, 0xEE13, 0xEE13, 0xEE13, 0xEE13, 0xEE13, 0xEE13, 
0xEE13, 0xEE13, 0xEE13, 0xEE13, 0xEE13, 0xEE13, 0xEE13, 0xEE13, 0xEE13, 0xEE13, 0xEE13, 0xEE13, 
0xEE13, 0xEE13, 0xEE13, 0xEE13, 0xEE13, 0xEE13, 0xEE13, 0xEE13, 0xEE13, 0xEE13, 0xEE13, 0xEE13, 
0xEE13, 0xEE13, 0xEE13, 0xEE13, 0xEE13, 0xEE13, 0xEE13, 0xEE13, 0xEE13, 0xEE13, 0xEE13, 0xEE13, 
0xEE13, 0xEE13, 0xEE13, 0xEE13, 0xEE13, 0xEE13, 0xEE13, 0xEE13, 0xEE13, 0xEE13, 0xEE13, 0xEE13, 
0xEE13, 0xEE13, 0xEE13, 0xEE13, 0xEE13, 0xEE13, 0xEE13, 0xEE13, 0x34AD, 0x34AD, 0x34AD, 0x34AD, 
0x34AD, 0x34AD, 0x34AD, 0x34AD, 0x34AD, 0x34AD, 0x34AD, 0x34AD, 0x34AD, 0x34AD, 0x34AD, 0x34AD, 
0x34AD, 0x34AD, 0x34AD, 0x34AD, 0x34AD, 0x34AD, 0x34AD, 0x34AD, 0x34AD, 0x34AD, 0x34AD, 0x34AD, 
0x34AD, 0x34AD, 0x34AD, 0x34AD, 0x34AD, 0x34AD, 0x34AD, 0x34AD, 0x34AD, 0x34AD, 0x34AD, 0x34AD, 
0x34AD, 0x34AD, 0x34AD, 0x34AD, 0x34AD, 0x34AD, 0x34AD, 0x34AD, 0x34AD, 0x34AD, 0x34AD, 0x34AD, 
0x34AD, 0x34AD, 0x34AD, 0x34AD, 0x34AD, 0x34AD, 0x34AD, 0x34AD, 0x34AD, 0x34AD, 0x34AD, 0x34AD, 
0xEE13, 0xEE13, 0xEE13, 0xEE13, 0xEE13, 0xEE13, 0xEE13, 0xEE13, 0xEE13, 0xEE13, 0xEE13, 0xEE13, 
0xEE13, 0xEE13, 0xEE13, 0xEE13, 0xEE13, 0xEE13, 0xEE13, 0xEE13, 0xEE13, 0xEE13, 0xEE13, 0xEE13, 
0xEE13, 0xEE13, 0xEE13, 0xEE13, 0xEE13, 0xEE13, 0xEE13, 0xEE13, 0xEE13, 0xEE13, 0xEE13, 0xEE13, 
0xEE13, 0xEE13, 0xEE13, 0xEE13, 0xEE13, 0xEE13, 0xEE13, 0xEE13, 0xEE13, 0xEE13, 0xEE13, 0xEE13, 
0xEE13, 0xEE13, 0xEE13, 0xEE13, 0xEE13, 0xEE13, 0xEE13, 0xEE13, 0xEE13, 0xEE13, 0xEE13, 0xEE13, 
0xEE13, 0xEE13, 0xEE13, 0xEE13, 0x34AD, 0x34AD, 0x34AD, 0x34AD, 0x34AD, 0x34AD, 0x34AD, 0x34AD, 
0x34AD, 0x34AD, 0x34AD, 0x34AD, 0x34AD, 0x34AD, 0x34AD, 0x34AD, 0x34AD, 0x34AD, 0x34AD, 0x34AD, 
0x34AD, 0x34AD, 0x34AD, 0x34AD, 0x34AD, 0x34AD, 0x34AD, 0x34AD, 0x34AD, 0x34AD, 0x34AD, 0x34AD, 
0x34AD, 0x34AD, 0x34AD, 0x34AD, 0x34AD, 0x34AD, 0x34AD, 0x34AD, 0x34AD, 0x34AD, 0x34AD, 0x34AD, 
0x34AD, 0x34AD, 0x34AD, 0x34AD, 0x34AD, 0x34AD, 0x34AD, 0x34AD, 0x34AD, 0x34AD, 0x34AD, 0x34AD, 
0x34AD, 0x34AD, 0x34AD, 0x34AD, 0x34AD, 0x34AD, 0x34AD, 0x34AD, 0xEE13, 0xEE13, 0xEE13, 0xEE13, 
0xEE13, 0xEE13, 0xEE13, 0xEE13, 0xEE13, 0xEE13, 0xEE13, 0xEE13, 0xEE13, 0xEE13, 0xEE13, 0xEE13, 
0xEE13, 0xEE13, 0xEE13, 0xEE13, 0xEE13, 0xEE13, 0xEE13, 0xEE13, 0xEE13, 0xEE13, 0xEE13, 0xEE13, 
0xEE13, 0xEE13, 0xEE13, 0xEE13, 0xEE13, 0xEE13, 0xEE13, 0xEE13, 0xEE13, 0xEE13, 0xEE13, 0xEE13, 
0xEE13, 0xEE13, 0xEE13, 0xEE13, 0xEE13, 0xEE13, 0xEE13, 0xEE13, 0xEE13, 0xEE13, 0xEE13, 0xEE13, 
0xEE13, 0xEE13, 0xEE13, 0xEE13, 0xEE13, 0xEE13, 0xEE13, 0xEE13, 0xEE13, 0xEE13, 0xEE13, 0xEE13, 
0xEE13, 0xEE13, 0x34AD, 0x34AD, 0x34AD, 0x34AD, 0x34AD, 0x34AD, 0x34AD, 0x34AD, 0x34AD, 0x34AD, 
0x34AD, 0x34AD, 0x34AD, 0x34AD, 0x34AD, 0x34AD, 0x34AD, 0x34AD, 0x34AD, 0x34AD, 0x34AD, 0x34AD, 
0x34AD, 0x34AD, 0x34AD, 0x34AD, 0x34AD, 0x34AD, 0x34AD, 0x34AD, 0x34AD, 0x34AD, 0x34AD, 0x34AD, 
0x34AD, 0x34AD, 0x34AD, 0x34AD, 0x34AD, 0x34AD, 0x34AD, 0x34AD, 0x34AD, 0x34AD, 0x34AD, 0x34AD, 
0x34AD, 0x34AD, 0x34AD, 0x34AD, 0x34AD, 0x34AD, 0x34AD, 0x34AD, 0x34AD, 0x34AD, 0x34AD, 0x34AD, 
0x34AD, 0x34AD, 0x34AD, 0x34AD, 0xEE13, 0xEE13, 0xEE13, 0xEE13, 0xEE13, 0xEE13, 0xEE13, 0xEE13, 
0xEE13, 0xEE13, 0xEE13, 0xEE13, 0xEE13, 0xEE13, 0xEE13, 0xEE13, 0xEE13, 0xEE13, 0xEE13, 0xEE13, 
0xEE13, 0xEE13, 0xEE13, 0xEE13, 0xEE13, 0xEE13, 0xEE13, 0xEE13, 0xEE13, 0xEE13, 0xEE13, 0xEE13, 
0xEE13, 0xEE13, 0xEE13, 0xEE13, 0xEE13, 0xEE13, 0xEE13, 0xEE13, 0xEE13, 0xEE13, 0xEE13, 0xEE13, 
0xEE13, 0xEE13, 0xEE13, 0xEE13, 0xEE13, 0xEE13, 0xEE13, 0xEE13, 0xEE13, 0xEE13, 0xEE13, 0xEE13, 
0xEE13, 0xEE13, 0xEE13, 0xEE13, 0xEE13, 0xEE13, 0xEE13, 0xEE13, 0xEE13, 0xEE13, 0x34AD, 0x34AD, 
0x34AD, 0x34AD, 0x34AD, 0x34AD, 0x34AD, 0x34AD, 0x34AD, 0x34AD, 0x34AD, 0x34AD, 0x34AD, 0x34AD, 
0x34AD, 0x34AD, 0x34AD, 0x34AD, 0x34AD, 0x34AD, 0x34AD, 0x34AD, 0x34AD, 0x34AD, 0x34AD, 0x34AD, 
0x34AD, 0x34AD, 0x34AD, 0x34AD, 0x34AD, 0x34AD, 0x34AD, 0x34AD, 0x34AD, 0x34AD, 0x34AD, 0x34AD, 
0x34AD, 0x34AD, 0x34AD, 0x34AD, 0x34AD, 0x34AD, 0x34AD, 0x34AD, 0x34AD, 0x34AD, 0x34AD, 0x34AD, 
0x34AD, 0x34AD, 0x34AD, 0x34AD, 0x34AD, 0x34AD, 0x34AD, 0x34AD, 0x34AD, 0x34AD, 0x34AD, 0x34AD, 
0xEE13, 0xEE13, 0xEE13, 0xEE13, 0xEE13, 0xEE13, 0xEE13, 0xEE13, 0xEE13, 0xEE13, 0xEE13, 0xEE13, 
0xEE13, 0xEE13, 0xEE13, 0xEE13, 0xEE13, 0xEE13, 0xEE13, 0xEE13, 0xEE13, 0xEE13, 0xEE13, 0xEE13, 
0xEE13, 0xEE13, 0xEE13, 0xEE13, 0xEE13, 0xEE13, 0xEE13, 0xEE13, 0xEE13, 0xEE13, 0xEE13, 0xEE13, 
0xEE13, 0xEE13, 0xEE13, 0xEE13, 0xEE13, 0xEE13, 0xEE13, 0xEE13, 0xEE13, 0xEE13, 0xEE13, 0xEE13, 
0xEE13, 0xEE13, 0xEE13, 0xEE13, 0xEE13, 0xEE13, 0xEE13, 0xEE13, 0xEE13, 0xEE13, 0xEE13, 0xEE13, 
0xEE13, 0xEE13, 0xEE13, 0xEE13, 0xEE13, 0xEE13, 0x34AD, 0x34AD, 0x34AD, 0x34AD, 0x34AD, 0x34AD, 
0x34AD, 0x34AD, 0x34AD, 0x34AD, 0x34AD, 0x34AD, 0x34AD, 0x34AD, 0x34AD, 0x34AD, 0x34AD, 0x34AD, 
0x34AD, 0x34AD, 0x34AD, 0x34AD, 0x34AD, 0x34AD, 0x34AD, 0x34AD, 0x34AD, 0x34AD, 0x34AD, 0x34AD, 
0x34AD, 0x34AD, 0x34AD, 0x34AD, 0x34AD, 0x34AD, 0x34AD, 0x34AD, 0x34AD, 0x34AD, 0x34AD, 0x34AD, 
0x34AD, 0x34AD, 0x34AD, 0x34AD, 0x34AD, 0x34AD, 0x34AD, 0x34AD, 0x34AD, 0x34AD, 0x34AD, 0x34AD, 
0x34AD, 0x34AD, 0x34AD, 0x34AD, 0x34AD, 0x34AD, 0x34AD, 0x34AD, 0xEE13, 0xEE13, 0xEE13, 0xEE13, 
0xEE13, 0xEE13, 0xEE13, 0xEE13, 0xEE13, 0xEE13, 0xEE13, 0xEE13, 0xEE13, 0xEE13, 0xEE13, 0xEE13, 
0xEE13, 0xEE13, 0xEE13, 0xEE13, 0xEE13, 0xEE13, 0xEE13, 0xEE13, 0xEE13, 0xEE13, 0xEE13, 0xEE13, 
0xEE13, 0xEE13, 0xEE13, 0xEE13, 0xEE13, 0xEE13, 0xEE13, 0xEE13, 0xEE13, 0xEE13, 0xEE13, 0xEE13, 
0xEE13, 0xEE13, 0xEE13, 0xEE13, 0xEE13, 0xEE13, 0xEE13, 0xEE13, 0xEE13, 0xEE13, 0xEE13, 0xEE13, 
0xEE13, 0xEE13, 0xEE13, 0xEE13, 0xEE13, 0xEE13, 0xEE13, 0xEE13, 0xEE13, 0xEE13, 0xEE13, 0xEE13, 
0xEE13, 0xEE13, 0x34AD, 0x34AD, 0x34AD, 0x34AD, 0x34AD, 0x34AD, 0x34AD, 0x34AD, 0x34AD, 0x34AD, 
0x34AD, 0x34AD, 0x34AD, 0x34AD, 0x34AD, 0x34AD, 0x34AD, 0x34AD, 0x34AD, 0x34AD, 0x34AD, 0x34AD, 
0x34AD, 0x34AD, 0x34AD, 0x34AD, 0x34AD, 0x34AD, 0x34AD, 0x34AD, 0x34AD, 0x34AD, 0x34AD, 0x34AD, 
0x34AD, 0x34AD, 0x34AD, 0x34AD, 0x34AD, 0x34AD, 0x34AD, 0x34AD, 0x34AD, 0x34AD, 0x34AD, 0x34AD, 
0x34AD, 0x34AD, 0x34AD, 0x34AD, 0x34AD, 0x34AD, 0x34AD, 0x34AD, 0x34AD, 0x34AD, 0x34AD, 0x34AD, 
0x34AD, 0x34AD, 0x34AD, 0x34AD, 0xEE13, 0xEE13, 0xEE13, 0xEE13, 0xEE13, 0xEE13, 0xEE13, 0xEE13, 
0xEE13, 0xEE13, 0xEE13, 0xEE13, 0xEE13, 0xEE13, 0xEE13, 0xEE13, 0xEE13, 0xEE13, 0xEE13, 0xEE13, 
0xEE13, 0xEE13, 0xEE13, 0xEE13, 0xEE13, 0xEE13, 0xEE13, 0xEE13, 0xEE13, 0xEE13, 0xEE13, 0xEE13, 
0xEE13, 0xEE13, 0xEE13, 0xEE13, 0xEE13, 0xEE13, 0xEE13, 0xEE13, 0xEE13, 0xEE13, 0xEE13, 0xEE13, 
0xEE13, 0xEE13, 0xEE13, 0xEE13, 0xEE13, 0xEE13, 0xEE13, 0xEE13, 0xEE13, 0xEE13, 0xEE13, 0xEE13, 
0xEE13, 0xEE13, 0xEE13, 0xEE13, 0xEE13, 0xEE13, 0xEE13, 0xEE13, 0xEE13, 0xEE13, 0xEE13, 0xEE13, 
0x34AD, 0x34AD, 0x34AD, 0x34AD, 0x34AD, 0x34AD, 0x34AD, 0x34AD, 0x34AD, 0x34AD, 0x34AD, 0x34AD, 
0x34AD, 0x34AD, 0x34AD, 0x34AD, 0x34AD, 0x34AD, 0x34AD, 0x34AD, 0x34AD, 0x34AD, 0x34AD, 0x34AD, 
0x34AD, 0x34AD, 0x34AD, 0x34AD, 0x34AD, 0x34AD, 0x34AD, 0x34AD, 0x34AD, 0x34AD, 0x34AD, 0x34AD, 
0x34AD, 0x34AD, 0x34AD, 0x34AD, 0x34AD, 0x34AD, 0x34AD, 0x34AD, 0x34AD, 0x34AD, 0x34AD, 0x34AD, 
0x34AD, 0x34AD, 0x34AD, 0x34AD, 0x34AD, 0x34AD, 0x34AD, 0x34AD, 0x34AD, 0x34AD, 0x34AD, 0x34AD, 
0xEE13, 0xEE13, 0xEE13, 0xEE13, 0xEE13, 0xEE13, 0xEE13, 0xEE13, 0xEE13, 0xEE13, 0xEE13, 0xEE13, 
0xEE13, 0xEE13, 0xEE13, 0xEE13, 0xEE13, 0xEE13, 0xEE13, 0xEE13, 0xEE13, 0xEE13, 0xEE13, 0xEE13, 
0xEE13, 0xEE13, 0xEE13, 0xEE13, 0xEE13, 0xEE13, 0xEE13, 0xEE13, 0xEE13, 0xEE13, 0xEE13, 0xEE13, 
0xEE13, 0xEE13, 0xEE13, 0xEE13, 0xEE13, 0xEE13, 0xEE13, 0xEE13, 0xEE13, 0xEE13, 0xEE13, 0xEE13, 
0xEE13, 0xEE13, 0xEE13, 0xEE13, 0xEE13, 0xEE13, 0xEE13, 0xEE13, 0xEE13, 0xEE13, 0xEE13, 0xEE13, 
0xEE13, 0xEE13, 0xEE13, 0xEE13, 0xEE13, 0xEE13, 0xEE13, 0xEE13, 0x34AD, 0x34AD, 0x34AD, 0x34AD, 
0x34AD, 0x34AD, 0x34AD, 0x34AD, 0x34AD, 0x34AD, 0x34AD, 0x34AD, 0x34AD, 0x34AD, 0x34AD, 0x34AD, 
0x34AD, 0x34AD, 0x34AD, 0x34AD, 0x34AD, 0x34AD, 0x34AD, 0x34AD, 0x34AD, 0x34AD, 0x34AD, 0x34AD, 
0x34AD, 0x34AD, 0x34AD, 0x34AD, 0x34AD, 0x34AD, 0x34AD, 0x34AD, 0x34AD, 0x34AD, 0x34AD, 0x34AD, 
0x34AD, 0x34AD, 0x34AD, 0x34AD, 0x34AD, 0x34AD, 0x34AD, 0x34AD, 0x34AD, 0x34AD, 0x34AD, 0x34AD, 
0x34AD, 0x34AD, 0x34AD, 0x34AD, 0x34AD, 0x34AD, 0x34AD, 0x34AD, 0xEE13, 0xEE13, 0xEE13, 0xEE13, 
0xEE13, 0xEE13, 0xEE13, 0xEE13, 0xEE13, 0xEE13, 0xEE13, 0xEE13, 0xEE13, 0xEE13, 0xEE13, 0xEE13, 
0xEE13, 0xEE13, 0xEE13, 0xEE13, 0xEE13, 0xEE13, 0xEE13, 0xEE13, 0xEE13, 0xEE13, 0xEE13, 0xEE13, 
0xEE13, 0xEE13, 0xEE13, 0xEE13, 0xEE13, 0xEE13, 0xEE13, 0xEE13, 0xEE13, 0xEE13, 0xEE13, 0xEE13, 
0xEE13, 0xEE13, 0xEE13, 0xEE13, 0xEE13, 0xEE13, 0xEE13, 0xEE13, 0xEE13, 0xEE13, 0xEE13, 0xEE13, 
0xEE13, 0xEE13, 0xEE13, 0xEE13, 0xEE13, 0xEE13, 0xEE13, 0xEE13, 0xEE13, 0xEE13, 0xEE13, 0xEE13, 
0xEE13, 0xEE13, 0xEE13, 0xEE13, 0x34AD, 0x34AD, 0x34AD, 0x34AD, 0x34AD, 0x34AD, 0x34AD, 0x34AD, 
0x34AD, 0x34AD, 0x34AD, 0x34AD, 0x34AD, 0x34AD, 0x34AD, 0x34AD, 0x34AD, 0x34AD, 0x34AD, 0x34AD, 
0x34AD, 0x34AD, 0x34AD, 0x34AD, 0x34AD, 0x34AD, 0x34AD, 0x34AD, 0x34AD, 0x34AD, 0x34AD, 0x34AD, 
0x34AD, 0x34AD, 0x34AD, 0x34AD, 0x34AD, 0x34AD, 0x34AD, 0x34AD, 0x34AD, 0x34AD, 0x34AD, 0x34AD, 
0x34AD, 0x34AD, 0x34AD, 0x34AD, 0x34AD, 0x34AD, 0x34AD, 0x34AD, 0x34AD, 0x34AD, 0x34AD, 0x34AD, 
0x34AD, 0x34AD, 0xEE13, 0xEE13, 0xEE13, 0xEE13, 0xEE13, 0xEE13, 0xEE13, 0xEE13, 0xEE13, 0xEE13, 
0xEE13, 0xEE13, 0xEE13, 0xEE13, 0xEE13, 0xEE13, 0xEE13, 0xEE13, 0xEE13, 0xEE13, 0xEE13, 0xEE13, 
0xEE13, 0xEE13, 0xEE13, 0xEE13, 0xEE13, 0xEE13, 0xEE13, 0xEE13, 0xEE13, 0xEE13, 0xEE13, 0xEE13, 
0xEE13, 0xEE13, 0xEE13, 0xEE13, 0xEE13, 0xEE13, 0xEE13, 0xEE13, 0xEE13, 0xEE13, 0xEE13, 0xEE13, 
0xEE13, 0xEE13, 0xEE13, 0xEE13, 0xEE13, 0xEE13, 0xEE13, 0xEE13, 0xEE13, 0xEE13, 0xEE13, 0xEE13, 
0xEE13, 0xEE13, 0xEE13, 0xEE13, 0xEE13, 0xEE13, 0xEE13, 0xEE13, 0xEE13, 0xEE13, 0xEE13, 0xEE13, 
0x34AD, 0x34AD, 0x34AD, 0x34AD, 0x34AD, 0x34AD, 0x34AD, 0x34AD, 0x34AD, 0x34AD, 0x34AD, 0x34AD, 
0x34AD, 0x34AD, 0x34AD, 0x34AD, 0x34AD, 0x34AD, 0x34AD, 0x34AD, 0x34AD, 0x34AD, 0x34AD, 0x34AD, 
0x34AD, 0x34AD, 0x34AD, 0x34AD, 0x34AD, 0x34AD, 0x34AD, 0x34AD, 0x34AD, 0x34AD, 0x34AD, 0x34AD, 
0x34AD, 0x34AD, 0x34AD, 0x34AD, 0x34AD, 0x34AD, 0x34AD, 0x34AD, 0x34AD, 0x34AD, 0x34AD, 0x34AD, 
0x34AD, 0x34AD, 0x34AD, 0x34AD, 0x34AD, 0x34AD, 0x34AD, 0x34AD, 0x34AD, 0x34AD, 0xEE13, 0xEE13, 
0xEE13, 0xEE13, 0xEE13, 0xEE13, 0xEE13, 0xEE13, 0xEE13, 0xEE13, 0xEE13, 0xEE13, 0xEE13, 0xEE13, 
0xEE13, 0xEE13, 0xEE13, 0xEE13, 0xEE13, 0xEE13, 0xEE13, 0xEE13, 0xEE13, 0xEE13, 0xEE13, 0xEE13, 
0xEE13, 0xEE13, 0xEE13, 0xEE13, 0xEE13, 0xEE13, 0xEE13, 0xEE13, 0xEE13, 0xEE13, 0xEE13, 0xEE13, 
0xEE13, 0xEE13, 0xEE13, 0xEE13, 0xEE13, 0xEE13, 0xEE13, 0xEE13, 0xEE13, 0xEE13, 0xEE13, 0xEE13, 
0xEE13, 0xEE13, 0xEE13, 0xEE13, 0xEE13, 0xEE13, 0xEE13, 0xEE13, 0xEE13, 0xEE13, 0xEE13, 0xEE13, 
0xEE13, 0xEE13, 0xEE13, 0xEE13, 0xEE13, 0xEE13, 0xEE13, 0xEE13, 0xEE13, 0xEE13, 0x34AD, 0x34AD, 
0x34AD, 0x34AD, 0x34AD, 0x34AD, 0x34AD, 0x34AD, 0x34AD, 0x34AD, 0x34AD, 0x34AD, 0x34AD, 0x34AD, 
0x34AD, 0x34AD, 0x34AD, 0x34AD, 0x34AD, 0x34AD, 0x34AD, 0x34AD, 0x34AD, 0x34AD, 0x34AD, 0x34AD, 
0x34AD, 0x34AD, 0x34AD, 0x34AD, 0x34AD, 0x34AD, 0x34AD, 0x34AD, 0x34AD, 0x34AD, 0x34AD, 0x34AD, 
0x34AD, 0x34AD, 0x34AD, 0x34AD, 0x34AD, 0x34AD, 0x34AD, 0x34AD, 0x34AD, 0x34AD, 0x34AD, 0x34AD, 
0x34AD, 0x34AD, 0x34AD, 0x34AD, 0xEE13, 0xEE13, 0xEE13, 0xEE13, 0xEE13, 0xEE13, 0xEE13, 0xEE13, 
0xEE13, 0xEE13, 0xEE13, 0xEE13, 0xEE13, 0xEE13, 0xEE13, 0xEE13, 0xEE13, 0xEE13, 0xEE13, 0xEE13, 
0xEE13, 0xEE13, 0xEE13, 0xEE13, 0xEE13, 0xEE13, 0xEE13, 0xEE13, 0xEE13, 0xEE13, 0xEE13, 0xEE13, 
0xEE13, 0xEE13, 0xEE13, 0xEE13, 0xEE13, 0xEE13, 0xEE13, 0xEE13, 0xEE13, 0xEE13, 0xEE13, 0xEE13, 
0xEE13, 0xEE13, 0xEE13, 0xEE13, 0xEE13, 0xEE13, 0xEE13, 0xEE13, 0xEE13, 0xEE13, 0xEE13, 0xEE13, 
0xEE13, 0xEE13, 0xEE13, 0xEE13, 0xEE13, 0xEE13, 0xEE13, 0xEE13, 0xEE13, 0xEE13, 0xEE13, 0xEE13, 
0xEE13, 0xEE13, 0xEE13, 0xEE13, 0xEE13, 0xEE13, 0x34AD, 0x34AD, 0x34AD, 0x34AD, 0x34AD, 0x34AD, 
0x34AD, 0x34AD, 0x34AD, 0x34AD, 0x34AD, 0x34AD, 0x34AD, 0x34AD, 0x34AD, 0x34AD, 0x34AD, 0x34AD, 
0x34AD, 0x34AD, 0x34AD, 0x34AD, 0x34AD, 0x34AD, 0x34AD, 0x34AD, 0x34AD, 0x34AD, 0x34AD, 0x34AD, 
0x34AD, 0x34AD, 0x34AD, 0x34AD, 0x34AD, 0x34AD, 0x34AD, 0x34AD, 0x34AD, 0x34AD, 0x34AD, 0x34AD, 
0x34AD, 0x34AD, 0x34AD, 0x34AD, 0x34AD, 0x34AD, 0x34AD, 0x34AD, 0x34AD, 0x34AD, 0x34AD, 0x34AD, 
0xEE13, 0xEE13, 0xEE13, 0xEE13, 0xEE13, 0xEE13, 0xEE13, 0xEE13, 0xEE13, 0xEE13, 0xEE13, 0xEE13, 
0xEE13, 0xEE13, 0xEE13, 0xEE13, 0xEE13, 0xEE13, 0xEE13, 0xEE13, 0xEE13, 0xEE13, 0xEE13, 0xEE13, 
0xEE13, 0xEE13, 0xEE13, 0xEE13, 0xEE13, 0xEE13, 0xEE13, 0xEE13, 0xEE13, 0xEE13, 0xEE13, 0xEE13, 
0xEE13, 0xEE13, 0xEE13, 0xEE13, 0xEE13, 0xEE13, 0xEE13, 0xEE13, 0xEE13, 0xEE13, 0xEE13, 0xEE13, 
0xEE13, 0xEE13, 0xEE13, 0xEE13, 0xEE13, 0xEE13, 0xEE13, 0xEE13, 0xEE13, 0xEE13, 0xEE13, 0xEE13, 
0xEE13, 0xEE13, 0xEE13, 0xEE13, 0xEE13, 0xEE13, 0xEE13, 0xEE13, 0xEE13, 0xEE13, 0xEE13, 0xEE13, 
0xEE13, 0xEE13, 0xEE13, 0xEE13, 0x34AD, 0x34AD, 0x34AD, 0x34AD, 0x34AD, 0x34AD, 0x34AD, 0x34AD, 
0x34AD, 0x34AD, 0x34AD, 0x34AD, 0x34AD, 0x34AD, 0x34AD, 0x34AD, 0x34AD, 0x34AD, 0x34AD, 0x34AD, 
0x34AD, 0x34AD, 0x34AD, 0x34AD, 0x34AD, 0x34AD, 0x34AD, 0x34AD, 0x34AD, 0x34AD, 0x34AD, 0x34AD, 
0x34AD, 0x34AD, 0x34AD, 0x34AD, 0x34AD, 0x34AD, 0x34AD, 0x34AD, 0x34AD, 0x34AD, 0x34AD, 0x34AD, 
0x34AD, 0x34AD, 0x34AD, 0x34AD, 0x34AD, 0x34AD, 0x34AD, 0x34AD, 0xEE13, 0xEE13, 0xEE13, 0xEE13, 
0xEE13, 0xEE13, 0xEE13, 0xEE13, 0xEE13, 0xEE13, 0xEE13, 0xEE13, 0xEE13, 0xEE13, 0xEE13, 0xEE13, 
0xEE13, 0xEE13, 0xEE13, 0xEE13, 0xEE13, 0xEE13, 0xEE13, 0xEE13, 0xEE13, 0xEE13, 0xEE13, 0xEE13, 
0xEE13, 0xEE13, 0xEE13, 0xEE13, 0xEE13, 0xEE13, 0xEE13, 0xEE13, 0xEE13, 0xEE13, 0xEE13, 0xEE13, 
0xEE13, 0xEE13, 0xEE13, 0xEE13, 0xEE13, 0xEE13, 0xEE13, 0xEE13, 0xEE13, 0xEE13, 0xEE13, 0xEE13, 
0xEE13, 0xEE13, 0xEE13, 0xEE13, 0xEE13, 0xEE13, 0xEE13, 0xEE13, 0xEE13, 0xEE13, 0xEE13, 0xEE13, 
0xEE13, 0xEE13, 0xEE13, 0xEE13, 0xEE13, 0xEE13, 0xEE13, 0xEE13, 0xEE13, 0xEE13, 0xEE13, 0xEE13, 
0x34AD, 0x34AD, 0x34AD, 0x34AD, 0x34AD, 0x34AD, 0x34AD, 0x34AD, 0x34AD, 0x34AD, 0x34AD, 0x34AD, 
0x34AD, 0x34AD, 0x34AD, 0x34AD, 0x34AD, 0x34AD, 0x34AD, 0x34AD, 0x34AD, 0x34AD, 0x34AD, 0x34AD, 
0x34AD, 0x34AD, 0x34AD, 0x34AD, 0x34AD, 0x34AD, 0x34AD, 0x34AD, 0x34AD, 0x34AD, 0x34AD, 0x34AD, 
0x34AD, 0x34AD, 0x34AD, 0x34AD, 0x34AD, 0x34AD, 0x34AD, 0x34AD, 0x34AD, 0x34AD, 0x34AD, 0x34AD, 
0x34AD, 0x34AD, 0x34AD, 0x34AD, 0xEE13, 0xEE13, 0xEE13, 0xEE13, 0xEE13, 0xEE13, 0xEE13, 0xEE13, 
0xEE13, 0xEE13, 0xEE13, 0xEE13, 0xEE13, 0xEE13, 0xEE13, 0xEE13, 0xEE13, 0xEE13, 0xEE13, 0xEE13, 
0xEE13, 0xEE13, 0xEE13, 0xEE13, 0xEE13, 0xEE13, 0xEE13, 0xEE13, 0xEE13, 0xEE13, 0xEE13, 0xEE13, 
0xEE13, 0xEE13, 0xEE13, 0xEE13, 0xEE13, 0xEE13, 0xEE13, 0xEE13, 0xEE13, 0xEE13, 0xEE13, 0xEE13, 
0xEE13, 0xEE13, 0xEE13, 0xEE13, 0xEE13, 0xEE13, 0xEE13, 0xEE13, 0xEE13, 0xEE13, 0xEE13, 0xEE13, 
0xEE13, 0xEE13, 0xEE13, 0xEE13, 0xEE13, 0xEE13, 0xEE13, 0xEE13, 0xEE13, 0xEE13, 0xEE13, 0xEE13, 
0xEE13, 0xEE13, 0xEE13, 0xEE13, 0xEE13, 0xEE13, 0x34AD, 0x34AD, 0x34AD, 0x34AD, 0x34AD, 0x34AD, 
0x34AD, 0x34AD, 0x34AD, 0x34AD, 0x34AD, 0x34AD, 0x34AD, 0x34AD, 0x34AD, 0x34AD, 0x34AD, 0x34AD, 
0x34AD, 0x34AD, 0x34AD, 0x34AD, 0x34AD, 0x34AD, 0x34AD, 0x34AD, 0x34AD, 0x34AD, 0x34AD, 0x34AD, 
0x34AD, 0x34AD, 0x34AD, 0x34AD, 0x34AD, 0x34AD, 0x34AD, 0x34AD, 0x34AD, 0x34AD, 0x34AD, 0x34AD, 
0x34AD, 0x34AD, 0x34AD, 0x34AD, 0x34AD, 0x34AD, 0x34AD, 0x34AD, 0xEE13, 0xEE13, 0xEE13, 0xEE13, 
0xEE13, 0xEE13, 0xEE13, 0xEE13, 0xEE13, 0xEE13, 0xEE13, 0xEE13, 0xEE13, 0xEE13, 0xEE13, 0xEE13, 
0xEE13, 0xEE13, 0xEE13, 0xEE13, 0xEE13, 0xEE13, 0xEE13, 0xEE13, 0xEE13, 0xEE13, 0xEE13, 0xEE13, 
0xEE13, 0xEE13, 0xEE13, 0xEE13, 0xEE13, 0xEE13, 0xEE13, 0xEE13, 0xEE13, 0xEE13, 0xEE13, 0xEE13, 
0xEE13, 0xEE13, 0xEE13, 0xEE13, 0xEE13, 0xEE13, 0xEE13, 0xEE13, 0xEE13, 0xEE13, 0xEE13, 0xEE13, 
0xEE13, 0xEE13, 0xEE13, 0xEE13, 0xEE13, 0xEE13, 0xEE13, 0xEE13, 0xEE13, 0xEE13, 0xEE13, 0xEE13, 
0xEE13, 0xEE13, 0xEE13, 0xEE13, 0xEE13, 0xEE13, 0xEE13, 0xEE13, 0xEE13, 0xEE13, 0xEE13, 0xEE13, 
0xEE13, 0xEE13, 0x34AD, 0x34AD, 0x34AD, 0x34AD, 0x34AD, 0x34AD, 0x34AD, 0x34AD, 0x34AD, 0x34AD, 
0x34AD, 0x34AD, 0x34AD, 0x34AD, 0x34AD, 0x34AD, 0x34AD, 0x34AD, 0x34AD, 0x34AD, 0x34AD, 0x34AD, 
0x34AD, 0x34AD, 0x34AD, 0x34AD, 0x34AD, 0x34AD, 0x34AD, 0x34AD, 0x34AD, 0x34AD, 0x34AD, 0x34AD, 
0x34AD, 0x34AD, 0x34AD, 0x34AD, 0x34AD, 0x34AD, 0x34AD, 0x34AD, 0x34AD, 0x34AD, 0x34AD, 0x34AD, 
0x34AD, 0x34AD, 0x34AD, 0x34AD, 0xEE13, 0xEE13, 0xEE13, 0xEE13, 0xEE13, 0xEE13, 0xEE13, 0xEE13, 
0xEE13, 0xEE13, 0xEE13, 0xEE13, 0xEE13, 0xEE13, 0xEE13, 0xEE13, 0xEE13, 0xEE13, 0xEE13, 0xEE13, 
0xEE13, 0xEE13, 0xEE13, 0xEE13, 0xEE13, 0xEE13, 0xEE13, 0xEE13, 0xEE13, 0xEE13, 0xEE13, 0xEE13, 
0xEE13, 0xEE13, 0xEE13, 0xEE13, 0xEE13, 0xEE13, 0xEE13, 0xEE13, 0xEE13, 0xEE13, 0xEE13, 0xEE13, 
0xEE13, 0xEE13, 0xEE13, 0xEE13, 0xEE13, 0xEE13, 0xEE13, 0xEE13, 0xEE13, 0xEE13, 0xEE13, 0xEE13, 
0xEE13, 0xEE13, 0xEE13, 0xEE13, 0xEE13, 0xEE13, 0xEE13, 0xEE13, 0xEE13, 0xEE13, 0xEE13, 0xEE13, 
0xEE13, 0xEE13, 0xEE13, 0xEE13, 0xEE13, 0xEE13, 0xEE13, 0xEE13, 0x34AD, 0x34AD, 0x34AD, 0x34AD, 
0x34AD, 0x34AD, 0x34AD, 0x34AD, 0x34AD, 0x34AD, 0x34AD, 0x34AD, 0x34AD, 0x34AD, 0x34AD, 0x34AD, 
0x34AD, 0x34AD, 0x34AD, 0x34AD, 0x34AD, 0x34AD, 0x34AD, 0x34AD, 0x34AD, 0x34AD, 0x34AD, 0x34AD, 
0x34AD, 0x34AD, 0x34AD, 0x34AD, 0x34AD, 0x34AD, 0x34AD, 0x34AD, 0x34AD, 0x34AD, 0x34AD, 0x34AD, 
0x34AD, 0x34AD, 0x34AD, 0x34AD, 0x34AD, 0x34AD, 0x34AD, 0x34AD, 0x34AD, 0x34AD, 0x34AD, 0x34AD, 
0xEE13, 0xEE13, 0xEE13, 0xEE13, 0xEE13, 0xEE13, 0xEE13, 0xEE13, 0xEE13, 0xEE13, 0xEE13, 0xEE13, 
0xEE13, 0xEE13, 0xEE13, 0xEE13, 0xEE13, 0xEE13, 0xEE13, 0xEE13, 0xEE13, 0xEE13, 0xEE13, 0xEE13, 
0xEE13, 0xEE13, 0xEE13, 0xEE13, 0xEE13, 0xEE13, 0xEE13, 0xEE13, 0xEE13, 0xEE13, 0xEE13, 0xEE13, 
0xEE13, 0xEE13, 0xEE13, 0xEE13, 0xEE13, 0xEE13, 0xEE13, 0xEE13, 0xEE13, 0xEE13, 0xEE13, 0xEE13, 
0xEE13, 0xEE13, 0xEE13, 0xEE13, 0xEE13, 0xEE13, 0xEE13, 0xEE13, 0xEE13, 0xEE13, 0xEE13, 0xEE13, 
0xEE13, 0xEE13, 0xEE13, 0xEE13, 0xEE13, 0xEE13, 0xEE13, 0xEE13, 0xEE13, 0xEE13, 0xEE13, 0xEE13, 
0xEE13, 0xEE13, 0xEE13, 0xEE13, 0x34AD, 0x34AD, 0x34AD, 0x34AD, 0x34AD, 0x34AD, 0x34AD, 0x34AD, 
0x34AD, 0x34AD, 0x34AD, 0x34AD, 0x34AD, 0x34AD, 0x34AD, 0x34AD, 0x34AD, 0x34AD, 0x34AD, 0x34AD, 
0x34AD, 0x34AD, 0x34AD, 0x34AD, 0x34AD, 0x34AD, 0x34AD, 0x34AD, 0x34AD, 0x34AD, 0x34AD, 0x34AD, 
0x34AD, 0x34AD, 0x34AD, 0x34AD, 0x34AD, 0x34AD, 0x34AD, 0x34AD, 0x34AD, 0x34AD, 0x34AD, 0x34AD, 
0x34AD, 0x34AD, 0x34AD, 0x34AD, 0x34AD, 0x34AD, 0x34AD, 0x34AD, 0xEE13, 0xEE13, 0xEE13, 0xEE13, 
0xEE13, 0xEE13, 0xEE13, 0xEE13, 0xEE13, 0xEE13, 0xEE13, 0xEE13, 0xEE13, 0xEE13, 0xEE13, 0xEE13, 
0xEE13, 0xEE13, 0xEE13, 0xEE13, 0xEE13, 0xEE13, 0xEE13, 0xEE13, 0xEE13, 0xEE13, 0xEE13, 0xEE13, 
0xEE13, 0xEE13, 0xEE13, 0xEE13, 0xEE13, 0xEE13, 0xEE13, 0xEE13, 0xEE13, 0xEE13, 0xEE13, 0xEE13, 
0xEE13, 0xEE13, 0xEE13, 0xEE13, 0xEE13, 0xEE13, 0xEE13, 0xEE13, 0xEE13, 0xEE13, 0xEE13, 0xEE13, 
0xEE13, 0xEE13, 0xEE13, 0xEE13, 0xEE13, 0xEE13, 0xEE13, 0xEE13, 0xEE13, 0xEE13, 0xEE13, 0xEE13, 
0xEE13, 0xEE13, 0xEE13, 0xEE13, 0xEE13, 0xEE13, 0xEE13, 0xEE13, 0xEE13, 0xEE13, 0xEE13, 0xEE13, 
0x34AD, 0x34AD, 0x34AD, 0x34AD, 0x34AD, 0x34AD, 0x34AD, 0x34AD, 0x34AD, 0x34AD, 0x34AD, 0x34AD, 
0x34AD, 0x34AD, 0x34AD, 0x34AD, 0xEE13, 0xEE13, 0xEE13, 0xEE13, 0xEE13, 0xEE13, 0xEE13, 0xEE13, 
0xEE13, 0xEE13, 0xEE13, 0xEE13, 0xEE13, 0xEE13, 0xEE13, 0xEE13, 0xEE13, 0xEE13, 0xEE13, 0xEE13, 
0x34AD, 0x34AD, 0x34AD, 0x34AD, 0x34AD, 0x34AD, 0x34AD, 0x34AD, 0x34AD, 0x34AD, 0x34AD, 0x34AD, 
0x34AD, 0x34AD, 0xEE13, 0xEE13, 0xEE13, 0xEE13, 0xEE13, 0xEE13, 0xEE13, 0xEE13, 0xEE13, 0xEE13, 
0xEE13, 0xEE13, 0xEE13, 0xEE13, 0xEE13, 0xEE13, 0xEE13, 0xEE13, 0xEE13, 0xEE13, 0xEE13, 0xEE13, 
0xEE13, 0xEE13, 0xEE13, 0xEE13, 0xEE13, 0xEE13, 0xEE13, 0xEE13, 0xEE13, 0xEE13, 0xEE13, 0xEE13, 
0xEE13, 0xEE13, 0xEE13, 0xEE13, 0xEE13, 0xEE13, 0xEE13, 0xEE13, 0xEE13, 0xEE13, 0xEE13, 0xEE13, 
0xEE13, 0xEE13, 0xEE13, 0xEE13, 0xEE13, 0xEE13, 0xEE13, 0xEE13, 0xEE13, 0xEE13, 0xEE13, 0xEE13, 
0xEE13, 0xEE13, 0xEE13, 0xEE13, 0xEE13, 0xEE13, 0xEE13, 0xEE13, 0xEE13, 0xEE13, 0xEE13, 0xEE13, 
0xEE13, 0xEE13, 0xEE13, 0xEE13, 0xEE13, 0xEE13, 0xEE13, 0xEE13, 0x34AD, 0x34AD, 0x34AD, 0x34AD, 
0x34AD, 0x34AD, 0x34AD, 0x34AD, 0x34AD, 0x34AD, 0x34AD, 0x34AD, 0x34AD, 0x34AD, 0x34AD, 0x34AD, 
0xEE13, 0xEE13, 0xEE13, 0xEE13, 0xEE13, 0xEE13, 0xEE13, 0xEE13, 0xEE13, 0xEE13, 0xEE13, 0xEE13, 
0xEE13, 0xEE13, 0xEE13, 0xEE13, 0xEE13, 0xEE13, 0xEE13, 0xEE13, 0x34AD, 0x34AD, 0x34AD, 0x34AD, 
0x34AD, 0x34AD, 0x34AD, 0x34AD, 0x34AD, 0x34AD, 0x34AD, 0x34AD, 0x34AD, 0x34AD, 0xEE13, 0xEE13, 
0xEE13, 0xEE13, 0xEE13, 0xEE13, 0xEE13, 0xEE13, 0xEE13, 0xEE13, 0xEE13, 0xEE13, 0xEE13, 0xEE13, 
0xEE13, 0xEE13, 0xEE13, 0xEE13, 0xEE13, 0xEE13, 0xEE13, 0xEE13, 0xEE13, 0xEE13, 0xEE13, 0xEE13, 
0xEE13, 0xEE13, 0xEE13, 0xEE13, 0xEE13, 0xEE13, 0xEE13, 0xEE13, 0xEE13, 0xEE13, 0xEE13, 0xEE13, 
0xEE13, 0xEE13, 0xEE13, 0xEE13, 0xEE13, 0xEE13, 0xEE13, 0xEE13, 0xEE13, 0xEE13, 0xEE13, 0xEE13, 
0xEE13, 0xEE13, 0xEE13, 0xEE13, 0xEE13, 0xEE13, 0xEE13, 0xEE13, 0xEE13, 0xEE13, 0xEE13, 0xEE13, 
0xEE13, 0xEE13, 0xEE13, 0xEE13, 0xEE13, 0xEE13, 0xEE13, 0xEE13, 0xEE13, 0xEE13, 0xEE13, 0xEE13, 
0xEE13, 0xEE13, 0xEE13, 0xEE13, 0x34AD, 0x34AD, 0x34AD, 0x34AD, 0x34AD, 0x34AD, 0x34AD, 0x34AD, 
0x34AD, 0x34AD, 0x34AD, 0x34AD, 0xEE13, 0xEE13, 0xEE13, 0xEE13, 0xEE13, 0xEE13, 0xEE13, 0xEE13, 
0xEE13, 0xEE13, 0xEE13, 0xEE13, 0xEE13, 0xEE13, 0xEE13, 0xEE13, 0xEE13, 0xEE13, 0xEE13, 0xEE13, 
0xEE13, 0xEE13, 0xEE13, 0xEE13, 0xEE13, 0xEE13, 0x34AD, 0x34AD, 0x34AD, 0x34AD, 0x34AD, 0x34AD, 
0x34AD, 0x34AD, 0x34AD, 0x34AD, 0x34AD, 0x34AD, 0xEE13, 0xEE13, 0xEE13, 0xEE13, 0xEE13, 0xEE13, 
0xEE13, 0xEE13, 0xEE13, 0xEE13, 0xEE13, 0xEE13, 0xEE13, 0xEE13, 0xEE13, 0xEE13, 0xEE13, 0xEE13, 
0xEE13, 0xEE13, 0xEE13, 0xEE13, 0xEE13, 0xEE13, 0xEE13, 0xEE13, 0xEE13, 0xEE13, 0xEE13, 0xEE13, 
0xEE13, 0xEE13, 0xEE13, 0xEE13, 0xEE13, 0xEE13, 0xEE13, 0xEE13, 0xEE13, 0xEE13, 0xEE13, 0xEE13, 
0xEE13, 0xEE13, 0xEE13, 0xEE13, 0xEE13, 0xEE13, 0xEE13, 0xEE13, 0xEE13, 0xEE13, 0xEE13, 0xEE13, 
0xEE13, 0xEE13, 0xEE13, 0xEE13, 0xEE13, 0xEE13, 0xEE13, 0xEE13, 0xEE13, 0xEE13, 0xEE13, 0xEE13, 
0xEE13, 0xEE13, 0xEE13, 0xEE13, 0xEE13, 0xEE13, 0xEE13, 0xEE13, 0xEE13, 0xEE13, 0xEE13, 0xEE13, 
0x34AD, 0x34AD, 0x34AD, 0x34AD, 0x34AD, 0x34AD, 0x34AD, 0x34AD, 0x34AD, 0x34AD, 0x34AD, 0x34AD, 
0xEE13, 0xEE13, 0xEE13, 0xEE13, 0xEE13, 0xEE13, 0xEE13, 0xEE13, 0xEE13, 0xEE13, 0xEE13, 0xEE13, 
0xEE13, 0xEE13, 0xEE13, 0xEE13, 0xEE13, 0xEE13, 0xEE13, 0xEE13, 0xEE13, 0xEE13, 0xEE13, 0xEE13, 
0xEE13, 0xEE13, 0x34AD, 0x34AD, 0x34AD, 0x34AD, 0x34AD, 0x34AD, 0x34AD, 0x34AD, 0x34AD, 0x34AD, 
0x34AD, 0x34AD, 0xEE13, 0xEE13, 0xEE13, 0xEE13, 0xEE13, 0xEE13, 0xEE13, 0xEE13, 0xEE13, 0xEE13, 
0xEE13, 0xEE13, 0xEE13, 0xEE13, 0xEE13, 0xEE13, 0xEE13, 0xEE13, 0xEE13, 0xEE13, 0xEE13, 0xEE13, 
0xEE13, 0xEE13, 0xEE13, 0xEE13, 0xEE13, 0xEE13, 0xEE13, 0xEE13, 0xEE13, 0xEE13, 0xEE13, 0xEE13, 
0xEE13, 0xEE13, 0xEE13, 0xEE13, 0xEE13, 0xEE13, 0xEE13, 0xEE13, 0xEE13, 0xEE13, 0xEE13, 0xEE13, 
0xEE13, 0xEE13, 0xEE13, 0xEE13, 0xEE13, 0xEE13, 0xEE13, 0xEE13, 0xEE13, 0xEE13, 0xEE13, 0xEE13, 
0xEE13, 0xEE13, 0xEE13, 0xEE13, 0xEE13, 0xEE13, 0xEE13, 0xEE13, 0xEE13, 0xEE13, 0xEE13, 0xEE13, 
0xEE13, 0xEE13, 0xEE13, 0xEE13, 0xEE13, 0xEE13, 0xEE13, 0xEE13, 0xEE13, 0xEE13, 0xEE13, 0xEE13, 
0xEE13, 0xEE13, 0xEE13, 0xEE13, 0xEE13, 0xEE13, 0xEE13, 0xEE13, 0xEE13, 0xEE13, 0xEE13, 0xEE13, 
0xEE13, 0xEE13, 0xEE13, 0xEE13, 0xEE13, 0xEE13, 0xEE13, 0xEE13, 0xEE13, 0xEE13, 0xEE13, 0xEE13, 
0xEE13, 0xEE13, 0xEE13, 0xEE13, 0xEE13, 0xEE13, 0xEE13, 0xEE13, 0xEE13, 0xEE13, 0xEE13, 0xEE13, 
0x34AD, 0x34AD, 0x34AD, 0x34AD, 0x34AD, 0x34AD, 0x34AD, 0x34AD, 0xEE13, 0xEE13, 0xEE13, 0xEE13, 
0xEE13, 0xEE13, 0xEE13, 0xEE13, 0xEE13, 0xEE13, 0xEE13, 0xEE13, 0xEE13, 0xEE13, 0xEE13, 0xEE13, 
0xEE13, 0xEE13, 0xEE13, 0xEE13, 0xEE13, 0xEE13, 0xEE13, 0xEE13, 0xEE13, 0xEE13, 0xEE13, 0xEE13, 
0xEE13, 0xEE13, 0xEE13, 0xEE13, 0xEE13, 0xEE13, 0xEE13, 0xEE13, 0xEE13, 0xEE13, 0xEE13, 0xEE13, 
0xEE13, 0xEE13, 0xEE13, 0xEE13, 0xEE13, 0xEE13, 0xEE13, 0xEE13, 0xEE13, 0xEE13, 0xEE13, 0xEE13, 
0xEE13, 0xEE13, 0xEE13, 0xEE13, 0xEE13, 0xEE13, 0xEE13, 0xEE13, 0xEE13, 0xEE13, 0xEE13, 0xEE13, 
0xEE13, 0xEE13, 0xEE13, 0xEE13, 0xEE13, 0xEE13, 0xEE13, 0xEE13, 0xEE13, 0xEE13, 0xEE13, 0xEE13, 
0xEE13, 0xEE13, 0xEE13, 0xEE13, 0xEE13, 0xEE13, 0xEE13, 0xEE13, 0xEE13, 0xEE13, 0xEE13, 0xEE13, 
0xEE13, 0xEE13, 0xEE13, 0xEE13, 0xEE13, 0xEE13, 0xEE13, 0xEE13, 0xEE13, 0xEE13, 0xEE13, 0xEE13, 
0xEE13, 0xEE13, 0xEE13, 0xEE13, 0xEE13, 0xEE13, 0xEE13, 0xEE13, 0xEE13, 0xEE13, 0xEE13, 0xEE13, 
0xEE13, 0xEE13, 0xEE13, 0xEE13, 0xEE13, 0xEE13, 0xEE13, 0xEE13, 0x34AD, 0x34AD, 0x34AD, 0x34AD, 
0x34AD, 0x34AD, 0x34AD, 0x34AD, 0xEE13, 0xEE13, 0xEE13, 0xEE13, 0xEE13, 0xEE13, 0xEE13, 0xEE13, 
0xEE13, 0xEE13, 0xEE13, 0xEE13, 0xEE13, 0xEE13, 0xEE13, 0xEE13, 0xEE13, 0xEE13, 0xEE13, 0xEE13, 
0xEE13, 0xEE13, 0xEE13, 0xEE13, 0xEE13, 0xEE13, 0xEE13, 0xEE13, 0xEE13, 0xEE13, 0xEE13, 0xEE13, 
0xEE13, 0xEE13, 0xEE13, 0xEE13, 0xEE13, 0xEE13, 0xEE13, 0xEE13, 0xEE13, 0xEE13, 0xEE13, 0xEE13, 
0xEE13, 0xEE13, 0xEE13, 0xEE13, 0xEE13, 0xEE13, 0xEE13, 0xEE13, 0xEE13, 0xEE13, 0xEE13, 0xEE13, 
0xEE13, 0xEE13, 0xEE13, 0xEE13, 0xEE13, 0xEE13, 0xEE13, 0xEE13, 0xEE13, 0xEE13, 0xEE13, 0xEE13, 
0xEE13, 0xEE13, 0xEE13, 0xEE13, 0xEE13, 0xEE13, 0xEE13, 0xEE13, 0xEE13, 0xEE13, 0xEE13, 0xEE13, 
0xEE13, 0xEE13, 0xEE13, 0xEE13, 0xEE13, 0xEE13, 0xEE13, 0xEE13, 0xEE13, 0xEE13, 0xEE13, 0xEE13, 
0xEE13, 0xEE13, 0xEE13, 0xEE13, 0xEE13, 0xEE13, 0xEE13, 0xEE13, 0xEE13, 0xEE13, 0xEE13, 0xEE13, 
0xEE13, 0xEE13, 0xEE13, 0xEE13, 0xEE13, 0xEE13, 0xEE13, 0xEE13, 0xEE13, 0xEE13, 0xEE13, 0xEE13, 
0xEE13, 0xEE13, 0xEE13, 0xEE13, 0xEE13, 0xEE13, 0xEE13, 0xEE13, 0xEE13, 0xEE13, 0xEE13, 0xEE13, 
0xEE13, 0xEE13, 0xEE13, 0xEE13, 0xEE13, 0xEE13, 0xEE13, 0xEE13, 0xEE13, 0xEE13, 0xEE13, 0xEE13, 
0xEE13, 0xEE13, 0xEE13, 0xEE13, 0xEE13, 0xEE13, 0xEE13, 0xEE13, 0xEE13, 0xEE13, 0xEE13, 0xEE13, 
0xEE13, 0xEE13, 0xEE13, 0xEE13, 0xEE13, 0xEE13, 0xEE13, 0xEE13, 0xEE13, 0xEE13, 0xEE13, 0xEE13, 
0xEE13, 0xEE13, 0xEE13, 0xEE13, 0xEE13, 0xEE13, 0xEE13, 0xEE13, 0xEE13, 0xEE13, 0xEE13, 0xEE13, 
0xEE13, 0xEE13, 0xEE13, 0xEE13, 0xEE13, 0xEE13, 0xEE13, 0xEE13, 0xEE13, 0xEE13, 0xEE13, 0xEE13, 
0xEE13, 0xEE13, 0xEE13, 0xEE13, 0xEE13, 0xEE13, 0xEE13, 0xEE13, 0xEE13, 0xEE13, 0xEE13, 0xEE13, 
0xEE13, 0xEE13, 0xEE13, 0xEE13, 0xEE13, 0xEE13, 0xEE13, 0xEE13, 0xEE13, 0xEE13, 0xEE13, 0xEE13, 
0xEE13, 0xEE13, 0xEE13, 0xEE13, 0xEE13, 0xEE13, 0xEE13, 0xEE13, 0xEE13, 0xEE13, 0xEE13, 0xEE13, 
0xEE13, 0xEE13, 0xEE13, 0xEE13, 0xEE13, 0xEE13, 0xEE13, 0xEE13, 0xEE13, 0xEE13, 0xEE13, 0xEE13, 
0xEE13, 0xEE13, 0xEE13, 0xEE13, 0xEE13, 0xEE13, 0xEE13, 0xEE13, 0xEE13, 0xEE13, 0xEE13, 0xEE13, 
0xEE13, 0xEE13, 0xEE13, 0xEE13, 0xEE13, 0xEE13, 0xEE13, 0xEE13, 0xEE13, 0xEE13, 0xEE13, 0xEE13, 
0xEE13, 0xEE13, 0xEE13, 0xEE13, 0xEE13, 0xEE13, 0xEE13, 0xEE13, 0xEE13, 0xEE13, 0xEE13, 0xEE13, 
0xEE13, 0xEE13, 0xEE13, 0xEE13, 0xEE13, 0xEE13, 0xEE13, 0xEE13, 0xEE13, 0xEE13, 0xEE13, 0xEE13, 
0xEE13, 0xEE13, 0xEE13, 0xEE13, 0xEE13, 0xEE13, 0xEE13, 0xEE13, 0xEE13, 0xEE13, 0xEE13, 0xEE13, 
0xEE13, 0xEE13, 0xEE13, 0xEE13, 0xEE13, 0xEE13, 0xEE13, 0xEE13, 0xEE13, 0xEE13, 0xEE13, 0xEE13, 
0xEE13, 0xEE13, 0xEE13, 0xEE13, 0xEE13, 0xEE13, 0xEE13, 0xEE13, 0xEE13, 0xEE13, 0xEE13, 0xEE13, 
0xEE13, 0xEE13, 0xEE13, 0xEE13, 0xEE13, 0xEE13, 0xEE13, 0xEE13, 0xEE13, 0xEE13, 0xEE13, 0xEE13, 
0xEE13, 0xEE13, 0xEE13, 0xEE13, 0xEE13, 0xEE13, 0xEE13, 0xEE13, 0xEE13, 0xEE13, 0xEE13, 0xEE13, 
0xEE13, 0xEE13, 0xEE13, 0xEE13, 0xEE13, 0xEE13, 0xEE13, 0xEE13, 0xEE13, 0xEE13, 0xEE13, 0xEE13, 
0xEE13, 0xEE13, 0xEE13, 0xEE13, 0xEE13, 0xEE13, 0xEE13, 0xEE13, 0xEE13, 0xEE13, 0xEE13, 0xEE13, 
0xEE13, 0xEE13, 0xEE13, 0xEE13, 0xEE13, 0xEE13, 0xEE13, 0xEE13, 0xEE13, 0xEE13, 0xEE13, 0xEE13, 
0xEE13, 0xEE13, 0xEE13, 0xEE13, 0xEE13, 0xEE13, 0xEE13, 0xEE13, 0xEE13, 0xEE13, 0xEE13, 0xEE13, 
0xEE13, 0xEE13, 0xEE13, 0xEE13, 0xEE13, 0xEE13, 0xEE13, 0xEE13, 0xEE13, 0xEE13, 0xEE13, 0xEE13, 
0xEE13, 0xEE13, 0xEE13, 0xEE13, 0xEE13, 0xEE13, 0xEE13, 0xEE13, 0xEE13, 0xEE13, 0xEE13, 0xEE13, 
0xEE13, 0xEE13, 0xEE13, 0xEE13, 0xEE13, 0xEE13, 0xEE13, 0xEE13, 0xEE13, 0xEE13, 0xEE13, 0xEE13, 
0xEE13, 0xEE13, 0xEE13, 0xEE13, 0xEE13, 0xEE13, 0xEE13, 0xEE13, 0xEE13, 0xEE13, 0xEE13, 0xEE13, 
0xEE13, 0xEE13, 0xEE13, 0xEE13, 0xEE13, 0xEE13, 0xEE13, 0xEE13, 0xEE13, 0xEE13, 0xEE13, 0xEE13, 
0xEE13, 0xEE13, 0xEE13, 0xEE13, 0xEE13, 0xEE13, 0xEE13, 0xEE13, 0xEE13, 0xEE13, 0xEE13, 0xEE13, 
0xEE13, 0xEE13, 0xEE13, 0xEE13, 0xEE13, 0xEE13, 0xEE13, 0xEE13, 0xEE13, 0xEE13, 0xEE13, 0xEE13, 
0xEE13, 0xEE13, 0xEE13, 0xEE13, 0xEE13, 0xEE13, 0xEE13, 0xEE13, 0xEE13, 0xEE13, 0xEE13, 0xEE13, 
0xEE13, 0xEE13, 0xEE13, 0xEE13, 0xEE13, 0xEE13, 0xEE13, 0xEE13, 0xEE13, 0xEE13, 0xEE13, 0xEE13, 
0xEE13, 0xEE13, 0xEE13, 0xEE13, 0xEE13, 0xEE13, 0xEE13, 0xEE13, 0xEE13, 0xEE13, 0xEE13, 0xEE13, 
0xEE13, 0xEE13, 0xEE13, 0xEE13, 0xEE13, 0xEE13, 0xEE13, 0xEE13, 0xEE13, 0xEE13, 0xEE13, 0xEE13, 
0xEE13, 0xEE13, 0xEE13, 0xEE13, 0xEE13, 0xEE13, 0xEE13, 0xEE13, 0xEE13, 0xEE13, 0xEE13, 0xEE13, 
0xEE13, 0xEE13, 0xEE13, 0xEE13, 0xEE13, 0xEE13, 0xEE13, 0xEE13, 0xEE13, 0xEE13, 0xEE13, 0xEE13, 
0xEE13, 0xEE13, 0xEE13, 0xEE13, 0xEE13, 0xEE13, 0xEE13, 0xEE13, 0xEE13, 0xEE13, 0xEE13, 0xEE13, 
0xEE13, 0xEE13, 0xEE13, 0xEE13, 0xEE13, 0xEE13, 0xEE13, 0xEE13, 0xEE13, 0xEE13, 0xEE13, 0xEE13, 
0xEE13, 0xEE13, 0xEE13, 0xEE13, 0xEE13, 0xEE13, 0xEE13, 0xEE13, 0xEE13, 0xEE13, 0xEE13, 0xEE13, 
0xEE13, 0xEE13, 0xEE13, 0xEE13, 0xEE13, 0xEE13, 0xEE13, 0xEE13, 0xEE13, 0xEE13, 0xEE13, 0xEE13, 
0xEE13, 0xEE13, 0xEE13, 0xEE13, 0xEE13, 0xEE13, 0xEE13, 0xEE13, 0xEE13, 0xEE13, 0xEE13, 0xEE13, 
0xEE13, 0xEE13, 0xEE13, 0xEE13, 0xEE13, 0xEE13, 0xEE13, 0xEE13, 0xEE13, 0xEE13, 0xEE13, 0xEE13, 
0xEE13, 0xEE13, 0xEE13, 0xEE13, 0xEE13, 0xEE13, 0xEE13, 0xEE13, 0xEE13, 0xEE13, 0xEE13, 0xEE13, 
0xEE13, 0xEE13, 0xEE13, 0xEE13, 0xEE13, 0xEE13, 0xEE13, 0xEE13, 0xEE13, 0xEE13, 0xEE13, 0xEE13, 
0xEE13, 0xEE13, 0xEE13, 0xEE13, 0xEE13, 0xEE13, 0xEE13, 0xEE13, 0xEE13, 0xEE13, 0xEE13, 0xEE13, 
0xEE13, 0xEE13, 0xEE13, 0xEE13, 0xEE13, 0xEE13, 0xEE13, 0xEE13, 0xEE13, 0xEE13, 0xEE13, 0xEE13, 
0xEE13, 0xEE13, 0xEE13, 0xEE13, 0xEE13, 0xEE13, 0xEE13, 0xEE13, 0xEE13, 0xEE13, 0xEE13, 0xEE13, 
0xEE13, 0xEE13, 0xEE13, 0xEE13, 0xEE13, 0xEE13, 0xEE13, 0xEE13, 0xEE13, 0xEE13, 0xEE13, 0xEE13, 
0xEE13, 0xEE13, 0xEE13, 0xEE13, 0xEE13, 0xEE13, 0xEE13, 0xEE13, 0xEE13, 0xEE13, 0xEE13, 0xEE13, 
0xEE13, 0xEE13, 0xEE13, 0xEE13, 0xEE13, 0xEE13, 0xEE13, 0xEE13, 0xEE13, 0xEE13, 0xEE13, 0xEE13, 
0xEE13, 0xEE13, 0xEE13, 0xEE13, 0xEE13, 0xEE13, 0xEE13, 0xEE13, 0xEE13, 0xEE13, 0xEE13, 0xEE13, 
0xEE13, 0xEE13, 0xEE13, 0xEE13, 0xEE13, 0xEE13, 0xEE13, 0xEE13, 0xEE13, 0xEE13, 0xEE13, 0xEE13, 
0xEE13, 0xEE13, 0xEE13, 0xEE13, 0xEE13, 0xEE13, 0xEE13, 0xEE13, 0xEE13, 0xEE13, 0xEE13, 0xEE13, 
0xEE13, 0xEE13, 0xEE13, 0xEE13, 0xEE13, 0xEE13, 0xEE13, 0xEE13, 0xEE13, 0xEE13, 0xEE13, 0xEE13, 
0xEE13, 0xEE13, 0xEE13, 0xEE13, 0xEE13, 0xEE13, 0xEE13, 0xEE13, 0xEE13, 0xEE13, 0xEE13, 0xEE13, 
0xEE13, 0xEE13, 0xEE13, 0xEE13, 0xEE13, 0xEE13, 0xEE13, 0xEE13, 0xEE13, 0xEE13, 0xEE13, 0xEE13, 
0xEE13, 0xEE13, 0xEE13, 0xEE13, 0xEE13, 0xEE13, 0xEE13, 0xEE13, 0xEE13, 0xEE13, 0xEE13, 0xEE13, 
0xEE13, 0xEE13, 0xEE13, 0xEE13, 0xEE13, 0xEE13, 0xEE13, 0xEE13, 0xEE13, 0xEE13, 0xEE13, 0xEE13, 
0xEE13, 0xEE13, 0xEE13, 0xEE13, 0xEE13, 0xEE13, 0xEE13, 0xEE13, 0xEE13, 0xEE13, 0xEE13, 0xEE13, 
0xEE13, 0xEE13, 0xEE13, 0xEE13, 0xEE13, 0xEE13, 0xEE13, 0xEE13, 0xEE13, 0xEE13, 0xEE13, 0xEE13, 
0xEE13, 0xEE13, 0xEE13, 0xEE13, 0xEE13, 0xEE13, 0xEE13, 0xEE13, 0xEE13, 0xEE13, 0xEE13, 0xEE13, 
0xEE13, 0xEE13, 0xEE13, 0xEE13, 0xEE13, 0xEE13, 0xEE13, 0xEE13, 0xEE13, 0xEE13, 0xEE13, 0xEE13, 
0xEE13, 0xEE13, 0xEE13, 0xEE13, 0xEE13, 0xEE13, 0xEE13, 0xEE13, 0xEE13, 0xEE13, 0xEE13, 0xEE13, 
0xEE13, 0xEE13, 0xEE13, 0xEE13, 0xEE13, 0xEE13, 0xEE13, 0xEE13, 0xEE13, 0xEE13, 0xEE13, 0xEE13, 
0xEE13, 0xEE13, 0xEE13, 0xEE13, 0xEE13, 0xEE13, 0xEE13, 0xEE13, 0xEE13, 0xEE13, 0xEE13, 0xEE13, 
0xEE13, 0xEE13, 0xEE13, 0xEE13, 0xEE13, 0xEE13, 0xEE13, 0xEE13, 0xEE13, 0xEE13, 0xEE13, 0xEE13, 
0xEE13, 0xEE13, 0xEE13, 0xEE13, 0xEE13, 0xEE13, 0xEE13, 0xEE13, 0xEE13, 0xEE13, 0xEE13, 0xEE13, 
0xEE13, 0xEE13, 0xEE13, 0xEE13, 0xEE13, 0xEE13, 0xEE13, 0xEE13, 0xEE13, 0xEE13, 0xEE13, 0xEE13, 
0xEE13, 0xEE13, 0xEE13, 0xEE13, 0xEE13, 0xEE13, 0xEE13, 0xEE13, 0xEE13, 0xEE13, 0xEE13, 0xEE13, 
0xEE13, 0xEE13, 0xEE13, 0xEE13, 0xEE13, 0xEE13, 0xEE13, 0xEE13, 0xEE13, 0xEE13, 0xEE13, 0xEE13, 
0xEE13, 0xEE13, 0xEE13, 0xEE13, 0xEE13, 0xEE13, 0xEE13, 0xEE13, 0xEE13, 0xEE13, 0xEE13, 0xEE13, 
0xEE13, 0xEE13, 0xEE13, 0xEE13, 0xEE13, 0xEE13, 0xEE13, 0xEE13, 0xEE13, 0xEE13, 0xEE13, 0xEE13, 
0xEE13, 0xEE13, 0xEE13, 0xEE13, 0xEE13, 0xEE13, 0xEE13, 0xEE13, 0xEE13, 0xEE13, 0xEE13, 0xEE13, 
0xEE13, 0xEE13, 0xEE13, 0xEE13, 0xEE13, 0xEE13, 0xEE13, 0xEE13, 0xEE13, 0xEE13, 0xEE13, 0xEE13, 
0xEE13, 0xEE13, 0xEE13, 0xEE13, 0xEE13, 0xEE13, 0xEE13, 0xEE13, 0xEE13, 0xEE13, 0xEE13, 0xEE13, 
0xEE13, 0xEE13, 0xEE13, 0xEE13, 0xEE13, 0xEE13, 0xEE13, 0xEE13, 0xEE13, 0xEE13, 0xEE13, 0xEE13, 
0xEE13, 0xEE13, 0xEE13, 0xEE13, 0xEE13, 0xEE13, 0xEE13, 0xEE13, 0xEE13, 0xEE13, 0xEE13, 0xEE13, 
0xEE13, 0xEE13, 0xEE13, 0xEE13, 0xEE13, 0xEE13, 0xEE13, 0xEE13, 0xEE13, 0xEE13, 0xEE13, 0xEE13, 
0xEE13, 0xEE13, 0xEE13, 0xEE13, 0xEE13, 0xEE13, 0xEE13, 0xEE13, 0xEE13, 0xEE13, 0xEE13, 0xEE13, 
0xEE13, 0xEE13, 0xEE13, 0xEE13, 0xEE13, 0xEE13, 0xEE13, 0xEE13, 0xEE13, 0xEE13, 0xEE13, 0xEE13, 
0xEE13, 0xEE13, 0xEE13, 0xEE13, 0xEE13, 0xEE13, 0xEE13, 0xEE13, 0xEE13, 0xEE13, 0xEE13, 0xEE13, 
0xEE13, 0xEE13, 0xEE13, 0xEE13, 0xEE13, 0xEE13, 0xEE13, 0xEE13, 0xEE13, 0xEE13, 0xEE13, 0xEE13, 
0xEE13, 0xEE13, 0xEE13, 0xEE13, 0xEE13, 0xEE13, 0xEE13, 0xEE13, 0xEE13, 0xEE13, 0xEE13, 0xEE13, 
0xEE13, 0xEE13, 0xEE13, 0xEE13, 0xEE13, 0xEE13, 0xEE13, 0xEE13, 0xEE13, 0xEE13, 0xEE13, 0xEE13, 
0xEE13, 0xEE13, 0xEE13, 0xEE13, 0xEE13, 0xEE13, 0xEE13, 0xEE13, 0xEE13, 0xEE13, 0xEE13, 0xEE13, 
0xEE13, 0xEE13, 0xEE13, 0xEE13, 0xEE13, 0xEE13, 0xEE13, 0xEE13, 0xEE13, 0xEE13, 0xEE13, 0xEE13, 
0xEE13, 0xEE13, 0xEE13, 0xEE13, 0xEE13, 0xEE13, 0xEE13, 0xEE13, 0xEE13, 0xEE13, 0xEE13, 0xEE13, 
0xEE13, 0xEE13, 0xEE13, 0xEE13, 0xEE13, 0xEE13, 0xEE13, 0xEE13, 0xEE13, 0xEE13, 0xEE13, 0xEE13, 
0xEE13, 0xEE13, 0xEE13, 0xEE13, 0xEE13, 0xEE13, 0xEE13, 0xEE13, 0xEE13, 0xEE13, 0xEE13, 0xEE13, 
0xEE13, 0xEE13, 0xEE13, 0xEE13, 0xEE13, 0xEE13, 0xEE13, 0xEE13, 0xEE13, 0xEE13, 0xEE13, 0xEE13, 
0xEE13, 0xEE13, 0xEE13, 0xEE13, 0xEE13, 0xEE13, 0xEE13, 0xEE13, 0xEE13, 0xEE13, 0xEE13, 0xEE13, 
0xEE13, 0xEE13, 0xEE13, 0xEE13, 0xEE13, 0xEE13, 0xEE13, 0xEE13, 0xEE13, 0xEE13, 0xEE13, 0xEE13, 
0xEE13, 0xEE13, 0xEE13, 0xEE13, 0xEE13, 0xEE13, 0xEE13, 0xEE13, 0xEE13, 0xEE13, 0xEE13, 0xEE13, 
0xEE13, 0xEE13, 0xEE13, 0xEE13, 0xEE13, 0xEE13, 0xEE13, 0xEE13, 0xEE13, 0xEE13, 0xEE13, 0xEE13, 
0xEE13, 0xEE13, 0xEE13, 0xEE13, 0xEE13, 0xEE13, 0xEE13, 0xEE13, 0xEE13, 0xEE13, 0xEE13, 0xEE13, 
0xEE13, 0xEE13, 0xEE13, 0xEE13, 0xEE13, 0xEE13, 0xEE13, 0xEE13, 0xEE13, 0xEE13, 0xEE13, 0xEE13, 
0xEE13, 0xEE13, 0xEE13, 0xEE13, 0xEE13, 0xEE13, 0xEE13, 0xEE13, 0xEE13, 0xEE13, 0xEE13, 0xEE13, 
0xEE13, 0xEE13, 0xEE13, 0xEE13, 0xEE13, 0xEE13, 0xEE13, 0xEE13, 0xEE13, 0xEE13, 0xEE13, 0xEE13, 
0xEE13, 0xEE13, 0xEE13, 0xEE13, 0xEE13, 0xEE13, 0xEE13, 0xEE13, 0xEE13, 0xEE13, 0xEE13, 0xEE13, 
0xEE13, 0xEE13, 0xEE13, 0xEE13, 0xEE13, 0xEE13, 0xEE13, 0xEE13, 0xEE13, 0xEE13, 0xEE13, 0xEE13, 
0xEE13, 0xEE13, 0xEE13, 0xEE13, 0xEE13, 0xEE13, 0xEE13, 0xEE13, 0xEE13, 0xEE13, 0xEE13, 0xEE13, 
0xEE13, 0xEE13, 0xEE13, 0xEE13, 0xEE13, 0xEE13, 0xEE13, 0xEE13, 0xEE13, 0xEE13, 0xEE13, 0xEE13, 
0xEE13, 0xEE13, 0xEE13, 0xEE13, 0xEE13, 0xEE13, 0xEE13, 0xEE13, 0xEE13, 0xEE13, 0xEE13, 0xEE13, 
0xEE13, 0xEE13, 0xEE13, 0xEE13, 0xEE13, 0xEE13, 0xEE13, 0xEE13, 0xEE13, 0xEE13, 0xEE13, 0xEE13, 
0xEE13, 0xEE13, 0xEE13, 0xEE13, 0xEE13, 0xEE13, 0xEE13, 0xEE13, 0xEE13, 0xEE13, 0xEE13, 0xEE13, 
0xEE13, 0xEE13, 0xEE13, 0xEE13, 0xEE13, 0xEE13, 0xEE13, 0xEE13, 0xEE13, 0xEE13, 0xEE13, 0xEE13, 
0xEE13, 0xEE13, 0xEE13, 0xEE13, 0xEE13, 0xEE13, 0xEE13, 0xEE13, 0xEE13, 0xEE13, 0xEE13, 0xEE13, 
0xEE13, 0xEE13, 0xEE13, 0xEE13, 0xEE13, 0xEE13, 0xEE13, 0xEE13, 0xEE13, 0xEE13, 0xEE13, 0xEE13, 
0xEE13, 0xEE13, 0xEE13, 0xEE13, 0xEE13, 0xEE13, 0xEE13, 0xEE13, 0xEE13, 0xEE13, 0xEE13, 0xEE13, 
0xEE13, 0xEE13, 0xEE13, 0xEE13, 0xEE13, 0xEE13, 0xEE13, 0xEE13, 0xEE13, 0xEE13, 0xEE13, 0xEE13, 
0xEE13, 0xEE13, 0xEE13, 0xEE13, 0xEE13, 0xEE13, 0xEE13, 0xEE13, 0xEE13, 0xEE13, 0xEE13, 0xEE13, 
0xEE13, 0xEE13, 0xEE13, 0xEE13, 0xEE13, 0xEE13, 0xEE13, 0xEE13, 0xEE13, 0xEE13, 0xEE13, 0xEE13, 
0xEE13, 0xEE13, 0xEE13, 0xEE13, 0xEE13, 0xEE13, 0xEE13, 0xEE13, 0xEE13, 0xEE13, 0xEE13, 0xEE13, 
0xEE13, 0xEE13, 0xEE13, 0xEE13, 0xEE13, 0xEE13, 0xEE13, 0xEE13, 0xEE13, 0xEE13, 0xEE13, 0xEE13, 
0xEE13, 0xEE13, 0xEE13, 0xEE13, 0xEE13, 0xEE13, 0xEE13, 0xEE13, 0xEE13, 0xEE13, 0xEE13, 0xEE13, 
0xEE13, 0xEE13, 0xEE13, 0xEE13, 0xEE13, 0xEE13, 0xEE13, 0xEE13, 0xEE13, 0xEE13, 0xEE13, 0xEE13, 
0xEE13, 0xEE13, 0xEE13, 0xEE13, 0xEE13, 0xEE13, 0xEE13, 0xEE13, 0xEE13, 0xEE13, 0xEE13, 0xEE13, 
0xEE13, 0xEE13, 0xEE13, 0xEE13, 0xEE13, 0xEE13, 0xEE13, 0xEE13, 0xEE13, 0xEE13, 0xEE13, 0xEE13, 
0xEE13, 0xEE13, 0xEE13, 0xEE13, 0xEE13, 0xEE13, 0xEE13, 0xEE13, 0xEE13, 0xEE13, 0xEE13, 0xEE13, 
0xEE13, 0xEE13, 0xEE13, 0xEE13, 0xEE13, 0xEE13, 0xEE13, 0xEE13, 0xEE13, 0xEE13, 0xEE13, 0xEE13, 
0xEE13, 0xEE13, 0xEE13, 0xEE13, 0xEE13, 0xEE13, 0xEE13, 0xEE13, 0xEE13, 0xEE13, 0xEE13, 0xEE13, 
0xEE13, 0xEE13, 0xEE13, 0xEE13, 0xEE13, 0xEE13, 0xEE13, 0xEE13, 0xEE13, 0xEE13, 0xEE13, 0xEE13, 
0xEE13, 0xEE13, 0xEE13, 0xEE13, 0xEE13, 0xEE13, 0xEE13, 0xEE13, 0xEE13, 0xEE13, 0xEE13, 0xEE13, 
0xEE13, 0xEE13, 0xEE13, 0xEE13, 0xEE13, 0xEE13, 0xEE13, 0xEE13, 0xEE13, 0xEE13, 0xEE13, 0xEE13, 
0xEE13, 0xEE13, 0xEE13, 0xEE13, 0xEE13, 0xEE13, 0xEE13, 0xEE13, 0xEE13, 0xEE13, 0xEE13, 0xEE13, 
0xEE13, 0xEE13, 0xEE13, 0xEE13, 0xEE13, 0xEE13, 0xEE13, 0xEE13, 0xEE13, 0xEE13, 0xEE13, 0xEE13, 
0xEE13, 0xEE13, 0xEE13, 0xEE13, 0xEE13, 0xEE13, 0xEE13, 0xEE13, 0xEE13, 0xEE13, 0xEE13, 0xEE13, 
0xEE13, 0xEE13, 0xEE13, 0xEE13, 0xEE13, 0xEE13, 0xEE13, 0xEE13, 0xEE13, 0xEE13, 0xEE13, 0xEE13, 
0xEE13, 0xEE13, 0xEE13, 0xEE13, 0xEE13, 0xEE13, 0xEE13, 0xEE13, 0xEE13, 0xEE13, 0xEE13, 0xEE13, 
0xEE13, 0xEE13, 0xEE13, 0xEE13, 0xEE13, 0xEE13, 0xEE13, 0xEE13, 0xEE13, 0xEE13, 0xEE13, 0xEE13, 
0xEE13, 0xEE13, 0xEE13, 0xEE13, 0xEE13, 0xEE13, 0xEE13, 0xEE13, 0xEE13, 0xEE13, 0xEE13, 0xEE13, 
0xEE13, 0xEE13, 0xEE13, 0xEE13, 0xEE13, 0xEE13, 0xEE13, 0xEE13, 0xEE13, 0xEE13, 0xEE13, 0xEE13, 
0xEE13, 0xEE13, 0xEE13, 0xEE13, 0xEE13, 0xEE13, 0xEE13, 0xEE13, 0xEE13, 0xEE13, 0xEE13, 0xEE13, 
0xEE13, 0xEE13, 0xEE13, 0xEE13, 0xEE13, 0xEE13, 0xEE13, 0xEE13, 0xEE13, 0xEE13, 0xEE13, 0xEE13, 
0xEE13, 0xEE13, 0xEE13, 0xEE13, 0xEE13, 0xEE13, 0xEE13, 0xEE13, 0xEE13, 0xEE13, 0xEE13, 0xEE13, 
0xEE13, 0xEE13, 0xEE13, 0xEE13, 0xEE13, 0xEE13, 0xEE13, 0xEE13, 0xEE13, 0xEE13, 0xEE13, 0xEE13, 
0xEE13, 0xEE13, 0xEE13, 0xEE13, 0xEE13, 0xEE13, 0xEE13, 0xEE13, 0xEE13, 0xEE13, 0xEE13, 0xEE13, 
0xEE13, 0xEE13, 0xEE13, 0xEE13, 0xEE13, 0xEE13, 0xEE13, 0xEE13, 0xEE13, 0xEE13, 0xEE13, 0xEE13, 
0xEE13, 0xEE13, 0xEE13, 0xEE13, 0xEE13, 0xEE13, 0xEE13, 0xEE13, 0xEE13, 0xEE13, 0xEE13, 0xEE13, 
0xEE13, 0xEE13, 0xEE13, 0xEE13, 0xEE13, 0xEE13, 0xEE13, 0xEE13, 0xEE13, 0xEE13, 0xEE13, 0xEE13, 
0xEE13, 0xEE13, 0xEE13, 0xEE13, 0xEE13, 0xEE13, 0xEE13, 0xEE13, 0xEE13, 0xEE13, 0xEE13, 0xEE13, 
0xEE13, 0xEE13, 0xEE13, 0xEE13, 0xEE13, 0xEE13, 0xEE13, 0xEE13, 0xEE13, 0xEE13, 0xEE13, 0xEE13, 
0xEE13, 0xEE13, 0xEE13, 0xEE13, 0xEE13, 0xEE13, 0xEE13, 0xEE13, 0xEE13, 0xEE13, 0xEE13, 0xEE13, 
0xEE13, 0xEE13, 0xEE13, 0xEE13, 0xEE13, 0xEE13, 0xEE13, 0xEE13, 0xEE13, 0xEE13, 0xEE13, 0xEE13, 
0xEE13, 0xEE13, 0xEE13, 0xEE13, 0xEE13, 0xEE13, 0xEE13, 0xEE13, 0xEE13, 0xEE13, 0xEE13, 0xEE13, 
0xEE13, 0xEE13, 0xEE13, 0xEE13, 0xEE13, 0xEE13, 0xEE13, 0xEE13, 0xEE13, 0xEE13, 0xEE13, 0xEE13, 
0xEE13, 0xEE13, 0xEE13, 0xEE13, 0xEE13, 0xEE13, 0xEE13, 0xEE13, 0xEE13, 0xEE13, 0xEE13, 0xEE13, 
0xEE13, 0xEE13, 0xEE13, 0xEE13, 0xEE13, 0xEE13, 0xEE13, 0xEE13, 0xEE13, 0xEE13, 0xEE13, 0xEE13, 
0xEE13, 0xEE13, 0xEE13, 0xEE13, 0xEE13, 0xEE13, 0xEE13, 0xEE13, 0xEE13, 0xEE13, 0xEE13, 0xEE13, 
0xEE13, 0xEE13, 0xEE13, 0xEE13, 0xEE13, 0xEE13, 0xEE13, 0xEE13, 0xEE13, 0xEE13, 0xEE13, 0xEE13, 
0xEE13, 0xEE13, 0xEE13, 0xEE13, 0xEE13, 0xEE13, 0xEE13, 0xEE13, 0xEE13, 0xEE13, 0xEE13, 0xEE13, 
0xEE13, 0xEE13, 0xEE13, 0xEE13, 0xEE13, 0xEE13, 0xEE13, 0xEE13, 0xEE13, 0xEE13, 0xEE13, 0xEE13, 
0xEE13, 0xEE13, 0xEE13, 0xEE13, 0xEE13, 0xEE13, 0xEE13, 0xEE13, 0xEE13, 0xEE13, 0xEE13, 0xEE13, 
0xEE13, 0xEE13, 0xEE13, 0xEE13, 0xEE13, 0xEE13, 0xEE13, 0xEE13, 0xEE13, 0xEE13, 0xEE13, 0xEE13, 
0xEE13, 0xEE13, 0xEE13, 0xEE13, 0xEE13, 0xEE13, 0xEE13, 0xEE13, 0xEE13, 0xEE13, 0xEE13, 0xEE13, 
0xEE13, 0xEE13, 0xEE13, 0xEE13, 0xEE13, 0xEE13, 0xEE13, 0xEE13, 0xEE13, 0xEE13, 0xEE13, 0xEE13, 
0xEE13, 0xEE13, 0xEE13, 0xEE13, 0xEE13, 0xEE13, 0xEE13, 0xEE13, 0xEE13, 0xEE13, 0xEE13, 0xEE13, 
0xEE13, 0xEE13, 0xEE13, 0xEE13, 0xEE13, 0xEE13, 0xEE13, 0xEE13, 0xEE13, 0xEE13, 0xEE13, 0xEE13, 
0xEE13, 0xEE13, 0xEE13, 0xEE13, 0xEE13, 0xEE13, 0xEE13, 0xEE13, 0xEE13, 0xEE13, 0xEE13, 0xEE13, 
0xEE13, 0xEE13, 0xEE13, 0xEE13, 0xEE13, 0xEE13, 0xEE13, 0xEE13, 0xEE13, 0xEE13, 0xEE13, 0xEE13, 
0xEE13, 0xEE13, 0xEE13, 0xEE13, 0xEE13, 0xEE13, 0xEE13, 0xEE13, 0xEE13, 0xEE13, 0xEE13, 0xEE13, 
0xEE13, 0xEE13, 0xEE13, 0xEE13, 0xEE13, 0xEE13, 0xEE13, 0xEE13, 0xEE13, 0xEE13, 0xEE13, 0xEE13, 
0xEE13, 0xEE13, 0xEE13, 0xEE13, 0xEE13, 0xEE13, 0xEE13, 0xEE13, 0xEE13, 0xEE13, 0xEE13, 0xEE13, 
0xEE13, 0xEE13, 0xEE13, 0xEE13, 0xEE13, 0xEE13, 0xEE13, 0xEE13, 0xEE13, 0xEE13, 0xEE13, 0xEE13, 
0xEE13, 0xEE13, 0xEE13, 0xEE13, 0xEE13, 0xEE13, 0xEE13, 0xEE13, 0xEE13, 0xEE13, 0xEE13, 0xEE13, 
0xEE13, 0xEE13, 0xEE13, 0xEE13, 0xEE13, 0xEE13, 0xEE13, 0xEE13, 0xEE13, 0xEE13, 0xEE13, 0xEE13, 
0xEE13, 0xEE13, 0xEE13, 0xEE13, 0xEE13, 0xEE13, 0xEE13, 0xEE13, 0xEE13, 0xEE13, 0xEE13, 0xEE13, 
0xEE13, 0xEE13, 0xEE13, 0xEE13, 0xEE13, 0xEE13, 0xEE13, 0xEE13, 0xEE13, 0xEE13, 0xEE13, 0xEE13, 
0xEE13, 0xEE13, 0xEE13, 0xEE13, 0xEE13, 0xEE13, 0xEE13, 0xEE13, 0xEE13, 0xEE13, 0xEE13, 0xEE13, 
0xEE13, 0xEE13, 0xEE13, 0xEE13, 0xEE13, 0xEE13, 0xEE13, 0xEE13, 0xEE13, 0xEE13, 0xEE13, 0xEE13, 
0xEE13, 0xEE13, 0xEE13, 0xEE13, 0xEE13, 0xEE13, 0xEE13, 0xEE13, 0xEE13, 0xEE13, 0xEE13, 0xEE13, 
0xEE13, 0xEE13, 0xEE13, 0xEE13, 0xEE13, 0xEE13, 0xEE13, 0xEE13, 0xEE13, 0xEE13, 0xEE13, 0xEE13, 
0xEE13, 0xEE13, 0xEE13, 0xEE13, 0xEE13, 0xEE13, 0xEE13, 0xEE13, 0xEE13, 0xEE13, 0xEE13, 0xEE13, 
0xEE13, 0xEE13, 0xEE13, 0xEE13, 0xEE13, 0xEE13, 0xEE13, 0xEE13, 0xEE13, 0xEE13, 0xEE13, 0xEE13, 
0xEE13, 0xEE13, 0xEE13, 0xEE13, 0xEE13, 0xEE13, 0xEE13, 0xEE13, 0xEE13, 0xEE13, 0xEE13, 0xEE13, 
0xEE13, 0xEE13, 0xEE13, 0xEE13, 0xEE13, 0xEE13, 0xEE13, 0xEE13, 0xEE13, 0xEE13, 0xEE13, 0xEE13, 
0xEE13, 0xEE13, 0xEE13, 0xEE13, 0xEE13, 0xEE13, 0xEE13, 0xEE13, 0xEE13, 0xEE13, 0xEE13, 0xEE13, 
0xEE13, 0xEE13, 0xEE13, 0xEE13, 0xEE13, 0xEE13, 0xEE13, 0xEE13, 0xEE13, 0xEE13, 0xEE13, 0xEE13, 
0xEE13, 0xEE13, 0xEE13, 0xEE13, 0xEE13, 0xEE13, 0xEE13, 0xEE13, 0xEE13, 0xEE13, 0xEE13, 0xEE13, 
0xEE13, 0xEE13, 0xEE13, 0xEE13, 0xEE13, 0xEE13, 0xEE13, 0xEE13, 0xEE13, 0xEE13, 0xEE13, 0xEE13, 
0xEE13, 0xEE13, 0xEE13, 0xEE13, 0xEE13, 0xEE13, 0xEE13, 0xEE13, 0xEE13, 0xEE13, 0xEE13, 0xEE13, 
0xEE13, 0xEE13, 0xEE13, 0xEE13, 0xEE13, 0xEE13, 0xEE13, 0xEE13, 0xEE13, 0xEE13, 0xEE13, 0xEE13, 
0xEE13, 0xEE13, 0xEE13, 0xEE13, 0xEE13, 0xEE13, 0xEE13, 0xEE13, 0xEE13, 0xEE13, 0xEE13, 0xEE13, 
0xEE13, 0xEE13, 0xEE13, 0xEE13, 0xEE13, 0xEE13, 0xEE13, 0xEE13, 0xEE13, 0xEE13, 0xEE13, 0xEE13, 
0xEE13, 0xEE13, 0xEE13, 0xEE13, 0xEE13, 0xEE13, 0xEE13, 0xEE13, 0xEE13, 0xEE13, 0xEE13, 0xEE13, 
0xEE13, 0xEE13, 0xEE13, 0xEE13, 0xEE13, 0xEE13, 0xEE13, 0xEE13, 0xEE13, 0xEE13, 0xEE13, 0xEE13, 
0xEE13, 0xEE13, 0xEE13, 0xEE13, 0xEE13, 0xEE13, 0xEE13, 0xEE13, 0xEE13, 0xEE13, 0xEE13, 0xEE13, 
0xEE13, 0xEE13, 0xEE13, 0xEE13, 0xEE13, 0xEE13, 0xEE13, 0xEE13, 0xEE13, 0xEE13, 0xEE13, 0xEE13, 
0xEE13, 0xEE13, 0xEE13, 0xEE13, 0xEE13, 0xEE13, 0xEE13, 0xEE13, 0xEE13, 0xEE13, 0xEE13, 0xEE13, 
0xEE13, 0xEE13, 0xEE13, 0xEE13, 0xEE13, 0xEE13, 0xEE13, 0xEE13, 0xEE13, 0xEE13, 0xEE13, 0xEE13, 
0xEE13, 0xEE13, 0xEE13, 0xEE13, 0xEE13, 0xEE13, 0xEE13, 0xEE13, 0xEE13, 0xEE13, 0xEE13, 0xEE13, 
0xEE13, 0xEE13, 0xEE13, 0xEE13, 0xEE13, 0xEE13, 0xEE13, 0xEE13, 0xEE13, 0xEE13, 0xEE13, 0xEE13, 
0xEE13, 0xEE13, 0xEE13, 0xEE13, 0xEE13, 0xEE13, 0xEE13, 0xEE13, 0xEE13, 0xEE13, 0xEE13, 0xEE13, 
0xEE13, 0xEE13, 0xEE13, 0xEE13, 0xEE13, 0xEE13, 0xEE13, 0xEE13, 0xEE13, 0xEE13, 0xEE13, 0xEE13, 
0xEE13, 0xEE13, 0xEE13, 0xEE13, 0xEE13, 0xEE13, 0xEE13, 0xEE13, 0xEE13, 0xEE13, 0xEE13, 0xEE13, 
0xEE13, 0xEE13, 0xEE13, 0xEE13, 0xEE13, 0xEE13, 0xEE13, 0xEE13, 0xEE13, 0xEE13, 0xEE13, 0xEE13, 
0xEE13, 0xEE13, 0xEE13, 0xEE13, 0xEE13, 0xEE13, 0xEE13, 0xEE13, 0xEE13, 0xEE13, 0xEE13, 0xEE13, 
0xEE13, 0xEE13, 0xEE13, 0xEE13, 0xEE13, 0xEE13, 0xEE13, 0xEE13, 0xEE13, 0xEE13, 0xEE13, 0xEE13, 
0xEE13, 0xEE13, 0xEE13, 0xEE13, 0xEE13, 0xEE13, 0xEE13, 0xEE13, 0xEE13, 0xEE13, 0xEE13, 0xEE13, 
0xEE13, 0xEE13, 0xEE13, 0xEE13, 0xEE13, 0xEE13, 0xEE13, 0xEE13, 0xEE13, 0xEE13, 0xEE13, 0xEE13, 
0xEE13, 0xEE13, 0xEE13, 0xEE13, 0xEE13, 0xEE13, 0xEE13, 0xEE13, 0xEE13, 0xEE13, 0xEE13, 0xEE13, 
0xEE13, 0xEE13, 0xEE13, 0xEE13, 0xEE13, 0xEE13, 0xEE13, 0xEE13, 0xEE13, 0xEE13, 0xEE13, 0xEE13, 
0xEE13, 0xEE13, 0xEE13, 0xEE13, 0xEE13, 0xEE13, 0xEE13, 0xEE13, 0xEE13, 0xEE13, 0xEE13, 0xEE13, 
0xEE13, 0xEE13, 0xEE13, 0xEE13, 0xEE13, 0xEE13, 0xEE13, 0xEE13, 0xEE13, 0xEE13, 0xEE13, 0xEE13, 
0xEE13, 0xEE13, 0xEE13, 0xEE13, 0xEE13, 0xEE13, 0xEE13, 0xEE13, 0xEE13, 0xEE13, 0xEE13, 0xEE13, 
0xEE13, 0xEE13, 0xEE13, 0xEE13, 0xEE13, 0xEE13, 0xEE13, 0xEE13, 0xEE13, 0xEE13, 0xEE13, 0xEE13, 
0xEE13, 0xEE13, 0xEE13, 0xEE13, 0xEE13, 0xEE13, 0xEE13, 0xEE13, 0xEE13, 0xEE13, 0xEE13, 0xEE13, 
0xEE13, 0xEE13, 0xEE13, 0xEE13, 0xEE13, 0xEE13, 0xEE13, 0xEE13, 0xEE13, 0xEE13, 0xEE13, 0xEE13, 
0xEE13, 0xEE13, 0xEE13, 0xEE13, 0xEE13, 0xEE13, 0xEE13, 0xEE13, 0xEE13, 0xEE13, 0xEE13, 0xEE13, 
0xEE13, 0xEE13, 0xEE13, 0xEE13, 0xEE13, 0xEE13, 0xEE13, 0xEE13, 0xEE13, 0xEE13, 0xEE13, 0xEE13, 
0xEE13, 0xEE13, 0xEE13, 0xEE13, 0xEE13, 0xEE13, 0xEE13, 0xEE13, 0xEE13, 0xEE13, 0xEE13, 0xEE13, 
0xEE13, 0xEE13, 0xEE13, 0xEE13, 0xEE13, 0xEE13, 0xEE13, 0xEE13, 0xEE13, 0xEE13, 0xEE13, 0xEE13, 
0xEE13, 0xEE13, 0xEE13, 0xEE13, 0xEE13, 0xEE13, 0xEE13, 0xEE13, 0xEE13, 0xEE13, 0xEE13, 0xEE13, 
0xEE13, 0xEE13, 0xEE13, 0xEE13, 0xEE13, 0xEE13, 0xEE13, 0xEE13, 0xEE13, 0xEE13, 0xEE13, 0xEE13, 
0xEE13, 0xEE13, 0xEE13, 0xEE13, 0xEE13, 0xEE13, 0xEE13, 0xEE13, 0xEE13, 0xEE13, 0xEE13, 0xEE13, 
0xEE13, 0xEE13, 0xEE13, 0xEE13, 0xEE13, 0xEE13, 0xEE13, 0xEE13, 0xEE13, 0xEE13, 0xEE13, 0xEE13, 
0xEE13, 0xEE13, 0xEE13, 0xEE13, 0xEE13, 0xEE13, 0xEE13, 0xEE13, 0xEE13, 0xEE13, 0xEE13, 0xEE13, 
0xEE13, 0xEE13, 0xEE13, 0xEE13, 0xEE13, 0xEE13, 0xEE13, 0xEE13, 0xEE13, 0xEE13, 0xEE13, 0xEE13, 
0xEE13, 0xEE13, 0xEE13, 0xEE13, 0xEE13, 0xEE13, 0xEE13, 0xEE13, 0xEE13, 0xEE13, 0xEE13, 0xEE13, 
0xEE13, 0xEE13, 0xEE13, 0xEE13, 0xEE13, 0xEE13, 0xEE13, 0xEE13, 0xEE13, 0xEE13, 0xEE13, 0xEE13, 
0xEE13, 0xEE13, 0xEE13, 0xEE13, 0xEE13, 0xEE13, 0xEE13, 0xEE13, 0xEE13, 0xEE13, 0xEE13, 0xEE13, 
0xEE13, 0xEE13, 0xEE13, 0xEE13, 0xEE13, 0xEE13, 0xEE13, 0xEE13, 0xEE13, 0xEE13, 0xEE13, 0xEE13, 
0xEE13, 0xEE13, 0xEE13, 0xEE13, 0xEE13, 0xEE13, 0xEE13, 0xEE13, 0xEE13, 0xEE13, 0xEE13, 0xEE13, 
0xEE13, 0xEE13, 0xEE13, 0xEE13, 0xEE13, 0xEE13, 0xEE13, 0xEE13, 0xEE13, 0xEE13, 0xEE13, 0xEE13, 
0xEE13, 0xEE13, 0xEE13, 0xEE13, 0xEE13, 0xEE13, 0xEE13, 0xEE13, 0xEE13, 0xEE13, 0xEE13, 0xEE13, 
0xEE13, 0xEE13, 0xEE13, 0xEE13, 0xEE13, 0xEE13, 0xEE13, 0xEE13, 0xEE13, 0xEE13, 0xEE13, 0xEE13, 
0xEE13, 0xEE13, 0xEE13, 0xEE13, 0xEE13, 0xEE13, 0xEE13, 0xEE13, 0xEE13, 0xEE13, 0xEE13, 0xEE13, 
0xEE13, 0xEE13, 0xEE13, 0xEE13, 0xEE13, 0xEE13, 0xEE13, 0xEE13, 0xEE13, 0xEE13, 0xEE13, 0xEE13, 
0xEE13, 0xEE13, 0xEE13, 0xEE13, 0xEE13, 0xEE13, 0xEE13, 0xEE13, 0xEE13, 0xEE13, 0xEE13, 0xEE13, 
0xEE13, 0xEE13, 0xEE13, 0xEE13, 0xEE13, 0xEE13, 0xEE13, 0xEE13, 0xEE13, 0xEE13, 0xEE13, 0xEE13, 
0xEE13, 0xEE13, 0xEE13, 0xEE13, 0xEE13, 0xEE13, 0xEE13, 0xEE13, 0xEE13, 0xEE13, 0xEE13, 0xEE13, 
0xEE13, 0xEE13, 0xEE13, 0xEE13, 0xEE13, 0xEE13, 0xEE13, 0xEE13, 0xEE13, 0xEE13, 0xEE13, 0xEE13, 
0xEE13, 0xEE13, 0xEE13, 0xEE13, 0xEE13, 0xEE13, 0xEE13, 0xEE13, 0xEE13, 0xEE13, 0xEE13, 0xEE13, 
0xEE13, 0xEE13, 0xEE13, 0xEE13, 0xEE13, 0xEE13, 0xEE13, 0xEE13, 0xEE13, 0xEE13, 0xEE13, 0xEE13, 
0xEE13, 0xEE13, 0xEE13, 0xEE13, 0xEE13, 0xEE13, 0xEE13, 0xEE13, 0xEE13, 0xEE13, 0xEE13, 0xEE13, 
0xEE13, 0xEE13, 0xEE13, 0xEE13, 0xEE13, 0xEE13, 0xEE13, 0xEE13, 0xEE13, 0xEE13, 0xEE13, 0xEE13, 
0xEE13, 0xEE13, 0xEE13, 0xEE13, 0xEE13, 0xEE13, 0xEE13, 0xEE13, 0xEE13, 0xEE13, 0xEE13, 0xEE13, 
0xEE13, 0xEE13, 0xEE13, 0xEE13, 0xEE13, 0xEE13, 0xEE13, 0xEE13, 0xEE13, 0xEE13, 0xEE13, 0xEE13, 
0xEE13, 0xEE13, 0xEE13, 0xEE13, 0xEE13, 0xEE13, 0xEE13, 0xEE13, 0xEE13, 0xEE13, 0xEE13, 0xEE13, 
0xEE13, 0xEE13, 0xEE13, 0xEE13, 0xEE13, 0xEE13, 0xEE13, 0xEE13, 0xEE13, 0xEE13, 0xEE13, 0xEE13, 
0xEE13, 0xEE13, 0xEE13, 0xEE13, 0xEE13, 0xEE13, 0xEE13, 0xEE13, 0xEE13, 0xEE13, 0xEE13, 0xEE13, 
0xEE13, 0xEE13, 0xEE13, 0xEE13, 0xEE13, 0xEE13, 0xEE13, 0xEE13, 0xEE13, 0xEE13, 0xEE13, 0xEE13, 
0xEE13, 0xEE13, 0xEE13, 0xEE13, 0xEE13, 0xEE13, 0xEE13, 0xEE13, 0xEE13, 0xEE13, 0xEE13, 0xEE13, 
0xEE13, 0xEE13, 0xEE13, 0xEE13, 0xEE13, 0xEE13, 0xEE13, 0xEE13, 0xEE13, 0xEE13, 0xEE13, 0xEE13, 
0xEE13, 0xEE13, 0xEE13, 0xEE13, 0xEE13, 0xEE13, 0xEE13, 0xEE13, 0xEE13, 0xEE13, 0xEE13, 0xEE13, 
0xEE13, 0xEE13, 0xEE13, 0xEE13, 0xEE13, 0xEE13, 0xEE13, 0xEE13, 0xEE13, 0xEE13, 0xEE13, 0xEE13, 
0xEE13, 0xEE13, 0xEE13, 0xEE13, 0xEE13, 0xEE13, 0xEE13, 0xEE13, 0xEE13, 0xEE13, 0xEE13, 0xEE13, 
0xEE13, 0xEE13, 0xEE13, 0xEE13, 0xEE13, 0xEE13, 0xEE13, 0xEE13, 0xEE13, 0xEE13, 0xEE13, 0xEE13, 
0xEE13, 0xEE13, 0xEE13, 0xEE13, 0xEE13, 0xEE13, 0xEE13, 0xEE13, 0xEE13, 0xEE13, 0xEE13, 0xEE13, 
0xEE13, 0xEE13, 0xEE13, 0xEE13, 0xEE13, 0xEE13, 0xEE13, 0xEE13, 0xEE13, 0xEE13, 0xEE13, 0xEE13, 
0xEE13, 0xEE13, 0xEE13, 0xEE13, 0xEE13, 0xEE13, 0xEE13, 0xEE13, 0xEE13, 0xEE13, 0xEE13, 0xEE13, 
0xEE13, 0xEE13, 0xEE13, 0xEE13, 0xEE13, 0xEE13, 0xEE13, 0xEE13, 0xEE13, 0xEE13, 0xEE13, 0xEE13, 
0xEE13, 0xEE13, 0xEE13, 0xEE13, 0xEE13, 0xEE13, 0xEE13, 0xEE13, 0xEE13, 0xEE13, 0xEE13, 0xEE13, 
0xEE13, 0xEE13, 0xEE13, 0xEE13, 0xEE13, 0xEE13, 0xEE13, 0xEE13, 0xEE13, 0xEE13, 0xEE13, 0xEE13, 
0xEE13, 0xEE13, 0xEE13, 0xEE13, 0xEE13, 0xEE13, 0xEE13, 0xEE13, 0xEE13, 0xEE13, 0xEE13, 0xEE13, 
0xEE13, 0xEE13, 0xEE13, 0xEE13, 0xEE13, 0xEE13, 0xEE13, 0xEE13, 0xEE13, 0xEE13, 0xEE13, 0xEE13, 
0xEE13, 0xEE13, 0xEE13, 0xEE13, 0xEE13, 0xEE13, 0xEE13, 0xEE13, 0xEE13, 0xEE13, 0xEE13, 0xEE13, 
0xEE13, 0xEE13, 0xEE13, 0xEE13, 0xEE13, 0xEE13, 0xEE13, 0xEE13, 0xEE13, 0xEE13, 0xEE13, 0xEE13, 
0xEE13, 0xEE13, 0xEE13, 0xEE13, 0xEE13, 0xEE13, 0xEE13, 0xEE13, 0xEE13, 0xEE13, 0xEE13, 0xEE13, 
0xEE13, 0xEE13, 0xEE13, 0xEE13, 0xEE13, 0xEE13, 0xEE13, 0xEE13, 0xEE13, 0xEE13, 0xEE13, 0xEE13, 
0xEE13, 0xEE13, 0xEE13, 0xEE13, 0xEE13, 0xEE13, 0xEE13, 0xEE13, 0xEE13, 0xEE13, 0xEE13, 0xEE13, 
0xEE13, 0xEE13, 0xEE13, 0xEE13, 0xEE13, 0xEE13, 0xEE13, 0xEE13, 0xEE13, 0xEE13, 0xEE13, 0xEE13, 
0xEE13, 0xEE13, 0xEE13, 0xEE13, 0xEE13, 0xEE13, 0xEE13, 0xEE13, 0xEE13, 0xEE13, 0xEE13, 0xEE13, 
0xEE13, 0xEE13, 0xEE13, 0xEE13, 0xEE13, 0xEE13, 0xEE13, 0xEE13, 0xEE13, 0xEE13, 0xEE13, 0xEE13, 
0xEE13, 0xEE13, 0xEE13, 0xEE13, 0xEE13, 0xEE13, 0xEE13, 0xEE13, 0xEE13, 0xEE13, 0xEE13, 0xEE13, 
0xEE13, 0xEE13, 0xEE13, 0xEE13, 0xEE13, 0xEE13, 0xEE13, 0xEE13, 0xEE13, 0xEE13, 0xEE13, 0xEE13, 
0xEE13, 0xEE13, 0xEE13, 0xEE13, 0xEE13, 0xEE13, 0xEE13, 0xEE13, 0xEE13, 0xEE13, 0xEE13, 0xEE13, 
0xEE13, 0xEE13, 0xEE13, 0xEE13, 0xEE13, 0xEE13, 0xEE13, 0xEE13, 0xEE13, 0xEE13, 0xEE13, 0xEE13, 
0xEE13, 0xEE13, 0xEE13, 0xEE13, 0xEE13, 0xEE13, 0xEE13, 0xEE13, 0xEE13, 0xEE13, 0xEE13, 0xEE13, 
0xEE13, 0xEE13, 0xEE13, 0xEE13, 0xEE13, 0xEE13, 0xEE13, 0xEE13, 0xEE13, 0xEE13, 0xEE13, 0xEE13, 
0xEE13, 0xEE13, 0xEE13, 0xEE13, 0xEE13, 0xEE13, 0xEE13, 0xEE13, 0xEE13, 0xEE13, 0xEE13, 0xEE13, 
0xEE13, 0xEE13, 0xEE13, 0xEE13, 0xEE13, 0xEE13, 0xEE13, 0xEE13, 0xEE13, 0xEE13, 0xEE13, 0xEE13, 
0xEE13, 0xEE13, 0xEE13, 0xEE13, 0xEE13, 0xEE13, 0xEE13, 0xEE13, 0xEE13, 0xEE13, 0xEE13, 0xEE13, 
0xEE13, 0xEE13, 0xEE13, 0xEE13, 0xEE13, 0xEE13, 0xEE13, 0xEE13, 0xEE13, 0xEE13, 0xEE13, 0xEE13, 
0xEE13, 0xEE13, 0xEE13, 0xEE13, 0xEE13, 0xEE13, 0xEE13, 0xEE13, 0xEE13, 0xEE13, 0xEE13, 0xEE13, 
0xEE13, 0xEE13, 0xEE13, 0xEE13, 0xEE13, 0xEE13, 0xEE13, 0xEE13, 0xEE13, 0xEE13, 0xEE13, 0xEE13, 
0xEE13, 0xEE13, 0xEE13, 0xEE13, 0xEE13, 0xEE13, 0xEE13, 0xEE13, 0xEE13, 0xEE13, 0xEE13, 0xEE13, 
0xEE13, 0xEE13, 0xEE13, 0xEE13, 0xEE13, 0xEE13, 0xEE13, 0xEE13, 0xEE13, 0xEE13, 0xEE13, 0xEE13, 
0xEE13, 0xEE13, 0xEE13, 0xEE13, 0xEE13, 0xEE13, 0xEE13, 0xEE13, 0xEE13, 0xEE13, 0xEE13, 0xEE13, 
0xEE13, 0xEE13, 0xEE13, 0xEE13, 0xEE13, 0xEE13, 0xEE13, 0xEE13, 0xEE13, 0xEE13, 0xEE13, 0xEE13, 
0xEE13, 0xEE13, 0xEE13, 0xEE13, 0xEE13, 0xEE13, 0xEE13, 0xEE13, 0xEE13, 0xEE13, 0xEE13, 0xEE13, 
0xEE13, 0xEE13, 0xEE13, 0xEE13, 0xEE13, 0xEE13, 0xEE13, 0xEE13, 0xEE13, 0xEE13, 0xEE13, 0xEE13, 
0xEE13, 0xEE13, 0xEE13, 0xEE13, 0xEE13, 0xEE13, 0xEE13, 0xEE13, 0xEE13, 0xEE13, 0xEE13, 0xEE13, 
0xEE13, 0xEE13, 0xEE13, 0xEE13, 0xEE13, 0xEE13, 0xEE13, 0xEE13, 0xEE13, 0xEE13, 0xEE13, 0xEE13, 
0xEE13, 0xEE13, 0xEE13, 0xEE13, 0xEE13, 0xEE13, 0xEE13, 0xEE13, 0xEE13, 0xEE13, 0xEE13, 0xEE13, 
0xEE13, 0xEE13, 0xEE13, 0xEE13, 0xEE13, 0xEE13, 0xEE13, 0xEE13, 0xEE13, 0xEE13, 0xEE13, 0xEE13, 
0xEE13, 0xEE13, 0xEE13, 0xEE13, 0xEE13, 0xEE13, 0xEE13, 0xEE13, 0xEE13, 0xEE13, 0xEE13, 0xEE13, 
0xEE13, 0xEE13, 0xEE13, 0xEE13, 0xEE13, 0xEE13, 0xEE13, 0xEE13, 0xEE13, 0xEE13, 0xEE13, 0xEE13, 
0xEE13, 0xEE13, 0xEE13, 0xEE13, 0xEE13, 0xEE13, 0xEE13, 0xEE13, 0xEE13, 0xEE13, 0xEE13, 0xEE13, 
0xEE13, 0xEE13, 0xEE13, 0xEE13, 0xEE13, 0xEE13, 0xEE13, 0xEE13, 0xEE13, 0xEE13, 0xEE13, 0xEE13, 
0xEE13, 0xEE13, 0xEE13, 0xEE13, 0xEE13, 0xEE13, 0xEE13, 0xEE13, 0xEE13, 0xEE13, 0xEE13, 0xEE13, 
0xEE13, 0xEE13, 0xEE13, 0xEE13, 0xEE13, 0xEE13, 0xEE13, 0xEE13, 0xEE13, 0xEE13, 0xEE13, 0xEE13, 
0xEE13, 0xEE13, 0xEE13, 0xEE13, 0xEE13, 0xEE13, 0xEE13, 0xEE13, 0xEE13, 0xEE13, 0xEE13, 0xEE13, 
0xEE13, 0xEE13, 0xEE13, 0xEE13, 0xEE13, 0xEE13, 0xEE13, 0xEE13, 0xEE13, 0xEE13, 0xEE13, 0xEE13, 
0xEE13, 0xEE13, 0xEE13, 0xEE13, 0xEE13, 0xEE13, 0xEE13, 0xEE13, 0xEE13, 0xEE13, 0xEE13, 0xEE13, 
0xEE13, 0xEE13, 0xEE13, 0xEE13, 0xEE13, 0xEE13, 0xEE13, 0xEE13, 0xEE13, 0xEE13, 0xEE13, 0xEE13, 
0xEE13, 0xEE13, 0xEE13, 0xEE13, 0xEE13, 0xEE13, 0xEE13, 0xEE13, 0xEE13, 0xEE13, 0xEE13, 0xEE13, 
0xEE13, 0xEE13, 0xEE13, 0xEE13, 0xEE13, 0xEE13, 0xEE13, 0xEE13, 0xEE13, 0xEE13, 0xEE13, 0xEE13, 
0xEE13, 0xEE13, 0xEE13, 0xEE13, 0xEE13, 0xEE13, 0xEE13, 0xEE13, 0xEE13, 0xEE13, 0xEE13, 0xEE13, 
0xEE13, 0xEE13, 0xEE13, 0xEE13, 0xEE13, 0xEE13, 0xEE13, 0xEE13, 0xEE13, 0xEE13, 0xEE13, 0xEE13, 
0xEE13, 0xEE13, 0xEE13, 0xEE13, 0xEE13, 0xEE13, 0xEE13, 0xEE13, 0xEE13, 0xEE13, 0xEE13, 0xEE13, 
0xEE13, 0xEE13, 0xEE13, 0xEE13, 0xEE13, 0xEE13, 0xEE13, 0xEE13, 0xEE13, 0xEE13, 0xEE13, 0xEE13, 
0xEE13, 0xEE13, 0xEE13, 0xEE13, 0xEE13, 0xEE13, 0xEE13, 0xEE13, 0xEE13, 0xEE13, 0xEE13, 0xEE13, 
0xEE13, 0xEE13, 0xEE13, 0xEE13, 0xEE13, 0xEE13, 0xEE13, 0xEE13, 0xEE13, 0xEE13, 0xEE13, 0xEE13, 
0xEE13, 0xEE13, 0xEE13, 0xEE13, 0xEE13, 0xEE13, 0xEE13, 0xEE13, 0xEE13, 0xEE13, 0xEE13, 0xEE13, 
0xEE13, 0xEE13, 0xEE13, 0xEE13, 0xEE13, 0xEE13, 0xEE13, 0xEE13, 0xEE13, 0xEE13, 0xEE13, 0xEE13, 
0xEE13, 0xEE13, 0xEE13, 0xEE13, 0xEE13, 0xEE13, 0xEE13, 0xEE13, 0xEE13, 0xEE13, 0xEE13, 0xEE13, 
0xEE13, 0xEE13, 0xEE13, 0xEE13, 0xEE13, 0xEE13, 0xEE13, 0xEE13, 0xEE13, 0xEE13, 0xEE13, 0xEE13, 
0xEE13, 0xEE13, 0xEE13, 0xEE13, 0xEE13, 0xEE13, 0xEE13, 0xEE13, 0xEE13, 0xEE13, 0xEE13, 0xEE13, 
0xEE13, 0xEE13, 0xEE13, 0xEE13, 0xEE13, 0xEE13, 0xEE13, 0xEE13, 0xEE13, 0xEE13, 0xEE13, 0xEE13, 
0xEE13, 0xEE13, 0xEE13, 0xEE13, 0xEE13, 0xEE13, 0xEE13, 0xEE13, 0xEE13, 0xEE13, 0xEE13, 0xEE13, 
0xEE13, 0xEE13, 0xEE13, 0xEE13, 0xEE13, 0xEE13, 0xEE13, 0xEE13, 0xEE13, 0xEE13, 0xEE13, 0xEE13, 
0xEE13, 0xEE13, 0xEE13, 0xEE13, 0xEE13, 0xEE13, 0xEE13, 0xEE13, 0xEE13, 0xEE13, 0xEE13, 0xEE13, 
0xEE13, 0xEE13, 0xEE13, 0xEE13, 0xEE13, 0xEE13, 0xEE13, 0xEE13, 0xEE13, 0xEE13, 0xEE13, 0xEE13, 
0xEE13, 0xEE13, 0xEE13, 0xEE13, 
};
