#include "assets.h"

const uint16_t execute_img[16384] = {
0xEE13, 0xEE13, 0xEE13, 0xEE13, 0xEE13, 0xEE13, 0xEE13, 0xEE13, 0xEE13, 0xEE13, 0xEE13, 0xEE13, 
0xEE13, 0xEE13, 0xEE13, 0xEE13, 0xEE13, 0xEE13, 0xEE13, 0xEE13, 0xEE13, 0xEE13, 0xEE13, 0xEE13, 
0xEE13, 0xEE13, 0xEE13, 0xEE13, 0xEE13, 0xEE13, 0xEE13, 0xEE13, 0xEE13, 0xEE13, 0xEE13, 0xEE13, 
0xEE13, 0xEE13, 0xEE13, 0xEE13, 0xEE13, 0xEE13, 0xEE13, 0xEE13, 0xEE13, 0xEE13, 0xEE13, 0xEE13, 
0xEE13, 0xEE13, 0xEE13, 0xEE13, 0xEE13, 0xEE13, 0xEE13, 0xEE13, 0xEE13, 0xEE13, 0xEE13, 0xEE13, 
0xEE13, 0xEE13, 0xEE13, 0xEE13, 0xEE13, 0xEE13, 0xEE13, 0xEE13, 0xEE13, 0xEE13, 0xEE13, 0xEE13, 
0xEE13, 0xEE13, 0xEE13, 0xEE13, 0xEE13, 0xEE13, 0xEE13, 0xEE13, 0xEE13, 0xEE13, 0xEE13, 0xEE13, 
0xEE13, 0xEE13, 0xEE13, 0xEE13, 0xEE13, 0xEE13, 0xEE13, 0xEE13, 0xEE13, 0xEE13, 0xEE13, 0xEE13, 
0xEE13, 0xEE13, 0xEE13, 0xEE13, 0xEE13, 0xEE13, 0xEE13, 0xEE13, 0xEE13, 0xEE13, 0xEE13, 0xEE13, 
0xEE13, 0xEE13, 0xEE13, 0xEE13, 0xEE13, 0xEE13, 0xEE13, 0xEE13, 0xEE13, 0xEE13, 0xEE13, 0xEE13, 
0xEE13, 0xEE13, 0xEE13, 0xEE13, 0xEE13, 0xEE13, 0xEE13, 0xEE13, 0xEE13, 0xEE13, 0xEE13, 0xEE13, 
0xEE13, 0xEE13, 0xEE13, 0xEE13, 0xEE13, 0xEE13, 0xEE13, 0xEE13, 0xEE13, 0xEE13, 0xEE13, 0xEE13, 
0xEE13, 0xEE13, 0xEE13, 0xEE13, 0xEE13, 0xEE13, 0xEE13, 0xEE13, 0xEE13, 0xEE13, 0xEE13, 0xEE13, 
0xEE13, 0xEE13, 0xEE13, 0xEE13, 0xEE13, 0xEE13, 0xEE13, 0xEE13, 0xEE13, 0xEE13, 0xEE13, 0xEE13, 
0xEE13, 0xEE13, 0xEE13, 0xEE13, 0xEE13, 0xEE13, 0xEE13, 0xEE13, 0xEE13, 0xEE13, 0xEE13, 0xEE13, 
0xEE13, 0xEE13, 0xEE13, 0xEE13, 0xEE13, 0xEE13, 0xEE13, 0xEE13, 0xEE13, 0xEE13, 0xEE13, 0xEE13, 
0xEE13, 0xEE13, 0xEE13, 0xEE13, 0xEE13, 0xEE13, 0xEE13, 0xEE13, 0xEE13, 0xEE13, 0xEE13, 0xEE13, 
0xEE13, 0xEE13, 0xEE13, 0xEE13, 0xEE13, 0xEE13, 0xEE13, 0xEE13, 0xEE13, 0xEE13, 0xEE13, 0xEE13, 
0xEE13, 0xEE13, 0xEE13, 0xEE13, 0xEE13, 0xEE13, 0xEE13, 0xEE13, 0xEE13, 0xEE13, 0xEE13, 0xEE13, 
0xEE13, 0xEE13, 0xEE13, 0xEE13, 0xEE13, 0xEE13, 0xEE13, 0xEE13, 0xEE13, 0xEE13, 0xEE13, 0xEE13, 
0xEE13, 0xEE13, 0xEE13, 0xEE13, 0xEE13, 0xEE13, 0xEE13, 0xEE13, 0xEE13, 0xEE13, 0xEE13, 0xEE13, 
0xEE13, 0xEE13, 0xEE13, 0xEE13, 0xEE13, 0xEE13, 0xEE13, 0xEE13, 0xEE13, 0xEE13, 0xEE13, 0xEE13, 
0xEE13, 0xEE13, 0xEE13, 0xEE13, 0xEE13, 0xEE13, 0xEE13, 0xEE13, 0xEE13, 0xEE13, 0xEE13, 0xEE13, 
0xEE13, 0xEE13, 0xEE13, 0xEE13, 0xEE13, 0xEE13, 0xEE13, 0xEE13, 0xEE13, 0xEE13, 0xEE13, 0xEE13, 
0xEE13, 0xEE13, 0xEE13, 0xEE13, 0xEE13, 0xEE13, 0xEE13, 0xEE13, 0xEE13, 0xEE13, 0xEE13, 0xEE13, 
0xEE13, 0xEE13, 0xEE13, 0xEE13, 0xEE13, 0xEE13, 0xEE13, 0xEE13, 0xEE13, 0xEE13, 0xEE13, 0xEE13, 
0xEE13, 0xEE13, 0xEE13, 0xEE13, 0xEE13, 0xEE13, 0xEE13, 0xEE13, 0xEE13, 0xEE13, 0xEE13, 0xEE13, 
0xEE13, 0xEE13, 0xEE13, 0xEE13, 0xEE13, 0xEE13, 0xEE13, 0xEE13, 0xEE13, 0xEE13, 0xEE13, 0xEE13, 
0xEE13, 0xEE13, 0xEE13, 0xEE13, 0xEE13, 0xEE13, 0xEE13, 0xEE13, 0xEE13, 0xEE13, 0xEE13, 0xEE13, 
0xEE13, 0xEE13, 0xEE13, 0xEE13, 0xEE13, 0xEE13, 0xEE13, 0xEE13, 0xEE13, 0xEE13, 0xEE13, 0xEE13, 
0xEE13, 0xEE13, 0xEE13, 0xEE13, 0xEE13, 0xEE13, 0xEE13, 0xEE13, 0xEE13, 0xEE13, 0xEE13, 0xEE13, 
0xEE13, 0xEE13, 0xEE13, 0xEE13, 0xEE13, 0xEE13, 0xEE13, 0xEE13, 0xEE13, 0xEE13, 0xEE13, 0xEE13, 
0xEE13, 0xEE13, 0xEE13, 0xEE13, 0xEE13, 0xEE13, 0xEE13, 0xEE13, 0xEE13, 0xEE13, 0xEE13, 0xEE13, 
0xEE13, 0xEE13, 0xEE13, 0xEE13, 0xEE13, 0xEE13, 0xEE13, 0xEE13, 0xEE13, 0xEE13, 0xEE13, 0xEE13, 
0xEE13, 0xEE13, 0xEE13, 0xEE13, 0xEE13, 0xEE13, 0xEE13, 0xEE13, 0xEE13, 0xEE13, 0xEE13, 0xEE13, 
0xEE13, 0xEE13, 0xEE13, 0xEE13, 0xEE13, 0xEE13, 0xEE13, 0xEE13, 0xEE13, 0xEE13, 0xEE13, 0xEE13, 
0xEE13, 0xEE13, 0xEE13, 0xEE13, 0xEE13, 0xEE13, 0xEE13, 0xEE13, 0xEE13, 0xEE13, 0xEE13, 0xEE13, 
0xEE13, 0xEE13, 0xEE13, 0xEE13, 0xEE13, 0xEE13, 0xEE13, 0xEE13, 0xEE13, 0xEE13, 0xEE13, 0xEE13, 
0xEE13, 0xEE13, 0xEE13, 0xEE13, 0xEE13, 0xEE13, 0xEE13, 0xEE13, 0xEE13, 0xEE13, 0xEE13, 0xEE13, 
0xEE13, 0xEE13, 0xEE13, 0xEE13, 0xEE13, 0xEE13, 0xEE13, 0xEE13, 0xEE13, 0xEE13, 0xEE13, 0xEE13, 
0xEE13, 0xEE13, 0xEE13, 0xEE13, 0xEE13, 0xEE13, 0xEE13, 0xEE13, 0xEE13, 0xEE13, 0xEE13, 0xEE13, 
0xEE13, 0xEE13, 0xEE13, 0xEE13, 0xEE13, 0xEE13, 0xEE13, 0xEE13, 0xEE13, 0xEE13, 0xEE13, 0xEE13, 
0xEE13, 0xEE13, 0xEE13, 0xEE13, 0xEE13, 0xEE13, 0xEE13, 0xEE13, 0xEE13, 0xEE13, 0xEE13, 0xEE13, 
0xEE13, 0xEE13, 0xEE13, 0xEE13, 0xEE13, 0xEE13, 0xEE13, 0xEE13, 0xEE13, 0xEE13, 0xEE13, 0xEE13, 
0xEE13, 0xEE13, 0xEE13, 0xEE13, 0xEE13, 0xEE13, 0xEE13, 0xEE13, 0xEE13, 0xEE13, 0xEE13, 0xEE13, 
0xEE13, 0xEE13, 0xEE13, 0xEE13, 0xEE13, 0xEE13, 0xEE13, 0xEE13, 0xEE13, 0xEE13, 0xEE13, 0xEE13, 
0xEE13, 0xEE13, 0xEE13, 0xEE13, 0xEE13, 0xEE13, 0xEE13, 0xEE13, 0xEE13, 0xEE13, 0xEE13, 0xEE13, 
0xEE13, 0xEE13, 0xEE13, 0xEE13, 0xEE13, 0xEE13, 0xEE13, 0xEE13, 0xEE13, 0xEE13, 0xEE13, 0xEE13, 
0xEE13, 0xEE13, 0xEE13, 0xEE13, 0xEE13, 0xEE13, 0xEE13, 0xEE13, 0xEE13, 0xEE13, 0xEE13, 0xEE13, 
0xEE13, 0xEE13, 0xEE13, 0xEE13, 0xEE13, 0xEE13, 0xEE13, 0xEE13, 0xEE13, 0xEE13, 0xEE13, 0xEE13, 
0xEE13, 0xEE13, 0xEE13, 0xEE13, 0xEE13, 0xEE13, 0xEE13, 0xEE13, 0xEE13, 0xEE13, 0xEE13, 0xEE13, 
0xEE13, 0xEE13, 0xEE13, 0xEE13, 0xEE13, 0xEE13, 0xEE13, 0xEE13, 0xEE13, 0xEE13, 0xEE13, 0xEE13, 
0xEE13, 0xEE13, 0xEE13, 0xEE13, 0xEE13, 0xEE13, 0xEE13, 0xEE13, 0xEE13, 0xEE13, 0xEE13, 0xEE13, 
0xEE13, 0xEE13, 0xEE13, 0xEE13, 0xEE13, 0xEE13, 0xEE13, 0xEE13, 0xEE13, 0xEE13, 0xEE13, 0xEE13, 
0xEE13, 0xEE13, 0xEE13, 0xEE13, 0xEE13, 0xEE13, 0xEE13, 0xEE13, 0xEE13, 0xEE13, 0xEE13, 0xEE13, 
0xEE13, 0xEE13, 0xEE13, 0xEE13, 0xEE13, 0xEE13, 0xEE13, 0xEE13, 0xEE13, 0xEE13, 0xEE13, 0xEE13, 
0xEE13, 0xEE13, 0xEE13, 0xEE13, 0xEE13, 0xEE13, 0xEE13, 0xEE13, 0xEE13, 0xEE13, 0xEE13, 0xEE13, 
0xEE13, 0xEE13, 0xEE13, 0xEE13, 0xEE13, 0xEE13, 0xEE13, 0xEE13, 0xEE13, 0xEE13, 0xEE13, 0xEE13, 
0xEE13, 0xEE13, 0xEE13, 0xEE13, 0xEE13, 0xEE13, 0xEE13, 0xEE13, 0xEE13, 0xEE13, 0xEE13, 0xEE13, 
0xEE13, 0xEE13, 0xEE13, 0xEE13, 0xEE13, 0xEE13, 0xEE13, 0xEE13, 0xEE13, 0xEE13, 0xEE13, 0xEE13, 
0xEE13, 0xEE13, 0xEE13, 0xEE13, 0xEE13, 0xEE13, 0xEE13, 0xEE13, 0xEE13, 0xEE13, 0xEE13, 0xEE13, 
0xEE13, 0xEE13, 0xEE13, 0xEE13, 0xEE13, 0xEE13, 0xEE13, 0xEE13, 0xEE13, 0xEE13, 0xEE13, 0xEE13, 
0xEE13, 0xEE13, 0xEE13, 0xEE13, 0xEE13, 0xEE13, 0xEE13, 0xEE13, 0xEE13, 0xEE13, 0xEE13, 0xEE13, 
0xEE13, 0xEE13, 0xEE13, 0xEE13, 0xEE13, 0xEE13, 0xEE13, 0xEE13, 0xEE13, 0xEE13, 0xEE13, 0xEE13, 
0xEE13, 0xEE13, 0xEE13, 0xEE13, 0xEE13, 0xEE13, 0xEE13, 0xEE13, 0xEE13, 0xEE13, 0xEE13, 0xEE13, 
0xEE13, 0xEE13, 0xEE13, 0xEE13, 0xEE13, 0xEE13, 0xEE13, 0xEE13, 0xEE13, 0xEE13, 0xEE13, 0xEE13, 
0xEE13, 0xEE13, 0xEE13, 0xEE13, 0xEE13, 0xEE13, 0xEE13, 0xEE13, 0xEE13, 0xEE13, 0xEE13, 0xEE13, 
0xEE13, 0xEE13, 0xEE13, 0xEE13, 0xEE13, 0xEE13, 0xEE13, 0xEE13, 0xEE13, 0xEE13, 0xEE13, 0xEE13, 
0xEE13, 0xEE13, 0xEE13, 0xEE13, 0xEE13, 0xEE13, 0xEE13, 0xEE13, 0xEE13, 0xEE13, 0xEE13, 0xEE13, 
0xEE13, 0xEE13, 0xEE13, 0xEE13, 0xEE13, 0xEE13, 0xEE13, 0xEE13, 0xEE13, 0xEE13, 0xEE13, 0xEE13, 
0xEE13, 0xEE13, 0xEE13, 0xEE13, 0xEE13, 0xEE13, 0xEE13, 0xEE13, 0xEE13, 0xEE13, 0xEE13, 0xEE13, 
0xEE13, 0xEE13, 0xEE13, 0xEE13, 0xEE13, 0xEE13, 0xEE13, 0xEE13, 0xEE13, 0xEE13, 0xEE13, 0xEE13, 
0xEE13, 0xEE13, 0xEE13, 0xEE13, 0xEE13, 0xEE13, 0xEE13, 0xEE13, 0xEE13, 0xEE13, 0xEE13, 0xEE13, 
0xEE13, 0xEE13, 0xEE13, 0xEE13, 0xEE13, 0xEE13, 0xEE13, 0xEE13, 0xEE13, 0xEE13, 0xEE13, 0xEE13, 
0xEE13, 0xEE13, 0xEE13, 0xEE13, 0xEE13, 0xEE13, 0xEE13, 0xEE13, 0xEE13, 0xEE13, 0xEE13, 0xEE13, 
0xEE13, 0xEE13, 0xEE13, 0xEE13, 0xEE13, 0xEE13, 0xEE13, 0xEE13, 0xEE13, 0xEE13, 0xEE13, 0xEE13, 
0xEE13, 0xEE13, 0xEE13, 0xEE13, 0xEE13, 0xEE13, 0xEE13, 0xEE13, 0xEE13, 0xEE13, 0xEE13, 0xEE13, 
0xEE13, 0xEE13, 0xEE13, 0xEE13, 0xEE13, 0xEE13, 0xEE13, 0xEE13, 0xEE13, 0xEE13, 0xEE13, 0xEE13, 
0xEE13, 0xEE13, 0xEE13, 0xEE13, 0xEE13, 0xEE13, 0xEE13, 0xEE13, 0xEE13, 0xEE13, 0xEE13, 0xEE13, 
0xEE13, 0xEE13, 0xEE13, 0xEE13, 0xEE13, 0xEE13, 0xEE13, 0xEE13, 0xEE13, 0xEE13, 0xEE13, 0xEE13, 
0xEE13, 0xEE13, 0xEE13, 0xEE13, 0xEE13, 0xEE13, 0xEE13, 0xEE13, 0xEE13, 0xEE13, 0xEE13, 0xEE13, 
0xEE13, 0xEE13, 0xEE13, 0xEE13, 0xEE13, 0xEE13, 0xEE13, 0xEE13, 0xEE13, 0xEE13, 0xEE13, 0xEE13, 
0xEE13, 0xEE13, 0xEE13, 0xEE13, 0xEE13, 0xEE13, 0xEE13, 0xEE13, 0xEE13, 0xEE13, 0xEE13, 0xEE13, 
0xEE13, 0xEE13, 0xEE13, 0xEE13, 0xEE13, 0xEE13, 0xEE13, 0xEE13, 0xEE13, 0xEE13, 0xEE13, 0xEE13, 
0xEE13, 0xEE13, 0xEE13, 0xEE13, 0xEE13, 0xEE13, 0xEE13, 0xEE13, 0xEE13, 0xEE13, 0xEE13, 0xEE13, 
0xEE13, 0xEE13, 0xEE13, 0xEE13, 0xEE13, 0xEE13, 0xEE13, 0xEE13, 0xEE13, 0xEE13, 0xEE13, 0xEE13, 
0xEE13, 0xEE13, 0xEE13, 0xEE13, 0xEE13, 0xEE13, 0xEE13, 0xEE13, 0xEE13, 0xEE13, 0xEE13, 0xEE13, 
0xEE13, 0xEE13, 0xEE13, 0xEE13, 0xEE13, 0xEE13, 0xEE13, 0xEE13, 0xEE13, 0xEE13, 0xEE13, 0xEE13, 
0xEE13, 0xEE13, 0xEE13, 0xEE13, 0xEE13, 0xEE13, 0xEE13, 0xEE13, 0xEE13, 0xEE13, 0xEE13, 0xEE13, 
0xEE13, 0xEE13, 0xEE13, 0xEE13, 0xEE13, 0xEE13, 0xEE13, 0xEE13, 0xEE13, 0xEE13, 0xEE13, 0xEE13, 
0xEE13, 0xEE13, 0xEE13, 0xEE13, 0xEE13, 0xEE13, 0xEE13, 0xEE13, 0xEE13, 0xEE13, 0xEE13, 0xEE13, 
0xEE13, 0xEE13, 0xEE13, 0xEE13, 0xEE13, 0xEE13, 0xEE13, 0xEE13, 0xEE13, 0xEE13, 0xEE13, 0xEE13, 
0xEE13, 0xEE13, 0xEE13, 0xEE13, 0xEE13, 0xEE13, 0xEE13, 0xEE13, 0xEE13, 0xEE13, 0xEE13, 0xEE13, 
0xEE13, 0xEE13, 0xEE13, 0xEE13, 0xEE13, 0xEE13, 0xEE13, 0xEE13, 0xEE13, 0xEE13, 0xEE13, 0xEE13, 
0xEE13, 0xEE13, 0xEE13, 0xEE13, 0xEE13, 0xEE13, 0xEE13, 0xEE13, 0xEE13, 0xEE13, 0xEE13, 0xEE13, 
0xEE13, 0xEE13, 0xEE13, 0xEE13, 0xEE13, 0xEE13, 0xEE13, 0xEE13, 0xEE13, 0xEE13, 0xEE13, 0xEE13, 
0xEE13, 0xEE13, 0xEE13, 0xEE13, 0xEE13, 0xEE13, 0xEE13, 0xEE13, 0xEE13, 0xEE13, 0xEE13, 0xEE13, 
0xEE13, 0xEE13, 0xEE13, 0xEE13, 0xEE13, 0xEE13, 0xEE13, 0xEE13, 0xEE13, 0xEE13, 0xEE13, 0xEE13, 
0xEE13, 0xEE13, 0xEE13, 0xEE13, 0xEE13, 0xEE13, 0xEE13, 0xEE13, 0xEE13, 0xEE13, 0xEE13, 0xEE13, 
0xEE13, 0xEE13, 0xEE13, 0xEE13, 0xEE13, 0xEE13, 0xEE13, 0xEE13, 0xEE13, 0xEE13, 0xEE13, 0xEE13, 
0xEE13, 0xEE13, 0xEE13, 0xEE13, 0xEE13, 0xEE13, 0xEE13, 0xEE13, 0xEE13, 0xEE13, 0xEE13, 0xEE13, 
0xEE13, 0xEE13, 0xEE13, 0xEE13, 0xEE13, 0xEE13, 0xEE13, 0xEE13, 0xEE13, 0xEE13, 0xEE13, 0xEE13, 
0xEE13, 0xEE13, 0xEE13, 0xEE13, 0xEE13, 0xEE13, 0xEE13, 0xEE13, 0xEE13, 0xEE13, 0xEE13, 0xEE13, 
0xEE13, 0xEE13, 0xEE13, 0xEE13, 0xEE13, 0xEE13, 0xEE13, 0xEE13, 0xEE13, 0xEE13, 0xEE13, 0xEE13, 
0xEE13, 0xEE13, 0xEE13, 0xEE13, 0xEE13, 0xEE13, 0xEE13, 0xEE13, 0xEE13, 0xEE13, 0xEE13, 0xEE13, 
0xEE13, 0xEE13, 0xEE13, 0xEE13, 0xEE13, 0xEE13, 0xEE13, 0xEE13, 0xEE13, 0xEE13, 0xEE13, 0xEE13, 
0xEE13, 0xEE13, 0xEE13, 0xEE13, 0xEE13, 0xEE13, 0xEE13, 0xEE13, 0xEE13, 0xEE13, 0xEE13, 0xEE13, 
0xEE13, 0xEE13, 0xEE13, 0xEE13, 0xEE13, 0xEE13, 0xEE13, 0xEE13, 0xEE13, 0xEE13, 0xEE13, 0xEE13, 
0xEE13, 0xEE13, 0xEE13, 0xEE13, 0xEE13, 0xEE13, 0xEE13, 0xEE13, 0xEE13, 0xEE13, 0xEE13, 0xEE13, 
0xEE13, 0xEE13, 0xEE13, 0xEE13, 0xEE13, 0xEE13, 0xEE13, 0xEE13, 0xEE13, 0xEE13, 0xEE13, 0xEE13, 
0xEE13, 0xEE13, 0xEE13, 0xEE13, 0xEE13, 0xEE13, 0xEE13, 0xEE13, 0xEE13, 0xEE13, 0xEE13, 0xEE13, 
0xEE13, 0xEE13, 0xEE13, 0xEE13, 0xEE13, 0xEE13, 0xEE13, 0xEE13, 0xEE13, 0xEE13, 0xEE13, 0xEE13, 
0xEE13, 0xEE13, 0xEE13, 0xEE13, 0xEE13, 0xEE13, 0xEE13, 0xEE13, 0xEE13, 0xEE13, 0xEE13, 0xEE13, 
0xEE13, 0xEE13, 0xEE13, 0xEE13, 0xEE13, 0xEE13, 0xEE13, 0xEE13, 0xEE13, 0xEE13, 0xEE13, 0xEE13, 
0xEE13, 0xEE13, 0xEE13, 0xEE13, 0xEE13, 0xEE13, 0xEE13, 0xEE13, 0xEE13, 0xEE13, 0xEE13, 0xEE13, 
0xEE13, 0xEE13, 0xEE13, 0xEE13, 0xEE13, 0xEE13, 0xEE13, 0xEE13, 0xEE13, 0xEE13, 0xEE13, 0xEE13, 
0xEE13, 0xEE13, 0xEE13, 0xEE13, 0xEE13, 0xEE13, 0xEE13, 0xEE13, 0xEE13, 0xEE13, 0xEE13, 0xEE13, 
0xEE13, 0xEE13, 0xEE13, 0xEE13, 0xEE13, 0xEE13, 0xEE13, 0xEE13, 0xEE13, 0xEE13, 0xEE13, 0xEE13, 
0xEE13, 0xEE13, 0xEE13, 0xEE13, 0xEE13, 0xEE13, 0xEE13, 0xEE13, 0xEE13, 0xEE13, 0xEE13, 0xEE13, 
0xEE13, 0xEE13, 0xEE13, 0xEE13, 0xEE13, 0xEE13, 0xEE13, 0xEE13, 0xEE13, 0xEE13, 0xEE13, 0xEE13, 
0xEE13, 0xEE13, 0xEE13, 0xEE13, 0xEE13, 0xEE13, 0xEE13, 0xEE13, 0xEE13, 0xEE13, 0xEE13, 0xEE13, 
0xEE13, 0xEE13, 0xEE13, 0xEE13, 0xEE13, 0xEE13, 0xEE13, 0xEE13, 0xEE13, 0xEE13, 0xEE13, 0xEE13, 
0xEE13, 0xEE13, 0xEE13, 0xEE13, 0xEE13, 0xEE13, 0xEE13, 0xEE13, 0xEE13, 0xEE13, 0xEE13, 0xEE13, 
0xEE13, 0xEE13, 0xEE13, 0xEE13, 0xEE13, 0xEE13, 0xEE13, 0xEE13, 0xEE13, 0xEE13, 0xEE13, 0xEE13, 
0xEE13, 0xEE13, 0xEE13, 0xEE13, 0xEE13, 0xEE13, 0xEE13, 0xEE13, 0xEE13, 0xEE13, 0xEE13, 0xEE13, 
0xEE13, 0xEE13, 0xEE13, 0xEE13, 0xEE13, 0xEE13, 0xEE13, 0xEE13, 0xEE13, 0xEE13, 0xEE13, 0xEE13, 
0xEE13, 0xEE13, 0xEE13, 0xEE13, 0xEE13, 0xEE13, 0xEE13, 0xEE13, 0xEE13, 0xEE13, 0xEE13, 0xEE13, 
0xEE13, 0xEE13, 0xEE13, 0xEE13, 0xEE13, 0xEE13, 0xEE13, 0xEE13, 0xEE13, 0xEE13, 0xEE13, 0xEE13, 
0xEE13, 0xEE13, 0xEE13, 0xEE13, 0xEE13, 0xEE13, 0xEE13, 0xEE13, 0xEE13, 0xEE13, 0xEE13, 0xEE13, 
0xEE13, 0xEE13, 0xEE13, 0xEE13, 0xEE13, 0xEE13, 0xEE13, 0xEE13, 0xEE13, 0xEE13, 0xEE13, 0xEE13, 
0xEE13, 0xEE13, 0xEE13, 0xEE13, 0xEE13, 0xEE13, 0xEE13, 0xEE13, 0xEE13, 0xEE13, 0xEE13, 0xEE13, 
0xEE13, 0xEE13, 0xEE13, 0xEE13, 0xEE13, 0xEE13, 0xEE13, 0xEE13, 0xEE13, 0xEE13, 0xEE13, 0xEE13, 
0xEE13, 0xEE13, 0xEE13, 0xEE13, 0xEE13, 0xEE13, 0xEE13, 0xEE13, 0xEE13, 0xEE13, 0xEE13, 0xEE13, 
0xEE13, 0xEE13, 0xEE13, 0xEE13, 0xEE13, 0xEE13, 0xEE13, 0xEE13, 0xEE13, 0xEE13, 0xEE13, 0xEE13, 
0xEE13, 0xEE13, 0xEE13, 0xEE13, 0xEE13, 0xEE13, 0xEE13, 0xEE13, 0xEE13, 0xEE13, 0xEE13, 0xEE13, 
0xEE13, 0xEE13, 0xEE13, 0xEE13, 0xEE13, 0xEE13, 0xEE13, 0xEE13, 0xEE13, 0xEE13, 0xEE13, 0xEE13, 
0xEE13, 0xEE13, 0xEE13, 0xEE13, 0xEE13, 0xEE13, 0xEE13, 0xEE13, 0xEE13, 0xEE13, 0xEE13, 0xEE13, 
0xEE13, 0xEE13, 0xEE13, 0xEE13, 0xEE13, 0xEE13, 0xEE13, 0xEE13, 0xEE13, 0xEE13, 0xEE13, 0xEE13, 
0xEE13, 0xEE13, 0xEE13, 0xEE13, 0xEE13, 0xEE13, 0xEE13, 0xEE13, 0xEE13, 0xEE13, 0xEE13, 0xEE13, 
0xEE13, 0xEE13, 0xEE13, 0xEE13, 0xEE13, 0xEE13, 0xEE13, 0xEE13, 0xEE13, 0xEE13, 0xEE13, 0xEE13, 
0xEE13, 0xEE13, 0xEE13, 0xEE13, 0xEE13, 0xEE13, 0xEE13, 0xEE13, 0xEE13, 0xEE13, 0xEE13, 0xEE13, 
0xEE13, 0xEE13, 0xEE13, 0xEE13, 0xEE13, 0xEE13, 0xEE13, 0xEE13, 0xEE13, 0xEE13, 0xEE13, 0xEE13, 
0xEE13, 0xEE13, 0xEE13, 0xEE13, 0xEE13, 0xEE13, 0xEE13, 0xEE13, 0xEE13, 0xEE13, 0xEE13, 0xEE13, 
0xEE13, 0xEE13, 0xEE13, 0xEE13, 0xEE13, 0xEE13, 0xEE13, 0xEE13, 0xEE13, 0xEE13, 0xEE13, 0xEE13, 
0xEE13, 0xEE13, 0xEE13, 0xEE13, 0xEE13, 0xEE13, 0xEE13, 0xEE13, 0xEE13, 0xEE13, 0xEE13, 0xEE13, 
0xEE13, 0xEE13, 0xEE13, 0xEE13, 0xEE13, 0xEE13, 0xEE13, 0xEE13, 0xEE13, 0xEE13, 0xEE13, 0xEE13, 
0xEE13, 0xEE13, 0xEE13, 0xEE13, 0xEE13, 0xEE13, 0xEE13, 0xEE13, 0xEE13, 0xEE13, 0xEE13, 0xEE13, 
0xEE13, 0xEE13, 0xEE13, 0xEE13, 0xEE13, 0xEE13, 0xEE13, 0xEE13, 0xEE13, 0xEE13, 0xEE13, 0xEE13, 
0xEE13, 0xEE13, 0xEE13, 0xEE13, 0xEE13, 0xEE13, 0xEE13, 0xEE13, 0xEE13, 0xEE13, 0xEE13, 0xEE13, 
0xEE13, 0xEE13, 0xEE13, 0xEE13, 0xEE13, 0xEE13, 0xEE13, 0xEE13, 0xEE13, 0xEE13, 0xEE13, 0xEE13, 
0xEE13, 0xEE13, 0xEE13, 0xEE13, 0xEE13, 0xEE13, 0xEE13, 0xEE13, 0xEE13, 0xEE13, 0xEE13, 0xEE13, 
0xEE13, 0xEE13, 0xEE13, 0xEE13, 0xEE13, 0xEE13, 0xEE13, 0xEE13, 0xEE13, 0xEE13, 0xEE13, 0xEE13, 
0xEE13, 0xEE13, 0xEE13, 0xEE13, 0xEE13, 0xEE13, 0xEE13, 0xEE13, 0xEE13, 0xEE13, 0xEE13, 0xEE13, 
0xEE13, 0xEE13, 0xEE13, 0xEE13, 0xEE13, 0xEE13, 0xEE13, 0xEE13, 0xEE13, 0xEE13, 0xEE13, 0xEE13, 
0xEE13, 0xEE13, 0xEE13, 0xEE13, 0xEE13, 0xEE13, 0xEE13, 0xEE13, 0xEE13, 0xEE13, 0xEE13, 0xEE13, 
0xEE13, 0xEE13, 0xEE13, 0xEE13, 0xEE13, 0xEE13, 0xEE13, 0xEE13, 0xEE13, 0xEE13, 0xEE13, 0xEE13, 
0xEE13, 0xEE13, 0xEE13, 0xEE13, 0xEE13, 0xEE13, 0xEE13, 0xEE13, 0xEE13, 0xEE13, 0xEE13, 0xEE13, 
0xEE13, 0xEE13, 0xEE13, 0xEE13, 0xEE13, 0xEE13, 0xEE13, 0xEE13, 0xEE13, 0xEE13, 0xEE13, 0xEE13, 
0xEE13, 0xEE13, 0xEE13, 0xEE13, 0xEE13, 0xEE13, 0xEE13, 0xEE13, 0xEE13, 0xEE13, 0xEE13, 0xEE13, 
0xEE13, 0xEE13, 0xEE13, 0xEE13, 0xEE13, 0xEE13, 0xEE13, 0xEE13, 0xEE13, 0xEE13, 0xEE13, 0xEE13, 
0xEE13, 0xEE13, 0xEE13, 0xEE13, 0xEE13, 0xEE13, 0xEE13, 0xEE13, 0xEE13, 0xEE13, 0xEE13, 0xEE13, 
0xEE13, 0xEE13, 0xEE13, 0xEE13, 0xEE13, 0xEE13, 0xEE13, 0xEE13, 0xEE13, 0xEE13, 0xEE13, 0xEE13, 
0xEE13, 0xEE13, 0xEE13, 0xEE13, 0xEE13, 0xEE13, 0xEE13, 0xEE13, 0xEE13, 0xEE13, 0xEE13, 0xEE13, 
0xEE13, 0xEE13, 0xEE13, 0xEE13, 0xEE13, 0xEE13, 0xEE13, 0xEE13, 0xEE13, 0xEE13, 0xEE13, 0xEE13, 
0xEE13, 0xEE13, 0xEE13, 0xEE13, 0xEE13, 0xEE13, 0xEE13, 0xEE13, 0xEE13, 0xEE13, 0xEE13, 0xEE13, 
0xEE13, 0xEE13, 0xEE13, 0xEE13, 0xEE13, 0xEE13, 0xEE13, 0xEE13, 0xEE13, 0xEE13, 0xEE13, 0xEE13, 
0xEE13, 0xEE13, 0xEE13, 0xEE13, 0xEE13, 0xEE13, 0xEE13, 0xEE13, 0xEE13, 0xEE13, 0xEE13, 0xEE13, 
0xEE13, 0xEE13, 0xEE13, 0xEE13, 0xEE13, 0xEE13, 0xEE13, 0xEE13, 0xEE13, 0xEE13, 0xEE13, 0xEE13, 
0xEE13, 0xEE13, 0xEE13, 0xEE13, 0xEE13, 0xEE13, 0xEE13, 0xEE13, 0xEE13, 0xEE13, 0xEE13, 0xEE13, 
0xEE13, 0xEE13, 0xEE13, 0xEE13, 0xEE13, 0xEE13, 0xEE13, 0xEE13, 0xEE13, 0xEE13, 0xEE13, 0xEE13, 
0xEE13, 0xEE13, 0xEE13, 0xEE13, 0xEE13, 0xEE13, 0xEE13, 0xEE13, 0xEE13, 0xEE13, 0xEE13, 0xEE13, 
0xEE13, 0xEE13, 0xEE13, 0xEE13, 0xEE13, 0xEE13, 0xEE13, 0xEE13, 0xEE13, 0xEE13, 0xEE13, 0xEE13, 
0xEE13, 0xEE13, 0xEE13, 0xEE13, 0xEE13, 0xEE13, 0xEE13, 0xEE13, 0xEE13, 0xEE13, 0xEE13, 0xEE13, 
0xEE13, 0xEE13, 0xEE13, 0xEE13, 0xEE13, 0xEE13, 0xEE13, 0xEE13, 0xEE13, 0xEE13, 0xEE13, 0xEE13, 
0xEE13, 0xEE13, 0xEE13, 0xEE13, 0xEE13, 0xEE13, 0xEE13, 0xEE13, 0xEE13, 0xEE13, 0xEE13, 0xEE13, 
0xEE13, 0xEE13, 0xEE13, 0xEE13, 0xEE13, 0xEE13, 0xEE13, 0xEE13, 0xEE13, 0xEE13, 0xEE13, 0xEE13, 
0xEE13, 0xEE13, 0xEE13, 0xEE13, 0xEE13, 0xEE13, 0xEE13, 0xEE13, 0xEE13, 0xEE13, 0xEE13, 0xEE13, 
0xEE13, 0xEE13, 0xEE13, 0xEE13, 0xEE13, 0xEE13, 0xEE13, 0xEE13, 0xEE13, 0xEE13, 0xEE13, 0xEE13, 
0xEE13, 0xEE13, 0xEE13, 0xEE13, 0xEE13, 0xEE13, 0xEE13, 0xEE13, 0xEE13, 0xEE13, 0xEE13, 0xEE13, 
0xEE13, 0xEE13, 0xEE13, 0xEE13, 0xEE13, 0xEE13, 0xEE13, 0xEE13, 0xEE13, 0xEE13, 0xEE13, 0xEE13, 
0xEE13, 0xEE13, 0xEE13, 0xEE13, 0xEE13, 0xEE13, 0xEE13, 0xEE13, 0xEE13, 0xEE13, 0xEE13, 0xEE13, 
0xEE13, 0xEE13, 0xEE13, 0xEE13, 0xEE13, 0xEE13, 0xEE13, 0xEE13, 0xEE13, 0xEE13, 0xEE13, 0xEE13, 
0xEE13, 0xEE13, 0xEE13, 0xEE13, 0xEE13, 0xEE13, 0xEE13, 0xEE13, 0xEE13, 0xEE13, 0xEE13, 0xEE13, 
0xEE13, 0xEE13, 0xEE13, 0xEE13, 0xEE13, 0xEE13, 0xEE13, 0xEE13, 0xEE13, 0xEE13, 0xEE13, 0xEE13, 
0xEE13, 0xEE13, 0xEE13, 0xEE13, 0xEE13, 0xEE13, 0xEE13, 0xEE13, 0xEE13, 0xEE13, 0xEE13, 0xEE13, 
0xEE13, 0xEE13, 0xEE13, 0xEE13, 0xEE13, 0xEE13, 0xEE13, 0xEE13, 0xEE13, 0xEE13, 0xEE13, 0xEE13, 
0xEE13, 0xEE13, 0xEE13, 0xEE13, 0xEE13, 0xEE13, 0xEE13, 0xEE13, 0xEE13, 0xEE13, 0xEE13, 0xEE13, 
0xEE13, 0xEE13, 0xEE13, 0xEE13, 0xEE13, 0xEE13, 0xEE13, 0xEE13, 0xEE13, 0xEE13, 0xEE13, 0xEE13, 
0xEE13, 0xEE13, 0xEE13, 0xEE13, 0xEE13, 0xEE13, 0xEE13, 0xEE13, 0xEE13, 0xEE13, 0xEE13, 0xEE13, 
0xEE13, 0xEE13, 0xEE13, 0xEE13, 0xEE13, 0xEE13, 0xEE13, 0xEE13, 0xEE13, 0xEE13, 0xEE13, 0xEE13, 
0xEE13, 0xEE13, 0xEE13, 0xEE13, 0xEE13, 0xEE13, 0xEE13, 0xEE13, 0xEE13, 0xEE13, 0xEE13, 0xEE13, 
0xEE13, 0xEE13, 0xEE13, 0xEE13, 0xEE13, 0xEE13, 0xEE13, 0xEE13, 0xEE13, 0xEE13, 0xEE13, 0xEE13, 
0xEE13, 0xEE13, 0xEE13, 0xEE13, 0xEE13, 0xEE13, 0xEE13, 0xEE13, 0xEE13, 0xEE13, 0xEE13, 0xEE13, 
0xEE13, 0xEE13, 0xEE13, 0xEE13, 0xEE13, 0xEE13, 0xEE13, 0xEE13, 0xEE13, 0xEE13, 0xEE13, 0xEE13, 
0xEE13, 0xEE13, 0xEE13, 0xEE13, 0xEE13, 0xEE13, 0xEE13, 0xEE13, 0xEE13, 0xEE13, 0xEE13, 0xEE13, 
0xEE13, 0xEE13, 0xEE13, 0xEE13, 0xEE13, 0xEE13, 0xEE13, 0xEE13, 0xEE13, 0xEE13, 0xEE13, 0xEE13, 
0xEE13, 0xEE13, 0xEE13, 0xEE13, 0xEE13, 0xEE13, 0xEE13, 0xEE13, 0xEE13, 0xEE13, 0xEE13, 0xEE13, 
0xEE13, 0xEE13, 0xEE13, 0xEE13, 0xEE13, 0xEE13, 0xEE13, 0xEE13, 0xEE13, 0xEE13, 0xEE13, 0xEE13, 
0xEE13, 0xEE13, 0xEE13, 0xEE13, 0xEE13, 0xEE13, 0xEE13, 0xEE13, 0xEE13, 0xEE13, 0xEE13, 0xEE13, 
0xEE13, 0xEE13, 0xEE13, 0xEE13, 0xEE13, 0xEE13, 0xEE13, 0xEE13, 0xEE13, 0xEE13, 0xEE13, 0xEE13, 
0xEE13, 0xEE13, 0xEE13, 0xEE13, 0xEE13, 0xEE13, 0xEE13, 0xEE13, 0xEE13, 0xEE13, 0xEE13, 0xEE13, 
0xEE13, 0xEE13, 0xEE13, 0xEE13, 0xEE13, 0xEE13, 0xEE13, 0xEE13, 0xEE13, 0xEE13, 0xEE13, 0xEE13, 
0xEE13, 0xEE13, 0xEE13, 0xEE13, 0xEE13, 0xEE13, 0xEE13, 0xEE13, 0xEE13, 0xEE13, 0xEE13, 0xEE13, 
0xEE13, 0xEE13, 0xEE13, 0xEE13, 0xEE13, 0xEE13, 0xEE13, 0xEE13, 0xEE13, 0xEE13, 0xEE13, 0xEE13, 
0xEE13, 0xEE13, 0xEE13, 0xEE13, 0xEE13, 0xEE13, 0xEE13, 0xEE13, 0xEE13, 0xEE13, 0xEE13, 0xEE13, 
0xEE13, 0xEE13, 0xEE13, 0xEE13, 0xEE13, 0xEE13, 0xEE13, 0xEE13, 0xEE13, 0xEE13, 0xEE13, 0xEE13, 
0xEE13, 0xEE13, 0xEE13, 0xEE13, 0xEE13, 0xEE13, 0xEE13, 0xEE13, 0xEE13, 0xEE13, 0xEE13, 0xEE13, 
0xEE13, 0xEE13, 0xEE13, 0xEE13, 0xEE13, 0xEE13, 0xEE13, 0xEE13, 0xEE13, 0xEE13, 0xEE13, 0xEE13, 
0xEE13, 0xEE13, 0xEE13, 0xEE13, 0xEE13, 0xEE13, 0xEE13, 0xEE13, 0xEE13, 0xEE13, 0xEE13, 0xEE13, 
0xEE13, 0xEE13, 0xEE13, 0xEE13, 0xEE13, 0xEE13, 0xEE13, 0xEE13, 0xEE13, 0xEE13, 0xEE13, 0xEE13, 
0xEE13, 0xEE13, 0xEE13, 0xEE13, 0xEE13, 0xEE13, 0xEE13, 0xEE13, 0xEE13, 0xEE13, 0xEE13, 0xEE13, 
0xEE13, 0xEE13, 0xEE13, 0xEE13, 0xEE13, 0xEE13, 0xEE13, 0xEE13, 0xEE13, 0xEE13, 0xEE13, 0xEE13, 
0xEE13, 0xEE13, 0xEE13, 0xEE13, 0xEE13, 0xEE13, 0xEE13, 0xEE13, 0xEE13, 0xEE13, 0xEE13, 0xEE13, 
0xEE13, 0xEE13, 0xEE13, 0xEE13, 0xEE13, 0xEE13, 0xEE13, 0xEE13, 0xEE13, 0xEE13, 0xEE13, 0xEE13, 
0xEE13, 0xEE13, 0xEE13, 0xEE13, 0xEE13, 0xEE13, 0xEE13, 0xEE13, 0xEE13, 0xEE13, 0xEE13, 0xEE13, 
0xEE13, 0xEE13, 0xEE13, 0xEE13, 0xEE13, 0xEE13, 0xEE13, 0xEE13, 0xEE13, 0xEE13, 0xEE13, 0xEE13, 
0xEE13, 0xEE13, 0xEE13, 0xEE13, 0xEE13, 0xEE13, 0xEE13, 0xEE13, 0xEE13, 0xEE13, 0xEE13, 0xEE13, 
0xEE13, 0xEE13, 0xEE13, 0xEE13, 0xEE13, 0xEE13, 0xEE13, 0xEE13, 0xEE13, 0xEE13, 0xEE13, 0xEE13, 
0xEE13, 0xEE13, 0xEE13, 0xEE13, 0xEE13, 0xEE13, 0xEE13, 0xEE13, 0xEE13, 0xEE13, 0xEE13, 0xEE13, 
0xEE13, 0xEE13, 0xEE13, 0xEE13, 0xEE13, 0xEE13, 0xEE13, 0xEE13, 0xEE13, 0xEE13, 0xEE13, 0xEE13, 
0xEE13, 0xEE13, 0xEE13, 0xEE13, 0xEE13, 0xEE13, 0xEE13, 0xEE13, 0xEE13, 0xEE13, 0xEE13, 0xEE13, 
0xEE13, 0xEE13, 0xEE13, 0xEE13, 0xEE13, 0xEE13, 0xEE13, 0xEE13, 0xEE13, 0xEE13, 0xEE13, 0xEE13, 
0xEE13, 0xEE13, 0xEE13, 0xEE13, 0xEE13, 0xEE13, 0xEE13, 0xEE13, 0xEE13, 0xEE13, 0xEE13, 0xEE13, 
0xEE13, 0xEE13, 0xEE13, 0xEE13, 0xEE13, 0xEE13, 0xEE13, 0xEE13, 0xEE13, 0xEE13, 0xEE13, 0xEE13, 
0xEE13, 0xEE13, 0xEE13, 0xEE13, 0xEE13, 0xEE13, 0xEE13, 0xEE13, 0xEE13, 0xEE13, 0xEE13, 0xEE13, 
0xEE13, 0xEE13, 0xEE13, 0xEE13, 0xEE13, 0xEE13, 0xEE13, 0xEE13, 0xEE13, 0xEE13, 0xEE13, 0xEE13, 
0xEE13, 0xEE13, 0xEE13, 0xEE13, 0xEE13, 0xEE13, 0xEE13, 0xEE13, 0xEE13, 0xEE13, 0xEE13, 0xEE13, 
0xEE13, 0xEE13, 0xEE13, 0xEE13, 0xEE13, 0xEE13, 0xEE13, 0xEE13, 0xEE13, 0xEE13, 0xEE13, 0xEE13, 
0xEE13, 0xEE13, 0xEE13, 0xEE13, 0xEE13, 0xEE13, 0xEE13, 0xEE13, 0xEE13, 0xEE13, 0xEE13, 0xEE13, 
0xEE13, 0xEE13, 0xEE13, 0xEE13, 0xEE13, 0xEE13, 0xEE13, 0xEE13, 0xEE13, 0xEE13, 0xEE13, 0xEE13, 
0xEE13, 0xEE13, 0xEE13, 0xEE13, 0xEE13, 0xEE13, 0xEE13, 0xEE13, 0xEE13, 0xEE13, 0xEE13, 0xEE13, 
0xEE13, 0xEE13, 0xEE13, 0xEE13, 0xEE13, 0xEE13, 0xEE13, 0xEE13, 0xEE13, 0xEE13, 0xEE13, 0xEE13, 
0xEE13, 0xEE13, 0xEE13, 0xEE13, 0xEE13, 0xEE13, 0xEE13, 0xEE13, 0xEE13, 0xEE13, 0xEE13, 0xEE13, 
0xEE13, 0xEE13, 0xEE13, 0xEE13, 0xEE13, 0xEE13, 0xEE13, 0xEE13, 0xEE13, 0xEE13, 0xEE13, 0xEE13, 
0xEE13, 0xEE13, 0xEE13, 0xEE13, 0xEE13, 0xEE13, 0xEE13, 0xEE13, 0xEE13, 0xEE13, 0xEE13, 0xEE13, 
0xEE13, 0xEE13, 0xEE13, 0xEE13, 0xEE13, 0xEE13, 0xEE13, 0xEE13, 0xEE13, 0xEE13, 0xEE13, 0xEE13, 
0xEE13, 0xEE13, 0xEE13, 0xEE13, 0xEE13, 0xEE13, 0xEE13, 0xEE13, 0xEE13, 0xEE13, 0xEE13, 0xEE13, 
0xEE13, 0xEE13, 0xEE13, 0xEE13, 0xEE13, 0xEE13, 0xEE13, 0xEE13, 0xEE13, 0xEE13, 0xEE13, 0xEE13, 
0xEE13, 0xEE13, 0xEE13, 0xEE13, 0xEE13, 0xEE13, 0xEE13, 0xEE13, 0xEE13, 0xEE13, 0xEE13, 0xEE13, 
0xEE13, 0xEE13, 0xEE13, 0xEE13, 0xEE13, 0xEE13, 0xEE13, 0xEE13, 0xEE13, 0xEE13, 0xEE13, 0xEE13, 
0xEE13, 0xEE13, 0xEE13, 0xEE13, 0xEE13, 0xEE13, 0xEE13, 0xEE13, 0xEE13, 0xEE13, 0xEE13, 0xEE13, 
0xEE13, 0xEE13, 0xEE13, 0xEE13, 0xEE13, 0xEE13, 0xEE13, 0xEE13, 0xEE13, 0xEE13, 0xEE13, 0xEE13, 
0xEE13, 0xEE13, 0xEE13, 0xEE13, 0xEE13, 0xEE13, 0xEE13, 0xEE13, 0xEE13, 0xEE13, 0xEE13, 0xEE13, 
0xEE13, 0xEE13, 0xEE13, 0xEE13, 0xEE13, 0xEE13, 0xEE13, 0xEE13, 0xEE13, 0xEE13, 0xEE13, 0xEE13, 
0xEE13, 0xEE13, 0xEE13, 0xEE13, 0xEE13, 0xEE13, 0xEE13, 0xEE13, 0xEE13, 0xEE13, 0xEE13, 0xEE13, 
0xEE13, 0xEE13, 0xEE13, 0xEE13, 0xEE13, 0xEE13, 0xEE13, 0xEE13, 0xEE13, 0xEE13, 0xEE13, 0xEE13, 
0xEE13, 0xEE13, 0xEE13, 0xEE13, 0xEE13, 0xEE13, 0xEE13, 0xEE13, 0xEE13, 0xEE13, 0xEE13, 0xEE13, 
0xEE13, 0xEE13, 0xEE13, 0xEE13, 0xEE13, 0xEE13, 0xEE13, 0xEE13, 0xEE13, 0xEE13, 0xEE13, 0xEE13, 
0xEE13, 0xEE13, 0xEE13, 0xEE13, 0xEE13, 0xEE13, 0xEE13, 0xEE13, 0xEE13, 0xEE13, 0xEE13, 0xEE13, 
0xEE13, 0xEE13, 0xEE13, 0xEE13, 0xEE13, 0xEE13, 0xEE13, 0xEE13, 0xEE13, 0xEE13, 0xEE13, 0xEE13, 
0xEE13, 0xEE13, 0xEE13, 0xEE13, 0xEE13, 0xEE13, 0xEE13, 0xEE13, 0xEE13, 0xEE13, 0xEE13, 0xEE13, 
0xEE13, 0xEE13, 0xEE13, 0xEE13, 0xEE13, 0xEE13, 0xEE13, 0xEE13, 0xEE13, 0xEE13, 0xEE13, 0xEE13, 
0xEE13, 0xEE13, 0xEE13, 0xEE13, 0xEE13, 0xEE13, 0xEE13, 0xEE13, 0xEE13, 0xEE13, 0xEE13, 0xEE13, 
0xEE13, 0xEE13, 0xEE13, 0xEE13, 0xEE13, 0xEE13, 0xEE13, 0xEE13, 0xEE13, 0xEE13, 0xEE13, 0xEE13, 
0xEE13, 0xEE13, 0xEE13, 0xEE13, 0xEE13, 0xEE13, 0xEE13, 0xEE13, 0xEE13, 0xEE13, 0xEE13, 0xEE13, 
0xEE13, 0xEE13, 0xEE13, 0xEE13, 0xEE13, 0xEE13, 0xEE13, 0xEE13, 0xEE13, 0xEE13, 0xEE13, 0xEE13, 
0xEE13, 0xEE13, 0xEE13, 0xEE13, 0xEE13, 0xEE13, 0xEE13, 0xEE13, 0xEE13, 0xEE13, 0xEE13, 0xEE13, 
0xEE13, 0xEE13, 0xEE13, 0xEE13, 0xEE13, 0xEE13, 0xEE13, 0xEE13, 0xEE13, 0xEE13, 0xEE13, 0xEE13, 
0xEE13, 0xEE13, 0xEE13, 0xEE13, 0xEE13, 0xEE13, 0xEE13, 0xEE13, 0xEE13, 0xEE13, 0xEE13, 0xEE13, 
0xEE13, 0xEE13, 0xEE13, 0xEE13, 0xEE13, 0xEE13, 0xEE13, 0xEE13, 0xEE13, 0xEE13, 0xEE13, 0xEE13, 
0xEE13, 0xEE13, 0xEE13, 0xEE13, 0xEE13, 0xEE13, 0xEE13, 0xEE13, 0xEE13, 0xEE13, 0xEE13, 0xEE13, 
0xEE13, 0xEE13, 0xEE13, 0xEE13, 0xEE13, 0xEE13, 0xEE13, 0xEE13, 0xEE13, 0xEE13, 0xEE13, 0xEE13, 
0xEE13, 0xEE13, 0xEE13, 0xEE13, 0xEE13, 0xEE13, 0xEE13, 0xEE13, 0xEE13, 0xEE13, 0xEE13, 0xEE13, 
0xEE13, 0xEE13, 0xEE13, 0xEE13, 0xEE13, 0xEE13, 0xEE13, 0xEE13, 0xEE13, 0xEE13, 0xEE13, 0xEE13, 
0xEE13, 0xEE13, 0xEE13, 0xEE13, 0xEE13, 0xEE13, 0xEE13, 0xEE13, 0xEE13, 0xEE13, 0xEE13, 0xEE13, 
0xEE13, 0xEE13, 0xEE13, 0xEE13, 0xEE13, 0xEE13, 0xEE13, 0xEE13, 0xEE13, 0xEE13, 0xEE13, 0xEE13, 
0xEE13, 0xEE13, 0xEE13, 0xEE13, 0xEE13, 0xEE13, 0xEE13, 0xEE13, 0xEE13, 0xEE13, 0xEE13, 0xEE13, 
0xEE13, 0xEE13, 0xEE13, 0xEE13, 0xEE13, 0xEE13, 0xEE13, 0xEE13, 0xEE13, 0xEE13, 0xEE13, 0xEE13, 
0xEE13, 0xEE13, 0xEE13, 0xEE13, 0xEE13, 0xEE13, 0xEE13, 0xEE13, 0xEE13, 0xEE13, 0xEE13, 0xEE13, 
0xEE13, 0xEE13, 0xEE13, 0xEE13, 0xEE13, 0xEE13, 0xEE13, 0xEE13, 0xEE13, 0xEE13, 0xEE13, 0xEE13, 
0xEE13, 0xEE13, 0xEE13, 0xEE13, 0xEE13, 0xEE13, 0xEE13, 0xEE13, 0xEE13, 0xEE13, 0xEE13, 0xEE13, 
0xEE13, 0xEE13, 0xEE13, 0xEE13, 0xEE13, 0xEE13, 0xEE13, 0xEE13, 0xEE13, 0xEE13, 0xEE13, 0xEE13, 
0xEE13, 0xEE13, 0xEE13, 0xEE13, 0xEE13, 0xEE13, 0xEE13, 0xEE13, 0xEE13, 0xEE13, 0xEE13, 0xEE13, 
0xEE13, 0xEE13, 0xEE13, 0xEE13, 0xEE13, 0xEE13, 0xEE13, 0xEE13, 0xEE13, 0xEE13, 0xEE13, 0xEE13, 
0xEE13, 0xEE13, 0xEE13, 0xEE13, 0xEE13, 0xEE13, 0xEE13, 0xEE13, 0xEE13, 0xEE13, 0xEE13, 0xEE13, 
0xEE13, 0xEE13, 0xEE13, 0xEE13, 0xEE13, 0xEE13, 0xEE13, 0xEE13, 0xEE13, 0xEE13, 0xEE13, 0xEE13, 
0xEE13, 0xEE13, 0xEE13, 0xEE13, 0xEE13, 0xEE13, 0xEE13, 0xEE13, 0xEE13, 0xEE13, 0xEE13, 0xEE13, 
0xEE13, 0xEE13, 0xEE13, 0xEE13, 0xEE13, 0xEE13, 0xEE13, 0xEE13, 0xEE13, 0xEE13, 0xEE13, 0xEE13, 
0xEE13, 0xEE13, 0xEE13, 0xEE13, 0xEE13, 0xEE13, 0xEE13, 0xEE13, 0xEE13, 0xEE13, 0xEE13, 0xEE13, 
0xEE13, 0xEE13, 0xEE13, 0xEE13, 0xEE13, 0xEE13, 0xEE13, 0xEE13, 0xEE13, 0xEE13, 0xEE13, 0xEE13, 
0xEE13, 0xEE13, 0xEE13, 0xEE13, 0xEE13, 0xEE13, 0xEE13, 0xEE13, 0xEE13, 0xEE13, 0xEE13, 0xEE13, 
0xEE13, 0xEE13, 0xEE13, 0xEE13, 0xEE13, 0xEE13, 0xEE13, 0xEE13, 0xEE13, 0xEE13, 0xEE13, 0xEE13, 
0xEE13, 0xEE13, 0xEE13, 0xEE13, 0xEE13, 0xEE13, 0xEE13, 0xEE13, 0xEE13, 0xEE13, 0xEE13, 0xEE13, 
0xEE13, 0xEE13, 0xEE13, 0xEE13, 0xEE13, 0xEE13, 0xEE13, 0xEE13, 0xEE13, 0xEE13, 0xEE13, 0xEE13, 
0xEE13, 0xEE13, 0xEE13, 0xEE13, 0xEE13, 0xEE13, 0xEE13, 0xEE13, 0xEE13, 0xEE13, 0xEE13, 0xEE13, 
0xEE13, 0xEE13, 0xEE13, 0xEE13, 0xEE13, 0xEE13, 0xEE13, 0xEE13, 0xEE13, 0xEE13, 0xEE13, 0xEE13, 
0xEE13, 0xEE13, 0xEE13, 0xEE13, 0xEE13, 0xEE13, 0xEE13, 0xEE13, 0xEE13, 0xEE13, 0xEE13, 0xEE13, 
0xEE13, 0xEE13, 0xEE13, 0xEE13, 0xEE13, 0xEE13, 0xEE13, 0xEE13, 0xEE13, 0xEE13, 0xEE13, 0xEE13, 
0xEE13, 0xEE13, 0xEE13, 0xEE13, 0xEE13, 0xEE13, 0xEE13, 0xEE13, 0xEE13, 0xEE13, 0xEE13, 0xEE13, 
0xEE13, 0xEE13, 0xEE13, 0xEE13, 0xEE13, 0xEE13, 0xEE13, 0xEE13, 0xEE13, 0xEE13, 0xEE13, 0xEE13, 
0xEE13, 0xEE13, 0xEE13, 0xEE13, 0xEE13, 0xEE13, 0xEE13, 0xEE13, 0xEE13, 0xEE13, 0xEE13, 0xEE13, 
0xEE13, 0xEE13, 0xEE13, 0xEE13, 0xEE13, 0xEE13, 0xEE13, 0xEE13, 0xEE13, 0xEE13, 0xEE13, 0xEE13, 
0xEE13, 0xEE13, 0xEE13, 0xEE13, 0xEE13, 0xEE13, 0xEE13, 0xEE13, 0xEE13, 0xEE13, 0xEE13, 0xEE13, 
0xEE13, 0xEE13, 0xEE13, 0xEE13, 0xEE13, 0xEE13, 0xEE13, 0xEE13, 0xEE13, 0xEE13, 0xEE13, 0xEE13, 
0xEE13, 0xEE13, 0xEE13, 0xEE13, 0xEE13, 0xEE13, 0xEE13, 0xEE13, 0xEE13, 0xEE13, 0xEE13, 0xEE13, 
0xEE13, 0xEE13, 0xEE13, 0xEE13, 0xEE13, 0xEE13, 0xEE13, 0xEE13, 0xEE13, 0xEE13, 0xEE13, 0xEE13, 
0xEE13, 0xEE13, 0xEE13, 0xEE13, 0xEE13, 0xEE13, 0xEE13, 0xEE13, 0xEE13, 0xEE13, 0xEE13, 0xEE13, 
0xEE13, 0xEE13, 0xEE13, 0xEE13, 0xEE13, 0xEE13, 0xEE13, 0xEE13, 0xEE13, 0xEE13, 0xEE13, 0xEE13, 
0xEE13, 0xEE13, 0xEE13, 0xEE13, 0xEE13, 0xEE13, 0xEE13, 0xEE13, 0xEE13, 0xEE13, 0xEE13, 0xEE13, 
0xEE13, 0xEE13, 0xEE13, 0xEE13, 0xEE13, 0xEE13, 0xEE13, 0xEE13, 0xEE13, 0xEE13, 0xEE13, 0xEE13, 
0xEE13, 0xEE13, 0xEE13, 0xEE13, 0xEE13, 0xEE13, 0xEE13, 0xEE13, 0xEE13, 0xEE13, 0xEE13, 0xEE13, 
0xEE13, 0xEE13, 0xEE13, 0xEE13, 0xEE13, 0xEE13, 0xEE13, 0xEE13, 0xEE13, 0xEE13, 0xEE13, 0xEE13, 
0xEE13, 0xEE13, 0xEE13, 0xEE13, 0xEE13, 0xEE13, 0xEE13, 0xEE13, 0xEE13, 0xEE13, 0xEE13, 0xEE13, 
0xEE13, 0xEE13, 0xEE13, 0xEE13, 0xEE13, 0xEE13, 0xEE13, 0xEE13, 0xEE13, 0xEE13, 0xEE13, 0xEE13, 
0xEE13, 0xEE13, 0xEE13, 0xEE13, 0xEE13, 0xEE13, 0xEE13, 0xEE13, 0xEE13, 0xEE13, 0xEE13, 0xEE13, 
0xEE13, 0xEE13, 0xEE13, 0xEE13, 0xEE13, 0xEE13, 0xEE13, 0xEE13, 0xEE13, 0xEE13, 0xEE13, 0xEE13, 
0xEE13, 0xEE13, 0xEE13, 0xEE13, 0xEE13, 0xEE13, 0xEE13, 0xEE13, 0xEE13, 0xEE13, 0xEE13, 0xEE13, 
0xEE13, 0xEE13, 0xEE13, 0xEE13, 0xEE13, 0xEE13, 0xEE13, 0xEE13, 0xEE13, 0xEE13, 0xEE13, 0xEE13, 
0xEE13, 0xEE13, 0xEE13, 0xEE13, 0xEE13, 0xEE13, 0xEE13, 0xEE13, 0xEE13, 0xEE13, 0xEE13, 0xEE13, 
0xEE13, 0xEE13, 0xEE13, 0xEE13, 0xEE13, 0xEE13, 0xEE13, 0xEE13, 0xEE13, 0xEE13, 0xEE13, 0xEE13, 
0xEE13, 0xEE13, 0xEE13, 0xEE13, 0xEE13, 0xEE13, 0xEE13, 0xEE13, 0xEE13, 0xEE13, 0xEE13, 0xEE13, 
0xEE13, 0xEE13, 0xEE13, 0xEE13, 0xEE13, 0xEE13, 0xEE13, 0xEE13, 0xEE13, 0xEE13, 0xEE13, 0xEE13, 
0xEE13, 0xEE13, 0xEE13, 0xEE13, 0xEE13, 0xEE13, 0xEE13, 0xEE13, 0xEE13, 0xEE13, 0xEE13, 0xEE13, 
0xEE13, 0xEE13, 0xEE13, 0xEE13, 0xEE13, 0xEE13, 0xEE13, 0xEE13, 0xEE13, 0xEE13, 0xEE13, 0xEE13, 
0xEE13, 0xEE13, 0xEE13, 0xEE13, 0xEE13, 0xEE13, 0xEE13, 0xEE13, 0xEE13, 0xEE13, 0xEE13, 0xEE13, 
0xEE13, 0xEE13, 0xEE13, 0xEE13, 0xEE13, 0xEE13, 0xEE13, 0xEE13, 0xEE13, 0xEE13, 0xEE13, 0xEE13, 
0xEE13, 0xEE13, 0xEE13, 0xEE13, 0xEE13, 0xEE13, 0xEE13, 0xEE13, 0xEE13, 0xEE13, 0xEE13, 0xEE13, 
0xEE13, 0xEE13, 0xEE13, 0xEE13, 0xEE13, 0xEE13, 0xEE13, 0xEE13, 0xEE13, 0xEE13, 0xEE13, 0xEE13, 
0xEE13, 0xEE13, 0xEE13, 0xEE13, 0xEE13, 0xEE13, 0xEE13, 0xEE13, 0xEE13, 0xEE13, 0xEE13, 0xEE13, 
0xEE13, 0xEE13, 0xEE13, 0xEE13, 0xEE13, 0xEE13, 0xEE13, 0xEE13, 0xEE13, 0xEE13, 0xEE13, 0xEE13, 
0xEE13, 0xEE13, 0xEE13, 0xEE13, 0xEE13, 0xEE13, 0xEE13, 0xEE13, 0xEE13, 0xEE13, 0xEE13, 0xEE13, 
0xEE13, 0xEE13, 0xEE13, 0xEE13, 0xEE13, 0xEE13, 0xEE13, 0xEE13, 0xEE13, 0xEE13, 0xEE13, 0xEE13, 
0xEE13, 0xEE13, 0xEE13, 0xEE13, 0xEE13, 0xEE13, 0xEE13, 0xEE13, 0xEE13, 0xEE13, 0xEE13, 0xEE13, 
0xEE13, 0xEE13, 0xEE13, 0xEE13, 0xEE13, 0xEE13, 0xEE13, 0xEE13, 0xEE13, 0xEE13, 0xEE13, 0xEE13, 
0xEE13, 0xEE13, 0xEE13, 0xEE13, 0xEE13, 0xEE13, 0xEE13, 0xEE13, 0xEE13, 0xEE13, 0xEE13, 0xEE13, 
0xEE13, 0xEE13, 0xEE13, 0xEE13, 0xEE13, 0xEE13, 0xEE13, 0xEE13, 0xEE13, 0xEE13, 0xEE13, 0xEE13, 
0xEE13, 0xEE13, 0xEE13, 0xEE13, 0xEE13, 0xEE13, 0xEE13, 0xEE13, 0xEE13, 0xEE13, 0xEE13, 0xEE13, 
0xEE13, 0xEE13, 0xEE13, 0xEE13, 0xEE13, 0xEE13, 0xEE13, 0xEE13, 0xEE13, 0xEE13, 0xEE13, 0xEE13, 
0xEE13, 0xEE13, 0xEE13, 0xEE13, 0xEE13, 0xEE13, 0xEE13, 0xEE13, 0xEE13, 0xEE13, 0xEE13, 0xEE13, 
0xEE13, 0xEE13, 0xEE13, 0xEE13, 0xEE13, 0xEE13, 0xEE13, 0xEE13, 0xEE13, 0xEE13, 0xEE13, 0xEE13, 
0xEE13, 0xEE13, 0xEE13, 0xEE13, 0xEE13, 0xEE13, 0xEE13, 0xEE13, 0xEE13, 0xEE13, 0xEE13, 0xEE13, 
0xEE13, 0xEE13, 0xEE13, 0xEE13, 0xEE13, 0xEE13, 0xEE13, 0xEE13, 0xEE13, 0xEE13, 0xEE13, 0xEE13, 
0xEE13, 0xEE13, 0xEE13, 0xEE13, 0xEE13, 0xEE13, 0xEE13, 0xEE13, 0xEE13, 0xEE13, 0xEE13, 0xEE13, 
0xEE13, 0xEE13, 0xEE13, 0xEE13, 0xEE13, 0xEE13, 0xEE13, 0xEE13, 0xEE13, 0xEE13, 0xEE13, 0xEE13, 
0xEE13, 0xEE13, 0xEE13, 0xEE13, 0xEE13, 0xEE13, 0xEE13, 0xEE13, 0xEE13, 0xEE13, 0xEE13, 0xEE13, 
0xEE13, 0xEE13, 0xEE13, 0xEE13, 0xEE13, 0xEE13, 0xEE13, 0xEE13, 0xEE13, 0xEE13, 0xEE13, 0xEE13, 
0xEE13, 0xEE13, 0xEE13, 0xEE13, 0xEE13, 0xEE13, 0xEE13, 0xEE13, 0xEE13, 0xEE13, 0xEE13, 0xEE13, 
0xEE13, 0xEE13, 0xEE13, 0xEE13, 0xEE13, 0xEE13, 0xEE13, 0xEE13, 0xEE13, 0xEE13, 0xEE13, 0xEE13, 
0xEE13, 0xEE13, 0xEE13, 0xEE13, 0xEE13, 0xEE13, 0xEE13, 0xEE13, 0xEE13, 0xEE13, 0xEE13, 0xEE13, 
0xEE13, 0xEE13, 0xEE13, 0xEE13, 0xEE13, 0xEE13, 0xEE13, 0xEE13, 0xEE13, 0xEE13, 0xEE13, 0xEE13, 
0xEE13, 0xEE13, 0xEE13, 0xEE13, 0xEE13, 0xEE13, 0xEE13, 0xEE13, 0xEE13, 0xEE13, 0xEE13, 0xEE13, 
0xEE13, 0xEE13, 0xEE13, 0xEE13, 0xEE13, 0xEE13, 0xEE13, 0xEE13, 0xEE13, 0xEE13, 0xEE13, 0xEE13, 
0xEE13, 0xEE13, 0xEE13, 0xEE13, 0xEE13, 0xEE13, 0xEE13, 0xEE13, 0xEE13, 0xEE13, 0xEE13, 0xEE13, 
0xEE13, 0xEE13, 0xEE13, 0xEE13, 0xEE13, 0xEE13, 0xEE13, 0xEE13, 0xEE13, 0xEE13, 0xEE13, 0xEE13, 
0xEE13, 0xEE13, 0xEE13, 0xEE13, 0xEE13, 0xEE13, 0xEE13, 0xEE13, 0xEE13, 0xEE13, 0xEE13, 0xEE13, 
0xEE13, 0xEE13, 0xEE13, 0xEE13, 0xEE13, 0xEE13, 0xEE13, 0xEE13, 0xEE13, 0xEE13, 0xEE13, 0xEE13, 
0xEE13, 0xEE13, 0xEE13, 0xEE13, 0xEE13, 0xEE13, 0xEE13, 0xEE13, 0xEE13, 0xEE13, 0xEE13, 0xEE13, 
0xEE13, 0xEE13, 0xEE13, 0xEE13, 0xEE13, 0xEE13, 0xEE13, 0xEE13, 0xEE13, 0xEE13, 0xEE13, 0xEE13, 
0xEE13, 0xEE13, 0xEE13, 0xEE13, 0xEE13, 0xEE13, 0xEE13, 0xEE13, 0xEE13, 0xEE13, 0xEE13, 0xEE13, 
0xEE13, 0xEE13, 0xEE13, 0xEE13, 0xEE13, 0xEE13, 0xEE13, 0xEE13, 0xEE13, 0xEE13, 0xEE13, 0xEE13, 
0xEE13, 0xEE13, 0xEE13, 0xEE13, 0xEE13, 0xEE13, 0xEE13, 0xEE13, 0xEE13, 0xEE13, 0xEE13, 0xEE13, 
0xEE13, 0xEE13, 0xEE13, 0xEE13, 0xEE13, 0xEE13, 0xEE13, 0xEE13, 0xEE13, 0xEE13, 0xEE13, 0xEE13, 
0xEE13, 0xEE13, 0xEE13, 0xEE13, 0xEE13, 0xEE13, 0xEE13, 0xEE13, 0xEE13, 0xEE13, 0xEE13, 0xEE13, 
0xEE13, 0xEE13, 0xEE13, 0xEE13, 0xEE13, 0xEE13, 0xEE13, 0xEE13, 0xEE13, 0xEE13, 0xEE13, 0xEE13, 
0xEE13, 0xEE13, 0xEE13, 0xEE13, 0xEE13, 0xEE13, 0xEE13, 0xEE13, 0xEE13, 0xEE13, 0xEE13, 0xEE13, 
0xEE13, 0xEE13, 0xEE13, 0xEE13, 0xEE13, 0xEE13, 0xEE13, 0xEE13, 0xEE13, 0xEE13, 0xEE13, 0xEE13, 
0xEE13, 0xEE13, 0xEE13, 0xEE13, 0xEE13, 0xEE13, 0xEE13, 0xEE13, 0xEE13, 0xEE13, 0xEE13, 0xEE13, 
0xEE13, 0xEE13, 0xEE13, 0xEE13, 0xEE13, 0xEE13, 0xEE13, 0xEE13, 0xEE13, 0xEE13, 0xEE13, 0xEE13, 
0xEE13, 0xEE13, 0xEE13, 0xEE13, 0xEE13, 0xEE13, 0xEE13, 0xEE13, 0xEE13, 0xEE13, 0xEE13, 0xEE13, 
0xEE13, 0xEE13, 0xEE13, 0xEE13, 0xEE13, 0xEE13, 0xEE13, 0xEE13, 0xEE13, 0xEE13, 0xEE13, 0xEE13, 
0xEE13, 0xEE13, 0xEE13, 0xEE13, 0xEE13, 0xEE13, 0xEE13, 0xEE13, 0xEE13, 0xEE13, 0xEE13, 0xEE13, 
0xEE13, 0xEE13, 0xEE13, 0xEE13, 0xEE13, 0xEE13, 0xEE13, 0xEE13, 0xEE13, 0xEE13, 0xEE13, 0xEE13, 
0xEE13, 0xEE13, 0xEE13, 0xEE13, 0xEE13, 0xEE13, 0xEE13, 0xEE13, 0xEE13, 0xEE13, 0xEE13, 0xEE13, 
0xEE13, 0xEE13, 0xEE13, 0xEE13, 0xEE13, 0xEE13, 0xEE13, 0xEE13, 0xEE13, 0xEE13, 0xEE13, 0xEE13, 
0xEE13, 0xEE13, 0xEE13, 0xEE13, 0xEE13, 0xEE13, 0xEE13, 0xEE13, 0xEE13, 0xEE13, 0xEE13, 0xEE13, 
0xEE13, 0xEE13, 0xEE13, 0xEE13, 0xEE13, 0xEE13, 0xEE13, 0xEE13, 0xEE13, 0xEE13, 0xEE13, 0xEE13, 
0xEE13, 0xEE13, 0xEE13, 0xEE13, 0xEE13, 0xEE13, 0xEE13, 0xEE13, 0xEE13, 0xEE13, 0xEE13, 0xEE13, 
0xEE13, 0xEE13, 0xEE13, 0xEE13, 0xEE13, 0xEE13, 0xEE13, 0xEE13, 0xEE13, 0xEE13, 0xEE13, 0xEE13, 
0xEE13, 0xEE13, 0xEE13, 0xEE13, 0xEE13, 0xEE13, 0xEE13, 0xEE13, 0xEE13, 0xEE13, 0xEE13, 0xEE13, 
0xEE13, 0xEE13, 0xEE13, 0xEE13, 0xEE13, 0xEE13, 0xEE13, 0xEE13, 0xEE13, 0xEE13, 0xEE13, 0xEE13, 
0xEE13, 0xEE13, 0xEE13, 0xEE13, 0xEE13, 0xEE13, 0xEE13, 0xEE13, 0xEE13, 0xEE13, 0xEE13, 0xEE13, 
0xEE13, 0xEE13, 0xEE13, 0xEE13, 0xEE13, 0xEE13, 0xEE13, 0xEE13, 0xEE13, 0xEE13, 0xEE13, 0xEE13, 
0xEE13, 0xEE13, 0xEE13, 0xEE13, 0xEE13, 0xEE13, 0xEE13, 0xEE13, 0xEE13, 0xEE13, 0xEE13, 0xEE13, 
0xEE13, 0xEE13, 0xEE13, 0xEE13, 0xEE13, 0xEE13, 0xEE13, 0xEE13, 0xEE13, 0xEE13, 0xEE13, 0xEE13, 
0xEE13, 0xEE13, 0xEE13, 0xEE13, 0xEE13, 0xEE13, 0xEE13, 0xEE13, 0xEE13, 0xEE13, 0xEE13, 0xEE13, 
0xEE13, 0xEE13, 0xEE13, 0xEE13, 0xEE13, 0xEE13, 0xEE13, 0xEE13, 0xEE13, 0xEE13, 0xEE13, 0xEE13, 
0xEE13, 0xEE13, 0xEE13, 0xEE13, 0xEE13, 0xEE13, 0xEE13, 0xEE13, 0xEE13, 0xEE13, 0xEE13, 0xEE13, 
0xEE13, 0xEE13, 0xEE13, 0xEE13, 0xEE13, 0xEE13, 0xEE13, 0xEE13, 0xEE13, 0xEE13, 0xEE13, 0xEE13, 
0xEE13, 0xEE13, 0xEE13, 0xEE13, 0xEE13, 0xEE13, 0xEE13, 0xEE13, 0xEE13, 0xEE13, 0xEE13, 0xEE13, 
0xEE13, 0xEE13, 0xEE13, 0xEE13, 0xEE13, 0xEE13, 0xEE13, 0xEE13, 0xEE13, 0xEE13, 0xEE13, 0xEE13, 
0xEE13, 0xEE13, 0xEE13, 0xEE13, 0xEE13, 0xEE13, 0xEE13, 0xEE13, 0xEE13, 0xEE13, 0xEE13, 0xEE13, 
0xEE13, 0xEE13, 0xEE13, 0xEE13, 0xEE13, 0xEE13, 0xEE13, 0xEE13, 0xEE13, 0xEE13, 0xEE13, 0xEE13, 
0xEE13, 0xEE13, 0xEE13, 0xEE13, 0xEE13, 0xEE13, 0xEE13, 0xEE13, 0xEE13, 0xEE13, 0xEE13, 0xEE13, 
0xEE13, 0xEE13, 0xEE13, 0xEE13, 0xEE13, 0xEE13, 0xEE13, 0xEE13, 0xEE13, 0xEE13, 0xEE13, 0xEE13, 
0xEE13, 0xEE13, 0xEE13, 0xEE13, 0xEE13, 0xEE13, 0xEE13, 0xEE13, 0xEE13, 0xEE13, 0xEE13, 0xEE13, 
0xEE13, 0xEE13, 0xEE13, 0xEE13, 0xEE13, 0xEE13, 0xEE13, 0xEE13, 0xEE13, 0xEE13, 0xEE13, 0xEE13, 
0xEE13, 0xEE13, 0xEE13, 0xEE13, 0xEE13, 0xEE13, 0xEE13, 0xEE13, 0xEE13, 0xEE13, 0xEE13, 0xEE13, 
0xEE13, 0xEE13, 0xEE13, 0xEE13, 0xEE13, 0xEE13, 0xEE13, 0xEE13, 0xEE13, 0xEE13, 0xEE13, 0xEE13, 
0xEE13, 0xEE13, 0xEE13, 0xEE13, 0xEE13, 0xEE13, 0xEE13, 0xEE13, 0xEE13, 0xEE13, 0xEE13, 0xEE13, 
0xEE13, 0xEE13, 0xEE13, 0xEE13, 0xEE13, 0xEE13, 0xEE13, 0xEE13, 0xEE13, 0xEE13, 0xEE13, 0xEE13, 
0xEE13, 0xEE13, 0xEE13, 0xEE13, 0xEE13, 0xEE13, 0xEE13, 0xEE13, 0xEE13, 0xEE13, 0xEE13, 0xEE13, 
0xEE13, 0xEE13, 0xEE13, 0xEE13, 0xEE13, 0xEE13, 0xEE13, 0xEE13, 0xEE13, 0xEE13, 0xEE13, 0xEE13, 
0xEE13, 0xEE13, 0xEE13, 0xEE13, 0xEE13, 0xEE13, 0xEE13, 0xEE13, 0xEE13, 0xEE13, 0xEE13, 0xEE13, 
0xEE13, 0xEE13, 0xEE13, 0xEE13, 0xEE13, 0xEE13, 0xEE13, 0xEE13, 0xEE13, 0xEE13, 0xEE13, 0xEE13, 
0xEE13, 0xEE13, 0xEE13, 0xEE13, 0xEE13, 0xEE13, 0xEE13, 0xEE13, 0xEE13, 0xEE13, 0xEE13, 0xEE13, 
0xEE13, 0xEE13, 0xEE13, 0xEE13, 0xEE13, 0xEE13, 0xEE13, 0xEE13, 0xEE13, 0xEE13, 0xEE13, 0xEE13, 
0xEE13, 0xEE13, 0xEE13, 0xEE13, 0xEE13, 0xEE13, 0xEE13, 0xEE13, 0xEE13, 0xEE13, 0xEE13, 0xEE13, 
0xEE13, 0xEE13, 0xEE13, 0xEE13, 0xEE13, 0xEE13, 0xEE13, 0xEE13, 0xEE13, 0xEE13, 0xEE13, 0xEE13, 
0xEE13, 0xEE13, 0xEE13, 0xEE13, 0xEE13, 0xEE13, 0xEE13, 0xEE13, 0xEE13, 0xEE13, 0xEE13, 0xEE13, 
0xEE13, 0xEE13, 0xEE13, 0xEE13, 0xEE13, 0xEE13, 0xEE13, 0xEE13, 0xEE13, 0xEE13, 0xEE13, 0xEE13, 
0xEE13, 0xEE13, 0xEE13, 0xEE13, 0xEE13, 0xEE13, 0xEE13, 0xEE13, 0xEE13, 0xEE13, 0xEE13, 0xEE13, 
0xEE13, 0xEE13, 0xEE13, 0xEE13, 0xEE13, 0xEE13, 0xEE13, 0xEE13, 0xEE13, 0xEE13, 0xEE13, 0xEE13, 
0xEE13, 0xEE13, 0xEE13, 0xEE13, 0xEE13, 0xEE13, 0xEE13, 0xEE13, 0xEE13, 0xEE13, 0xEE13, 0xEE13, 
0xEE13, 0xEE13, 0xEE13, 0xEE13, 0xEE13, 0xEE13, 0xEE13, 0xEE13, 0xEE13, 0xEE13, 0xEE13, 0xEE13, 
0xEE13, 0xEE13, 0xEE13, 0xEE13, 0xEE13, 0xEE13, 0xEE13, 0xEE13, 0xEE13, 0xEE13, 0xEE13, 0xEE13, 
0xEE13, 0xEE13, 0xEE13, 0xEE13, 0xEE13, 0xEE13, 0xEE13, 0xEE13, 0xEE13, 0xEE13, 0xEE13, 0xEE13, 
0xEE13, 0xEE13, 0xEE13, 0xEE13, 0xEE13, 0xEE13, 0xEE13, 0xEE13, 0xEE13, 0xEE13, 0xEE13, 0xEE13, 
0xEE13, 0xEE13, 0xEE13, 0xEE13, 0xEE13, 0xEE13, 0xEE13, 0xEE13, 0xEE13, 0xEE13, 0xEE13, 0xEE13, 
0xEE13, 0xEE13, 0xEE13, 0xEE13, 0xEE13, 0xEE13, 0xEE13, 0xEE13, 0xEE13, 0xEE13, 0xEE13, 0xEE13, 
0xEE13, 0xEE13, 0xEE13, 0xEE13, 0xEE13, 0xEE13, 0xEE13, 0xEE13, 0xEE13, 0xEE13, 0xEE13, 0xEE13, 
0xEE13, 0xEE13, 0xEE13, 0xEE13, 0xEE13, 0xEE13, 0xEE13, 0xEE13, 0xEE13, 0xEE13, 0xEE13, 0xEE13, 
0xEE13, 0xEE13, 0xEE13, 0xEE13, 0xEE13, 0xEE13, 0xEE13, 0xEE13, 0xEE13, 0xEE13, 0xEE13, 0xEE13, 
0xEE13, 0xEE13, 0xEE13, 0xEE13, 0xEE13, 0xEE13, 0xEE13, 0xEE13, 0xEE13, 0xEE13, 0xEE13, 0xEE13, 
0xEE13, 0xEE13, 0xEE13, 0xEE13, 0xEE13, 0xEE13, 0xEE13, 0xEE13, 0xEE13, 0xEE13, 0xEE13, 0xEE13, 
0xEE13, 0xEE13, 0xEE13, 0xEE13, 0xEE13, 0xEE13, 0xEE13, 0xEE13, 0xEE13, 0xEE13, 0xEE13, 0xEE13, 
0xEE13, 0xEE13, 0xEE13, 0xEE13, 0xEE13, 0xEE13, 0xEE13, 0xEE13, 0xEE13, 0xEE13, 0xEE13, 0xEE13, 
0xEE13, 0xEE13, 0xEE13, 0xEE13, 0xEE13, 0xEE13, 0xEE13, 0xEE13, 0xEE13, 0xEE13, 0xEE13, 0xEE13, 
0xEE13, 0xEE13, 0xEE13, 0xEE13, 0xEE13, 0xEE13, 0xEE13, 0xEE13, 0xEE13, 0xEE13, 0xEE13, 0xEE13, 
0xEE13, 0xEE13, 0xEE13, 0xEE13, 0xEE13, 0xEE13, 0xEE13, 0xEE13, 0xEE13, 0xEE13, 0xEE13, 0xEE13, 
0xEE13, 0xEE13, 0xEE13, 0xEE13, 0xEE13, 0xEE13, 0xEE13, 0xEE13, 0xEE13, 0xEE13, 0xEE13, 0xEE13, 
0xEE13, 0xEE13, 0xEE13, 0xEE13, 0xEE13, 0xEE13, 0xEE13, 0xEE13, 0xEE13, 0xEE13, 0xEE13, 0xEE13, 
0xEE13, 0xEE13, 0xEE13, 0xEE13, 0xEE13, 0xEE13, 0xEE13, 0xEE13, 0xEE13, 0xEE13, 0xEE13, 0xEE13, 
0xEE13, 0xEE13, 0xEE13, 0xEE13, 0xEE13, 0xEE13, 0xEE13, 0xEE13, 0xEE13, 0xEE13, 0xEE13, 0xEE13, 
0xEE13, 0xEE13, 0xEE13, 0xEE13, 0xEE13, 0xEE13, 0xEE13, 0xEE13, 0xEE13, 0xEE13, 0xEE13, 0xEE13, 
0xEE13, 0xEE13, 0xEE13, 0xEE13, 0xEE13, 0xEE13, 0xEE13, 0xEE13, 0xEE13, 0xEE13, 0xEE13, 0xEE13, 
0xEE13, 0xEE13, 0xEE13, 0xEE13, 0xEE13, 0xEE13, 0xEE13, 0xEE13, 0xEE13, 0xEE13, 0xEE13, 0xEE13, 
0xEE13, 0xEE13, 0xEE13, 0xEE13, 0xEE13, 0xEE13, 0xEE13, 0xEE13, 0xEE13, 0xEE13, 0xEE13, 0xEE13, 
0xEE13, 0xEE13, 0xEE13, 0xEE13, 0xEE13, 0xEE13, 0xEE13, 0xEE13, 0xEE13, 0xEE13, 0xEE13, 0xEE13, 
0xEE13, 0xEE13, 0xEE13, 0xEE13, 0xEE13, 0xEE13, 0xEE13, 0xEE13, 0xEE13, 0xEE13, 0xEE13, 0xEE13, 
0xEE13, 0xEE13, 0xEE13, 0xEE13, 0xEE13, 0xEE13, 0xEE13, 0xEE13, 0xEE13, 0xEE13, 0xEE13, 0xEE13, 
0xEE13, 0xEE13, 0xEE13, 0xEE13, 0xEE13, 0xEE13, 0xEE13, 0xEE13, 0xEE13, 0xEE13, 0xEE13, 0xEE13, 
0xEE13, 0xEE13, 0xEE13, 0xEE13, 0xEE13, 0xEE13, 0xEE13, 0xEE13, 0xEE13, 0xEE13, 0xEE13, 0xEE13, 
0xEE13, 0xEE13, 0xEE13, 0xEE13, 0xEE13, 0xEE13, 0xEE13, 0xEE13, 0xEE13, 0xEE13, 0xEE13, 0xEE13, 
0xEE13, 0xEE13, 0xEE13, 0xEE13, 0xEE13, 0xEE13, 0xEE13, 0xEE13, 0xEE13, 0xEE13, 0xEE13, 0xEE13, 
0xEE13, 0xEE13, 0xEE13, 0xEE13, 0xEE13, 0xEE13, 0xEE13, 0xEE13, 0xEE13, 0xEE13, 0xEE13, 0xEE13, 
0xEE13, 0xEE13, 0xEE13, 0xEE13, 0xEE13, 0xEE13, 0xEE13, 0xEE13, 0xEE13, 0xEE13, 0xEE13, 0xEE13, 
0xEE13, 0xEE13, 0xEE13, 0xEE13, 0xEE13, 0xEE13, 0xEE13, 0xEE13, 0xEE13, 0xEE13, 0xEE13, 0xEE13, 
0xEE13, 0xEE13, 0xEE13, 0xEE13, 0xEE13, 0xEE13, 0xEE13, 0xEE13, 0xEE13, 0xEE13, 0xEE13, 0xEE13, 
0xEE13, 0xEE13, 0xEE13, 0xEE13, 0xEE13, 0xEE13, 0xEE13, 0xEE13, 0xEE13, 0xEE13, 0xEE13, 0xEE13, 
0xEE13, 0xEE13, 0xEE13, 0xEE13, 0xEE13, 0xEE13, 0xEE13, 0xEE13, 0xEE13, 0xEE13, 0xEE13, 0xEE13, 
0xEE13, 0xEE13, 0xEE13, 0xEE13, 0xEE13, 0xEE13, 0xEE13, 0xEE13, 0xEE13, 0xEE13, 0xEE13, 0xEE13, 
0xEE13, 0xEE13, 0xEE13, 0xEE13, 0xEE13, 0xEE13, 0xEE13, 0xEE13, 0xEE13, 0xEE13, 0xEE13, 0xEE13, 
0xEE13, 0xEE13, 0xEE13, 0xEE13, 0xEE13, 0xEE13, 0xEE13, 0xEE13, 0xEE13, 0xEE13, 0xEE13, 0xEE13, 
0xEE13, 0xEE13, 0xEE13, 0xEE13, 0xEE13, 0xEE13, 0xEE13, 0xEE13, 0xEE13, 0xEE13, 0xEE13, 0xEE13, 
0xEE13, 0xEE13, 0xEE13, 0xEE13, 0xEE13, 0xEE13, 0xEE13, 0xEE13, 0xEE13, 0xEE13, 0xEE13, 0xEE13, 
0xEE13, 0xEE13, 0xEE13, 0xEE13, 0xEE13, 0xEE13, 0xEE13, 0xEE13, 0xEE13, 0xEE13, 0xEE13, 0xEE13, 
0xEE13, 0xEE13, 0xEE13, 0xEE13, 0xEE13, 0xEE13, 0xEE13, 0xEE13, 0xEE13, 0xEE13, 0xEE13, 0xEE13, 
0xEE13, 0xEE13, 0xEE13, 0xEE13, 0xEE13, 0xEE13, 0xEE13, 0xEE13, 0xEE13, 0xEE13, 0xEE13, 0xEE13, 
0xEE13, 0xEE13, 0xEE13, 0xEE13, 0xEE13, 0xEE13, 0xEE13, 0xEE13, 0xEE13, 0xEE13, 0xEE13, 0xEE13, 
0xEE13, 0xEE13, 0xEE13, 0xEE13, 0xEE13, 0xEE13, 0xEE13, 0xEE13, 0xEE13, 0xEE13, 0xEE13, 0xEE13, 
0xEE13, 0xEE13, 0xEE13, 0xEE13, 0xEE13, 0xEE13, 0xEE13, 0xEE13, 0xEE13, 0xEE13, 0xEE13, 0xEE13, 
0xEE13, 0xEE13, 0xEE13, 0xEE13, 0xEE13, 0xEE13, 0xEE13, 0xEE13, 0xEE13, 0xEE13, 0xEE13, 0xEE13, 
0xEE13, 0xEE13, 0xEE13, 0xEE13, 0xEE13, 0xEE13, 0xEE13, 0xEE13, 0xEE13, 0xEE13, 0xEE13, 0xEE13, 
0xEE13, 0xEE13, 0xEE13, 0xEE13, 0xEE13, 0xEE13, 0xEE13, 0xEE13, 0xEE13, 0xEE13, 0xEE13, 0xEE13, 
0xEE13, 0xEE13, 0xEE13, 0xEE13, 0xEE13, 0xEE13, 0xEE13, 0xEE13, 0xEE13, 0xEE13, 0xEE13, 0xEE13, 
0xEE13, 0xEE13, 0xEE13, 0xEE13, 0xEE13, 0xEE13, 0xEE13, 0xEE13, 0xEE13, 0xEE13, 0xEE13, 0xEE13, 
0xEE13, 0xEE13, 0xEE13, 0xEE13, 0xEE13, 0xEE13, 0xEE13, 0xEE13, 0xEE13, 0xEE13, 0xEE13, 0xEE13, 
0xEE13, 0xEE13, 0xEE13, 0xEE13, 0xEE13, 0xEE13, 0xEE13, 0xEE13, 0xEE13, 0xEE13, 0xEE13, 0xEE13, 
0xEE13, 0xEE13, 0xEE13, 0xEE13, 0xEE13, 0xEE13, 0xEE13, 0xEE13, 0xEE13, 0xEE13, 0xEE13, 0xEE13, 
0xEE13, 0xEE13, 0xEE13, 0xEE13, 0xEE13, 0xEE13, 0xEE13, 0xEE13, 0xEE13, 0xEE13, 0xEE13, 0xEE13, 
0xEE13, 0xEE13, 0xEE13, 0xEE13, 0xEE13, 0xEE13, 0xEE13, 0xEE13, 0xEE13, 0xEE13, 0xEE13, 0xEE13, 
0xEE13, 0xEE13, 0xEE13, 0xEE13, 0xEE13, 0xEE13, 0xEE13, 0xEE13, 0xEE13, 0xEE13, 0xEE13, 0xEE13, 
0xEE13, 0xEE13, 0xEE13, 0xEE13, 0xEE13, 0xEE13, 0xEE13, 0xEE13, 0xEE13, 0xEE13, 0xEE13, 0xEE13, 
0xEE13, 0xEE13, 0xEE13, 0xEE13, 0xEE13, 0xEE13, 0xEE13, 0xEE13, 0xEE13, 0xEE13, 0xEE13, 0xEE13, 
0xEE13, 0xEE13, 0xEE13, 0xEE13, 0xEE13, 0xEE13, 0xEE13, 0xEE13, 0xEE13, 0xEE13, 0xEE13, 0xEE13, 
0xEE13, 0xEE13, 0xEE13, 0xEE13, 0xEE13, 0xEE13, 0xEE13, 0xEE13, 0xEE13, 0xEE13, 0xEE13, 0xEE13, 
0xEE13, 0xEE13, 0xEE13, 0xEE13, 0xEE13, 0xEE13, 0xEE13, 0xEE13, 0xEE13, 0xEE13, 0xEE13, 0xEE13, 
0xEE13, 0xEE13, 0xEE13, 0xEE13, 0xEE13, 0xEE13, 0xEE13, 0xEE13, 0xEE13, 0xEE13, 0xEE13, 0xEE13, 
0xEE13, 0xEE13, 0xEE13, 0xEE13, 0xEE13, 0xEE13, 0xEE13, 0xEE13, 0xEE13, 0xEE13, 0xEE13, 0xEE13, 
0xEE13, 0xEE13, 0xEE13, 0xEE13, 0xEE13, 0xEE13, 0xEE13, 0xEE13, 0xEE13, 0xEE13, 0xEE13, 0xEE13, 
0xEE13, 0xEE13, 0xEE13, 0xEE13, 0xEE13, 0xEE13, 0xEE13, 0xEE13, 0xEE13, 0xEE13, 0xEE13, 0xEE13, 
0xEE13, 0xEE13, 0xEE13, 0xEE13, 0xEE13, 0xEE13, 0xEE13, 0xEE13, 0xEE13, 0xEE13, 0xEE13, 0xEE13, 
0xEE13, 0xEE13, 0xEE13, 0xEE13, 0xEE13, 0xEE13, 0xEE13, 0xEE13, 0xEE13, 0xEE13, 0xEE13, 0xEE13, 
0xEE13, 0xEE13, 0xEE13, 0xEE13, 0xEE13, 0xEE13, 0xEE13, 0xEE13, 0xEE13, 0xEE13, 0xEE13, 0xEE13, 
0xEE13, 0xEE13, 0xEE13, 0xEE13, 0xEE13, 0xEE13, 0xEE13, 0xEE13, 0xEE13, 0xEE13, 0xEE13, 0xEE13, 
0xEE13, 0xEE13, 0xEE13, 0xEE13, 0xEE13, 0xEE13, 0xEE13, 0xEE13, 0xEE13, 0xEE13, 0xEE13, 0xEE13, 
0xEE13, 0xEE13, 0xEE13, 0xEE13, 0xEE13, 0xEE13, 0xEE13, 0xEE13, 0xEE13, 0xEE13, 0xEE13, 0xEE13, 
0xEE13, 0xEE13, 0xEE13, 0xEE13, 0xEE13, 0xEE13, 0xEE13, 0xEE13, 0xEE13, 0xEE13, 0x5AAA, 0x5AAA, 
0xEE13, 0xEE13, 0xEE13, 0xEE13, 0x8B66, 0x8B66, 0x8B66, 0x8B66, 0x8B66, 0x8B66, 0xEE13, 0xEE13, 
0xEE13, 0xEE13, 0xEE13, 0xEE13, 0xEE13, 0xEE13, 0xEE13, 0xEE13, 0xEE13, 0xEE13, 0xEE13, 0xEE13, 
0xEE13, 0xEE13, 0xEE13, 0xEE13, 0xEE13, 0xEE13, 0xEE13, 0xEE13, 0xEE13, 0xEE13, 0xEE13, 0xEE13, 
0xEE13, 0xEE13, 0xEE13, 0xEE13, 0xEE13, 0xEE13, 0xEE13, 0xEE13, 0xEE13, 0xEE13, 0xEE13, 0xEE13, 
0xEE13, 0xEE13, 0xEE13, 0xEE13, 0xEE13, 0xEE13, 0xEE13, 0xEE13, 0xEE13, 0xEE13, 0xEE13, 0xEE13, 
0xEE13, 0xEE13, 0xEE13, 0xEE13, 0xEE13, 0xEE13, 0xEE13, 0xEE13, 0xEE13, 0xEE13, 0xEE13, 0xEE13, 
0xEE13, 0xEE13, 0xEE13, 0xEE13, 0xEE13, 0xEE13, 0xEE13, 0xEE13, 0xEE13, 0xEE13, 0xEE13, 0xEE13, 
0xEE13, 0xEE13, 0xEE13, 0xEE13, 0xEE13, 0xEE13, 0xEE13, 0xEE13, 0xEE13, 0xEE13, 0xEE13, 0xEE13, 
0xEE13, 0xEE13, 0xEE13, 0xEE13, 0xEE13, 0xEE13, 0xEE13, 0xEE13, 0xEE13, 0xEE13, 0xEE13, 0xEE13, 
0xEE13, 0xEE13, 0xEE13, 0xEE13, 0xEE13, 0xEE13, 0xEE13, 0xEE13, 0xEE13, 0xEE13, 0xEE13, 0xEE13, 
0xEE13, 0xEE13, 0xEE13, 0xEE13, 0xEE13, 0xEE13, 0x5AAA, 0x5AAA, 0xEE13, 0xEE13, 0xEE13, 0xEE13, 
0x8B66, 0x8B66, 0x8B66, 0x8B66, 0x8B66, 0x8B66, 0xEE13, 0xEE13, 0xEE13, 0xEE13, 0xEE13, 0xEE13, 
0xEE13, 0xEE13, 0xEE13, 0xEE13, 0xEE13, 0xEE13, 0xEE13, 0xEE13, 0xEE13, 0xEE13, 0xEE13, 0xEE13, 
0xEE13, 0xEE13, 0xEE13, 0xEE13, 0xEE13, 0xEE13, 0xEE13, 0xEE13, 0xEE13, 0xEE13, 0xEE13, 0xEE13, 
0xEE13, 0xEE13, 0xEE13, 0xEE13, 0xEE13, 0xEE13, 0xEE13, 0xEE13, 0xEE13, 0xEE13, 0xEE13, 0xEE13, 
0xEE13, 0xEE13, 0xEE13, 0xEE13, 0xEE13, 0xEE13, 0xEE13, 0xEE13, 0xEE13, 0xEE13, 0xEE13, 0xEE13, 
0xEE13, 0xEE13, 0xEE13, 0xEE13, 0xEE13, 0xEE13, 0xEE13, 0xEE13, 0xEE13, 0xEE13, 0xEE13, 0xEE13, 
0xEE13, 0xEE13, 0xEE13, 0xEE13, 0xEE13, 0xEE13, 0xEE13, 0xEE13, 0xEE13, 0xEE13, 0xEE13, 0xEE13, 
0xEE13, 0xEE13, 0xEE13, 0xEE13, 0xEE13, 0xEE13, 0xEE13, 0xEE13, 0xEE13, 0xEE13, 0xEE13, 0xEE13, 
0xEE13, 0xEE13, 0xEE13, 0xEE13, 0xEE13, 0xEE13, 0xEE13, 0xEE13, 0xEE13, 0xEE13, 0xEE13, 0xEE13, 
0xEE13, 0xEE13, 0xEE13, 0xEE13, 0xEE13, 0xEE13, 0xEE13, 0xEE13, 0xEE13, 0xEE13, 0xEE13, 0xEE13, 
0x5AAA, 0x5AAA, 0x5AAA, 0x5AAA, 0x5AAA, 0x5AAA, 0x8B66, 0x8B66, 0x8B66, 0x8B66, 0x8B66, 0x8B66, 
0x8B66, 0x8B66, 0xEE13, 0xEE13, 0xEE13, 0xEE13, 0xEE13, 0xEE13, 0xEE13, 0xEE13, 0xEE13, 0xEE13, 
0xEE13, 0xEE13, 0xEE13, 0xEE13, 0xEE13, 0xEE13, 0xEE13, 0xEE13, 0xEE13, 0xEE13, 0xEE13, 0xEE13, 
0xEE13, 0xEE13, 0xEE13, 0xEE13, 0xEE13, 0xEE13, 0xEE13, 0xEE13, 0xEE13, 0xEE13, 0xEE13, 0xEE13, 
0xEE13, 0xEE13, 0xEE13, 0xEE13, 0xEE13, 0xEE13, 0xEE13, 0xEE13, 0xEE13, 0xEE13, 0xEE13, 0xEE13, 
0xEE13, 0xEE13, 0xEE13, 0xEE13, 0xEE13, 0xEE13, 0xEE13, 0xEE13, 0xEE13, 0xEE13, 0xEE13, 0xEE13, 
0xEE13, 0xEE13, 0xEE13, 0xEE13, 0xEE13, 0xEE13, 0xEE13, 0xEE13, 0xEE13, 0xEE13, 0xEE13, 0xEE13, 
0xEE13, 0xEE13, 0xEE13, 0xEE13, 0xEE13, 0xEE13, 0xEE13, 0xEE13, 0xEE13, 0xEE13, 0xEE13, 0xEE13, 
0xEE13, 0xEE13, 0xEE13, 0xEE13, 0xEE13, 0xEE13, 0xEE13, 0xEE13, 0xEE13, 0xEE13, 0xEE13, 0xEE13, 
0xEE13, 0xEE13, 0xEE13, 0xEE13, 0xEE13, 0xEE13, 0xEE13, 0xEE13, 0xEE13, 0xEE13, 0xEE13, 0xEE13, 
0xEE13, 0xEE13, 0xEE13, 0xEE13, 0xEE13, 0xEE13, 0xEE13, 0xEE13, 0x5AAA, 0x5AAA, 0x5AAA, 0x5AAA, 
0x5AAA, 0x5AAA, 0x8B66, 0x8B66, 0x8B66, 0x8B66, 0x8B66, 0x8B66, 0x8B66, 0x8B66, 0xEE13, 0xEE13, 
0xEE13, 0xEE13, 0xEE13, 0xEE13, 0xEE13, 0xEE13, 0xEE13, 0xEE13, 0xEE13, 0xEE13, 0xEE13, 0xEE13, 
0xEE13, 0xEE13, 0xEE13, 0xEE13, 0xEE13, 0xEE13, 0xEE13, 0xEE13, 0xEE13, 0xEE13, 0xEE13, 0xEE13, 
0xEE13, 0xEE13, 0xEE13, 0xEE13, 0xEE13, 0xEE13, 0xEE13, 0xEE13, 0xEE13, 0xEE13, 0xEE13, 0xEE13, 
0xEE13, 0xEE13, 0xEE13, 0xEE13, 0xEE13, 0xEE13, 0xEE13, 0xEE13, 0xEE13, 0xEE13, 0xEE13, 0xEE13, 
0xEE13, 0xEE13, 0xEE13, 0xEE13, 0xEE13, 0xEE13, 0xEE13, 0xEE13, 0xEE13, 0xEE13, 0xEE13, 0xEE13, 
0xEE13, 0xEE13, 0xEE13, 0xEE13, 0xEE13, 0xEE13, 0xEE13, 0xEE13, 0x34AD, 0x34AD, 0x34AD, 0x34AD, 
0x34AD, 0x34AD, 0x34AD, 0x34AD, 0x34AD, 0x34AD, 0x34AD, 0x34AD, 0xEE13, 0xEE13, 0xEE13, 0xEE13, 
0xEE13, 0xEE13, 0xEE13, 0xEE13, 0xEE13, 0xEE13, 0xEE13, 0xEE13, 0xEE13, 0xEE13, 0xEE13, 0xEE13, 
0xEE13, 0xEE13, 0xEE13, 0xEE13, 0xEE13, 0xEE13, 0xEE13, 0xEE13, 0xEE13, 0xEE13, 0xEE13, 0xEE13, 
0xEE13, 0xEE13, 0xEE13, 0xEE13, 0x5AAA, 0x5AAA, 0x5AAA, 0x5AAA, 0x5AAA, 0x5AAA, 0x8B66, 0x8B66, 
0x8B66, 0x8B66, 0x8B66, 0x8B66, 0x8B66, 0x8B66, 0xEE13, 0xEE13, 0xEE13, 0xEE13, 0xEE13, 0xEE13, 
0xEE13, 0xEE13, 0xEE13, 0xEE13, 0xEE13, 0xEE13, 0xEE13, 0xEE13, 0xEE13, 0xEE13, 0xEE13, 0xEE13, 
0xEE13, 0xEE13, 0xEE13, 0xEE13, 0xEE13, 0xEE13, 0xEE13, 0xEE13, 0xEE13, 0xEE13, 0xEE13, 0xEE13, 
0xEE13, 0xEE13, 0xEE13, 0xEE13, 0xEE13, 0xEE13, 0xEE13, 0xEE13, 0xEE13, 0xEE13, 0xEE13, 0xEE13, 
0xEE13, 0xEE13, 0xEE13, 0xEE13, 0xEE13, 0xEE13, 0xEE13, 0xEE13, 0xEE13, 0xEE13, 0xEE13, 0xEE13, 
0xEE13, 0xEE13, 0xEE13, 0xEE13, 0xEE13, 0xEE13, 0xEE13, 0xEE13, 0xEE13, 0xEE13, 0xEE13, 0xEE13, 
0xEE13, 0xEE13, 0xEE13, 0xEE13, 0x34AD, 0x34AD, 0x34AD, 0x34AD, 0x34AD, 0x34AD, 0x34AD, 0x34AD, 
0x34AD, 0x34AD, 0x34AD, 0x34AD, 0xEE13, 0xEE13, 0xEE13, 0xEE13, 0xEE13, 0xEE13, 0xEE13, 0xEE13, 
0xEE13, 0xEE13, 0xEE13, 0xEE13, 0xEE13, 0xEE13, 0xEE13, 0xEE13, 0xEE13, 0xEE13, 0xEE13, 0xEE13, 
0xEE13, 0xEE13, 0xEE13, 0xEE13, 0xEE13, 0xEE13, 0xEE13, 0xEE13, 0xEE13, 0xEE13, 0xEE13, 0xEE13, 
0x5AAA, 0x5AAA, 0x5AAA, 0x5AAA, 0x5AAA, 0x5AAA, 0x8B66, 0x8B66, 0x8B66, 0x8B66, 0x8B66, 0x8B66, 
0x8B66, 0x8B66, 0xEE13, 0xEE13, 0xEE13, 0xEE13, 0xEE13, 0xEE13, 0xEE13, 0xEE13, 0xEE13, 0xEE13, 
0xEE13, 0xEE13, 0xEE13, 0xEE13, 0xEE13, 0xEE13, 0xEE13, 0xEE13, 0xEE13, 0xEE13, 0xEE13, 0xEE13, 
0xEE13, 0xEE13, 0xEE13, 0xEE13, 0xEE13, 0xEE13, 0xEE13, 0xEE13, 0x34AD, 0x34AD, 0x34AD, 0x34AD, 
0x34AD, 0x34AD, 0x34AD, 0x34AD, 0x34AD, 0x34AD, 0x34AD, 0x34AD, 0xEE13, 0xEE13, 0xEE13, 0xEE13, 
0xEE13, 0xEE13, 0xEE13, 0xEE13, 0xEE13, 0xEE13, 0xEE13, 0xEE13, 0xEE13, 0xEE13, 0xEE13, 0xEE13, 
0xEE13, 0xEE13, 0xEE13, 0xEE13, 0xEE13, 0xEE13, 0xEE13, 0xEE13, 0xEE13, 0xEE13, 0x34AD, 0x34AD, 
0x34AD, 0x34AD, 0x31E7, 0x31E7, 0x31E7, 0x31E7, 0x31E7, 0x31E7, 0x31E7, 0x31E7, 0x34AD, 0x34AD, 
0x34AD, 0x34AD, 0xEE13, 0xEE13, 0xEE13, 0xEE13, 0xEE13, 0xEE13, 0xEE13, 0xEE13, 0xEE13, 0xEE13, 
0xEE13, 0xEE13, 0xEE13, 0xEE13, 0xEE13, 0xEE13, 0xEE13, 0xEE13, 0xEE13, 0xEE13, 0xEE13, 0xEE13, 
0xEE13, 0xEE13, 0xEE13, 0xEE13, 0x5AAA, 0x5AAA, 0x5AAA, 0x5AAA, 0x5AAA, 0x5AAA, 0x5AAA, 0x5AAA, 
0x5AAA, 0x5AAA, 0x5AAA, 0x5AAA, 0x8B66, 0x8B66, 0x8B66, 0x8B66, 0x8B66, 0x8B66, 0xEE13, 0xEE13, 
0xEE13, 0xEE13, 0xEE13, 0xEE13, 0xEE13, 0xEE13, 0xEE13, 0xEE13, 0xEE13, 0xEE13, 0xEE13, 0xEE13, 
0xEE13, 0xEE13, 0xEE13, 0xEE13, 0xEE13, 0xEE13, 0xEE13, 0xEE13, 0xEE13, 0xEE13, 0xEE13, 0xEE13, 
0xEE13, 0xEE13, 0xEE13, 0xEE13, 0x34AD, 0x34AD, 0x34AD, 0x34AD, 0x34AD, 0x34AD, 0x34AD, 0x34AD, 
0x34AD, 0x34AD, 0x34AD, 0x34AD, 0xEE13, 0xEE13, 0xEE13, 0xEE13, 0xEE13, 0xEE13, 0xEE13, 0xEE13, 
0xEE13, 0xEE13, 0xEE13, 0xEE13, 0xEE13, 0xEE13, 0xEE13, 0xEE13, 0xEE13, 0xEE13, 0xEE13, 0xEE13, 
0xEE13, 0xEE13, 0xEE13, 0xEE13, 0xEE13, 0xEE13, 0x34AD, 0x34AD, 0x34AD, 0x34AD, 0x31E7, 0x31E7, 
0x31E7, 0x31E7, 0x31E7, 0x31E7, 0x31E7, 0x31E7, 0x34AD, 0x34AD, 0x34AD, 0x34AD, 0xEE13, 0xEE13, 
0xEE13, 0xEE13, 0xEE13, 0xEE13, 0xEE13, 0xEE13, 0xEE13, 0xEE13, 0xEE13, 0xEE13, 0xEE13, 0xEE13, 
0xEE13, 0xEE13, 0xEE13, 0xEE13, 0xEE13, 0xEE13, 0xEE13, 0xEE13, 0xEE13, 0xEE13, 0xEE13, 0xEE13, 
0x5AAA, 0x5AAA, 0x5AAA, 0x5AAA, 0x5AAA, 0x5AAA, 0x5AAA, 0x5AAA, 0x5AAA, 0x5AAA, 0x5AAA, 0x5AAA, 
0x8B66, 0x8B66, 0x8B66, 0x8B66, 0x8B66, 0x8B66, 0xEE13, 0xEE13, 0xEE13, 0xEE13, 0xEE13, 0xEE13, 
0xEE13, 0xEE13, 0xEE13, 0xEE13, 0xEE13, 0xEE13, 0xEE13, 0xEE13, 0xEE13, 0xEE13, 0xEE13, 0xEE13, 
0xEE13, 0xEE13, 0xEE13, 0xEE13, 0xEE13, 0xEE13, 0xEE13, 0xEE13, 0xEE13, 0xEE13, 0x34AD, 0x34AD, 
0x34AD, 0x34AD, 0x34AD, 0x34AD, 0x34AD, 0x34AD, 0x34AD, 0x34AD, 0x34AD, 0x34AD, 0x34AD, 0x34AD, 
0x34AD, 0x34AD, 0xEE13, 0xEE13, 0xEE13, 0xEE13, 0xEE13, 0xEE13, 0xEE13, 0xEE13, 0xEE13, 0xEE13, 
0xEE13, 0xEE13, 0xEE13, 0xEE13, 0xEE13, 0xEE13, 0xEE13, 0xEE13, 0xEE13, 0xEE13, 0xEE13, 0xEE13, 
0xEE13, 0xEE13, 0x34AD, 0x34AD, 0x34AD, 0x34AD, 0x31E7, 0x31E7, 0xFFFF, 0xFFFF, 0xFFFF, 0xFFFF, 
0x31E7, 0x31E7, 0x34AD, 0x34AD, 0x34AD, 0x34AD, 0x34AD, 0x34AD, 0xEE13, 0xEE13, 0xEE13, 0xEE13, 
0xEE13, 0xEE13, 0xEE13, 0xEE13, 0xEE13, 0xEE13, 0xEE13, 0xEE13, 0xEE13, 0xEE13, 0xEE13, 0xEE13, 
0xEE13, 0xEE13, 0xEE13, 0xEE13, 0xEE13, 0xEE13, 0xEE13, 0xEE13, 0x5AAA, 0x5AAA, 0x5AAA, 0x5AAA, 
0x5AAA, 0x5AAA, 0x5AAA, 0x5AAA, 0x5AAA, 0x5AAA, 0x5AAA, 0x5AAA, 0x8B66, 0x8B66, 0x8B66, 0x8B66, 
0xEE13, 0xEE13, 0xEE13, 0xEE13, 0xEE13, 0xEE13, 0xEE13, 0xEE13, 0xEE13, 0xEE13, 0xEE13, 0xEE13, 
0xEE13, 0xEE13, 0xEE13, 0xEE13, 0xEE13, 0xEE13, 0xEE13, 0xEE13, 0xEE13, 0xEE13, 0xEE13, 0xEE13, 
0xEE13, 0xEE13, 0xEE13, 0xEE13, 0xEE13, 0xEE13, 0x34AD, 0x34AD, 0x34AD, 0x34AD, 0x34AD, 0x34AD, 
0x34AD, 0x34AD, 0x34AD, 0x34AD, 0x34AD, 0x34AD, 0x34AD, 0x34AD, 0x34AD, 0x34AD, 0xEE13, 0xEE13, 
0xEE13, 0xEE13, 0xEE13, 0xEE13, 0xEE13, 0xEE13, 0xEE13, 0xEE13, 0xEE13, 0xEE13, 0xEE13, 0xEE13, 
0xEE13, 0xEE13, 0xEE13, 0xEE13, 0xEE13, 0xEE13, 0xEE13, 0xEE13, 0xEE13, 0xEE13, 0x34AD, 0x34AD, 
0x34AD, 0x34AD, 0x31E7, 0x31E7, 0xFFFF, 0xFFFF, 0xFFFF, 0xFFFF, 0x31E7, 0x31E7, 0x34AD, 0x34AD, 
0x34AD, 0x34AD, 0x34AD, 0x34AD, 0xEE13, 0xEE13, 0xEE13, 0xEE13, 0xEE13, 0xEE13, 0xEE13, 0xEE13, 
0xEE13, 0xEE13, 0xEE13, 0xEE13, 0xEE13, 0xEE13, 0xEE13, 0xEE13, 0xEE13, 0xEE13, 0xEE13, 0xEE13, 
0xEE13, 0xEE13, 0xEE13, 0xEE13, 0x5AAA, 0x5AAA, 0x5AAA, 0x5AAA, 0x5AAA, 0x5AAA, 0x5AAA, 0x5AAA, 
0x5AAA, 0x5AAA, 0x5AAA, 0x5AAA, 0x8B66, 0x8B66, 0x8B66, 0x8B66, 0xEE13, 0xEE13, 0xEE13, 0xEE13, 
0xEE13, 0xEE13, 0xEE13, 0xEE13, 0xEE13, 0xEE13, 0xEE13, 0xEE13, 0xEE13, 0xEE13, 0xEE13, 0xEE13, 
0xEE13, 0xEE13, 0xEE13, 0xEE13, 0xEE13, 0xEE13, 0xEE13, 0xEE13, 0xEE13, 0xEE13, 0xEE13, 0xEE13, 
0xEE13, 0xEE13, 0x34AD, 0x34AD, 0x31E7, 0x31E7, 0x31E7, 0x31E7, 0x31E7, 0x31E7, 0x31E7, 0x31E7, 
0x31E7, 0x31E7, 0x34AD, 0x34AD, 0x34AD, 0x34AD, 0x34AD, 0x34AD, 0xEE13, 0xEE13, 0xEE13, 0xEE13, 
0xEE13, 0xEE13, 0xEE13, 0xEE13, 0xEE13, 0xEE13, 0xEE13, 0xEE13, 0xEE13, 0xEE13, 0xEE13, 0xEE13, 
0xEE13, 0xEE13, 0xEE13, 0xEE13, 0x34AD, 0x34AD, 0x34AD, 0x34AD, 0x34AD, 0x34AD, 0x31E7, 0x31E7, 
0xFFFF, 0xFFFF, 0x31E7, 0x31E7, 0x31E7, 0x31E7, 0x31E7, 0x31E7, 0x34AD, 0x34AD, 0x34AD, 0x34AD, 
0xEE13, 0xEE13, 0xEE13, 0xEE13, 0xEE13, 0xEE13, 0xEE13, 0xEE13, 0xEE13, 0xEE13, 0xEE13, 0xEE13, 
0xEE13, 0xEE13, 0xEE13, 0xEE13, 0xEE13, 0xEE13, 0xEE13, 0xEE13, 0xEE13, 0xEE13, 0x5AAA, 0x5AAA, 
0x5AAA, 0x5AAA, 0x5AAA, 0x5AAA, 0x5AAA, 0x5AAA, 0x5AAA, 0x5AAA, 0x5AAA, 0x5AAA, 0x5AAA, 0x5AAA, 
0x5AAA, 0x5AAA, 0xEE13, 0xEE13, 0xEE13, 0xEE13, 0xEE13, 0xEE13, 0xEE13, 0xEE13, 0xEE13, 0xEE13, 
0xEE13, 0xEE13, 0xEE13, 0xEE13, 0xEE13, 0xEE13, 0xEE13, 0xEE13, 0xEE13, 0xEE13, 0xEE13, 0xEE13, 
0xEE13, 0xEE13, 0xEE13, 0xEE13, 0xEE13, 0xEE13, 0xEE13, 0xEE13, 0xEE13, 0xEE13, 0x34AD, 0x34AD, 
0x31E7, 0x31E7, 0x31E7, 0x31E7, 0x31E7, 0x31E7, 0x31E7, 0x31E7, 0x31E7, 0x31E7, 0x34AD, 0x34AD, 
0x34AD, 0x34AD, 0x34AD, 0x34AD, 0xEE13, 0xEE13, 0xEE13, 0xEE13, 0xEE13, 0xEE13, 0xEE13, 0xEE13, 
0xEE13, 0xEE13, 0xEE13, 0xEE13, 0xEE13, 0xEE13, 0xEE13, 0xEE13, 0xEE13, 0xEE13, 0xEE13, 0xEE13, 
0x34AD, 0x34AD, 0x34AD, 0x34AD, 0x34AD, 0x34AD, 0x31E7, 0x31E7, 0xFFFF, 0xFFFF, 0x31E7, 0x31E7, 
0x31E7, 0x31E7, 0x31E7, 0x31E7, 0x34AD, 0x34AD, 0x34AD, 0x34AD, 0xEE13, 0xEE13, 0xEE13, 0xEE13, 
0xEE13, 0xEE13, 0xEE13, 0xEE13, 0xEE13, 0xEE13, 0xEE13, 0xEE13, 0xEE13, 0xEE13, 0xEE13, 0xEE13, 
0xEE13, 0xEE13, 0xEE13, 0xEE13, 0xEE13, 0xEE13, 0x5AAA, 0x5AAA, 0x5AAA, 0x5AAA, 0x5AAA, 0x5AAA, 
0x5AAA, 0x5AAA, 0x5AAA, 0x5AAA, 0x5AAA, 0x5AAA, 0x5AAA, 0x5AAA, 0x5AAA, 0x5AAA, 0xEE13, 0xEE13, 
0xEE13, 0xEE13, 0xEE13, 0xEE13, 0xEE13, 0xEE13, 0xEE13, 0xEE13, 0xEE13, 0xEE13, 0xEE13, 0xEE13, 
0xEE13, 0xEE13, 0xEE13, 0xEE13, 0xEE13, 0xEE13, 0xEE13, 0xEE13, 0xEE13, 0xEE13, 0xEE13, 0xEE13, 
0xEE13, 0xEE13, 0xEE13, 0xEE13, 0x34AD, 0x34AD, 0x34AD, 0x34AD, 0x31E7, 0x31E7, 0xFFFF, 0xFFFF, 
0xFFFF, 0xFFFF, 0x31E7, 0x31E7, 0x31E7, 0x31E7, 0x34AD, 0x34AD, 0x34AD, 0x34AD, 0x34AD, 0x34AD, 
0xEE13, 0xEE13, 0xEE13, 0xEE13, 0xEE13, 0xEE13, 0xEE13, 0xEE13, 0xEE13, 0xEE13, 0xEE13, 0xEE13, 
0xEE13, 0xEE13, 0xEE13, 0xEE13, 0xEE13, 0xEE13, 0xEE13, 0xEE13, 0x34AD, 0x34AD, 0x34AD, 0x34AD, 
0x34AD, 0x34AD, 0x31E7, 0x31E7, 0x31E7, 0x31E7, 0x31E7, 0x31E7, 0x31E7, 0x31E7, 0x31E7, 0x31E7, 
0x34AD, 0x34AD, 0x34AD, 0x34AD, 0x34AD, 0x34AD, 0xEE13, 0xEE13, 0xEE13, 0xEE13, 0xEE13, 0xEE13, 
0xEE13, 0xEE13, 0xEE13, 0xEE13, 0xEE13, 0xEE13, 0xEE13, 0xEE13, 0xEE13, 0xEE13, 0xEE13, 0xEE13, 
0x5AAA, 0x5AAA, 0x5AAA, 0x5AAA, 0x5AAA, 0x5AAA, 0x5AAA, 0x5AAA, 0x5AAA, 0x5AAA, 0x5AAA, 0x5AAA, 
0x5AAA, 0x5AAA, 0x5AAA, 0x5AAA, 0x5AAA, 0x5AAA, 0x5AAA, 0x5AAA, 0xEE13, 0xEE13, 0xEE13, 0xEE13, 
0xEE13, 0xEE13, 0xEE13, 0xEE13, 0xEE13, 0xEE13, 0xEE13, 0xEE13, 0xEE13, 0xEE13, 0xEE13, 0xEE13, 
0xEE13, 0xEE13, 0xEE13, 0xEE13, 0xEE13, 0xEE13, 0xEE13, 0xEE13, 0xEE13, 0xEE13, 0xEE13, 0xEE13, 
0x34AD, 0x34AD, 0x34AD, 0x34AD, 0x31E7, 0x31E7, 0xFFFF, 0xFFFF, 0xFFFF, 0xFFFF, 0x31E7, 0x31E7, 
0x31E7, 0x31E7, 0x34AD, 0x34AD, 0x34AD, 0x34AD, 0x34AD, 0x34AD, 0xEE13, 0xEE13, 0xEE13, 0xEE13, 
0xEE13, 0xEE13, 0xEE13, 0xEE13, 0xEE13, 0xEE13, 0xEE13, 0xEE13, 0xEE13, 0xEE13, 0xEE13, 0xEE13, 
0xEE13, 0xEE13, 0xEE13, 0xEE13, 0x34AD, 0x34AD, 0x34AD, 0x34AD, 0x34AD, 0x34AD, 0x31E7, 0x31E7, 
0x31E7, 0x31E7, 0x31E7, 0x31E7, 0x31E7, 0x31E7, 0x31E7, 0x31E7, 0x34AD, 0x34AD, 0x34AD, 0x34AD, 
0x34AD, 0x34AD, 0xEE13, 0xEE13, 0xEE13, 0xEE13, 0xEE13, 0xEE13, 0xEE13, 0xEE13, 0xEE13, 0xEE13, 
0xEE13, 0xEE13, 0xEE13, 0xEE13, 0xEE13, 0xEE13, 0xEE13, 0xEE13, 0x5AAA, 0x5AAA, 0x5AAA, 0x5AAA, 
0x5AAA, 0x5AAA, 0x5AAA, 0x5AAA, 0x5AAA, 0x5AAA, 0x5AAA, 0x5AAA, 0x5AAA, 0x5AAA, 0x5AAA, 0x5AAA, 
0x5AAA, 0x5AAA, 0x5AAA, 0x5AAA, 0xEE13, 0xEE13, 0xEE13, 0xEE13, 0xEE13, 0xEE13, 0xEE13, 0xEE13, 
0xEE13, 0xEE13, 0xEE13, 0xEE13, 0xEE13, 0xEE13, 0xEE13, 0xEE13, 0xEE13, 0xEE13, 0xEE13, 0xEE13, 
0xEE13, 0xEE13, 0xEE13, 0xEE13, 0xEE13, 0xEE13, 0xEE13, 0xEE13, 0x34AD, 0x34AD, 0x34AD, 0x34AD, 
0x31E7, 0x31E7, 0xFFFF, 0xFFFF, 0x31E7, 0x31E7, 0x31E7, 0x31E7, 0xFFFF, 0xFFFF, 0x34AD, 0x34AD, 
0x34AD, 0x34AD, 0x34AD, 0x34AD, 0x34AD, 0x34AD, 0xEE13, 0xEE13, 0xEE13, 0xEE13, 0xEE13, 0xEE13, 
0xEE13, 0xEE13, 0xEE13, 0xEE13, 0xEE13, 0xEE13, 0xEE13, 0xEE13, 0xEE13, 0xEE13, 0xEE13, 0xEE13, 
0x34AD, 0x34AD, 0x34AD, 0x34AD, 0x34AD, 0x34AD, 0x31E7, 0x31E7, 0x31E7, 0x31E7, 0xFFFF, 0xFFFF, 
0xFFFF, 0xFFFF, 0x31E7, 0x31E7, 0x34AD, 0x34AD, 0x34AD, 0x34AD, 0x34AD, 0x34AD, 0xEE13, 0xEE13, 
0xEE13, 0xEE13, 0xEE13, 0xEE13, 0xEE13, 0xEE13, 0xEE13, 0xEE13, 0xEE13, 0xEE13, 0xEE13, 0xEE13, 
0xEE13, 0xEE13, 0xEE13, 0xEE13, 0x5AAA, 0x5AAA, 0x5AAA, 0x5AAA, 0x5AAA, 0x5AAA, 0x5AAA, 0x5AAA, 
0x5AAA, 0x5AAA, 0x5AAA, 0x5AAA, 0x5AAA, 0x5AAA, 0x5AAA, 0x5AAA, 0x5AAA, 0x5AAA, 0x5AAA, 0x5AAA, 
0x5AAA, 0x5AAA, 0xEE13, 0xEE13, 0xEE13, 0xEE13, 0xEE13, 0xEE13, 0xEE13, 0xEE13, 0xEE13, 0xEE13, 
0xEE13, 0xEE13, 0xEE13, 0xEE13, 0xEE13, 0xEE13, 0xEE13, 0xEE13, 0xEE13, 0xEE13, 0xEE13, 0xEE13, 
0xEE13, 0xEE13, 0xEE13, 0xEE13, 0x34AD, 0x34AD, 0x34AD, 0x34AD, 0x31E7, 0x31E7, 0xFFFF, 0xFFFF, 
0x31E7, 0x31E7, 0x31E7, 0x31E7, 0xFFFF, 0xFFFF, 0x34AD, 0x34AD, 0x34AD, 0x34AD, 0x34AD, 0x34AD, 
0x34AD, 0x34AD, 0xEE13, 0xEE13, 0xEE13, 0xEE13, 0xEE13, 0xEE13, 0xEE13, 0xEE13, 0xEE13, 0xEE13, 
0xEE13, 0xEE13, 0xEE13, 0xEE13, 0xEE13, 0xEE13, 0xEE13, 0xEE13, 0x34AD, 0x34AD, 0x34AD, 0x34AD, 
0x34AD, 0x34AD, 0x31E7, 0x31E7, 0x31E7, 0x31E7, 0xFFFF, 0xFFFF, 0xFFFF, 0xFFFF, 0x31E7, 0x31E7, 
0x34AD, 0x34AD, 0x34AD, 0x34AD, 0x34AD, 0x34AD, 0xEE13, 0xEE13, 0xEE13, 0xEE13, 0xEE13, 0xEE13, 
0xEE13, 0xEE13, 0xEE13, 0xEE13, 0xEE13, 0xEE13, 0xEE13, 0xEE13, 0xEE13, 0xEE13, 0xEE13, 0xEE13, 
0x5AAA, 0x5AAA, 0x5AAA, 0x5AAA, 0x5AAA, 0x5AAA, 0x5AAA, 0x5AAA, 0x5AAA, 0x5AAA, 0x5AAA, 0x5AAA, 
0x5AAA, 0x5AAA, 0x5AAA, 0x5AAA, 0x5AAA, 0x5AAA, 0x5AAA, 0x5AAA, 0x5AAA, 0x5AAA, 0xEE13, 0xEE13, 
0xEE13, 0xEE13, 0xEE13, 0xEE13, 0xEE13, 0xEE13, 0xEE13, 0xEE13, 0xEE13, 0xEE13, 0xEE13, 0xEE13, 
0xEE13, 0xEE13, 0xEE13, 0xEE13, 0xEE13, 0xEE13, 0xEE13, 0xEE13, 0x34AD, 0x34AD, 0x34AD, 0x34AD, 
0x34AD, 0x34AD, 0x34AD, 0x34AD, 0x31E7, 0x31E7, 0x31E7, 0x31E7, 0x31E7, 0x31E7, 0xFFFF, 0xFFFF, 
0x31E7, 0x31E7, 0x34AD, 0x34AD, 0x34AD, 0x34AD, 0x34AD, 0x34AD, 0x34AD, 0x34AD, 0xEE13, 0xEE13, 
0x34AD, 0x34AD, 0x34AD, 0x34AD, 0x34AD, 0x34AD, 0x34AD, 0x34AD, 0x34AD, 0x34AD, 0x34AD, 0x34AD, 
0x34AD, 0x34AD, 0x34AD, 0x34AD, 0x34AD, 0x34AD, 0x34AD, 0x34AD, 0x34AD, 0x34AD, 0x34AD, 0x34AD, 
0x34AD, 0x34AD, 0x34AD, 0x34AD, 0x34AD, 0x34AD, 0x34AD, 0x34AD, 0x34AD, 0x34AD, 0x34AD, 0x34AD, 
0x34AD, 0x34AD, 0xEE13, 0xEE13, 0xEE13, 0xEE13, 0xEE13, 0xEE13, 0xEE13, 0xEE13, 0xEE13, 0xEE13, 
0xEE13, 0xEE13, 0xEE13, 0xEE13, 0xEE13, 0xEE13, 0x5AAA, 0x5AAA, 0x5AAA, 0x5AAA, 0x5AAA, 0x5AAA, 
0x5AAA, 0x5AAA, 0x5AAA, 0x5AAA, 0x5AAA, 0x5AAA, 0x5AAA, 0x5AAA, 0x5AAA, 0x5AAA, 0x5AAA, 0x5AAA, 
0x5AAA, 0x5AAA, 0x5AAA, 0x5AAA, 0x5AAA, 0x5AAA, 0x5AAA, 0x5AAA, 0xEE13, 0xEE13, 0xEE13, 0xEE13, 
0xEE13, 0xEE13, 0xEE13, 0xEE13, 0xEE13, 0xEE13, 0xEE13, 0xEE13, 0xEE13, 0xEE13, 0xEE13, 0xEE13, 
0xEE13, 0xEE13, 0xEE13, 0xEE13, 0x34AD, 0x34AD, 0x34AD, 0x34AD, 0x34AD, 0x34AD, 0x34AD, 0x34AD, 
0x31E7, 0x31E7, 0x31E7, 0x31E7, 0x31E7, 0x31E7, 0xFFFF, 0xFFFF, 0x31E7, 0x31E7, 0x34AD, 0x34AD, 
0x34AD, 0x34AD, 0x34AD, 0x34AD, 0x34AD, 0x34AD, 0xEE13, 0xEE13, 0x34AD, 0x34AD, 0x34AD, 0x34AD, 
0x34AD, 0x34AD, 0x34AD, 0x34AD, 0x34AD, 0x34AD, 0x34AD, 0x34AD, 0x34AD, 0x34AD, 0x34AD, 0x34AD, 
0x34AD, 0x34AD, 0x34AD, 0x34AD, 0x34AD, 0x34AD, 0x34AD, 0x34AD, 0x34AD, 0x34AD, 0x34AD, 0x34AD, 
0x34AD, 0x34AD, 0x34AD, 0x34AD, 0x34AD, 0x34AD, 0x34AD, 0x34AD, 0x34AD, 0x34AD, 0xEE13, 0xEE13, 
0xEE13, 0xEE13, 0xEE13, 0xEE13, 0xEE13, 0xEE13, 0xEE13, 0xEE13, 0xEE13, 0xEE13, 0xEE13, 0xEE13, 
0xEE13, 0xEE13, 0x5AAA, 0x5AAA, 0x5AAA, 0x5AAA, 0x5AAA, 0x5AAA, 0x5AAA, 0x5AAA, 0x5AAA, 0x5AAA, 
0x5AAA, 0x5AAA, 0x5AAA, 0x5AAA, 0x5AAA, 0x5AAA, 0x5AAA, 0x5AAA, 0x5AAA, 0x5AAA, 0x5AAA, 0x5AAA, 
0x5AAA, 0x5AAA, 0x5AAA, 0x5AAA, 0xEE13, 0xEE13, 0xEE13, 0xEE13, 0xEE13, 0xEE13, 0xEE13, 0xEE13, 
0xEE13, 0xEE13, 0xEE13, 0xEE13, 0xEE13, 0xEE13, 0xEE13, 0xEE13, 0xEE13, 0xEE13, 0xEE13, 0xEE13, 
0x34AD, 0x34AD, 0x34AD, 0x34AD, 0x34AD, 0x34AD, 0x34AD, 0x34AD, 0x31E7, 0x31E7, 0x31E7, 0x31E7, 
0x31E7, 0x31E7, 0x31E7, 0x31E7, 0x31E7, 0x31E7, 0x34AD, 0x34AD, 0x34AD, 0x34AD, 0x34AD, 0x34AD, 
0x34AD, 0x34AD, 0x34AD, 0x34AD, 0x34AD, 0x34AD, 0x34AD, 0x34AD, 0x34AD, 0x34AD, 0x34AD, 0x34AD, 
0x34AD, 0x34AD, 0x34AD, 0x34AD, 0x34AD, 0x34AD, 0x34AD, 0x34AD, 0x34AD, 0x34AD, 0x34AD, 0x34AD, 
0x34AD, 0x34AD, 0x34AD, 0x34AD, 0x34AD, 0x34AD, 0x34AD, 0x34AD, 0x34AD, 0x34AD, 0x34AD, 0x34AD, 
0x34AD, 0x34AD, 0x34AD, 0x34AD, 0x34AD, 0x34AD, 0x34AD, 0x34AD, 0xEE13, 0xEE13, 0xEE13, 0xEE13, 
0xEE13, 0xEE13, 0xEE13, 0xEE13, 0xEE13, 0xEE13, 0xEE13, 0xEE13, 0xEE13, 0xEE13, 0x5AAA, 0x5AAA, 
0x5AAA, 0x5AAA, 0x5AAA, 0x5AAA, 0x5AAA, 0x5AAA, 0x5AAA, 0x5AAA, 0x5AAA, 0x5AAA, 0x5AAA, 0x5AAA, 
0x5AAA, 0x5AAA, 0x5AAA, 0x5AAA, 0x5AAA, 0x5AAA, 0x5AAA, 0x5AAA, 0x5AAA, 0x5AAA, 0x5AAA, 0x5AAA, 
0x5AAA, 0x5AAA, 0x5AAA, 0x5AAA, 0xEE13, 0xEE13, 0xEE13, 0xEE13, 0xEE13, 0xEE13, 0xEE13, 0xEE13, 
0xEE13, 0xEE13, 0xEE13, 0xEE13, 0xEE13, 0xEE13, 0xEE13, 0xEE13, 0x34AD, 0x34AD, 0x34AD, 0x34AD, 
0x34AD, 0x34AD, 0x34AD, 0x34AD, 0x31E7, 0x31E7, 0x31E7, 0x31E7, 0x31E7, 0x31E7, 0x31E7, 0x31E7, 
0x31E7, 0x31E7, 0x34AD, 0x34AD, 0x34AD, 0x34AD, 0x34AD, 0x34AD, 0x34AD, 0x34AD, 0x34AD, 0x34AD, 
0x34AD, 0x34AD, 0x34AD, 0x34AD, 0x34AD, 0x34AD, 0x34AD, 0x34AD, 0x34AD, 0x34AD, 0x34AD, 0x34AD, 
0x34AD, 0x34AD, 0x34AD, 0x34AD, 0x34AD, 0x34AD, 0x34AD, 0x34AD, 0x34AD, 0x34AD, 0x34AD, 0x34AD, 
0x34AD, 0x34AD, 0x34AD, 0x34AD, 0x34AD, 0x34AD, 0x34AD, 0x34AD, 0x34AD, 0x34AD, 0x34AD, 0x34AD, 
0x34AD, 0x34AD, 0x34AD, 0x34AD, 0xEE13, 0xEE13, 0xEE13, 0xEE13, 0xEE13, 0xEE13, 0xEE13, 0xEE13, 
0xEE13, 0xEE13, 0xEE13, 0xEE13, 0xEE13, 0xEE13, 0x5AAA, 0x5AAA, 0x5AAA, 0x5AAA, 0x5AAA, 0x5AAA, 
0x5AAA, 0x5AAA, 0x5AAA, 0x5AAA, 0x5AAA, 0x5AAA, 0x5AAA, 0x5AAA, 0x5AAA, 0x5AAA, 0x5AAA, 0x5AAA, 
0x5AAA, 0x5AAA, 0x5AAA, 0x5AAA, 0x5AAA, 0x5AAA, 0x5AAA, 0x5AAA, 0x5AAA, 0x5AAA, 0x5AAA, 0x5AAA, 
0xEE13, 0xEE13, 0xEE13, 0xEE13, 0xEE13, 0xEE13, 0xEE13, 0xEE13, 0xEE13, 0xEE13, 0xEE13, 0xEE13, 
0xEE13, 0xEE13, 0x34AD, 0x34AD, 0x34AD, 0x34AD, 0x34AD, 0x34AD, 0x34AD, 0x34AD, 0x34AD, 0x34AD, 
0x34AD, 0x34AD, 0x34AD, 0x34AD, 0x34AD, 0x34AD, 0x34AD, 0x34AD, 0x34AD, 0x34AD, 0x34AD, 0x34AD, 
0x34AD, 0x34AD, 0x34AD, 0x34AD, 0x34AD, 0x34AD, 0x34AD, 0x34AD, 0x34AD, 0x34AD, 0x31E7, 0x31E7, 
0x34AD, 0x34AD, 0x34AD, 0x34AD, 0x34AD, 0x34AD, 0x34AD, 0x34AD, 0x34AD, 0x34AD, 0x34AD, 0x34AD, 
0x31E7, 0x31E7, 0x34AD, 0x34AD, 0x34AD, 0x34AD, 0x34AD, 0x34AD, 0x34AD, 0x34AD, 0x34AD, 0x34AD, 
0x34AD, 0x34AD, 0x34AD, 0x34AD, 0x34AD, 0x34AD, 0x34AD, 0x34AD, 0x34AD, 0x34AD, 0x34AD, 0x34AD, 
0xEE13, 0xEE13, 0xEE13, 0xEE13, 0xEE13, 0xEE13, 0xEE13, 0xEE13, 0xEE13, 0xEE13, 0xEE13, 0xEE13, 
0xEE13, 0xEE13, 0xEE13, 0xEE13, 0x8B66, 0x8B66, 0x8B66, 0x8B66, 0x8B66, 0x8B66, 0x8B66, 0x8B66, 
0x8B66, 0x8B66, 0x5AAA, 0x5AAA, 0x5AAA, 0x5AAA, 0x5AAA, 0x5AAA, 0x5AAA, 0x5AAA, 0x5AAA, 0x5AAA, 
0x5AAA, 0x5AAA, 0x5AAA, 0x5AAA, 0x5AAA, 0x5AAA, 0x5AAA, 0x5AAA, 0x5AAA, 0x5AAA, 0xEE13, 0xEE13, 
0xEE13, 0xEE13, 0xEE13, 0xEE13, 0xEE13, 0xEE13, 0xEE13, 0xEE13, 0xEE13, 0xEE13, 0x34AD, 0x34AD, 
0x34AD, 0x34AD, 0x34AD, 0x34AD, 0x34AD, 0x34AD, 0x34AD, 0x34AD, 0x34AD, 0x34AD, 0x34AD, 0x34AD, 
0x34AD, 0x34AD, 0x34AD, 0x34AD, 0x34AD, 0x34AD, 0x34AD, 0x34AD, 0x34AD, 0x34AD, 0x34AD, 0x34AD, 
0x34AD, 0x34AD, 0x34AD, 0x34AD, 0x34AD, 0x34AD, 0x31E7, 0x31E7, 0x34AD, 0x34AD, 0x34AD, 0x34AD, 
0x34AD, 0x34AD, 0x34AD, 0x34AD, 0x34AD, 0x34AD, 0x34AD, 0x34AD, 0x31E7, 0x31E7, 0x34AD, 0x34AD, 
0x34AD, 0x34AD, 0x34AD, 0x34AD, 0x34AD, 0x34AD, 0x34AD, 0x34AD, 0x34AD, 0x34AD, 0x34AD, 0x34AD, 
0x34AD, 0x34AD, 0x34AD, 0x34AD, 0x34AD, 0x34AD, 0x34AD, 0x34AD, 0xEE13, 0xEE13, 0xEE13, 0xEE13, 
0xEE13, 0xEE13, 0xEE13, 0xEE13, 0xEE13, 0xEE13, 0xEE13, 0xEE13, 0xEE13, 0xEE13, 0xEE13, 0xEE13, 
0x8B66, 0x8B66, 0x8B66, 0x8B66, 0x8B66, 0x8B66, 0x8B66, 0x8B66, 0x8B66, 0x8B66, 0x5AAA, 0x5AAA, 
0x5AAA, 0x5AAA, 0x5AAA, 0x5AAA, 0x5AAA, 0x5AAA, 0x5AAA, 0x5AAA, 0x5AAA, 0x5AAA, 0x5AAA, 0x5AAA, 
0x5AAA, 0x5AAA, 0x5AAA, 0x5AAA, 0x5AAA, 0x5AAA, 0xEE13, 0xEE13, 0xEE13, 0xEE13, 0xEE13, 0xEE13, 
0xEE13, 0xEE13, 0xEE13, 0xEE13, 0xEE13, 0xEE13, 0x34AD, 0x34AD, 0x34AD, 0x34AD, 0x34AD, 0x34AD, 
0x34AD, 0x34AD, 0x34AD, 0x34AD, 0x34AD, 0x34AD, 0x34AD, 0x34AD, 0x34AD, 0x34AD, 0x34AD, 0x34AD, 
0x34AD, 0x34AD, 0x34AD, 0x34AD, 0x34AD, 0x34AD, 0x34AD, 0x34AD, 0x34AD, 0x34AD, 0x34AD, 0x34AD, 
0x34AD, 0x34AD, 0x34AD, 0x34AD, 0x31E7, 0x31E7, 0x31E7, 0x31E7, 0x31E7, 0x31E7, 0x31E7, 0x31E7, 
0x31E7, 0x31E7, 0x31E7, 0x31E7, 0x34AD, 0x34AD, 0x34AD, 0x34AD, 0x34AD, 0x34AD, 0x34AD, 0x34AD, 
0x34AD, 0x34AD, 0x34AD, 0x34AD, 0x34AD, 0x34AD, 0x34AD, 0x34AD, 0x34AD, 0x34AD, 0x34AD, 0x34AD, 
0x34AD, 0x34AD, 0x34AD, 0x34AD, 0xEE13, 0xEE13, 0xEE13, 0xEE13, 0xEE13, 0xEE13, 0xEE13, 0xEE13, 
0xEE13, 0xEE13, 0xEE13, 0xEE13, 0xEE13, 0xEE13, 0x8B66, 0x8B66, 0x8B66, 0x8B66, 0x8B66, 0x8B66, 
0x8B66, 0x8B66, 0x8B66, 0x8B66, 0xEE13, 0xEE13, 0x5AAA, 0x5AAA, 0x5AAA, 0x5AAA, 0x5AAA, 0x5AAA, 
0x5AAA, 0x5AAA, 0x5AAA, 0x5AAA, 0x5AAA, 0x5AAA, 0x5AAA, 0x5AAA, 0x5AAA, 0x5AAA, 0x5AAA, 0x5AAA, 
0x5AAA, 0x5AAA, 0x5AAA, 0x5AAA, 0x5AAA, 0x5AAA, 0x5AAA, 0x5AAA, 0xEE13, 0xEE13, 0xEE13, 0xEE13, 
0xEE13, 0xEE13, 0x34AD, 0x34AD, 0x34AD, 0x34AD, 0x34AD, 0x34AD, 0x34AD, 0x34AD, 0x34AD, 0x34AD, 
0x34AD, 0x34AD, 0x34AD, 0x34AD, 0x34AD, 0x34AD, 0x34AD, 0x34AD, 0x34AD, 0x34AD, 0x34AD, 0x34AD, 
0x34AD, 0x34AD, 0x34AD, 0x34AD, 0x34AD, 0x34AD, 0x34AD, 0x34AD, 0x34AD, 0x34AD, 0x34AD, 0x34AD, 
0x31E7, 0x31E7, 0x31E7, 0x31E7, 0x31E7, 0x31E7, 0x31E7, 0x31E7, 0x31E7, 0x31E7, 0x31E7, 0x31E7, 
0x34AD, 0x34AD, 0x34AD, 0x34AD, 0x34AD, 0x34AD, 0x34AD, 0x34AD, 0x34AD, 0x34AD, 0x34AD, 0x34AD, 
0x34AD, 0x34AD, 0x34AD, 0x34AD, 0x34AD, 0x34AD, 0x34AD, 0x34AD, 0x34AD, 0x34AD, 0x34AD, 0x34AD, 
0xEE13, 0xEE13, 0xEE13, 0xEE13, 0xEE13, 0xEE13, 0xEE13, 0xEE13, 0xEE13, 0xEE13, 0xEE13, 0xEE13, 
0xEE13, 0xEE13, 0x8B66, 0x8B66, 0x8B66, 0x8B66, 0x8B66, 0x8B66, 0x8B66, 0x8B66, 0x8B66, 0x8B66, 
0xEE13, 0xEE13, 0x5AAA, 0x5AAA, 0x5AAA, 0x5AAA, 0x5AAA, 0x5AAA, 0x5AAA, 0x5AAA, 0x5AAA, 0x5AAA, 
0x5AAA, 0x5AAA, 0x5AAA, 0x5AAA, 0x5AAA, 0x5AAA, 0x5AAA, 0x5AAA, 0x5AAA, 0x5AAA, 0x5AAA, 0x5AAA, 
0x5AAA, 0x5AAA, 0x5AAA, 0x5AAA, 0xEE13, 0xEE13, 0xEE13, 0xEE13, 0x34AD, 0x34AD, 0x34AD, 0x34AD, 
0x34AD, 0x34AD, 0x34AD, 0x34AD, 0x34AD, 0x34AD, 0x34AD, 0x34AD, 0x34AD, 0x34AD, 0x34AD, 0x34AD, 
0x34AD, 0x34AD, 0x34AD, 0x34AD, 0x34AD, 0x34AD, 0x34AD, 0x34AD, 0x34AD, 0x34AD, 0x34AD, 0x34AD, 
0x34AD, 0x34AD, 0x34AD, 0x34AD, 0x34AD, 0x34AD, 0x31E7, 0x31E7, 0x34AD, 0x34AD, 0x34AD, 0x34AD, 
0x34AD, 0x34AD, 0x34AD, 0x34AD, 0x34AD, 0x34AD, 0x34AD, 0x34AD, 0x31E7, 0x31E7, 0x34AD, 0x34AD, 
0x34AD, 0x34AD, 0x34AD, 0x34AD, 0x34AD, 0x34AD, 0x34AD, 0x34AD, 0x34AD, 0x34AD, 0x34AD, 0x34AD, 
0x34AD, 0x34AD, 0x34AD, 0x34AD, 0x34AD, 0x34AD, 0x34AD, 0x34AD, 0x34AD, 0x34AD, 0xEE13, 0xEE13, 
0xEE13, 0xEE13, 0xEE13, 0xEE13, 0xEE13, 0xEE13, 0xEE13, 0xEE13, 0xEE13, 0xEE13, 0x8B66, 0x8B66, 
0x8B66, 0x8B66, 0x8B66, 0x8B66, 0x8B66, 0x8B66, 0xEE13, 0xEE13, 0xEE13, 0xEE13, 0xEE13, 0xEE13, 
0x5AAA, 0x5AAA, 0x5AAA, 0x5AAA, 0x5AAA, 0x5AAA, 0x5AAA, 0x5AAA, 0x5AAA, 0x5AAA, 0x5AAA, 0x5AAA, 
0x5AAA, 0x5AAA, 0x5AAA, 0x5AAA, 0x5AAA, 0x5AAA, 0x5AAA, 0x5AAA, 0x5AAA, 0x5AAA, 0x5AAA, 0x5AAA, 
0xEE13, 0xEE13, 0xEE13, 0xEE13, 0x34AD, 0x34AD, 0x34AD, 0x34AD, 0x34AD, 0x34AD, 0x34AD, 0x34AD, 
0x34AD, 0x34AD, 0x34AD, 0x34AD, 0x34AD, 0x34AD, 0x34AD, 0x34AD, 0x34AD, 0x34AD, 0x34AD, 0x34AD, 
0x34AD, 0x34AD, 0x34AD, 0x34AD, 0x34AD, 0x34AD, 0x34AD, 0x34AD, 0x34AD, 0x34AD, 0x34AD, 0x34AD, 
0x34AD, 0x34AD, 0x31E7, 0x31E7, 0x34AD, 0x34AD, 0x34AD, 0x34AD, 0x34AD, 0x34AD, 0x34AD, 0x34AD, 
0x34AD, 0x34AD, 0x34AD, 0x34AD, 0x31E7, 0x31E7, 0x34AD, 0x34AD, 0x34AD, 0x34AD, 0x34AD, 0x34AD, 
0x34AD, 0x34AD, 0x34AD, 0x34AD, 0x34AD, 0x34AD, 0x34AD, 0x34AD, 0x34AD, 0x34AD, 0x34AD, 0x34AD, 
0x34AD, 0x34AD, 0x34AD, 0x34AD, 0x34AD, 0x34AD, 0xEE13, 0xEE13, 0xEE13, 0xEE13, 0xEE13, 0xEE13, 
0xEE13, 0xEE13, 0xEE13, 0xEE13, 0xEE13, 0xEE13, 0x8B66, 0x8B66, 0x8B66, 0x8B66, 0x8B66, 0x8B66, 
0x8B66, 0x8B66, 0xEE13, 0xEE13, 0xEE13, 0xEE13, 0xEE13, 0xEE13, 0x5AAA, 0x5AAA, 0x5AAA, 0x5AAA, 
0x5AAA, 0x5AAA, 0x5AAA, 0x5AAA, 0x5AAA, 0x5AAA, 0x5AAA, 0x5AAA, 0x5AAA, 0x5AAA, 0x5AAA, 0x5AAA, 
0x5AAA, 0x5AAA, 0x5AAA, 0x5AAA, 0x5AAA, 0x5AAA, 0x5AAA, 0x5AAA, 0xEE13, 0xEE13, 0xEE13, 0xEE13, 
0x34AD, 0x34AD, 0x34AD, 0x34AD, 0x34AD, 0x34AD, 0x34AD, 0x34AD, 0x34AD, 0x34AD, 0x34AD, 0x34AD, 
0x34AD, 0x34AD, 0x34AD, 0x34AD, 0x34AD, 0x34AD, 0x34AD, 0x34AD, 0x34AD, 0x34AD, 0x34AD, 0x34AD, 
0x34AD, 0x34AD, 0x34AD, 0x34AD, 0x34AD, 0x34AD, 0x34AD, 0x34AD, 0x34AD, 0x34AD, 0x34AD, 0x34AD, 
0x34AD, 0x34AD, 0x34AD, 0x34AD, 0x34AD, 0x34AD, 0x34AD, 0x34AD, 0x34AD, 0x34AD, 0x34AD, 0x34AD, 
0x34AD, 0x34AD, 0x34AD, 0x34AD, 0x34AD, 0x34AD, 0x34AD, 0x34AD, 0x34AD, 0x34AD, 0x34AD, 0x34AD, 
0x34AD, 0x34AD, 0x34AD, 0x34AD, 0x34AD, 0x34AD, 0x34AD, 0x34AD, 0x34AD, 0x34AD, 0x34AD, 0x34AD, 
0x34AD, 0x34AD, 0x34AD, 0x34AD, 0xEE13, 0xEE13, 0xEE13, 0xEE13, 0xEE13, 0xEE13, 0xEE13, 0xEE13, 
0xEE13, 0xEE13, 0x8B66, 0x8B66, 0x8B66, 0x8B66, 0x8B66, 0x8B66, 0xEE13, 0xEE13, 0xEE13, 0xEE13, 
0xEE13, 0xEE13, 0xEE13, 0xEE13, 0xEE13, 0xEE13, 0x5AAA, 0x5AAA, 0x5AAA, 0x5AAA, 0x5AAA, 0x5AAA, 
0x5AAA, 0x5AAA, 0x5AAA, 0x5AAA, 0x5AAA, 0x5AAA, 0x5AAA, 0x5AAA, 0x5AAA, 0x5AAA, 0x5AAA, 0x5AAA, 
0x5AAA, 0x5AAA, 0x5AAA, 0x5AAA, 0xEE13, 0xEE13, 0xEE13, 0xEE13, 0x34AD, 0x34AD, 0x34AD, 0x34AD, 
0x34AD, 0x34AD, 0x34AD, 0x34AD, 0x34AD, 0x34AD, 0x34AD, 0x34AD, 0x34AD, 0x34AD, 0x34AD, 0x34AD, 
0x34AD, 0x34AD, 0x34AD, 0x34AD, 0x34AD, 0x34AD, 0x34AD, 0x34AD, 0x34AD, 0x34AD, 0x34AD, 0x34AD, 
0x34AD, 0x34AD, 0x34AD, 0x34AD, 0x34AD, 0x34AD, 0x34AD, 0x34AD, 0x34AD, 0x34AD, 0x34AD, 0x34AD, 
0x34AD, 0x34AD, 0x34AD, 0x34AD, 0x34AD, 0x34AD, 0x34AD, 0x34AD, 0x34AD, 0x34AD, 0x34AD, 0x34AD, 
0x34AD, 0x34AD, 0x34AD, 0x34AD, 0x34AD, 0x34AD, 0x34AD, 0x34AD, 0x34AD, 0x34AD, 0x34AD, 0x34AD, 
0x34AD, 0x34AD, 0x34AD, 0x34AD, 0x34AD, 0x34AD, 0x34AD, 0x34AD, 0x34AD, 0x34AD, 0x34AD, 0x34AD, 
0xEE13, 0xEE13, 0xEE13, 0xEE13, 0xEE13, 0xEE13, 0xEE13, 0xEE13, 0xEE13, 0xEE13, 0x8B66, 0x8B66, 
0x8B66, 0x8B66, 0x8B66, 0x8B66, 0xEE13, 0xEE13, 0xEE13, 0xEE13, 0xEE13, 0xEE13, 0xEE13, 0xEE13, 
0xEE13, 0xEE13, 0x5AAA, 0x5AAA, 0x5AAA, 0x5AAA, 0x5AAA, 0x5AAA, 0x5AAA, 0x5AAA, 0x5AAA, 0x5AAA, 
0x5AAA, 0x5AAA, 0x5AAA, 0x5AAA, 0x5AAA, 0x5AAA, 0x5AAA, 0x5AAA, 0x5AAA, 0x5AAA, 0x5AAA, 0x5AAA, 
0xEE13, 0xEE13, 0xEE13, 0xEE13, 0x34AD, 0x34AD, 0x34AD, 0x34AD, 0x34AD, 0x34AD, 0x34AD, 0x34AD, 
0x34AD, 0x34AD, 0x34AD, 0x34AD, 0x34AD, 0x34AD, 0x34AD, 0x34AD, 0x34AD, 0x34AD, 0x34AD, 0x34AD, 
0x34AD, 0x34AD, 0x34AD, 0x34AD, 0x34AD, 0x34AD, 0x34AD, 0x34AD, 0x34AD, 0x34AD, 0x34AD, 0x34AD, 
0x34AD, 0x34AD, 0x34AD, 0x34AD, 0x34AD, 0x34AD, 0x34AD, 0x34AD, 0x34AD, 0x34AD, 0x34AD, 0x34AD, 
0x34AD, 0x34AD, 0x34AD, 0x34AD, 0x34AD, 0x34AD, 0x34AD, 0x34AD, 0x34AD, 0x34AD, 0x34AD, 0x34AD, 
0x34AD, 0x34AD, 0x34AD, 0x34AD, 0x34AD, 0x34AD, 0x34AD, 0x34AD, 0x34AD, 0x34AD, 0x34AD, 0x34AD, 
0x34AD, 0x34AD, 0x34AD, 0x34AD, 0x34AD, 0x34AD, 0x34AD, 0x34AD, 0xEE13, 0xEE13, 0xEE13, 0xEE13, 
0xEE13, 0xEE13, 0xEE13, 0xEE13, 0x8B66, 0x8B66, 0x8B66, 0x8B66, 0x8B66, 0x8B66, 0x8B66, 0x8B66, 
0xEE13, 0xEE13, 0xEE13, 0xEE13, 0xEE13, 0xEE13, 0xEE13, 0xEE13, 0xEE13, 0xEE13, 0x5AAA, 0x5AAA, 
0x5AAA, 0x5AAA, 0x5AAA, 0x5AAA, 0x5AAA, 0x5AAA, 0x5AAA, 0x5AAA, 0x5AAA, 0x5AAA, 0x5AAA, 0x5AAA, 
0x5AAA, 0x5AAA, 0x5AAA, 0x5AAA, 0xD3D7, 0xD3D7, 0xEE13, 0xEE13, 0xEE13, 0xEE13, 0xEE13, 0xEE13, 
0x34AD, 0x34AD, 0x34AD, 0x34AD, 0x34AD, 0x34AD, 0x34AD, 0x34AD, 0x34AD, 0x34AD, 0x34AD, 0x34AD, 
0x34AD, 0x34AD, 0x34AD, 0x34AD, 0x34AD, 0x34AD, 0x34AD, 0x34AD, 0x34AD, 0x34AD, 0x34AD, 0x34AD, 
0x34AD, 0x34AD, 0x34AD, 0x34AD, 0x34AD, 0x34AD, 0x34AD, 0x34AD, 0x34AD, 0x34AD, 0x34AD, 0x34AD, 
0x34AD, 0x34AD, 0x34AD, 0x34AD, 0x34AD, 0x34AD, 0x34AD, 0x34AD, 0x34AD, 0x34AD, 0x34AD, 0x34AD, 
0x34AD, 0x34AD, 0x34AD, 0x34AD, 0x34AD, 0x34AD, 0x34AD, 0x34AD, 0x34AD, 0x34AD, 0x34AD, 0x34AD, 
0x34AD, 0x34AD, 0x34AD, 0x34AD, 0x34AD, 0x34AD, 0x34AD, 0x34AD, 0x34AD, 0x34AD, 0x34AD, 0x34AD, 
0x34AD, 0x34AD, 0x34AD, 0x34AD, 0xEE13, 0xEE13, 0xEE13, 0xEE13, 0xEE13, 0xEE13, 0xEE13, 0xEE13, 
0x8B66, 0x8B66, 0x8B66, 0x8B66, 0x8B66, 0x8B66, 0x8B66, 0x8B66, 0xEE13, 0xEE13, 0xEE13, 0xEE13, 
0xEE13, 0xEE13, 0xEE13, 0xEE13, 0xEE13, 0xEE13, 0x5AAA, 0x5AAA, 0x5AAA, 0x5AAA, 0x5AAA, 0x5AAA, 
0x5AAA, 0x5AAA, 0x5AAA, 0x5AAA, 0x5AAA, 0x5AAA, 0x5AAA, 0x5AAA, 0x5AAA, 0x5AAA, 0x5AAA, 0x5AAA, 
0xD3D7, 0xD3D7, 0xEE13, 0xEE13, 0xEE13, 0xEE13, 0x34AD, 0x34AD, 0x34AD, 0x34AD, 0x34AD, 0x34AD, 
0x34AD, 0x34AD, 0x34AD, 0x34AD, 0x34AD, 0x34AD, 0x34AD, 0x34AD, 0x34AD, 0x34AD, 0x34AD, 0x34AD, 
0x34AD, 0x34AD, 0x34AD, 0x34AD, 0x34AD, 0x34AD, 0x34AD, 0x34AD, 0x34AD, 0x34AD, 0x34AD, 0x34AD, 
0x34AD, 0x34AD, 0x34AD, 0x34AD, 0x34AD, 0x34AD, 0x34AD, 0x34AD, 0x34AD, 0x34AD, 0x34AD, 0x34AD, 
0x34AD, 0x34AD, 0x34AD, 0x34AD, 0x34AD, 0x34AD, 0x34AD, 0x34AD, 0x34AD, 0x34AD, 0x34AD, 0x34AD, 
0x34AD, 0x34AD, 0x34AD, 0x34AD, 0x34AD, 0x34AD, 0x34AD, 0x34AD, 0x34AD, 0x34AD, 0x34AD, 0x34AD, 
0x34AD, 0x34AD, 0x34AD, 0x34AD, 0x34AD, 0x34AD, 0x34AD, 0x34AD, 0x34AD, 0x34AD, 0x34AD, 0x34AD, 
0x34AD, 0x34AD, 0xEE13, 0xEE13, 0xEE13, 0xEE13, 0x8B66, 0x8B66, 0x8B66, 0x8B66, 0x8B66, 0x8B66, 
0x8B66, 0x8B66, 0xEE13, 0xEE13, 0xEE13, 0xEE13, 0xEE13, 0xEE13, 0xEE13, 0xEE13, 0xEE13, 0xEE13, 
0xEE13, 0xEE13, 0xEE13, 0xEE13, 0x5AAA, 0x5AAA, 0x5AAA, 0x5AAA, 0x5AAA, 0x5AAA, 0x5AAA, 0x5AAA, 
0x5AAA, 0x5AAA, 0x5AAA, 0x5AAA, 0x5AAA, 0x5AAA, 0xD3D7, 0xD3D7, 0xD3D7, 0xD3D7, 0xEE13, 0xEE13, 
0xEE13, 0xEE13, 0x34AD, 0x34AD, 0x34AD, 0x34AD, 0x34AD, 0x34AD, 0x34AD, 0x34AD, 0x34AD, 0x34AD, 
0x34AD, 0x34AD, 0x34AD, 0x34AD, 0x34AD, 0x34AD, 0x34AD, 0x34AD, 0x34AD, 0x34AD, 0x34AD, 0x34AD, 
0x34AD, 0x34AD, 0x34AD, 0x34AD, 0x34AD, 0x34AD, 0x34AD, 0x34AD, 0x34AD, 0x34AD, 0x34AD, 0x34AD, 
0x34AD, 0x34AD, 0x34AD, 0x34AD, 0x34AD, 0x34AD, 0x34AD, 0x34AD, 0x34AD, 0x34AD, 0x34AD, 0x34AD, 
0x34AD, 0x34AD, 0x34AD, 0x34AD, 0x34AD, 0x34AD, 0x34AD, 0x34AD, 0x34AD, 0x34AD, 0x34AD, 0x34AD, 
0x34AD, 0x34AD, 0x34AD, 0x34AD, 0x34AD, 0x34AD, 0x34AD, 0x34AD, 0x34AD, 0x34AD, 0x34AD, 0x34AD, 
0x34AD, 0x34AD, 0x34AD, 0x34AD, 0x34AD, 0x34AD, 0x34AD, 0x34AD, 0x34AD, 0x34AD, 0xEE13, 0xEE13, 
0xEE13, 0xEE13, 0x8B66, 0x8B66, 0x8B66, 0x8B66, 0x8B66, 0x8B66, 0x8B66, 0x8B66, 0xEE13, 0xEE13, 
0xEE13, 0xEE13, 0xEE13, 0xEE13, 0xEE13, 0xEE13, 0xEE13, 0xEE13, 0xEE13, 0xEE13, 0xEE13, 0xEE13, 
0x5AAA, 0x5AAA, 0x5AAA, 0x5AAA, 0x5AAA, 0x5AAA, 0x5AAA, 0x5AAA, 0x5AAA, 0x5AAA, 0x5AAA, 0x5AAA, 
0x5AAA, 0x5AAA, 0xD3D7, 0xD3D7, 0xD3D7, 0xD3D7, 0xEE13, 0xEE13, 0xEE13, 0xEE13, 0x34AD, 0x34AD, 
0x34AD, 0x34AD, 0x34AD, 0x34AD, 0x34AD, 0x34AD, 0x34AD, 0x34AD, 0x34AD, 0x34AD, 0x34AD, 0x34AD, 
0x34AD, 0x34AD, 0x34AD, 0x34AD, 0x34AD, 0x34AD, 0x34AD, 0x34AD, 0x34AD, 0x34AD, 0x34AD, 0x34AD, 
0x34AD, 0x34AD, 0x34AD, 0x34AD, 0x34AD, 0x34AD, 0x34AD, 0x34AD, 0x34AD, 0x34AD, 0x34AD, 0x34AD, 
0x34AD, 0x34AD, 0x34AD, 0x34AD, 0x34AD, 0x34AD, 0x34AD, 0x34AD, 0x34AD, 0x34AD, 0x34AD, 0x34AD, 
0x34AD, 0x34AD, 0x34AD, 0x34AD, 0x34AD, 0x34AD, 0x34AD, 0x34AD, 0x34AD, 0x34AD, 0x34AD, 0x34AD, 
0x34AD, 0x34AD, 0x34AD, 0x34AD, 0x34AD, 0x34AD, 0x34AD, 0x34AD, 0x34AD, 0x34AD, 0x34AD, 0x34AD, 
0x34AD, 0x34AD, 0x34AD, 0x34AD, 0x34AD, 0x34AD, 0x34AD, 0x34AD, 0x8B66, 0x8B66, 0x8B66, 0x8B66, 
0x8B66, 0x8B66, 0x8B66, 0x8B66, 0x8B66, 0x8B66, 0xEE13, 0xEE13, 0xEE13, 0xEE13, 0xEE13, 0xEE13, 
0xEE13, 0xEE13, 0xEE13, 0xEE13, 0xEE13, 0xEE13, 0xEE13, 0xEE13, 0x5AAA, 0x5AAA, 0x5AAA, 0x5AAA, 
0x5AAA, 0x5AAA, 0x5AAA, 0x5AAA, 0x5AAA, 0x5AAA, 0xD3D7, 0xD3D7, 0xD3D7, 0xD3D7, 0xEE13, 0xEE13, 
0xEE13, 0xEE13, 0xEE13, 0xEE13, 0xEE13, 0xEE13, 0x34AD, 0x34AD, 0x34AD, 0x34AD, 0x34AD, 0x34AD, 
0x34AD, 0x34AD, 0x34AD, 0x34AD, 0x34AD, 0x34AD, 0x34AD, 0x34AD, 0x34AD, 0x34AD, 0x34AD, 0x34AD, 
0x34AD, 0x34AD, 0x34AD, 0x34AD, 0x34AD, 0x34AD, 0x34AD, 0x34AD, 0x34AD, 0x34AD, 0x34AD, 0x34AD, 
0x34AD, 0x34AD, 0x34AD, 0x34AD, 0x34AD, 0x34AD, 0x34AD, 0x34AD, 0x34AD, 0x34AD, 0x34AD, 0x34AD, 
0x34AD, 0x34AD, 0x34AD, 0x34AD, 0x34AD, 0x34AD, 0x34AD, 0x34AD, 0x34AD, 0x34AD, 0x34AD, 0x34AD, 
0x34AD, 0x34AD, 0x34AD, 0x34AD, 0x34AD, 0x34AD, 0x34AD, 0x34AD, 0x34AD, 0x34AD, 0x34AD, 0x34AD, 
0x34AD, 0x34AD, 0x34AD, 0x34AD, 0x34AD, 0x34AD, 0x34AD, 0x34AD, 0x34AD, 0x34AD, 0x34AD, 0x34AD, 
0x34AD, 0x34AD, 0x34AD, 0x34AD, 0x8B66, 0x8B66, 0x8B66, 0x8B66, 0x8B66, 0x8B66, 0x8B66, 0x8B66, 
0x8B66, 0x8B66, 0xEE13, 0xEE13, 0xEE13, 0xEE13, 0xEE13, 0xEE13, 0xEE13, 0xEE13, 0xEE13, 0xEE13, 
0xEE13, 0xEE13, 0xEE13, 0xEE13, 0x5AAA, 0x5AAA, 0x5AAA, 0x5AAA, 0x5AAA, 0x5AAA, 0x5AAA, 0x5AAA, 
0x5AAA, 0x5AAA, 0xD3D7, 0xD3D7, 0xD3D7, 0xD3D7, 0xEE13, 0xEE13, 0xEE13, 0xEE13, 0xEE13, 0xEE13, 
0xEE13, 0xEE13, 0x34AD, 0x34AD, 0x34AD, 0x34AD, 0x34AD, 0x34AD, 0x34AD, 0x34AD, 0x34AD, 0x34AD, 
0x34AD, 0x34AD, 0x34AD, 0x34AD, 0x34AD, 0x34AD, 0x34AD, 0x34AD, 0x34AD, 0x34AD, 0x34AD, 0x34AD, 
0x34AD, 0x34AD, 0x34AD, 0x34AD, 0x34AD, 0x34AD, 0x34AD, 0x34AD, 0x34AD, 0x34AD, 0x34AD, 0x34AD, 
0x34AD, 0x34AD, 0x34AD, 0x34AD, 0x34AD, 0x34AD, 0x34AD, 0x34AD, 0x34AD, 0x34AD, 0x34AD, 0x34AD, 
0x34AD, 0x34AD, 0x34AD, 0x34AD, 0x34AD, 0x34AD, 0x34AD, 0x34AD, 0x34AD, 0x34AD, 0x34AD, 0x34AD, 
0x34AD, 0x34AD, 0x34AD, 0x34AD, 0x34AD, 0x34AD, 0x34AD, 0x34AD, 0x34AD, 0x34AD, 0x34AD, 0x34AD, 
0x34AD, 0x34AD, 0x34AD, 0x34AD, 0x34AD, 0x34AD, 0x34AD, 0x34AD, 0x34AD, 0x34AD, 0x34AD, 0x34AD, 
0x8B66, 0x8B66, 0x8B66, 0x8B66, 0x8B66, 0x8B66, 0x8B66, 0x8B66, 0xEE13, 0xEE13, 0xEE13, 0xEE13, 
0xEE13, 0xEE13, 0xEE13, 0xEE13, 0xEE13, 0xEE13, 0xEE13, 0xEE13, 0xEE13, 0xEE13, 0xEE13, 0xEE13, 
0xEE13, 0xEE13, 0x5AAA, 0x5AAA, 0x5AAA, 0x5AAA, 0x5AAA, 0x5AAA, 0x5AAA, 0x5AAA, 0xD3D7, 0xD3D7, 
0xEE13, 0xEE13, 0xEE13, 0xEE13, 0xEE13, 0xEE13, 0xEE13, 0xEE13, 0xEE13, 0xEE13, 0x34AD, 0x34AD, 
0x34AD, 0x34AD, 0x34AD, 0x34AD, 0x34AD, 0x34AD, 0x34AD, 0x34AD, 0x34AD, 0x34AD, 0x34AD, 0x34AD, 
0x34AD, 0x34AD, 0x34AD, 0x34AD, 0x34AD, 0x34AD, 0x34AD, 0x34AD, 0x34AD, 0x34AD, 0x34AD, 0x34AD, 
0x34AD, 0x34AD, 0x34AD, 0x34AD, 0x34AD, 0x34AD, 0x34AD, 0x34AD, 0x34AD, 0x34AD, 0x34AD, 0x34AD, 
0x34AD, 0x34AD, 0x34AD, 0x34AD, 0x34AD, 0x34AD, 0x34AD, 0x34AD, 0x34AD, 0x34AD, 0x34AD, 0x34AD, 
0x34AD, 0x34AD, 0x34AD, 0x34AD, 0x34AD, 0x34AD, 0x34AD, 0x34AD, 0x34AD, 0x34AD, 0x34AD, 0x34AD, 
0x34AD, 0x34AD, 0x34AD, 0x34AD, 0x34AD, 0x34AD, 0x34AD, 0x34AD, 0x34AD, 0x34AD, 0x34AD, 0x34AD, 
0x34AD, 0x34AD, 0x34AD, 0x34AD, 0x34AD, 0x34AD, 0x34AD, 0x34AD, 0x8B66, 0x8B66, 0x8B66, 0x8B66, 
0x8B66, 0x8B66, 0x8B66, 0x8B66, 0xEE13, 0xEE13, 0xEE13, 0xEE13, 0xEE13, 0xEE13, 0xEE13, 0xEE13, 
0xEE13, 0xEE13, 0xEE13, 0xEE13, 0xEE13, 0xEE13, 0xEE13, 0xEE13, 0xEE13, 0xEE13, 0x5AAA, 0x5AAA, 
0x5AAA, 0x5AAA, 0x5AAA, 0x5AAA, 0x5AAA, 0x5AAA, 0xD3D7, 0xD3D7, 0xEE13, 0xEE13, 0xEE13, 0xEE13, 
0xEE13, 0xEE13, 0xEE13, 0xEE13, 0x34AD, 0x34AD, 0x34AD, 0x34AD, 0x34AD, 0x34AD, 0x34AD, 0x34AD, 
0x34AD, 0x34AD, 0x34AD, 0x34AD, 0x34AD, 0x34AD, 0x34AD, 0x34AD, 0x34AD, 0x34AD, 0x34AD, 0x34AD, 
0x34AD, 0x34AD, 0x34AD, 0x34AD, 0x34AD, 0x34AD, 0x34AD, 0x34AD, 0x34AD, 0x34AD, 0x34AD, 0x34AD, 
0x34AD, 0x34AD, 0x34AD, 0x34AD, 0x34AD, 0x34AD, 0x34AD, 0x34AD, 0x34AD, 0x34AD, 0x34AD, 0x34AD, 
0x34AD, 0x34AD, 0x34AD, 0x34AD, 0x34AD, 0x34AD, 0x34AD, 0x34AD, 0x34AD, 0x34AD, 0x34AD, 0x34AD, 
0x34AD, 0x34AD, 0x34AD, 0x34AD, 0x34AD, 0x34AD, 0x34AD, 0x34AD, 0x34AD, 0x34AD, 0x34AD, 0x34AD, 
0x34AD, 0x34AD, 0x34AD, 0x34AD, 0x34AD, 0x34AD, 0x34AD, 0x34AD, 0x34AD, 0x34AD, 0x34AD, 0x34AD, 
0x34AD, 0x34AD, 0x34AD, 0x34AD, 0x8B66, 0x8B66, 0x8B66, 0x8B66, 0x8B66, 0x8B66, 0xEE13, 0xEE13, 
0xEE13, 0xEE13, 0xEE13, 0xEE13, 0xEE13, 0xEE13, 0xEE13, 0xEE13, 0xEE13, 0xEE13, 0xEE13, 0xEE13, 
0xEE13, 0xEE13, 0xEE13, 0xEE13, 0xEE13, 0xEE13, 0x5AAA, 0x5AAA, 0x5AAA, 0x5AAA, 0xD3D7, 0xD3D7, 
0xD3D7, 0xD3D7, 0xD3D7, 0xD3D7, 0xEE13, 0xEE13, 0xEE13, 0xEE13, 0xEE13, 0xEE13, 0xEE13, 0xEE13, 
0x34AD, 0x34AD, 0x34AD, 0x34AD, 0x34AD, 0x34AD, 0x34AD, 0x34AD, 0x34AD, 0x34AD, 0x34AD, 0x34AD, 
0x34AD, 0x34AD, 0x34AD, 0x34AD, 0x34AD, 0x34AD, 0x34AD, 0x34AD, 0x34AD, 0x34AD, 0x34AD, 0x34AD, 
0x34AD, 0x34AD, 0x34AD, 0x34AD, 0x34AD, 0x34AD, 0x34AD, 0x34AD, 0x34AD, 0x34AD, 0x34AD, 0x34AD, 
0x34AD, 0x34AD, 0x34AD, 0x34AD, 0x34AD, 0x34AD, 0x34AD, 0x34AD, 0x34AD, 0x34AD, 0x34AD, 0x34AD, 
0x34AD, 0x34AD, 0x34AD, 0x34AD, 0x34AD, 0x34AD, 0x34AD, 0x34AD, 0x34AD, 0x34AD, 0x34AD, 0x34AD, 
0x34AD, 0x34AD, 0x34AD, 0x34AD, 0x34AD, 0x34AD, 0x34AD, 0x34AD, 0x34AD, 0x34AD, 0x34AD, 0x34AD, 
0x34AD, 0x34AD, 0x34AD, 0x34AD, 0x34AD, 0x34AD, 0x34AD, 0x34AD, 0x34AD, 0x34AD, 0x34AD, 0x34AD, 
0x8B66, 0x8B66, 0x8B66, 0x8B66, 0x8B66, 0x8B66, 0xEE13, 0xEE13, 0xEE13, 0xEE13, 0xEE13, 0xEE13, 
0xEE13, 0xEE13, 0xEE13, 0xEE13, 0xEE13, 0xEE13, 0xEE13, 0xEE13, 0xEE13, 0xEE13, 0xEE13, 0xEE13, 
0xEE13, 0xEE13, 0x5AAA, 0x5AAA, 0x5AAA, 0x5AAA, 0xD3D7, 0xD3D7, 0xD3D7, 0xD3D7, 0xD3D7, 0xD3D7, 
0xEE13, 0xEE13, 0xEE13, 0xEE13, 0xEE13, 0xEE13, 0xEE13, 0xEE13, 0x34AD, 0x34AD, 0x34AD, 0x34AD, 
0x34AD, 0x34AD, 0x34AD, 0x34AD, 0x34AD, 0x34AD, 0x34AD, 0x34AD, 0x34AD, 0x34AD, 0x34AD, 0x34AD, 
0x34AD, 0x34AD, 0x34AD, 0x34AD, 0x34AD, 0x34AD, 0x34AD, 0x34AD, 0x34AD, 0x34AD, 0x34AD, 0x34AD, 
0x34AD, 0x34AD, 0x34AD, 0x34AD, 0x34AD, 0x34AD, 0x34AD, 0x34AD, 0x34AD, 0x34AD, 0x34AD, 0x34AD, 
0x34AD, 0x34AD, 0x34AD, 0x34AD, 0x34AD, 0x34AD, 0x34AD, 0x34AD, 0x34AD, 0x34AD, 0x34AD, 0x34AD, 
0x34AD, 0x34AD, 0x34AD, 0x34AD, 0x34AD, 0x34AD, 0x34AD, 0x34AD, 0x34AD, 0x34AD, 0x34AD, 0x34AD, 
0x34AD, 0x34AD, 0x34AD, 0x34AD, 0x34AD, 0x34AD, 0x34AD, 0x34AD, 0x34AD, 0x34AD, 0x34AD, 0x34AD, 
0x34AD, 0x34AD, 0x34AD, 0x34AD, 0x34AD, 0x34AD, 0x8B66, 0x8B66, 0x8B66, 0x8B66, 0x8B66, 0x8B66, 
0x8B66, 0x8B66, 0xEE13, 0xEE13, 0xEE13, 0xEE13, 0xEE13, 0xEE13, 0xEE13, 0xEE13, 0xEE13, 0xEE13, 
0xEE13, 0xEE13, 0xEE13, 0xEE13, 0xEE13, 0xEE13, 0xEE13, 0xEE13, 0xEE13, 0xEE13, 0x5AAA, 0x5AAA, 
0xD3D7, 0xD3D7, 0xD3D7, 0xD3D7, 0xEE13, 0xEE13, 0xEE13, 0xEE13, 0xEE13, 0xEE13, 0xEE13, 0xEE13, 
0xEE13, 0xEE13, 0xEE13, 0xEE13, 0x34AD, 0x34AD, 0x34AD, 0x34AD, 0x34AD, 0x34AD, 0x34AD, 0x34AD, 
0x34AD, 0x34AD, 0x34AD, 0x34AD, 0x34AD, 0x34AD, 0x34AD, 0x34AD, 0x34AD, 0x34AD, 0x34AD, 0x34AD, 
0x34AD, 0x34AD, 0x34AD, 0x34AD, 0x34AD, 0x34AD, 0x34AD, 0x34AD, 0x34AD, 0x34AD, 0x34AD, 0x34AD, 
0x34AD, 0x34AD, 0x34AD, 0x34AD, 0x34AD, 0x34AD, 0x34AD, 0x34AD, 0x34AD, 0x34AD, 0x34AD, 0x34AD, 
0x34AD, 0x34AD, 0x34AD, 0x34AD, 0x34AD, 0x34AD, 0x34AD, 0x34AD, 0x34AD, 0x34AD, 0x34AD, 0x34AD, 
0x34AD, 0x34AD, 0x34AD, 0x34AD, 0x34AD, 0x34AD, 0x34AD, 0x34AD, 0x34AD, 0x34AD, 0x34AD, 0x34AD, 
0x34AD, 0x34AD, 0x34AD, 0x34AD, 0x34AD, 0x34AD, 0x34AD, 0x34AD, 0x34AD, 0x34AD, 0x34AD, 0x34AD, 
0x34AD, 0x34AD, 0x8B66, 0x8B66, 0x8B66, 0x8B66, 0x8B66, 0x8B66, 0x8B66, 0x8B66, 0xEE13, 0xEE13, 
0xEE13, 0xEE13, 0xEE13, 0xEE13, 0xEE13, 0xEE13, 0xEE13, 0xEE13, 0xEE13, 0xEE13, 0xEE13, 0xEE13, 
0xEE13, 0xEE13, 0xEE13, 0xEE13, 0xEE13, 0xEE13, 0x5AAA, 0x5AAA, 0xD3D7, 0xD3D7, 0xD3D7, 0xD3D7, 
0xEE13, 0xEE13, 0xEE13, 0xEE13, 0xEE13, 0xEE13, 0xEE13, 0xEE13, 0xEE13, 0xEE13, 0xEE13, 0xEE13, 
0x34AD, 0x34AD, 0x34AD, 0x34AD, 0x34AD, 0x34AD, 0x34AD, 0x34AD, 0x34AD, 0x34AD, 0x34AD, 0x34AD, 
0x34AD, 0x34AD, 0x34AD, 0x34AD, 0x34AD, 0x34AD, 0x34AD, 0x34AD, 0x34AD, 0x34AD, 0x34AD, 0x34AD, 
0x34AD, 0x34AD, 0x34AD, 0x34AD, 0x34AD, 0x34AD, 0x34AD, 0x34AD, 0x34AD, 0x34AD, 0x34AD, 0x34AD, 
0x34AD, 0x34AD, 0x34AD, 0x34AD, 0x34AD, 0x34AD, 0x34AD, 0x34AD, 0x34AD, 0x34AD, 0x34AD, 0x34AD, 
0x34AD, 0x34AD, 0x34AD, 0x34AD, 0x34AD, 0x34AD, 0x34AD, 0x34AD, 0x34AD, 0x34AD, 0x34AD, 0x34AD, 
0x34AD, 0x34AD, 0x34AD, 0x34AD, 0x34AD, 0x34AD, 0x34AD, 0x34AD, 0x34AD, 0x34AD, 0x34AD, 0x34AD, 
0x34AD, 0x34AD, 0x34AD, 0x34AD, 0x34AD, 0x34AD, 0x34AD, 0x34AD, 0x34AD, 0x34AD, 0x8B66, 0x8B66, 
0x8B66, 0x8B66, 0x8B66, 0x8B66, 0x34AD, 0x34AD, 0x34AD, 0x34AD, 0xEE13, 0xEE13, 0xEE13, 0xEE13, 
0xEE13, 0xEE13, 0xEE13, 0xEE13, 0xEE13, 0xEE13, 0xEE13, 0xEE13, 0xEE13, 0xEE13, 0xEE13, 0xEE13, 
0xEE13, 0xEE13, 0xD3D7, 0xD3D7, 0xD3D7, 0xD3D7, 0xEE13, 0xEE13, 0xEE13, 0xEE13, 0xEE13, 0xEE13, 
0xEE13, 0xEE13, 0xEE13, 0xEE13, 0xEE13, 0xEE13, 0xEE13, 0xEE13, 0x34AD, 0x34AD, 0x34AD, 0x34AD, 
0x34AD, 0x34AD, 0x34AD, 0x34AD, 0x34AD, 0x34AD, 0x34AD, 0x34AD, 0x34AD, 0x34AD, 0x34AD, 0x34AD, 
0x34AD, 0x34AD, 0x34AD, 0x34AD, 0x34AD, 0x34AD, 0x34AD, 0x34AD, 0x34AD, 0x34AD, 0x34AD, 0x34AD, 
0x34AD, 0x34AD, 0x34AD, 0x34AD, 0x34AD, 0x34AD, 0x34AD, 0x34AD, 0x34AD, 0x34AD, 0x34AD, 0x34AD, 
0x34AD, 0x34AD, 0x34AD, 0x34AD, 0x34AD, 0x34AD, 0x34AD, 0x34AD, 0x34AD, 0x34AD, 0x34AD, 0x34AD, 
0x34AD, 0x34AD, 0x34AD, 0x34AD, 0x34AD, 0x34AD, 0x34AD, 0x34AD, 0x34AD, 0x34AD, 0x34AD, 0x34AD, 
0x34AD, 0x34AD, 0x34AD, 0x34AD, 0x34AD, 0x34AD, 0x34AD, 0x34AD, 0x34AD, 0x34AD, 0x34AD, 0x34AD, 
0x34AD, 0x34AD, 0x34AD, 0x34AD, 0x34AD, 0x34AD, 0x8B66, 0x8B66, 0x8B66, 0x8B66, 0x8B66, 0x8B66, 
0x34AD, 0x34AD, 0x34AD, 0x34AD, 0xEE13, 0xEE13, 0xEE13, 0xEE13, 0xEE13, 0xEE13, 0xEE13, 0xEE13, 
0xEE13, 0xEE13, 0xEE13, 0xEE13, 0xEE13, 0xEE13, 0xEE13, 0xEE13, 0xEE13, 0xEE13, 0xD3D7, 0xD3D7, 
0xD3D7, 0xD3D7, 0xEE13, 0xEE13, 0xEE13, 0xEE13, 0xEE13, 0xEE13, 0xEE13, 0xEE13, 0xEE13, 0xEE13, 
0xEE13, 0xEE13, 0xEE13, 0xEE13, 0x34AD, 0x34AD, 0x34AD, 0x34AD, 0x34AD, 0x34AD, 0x34AD, 0x34AD, 
0x34AD, 0x34AD, 0x34AD, 0x34AD, 0x34AD, 0x34AD, 0x34AD, 0x34AD, 0x34AD, 0x34AD, 0x34AD, 0x34AD, 
0x34AD, 0x34AD, 0x34AD, 0x34AD, 0x34AD, 0x34AD, 0x34AD, 0x34AD, 0x34AD, 0x34AD, 0x34AD, 0x34AD, 
0x34AD, 0x34AD, 0x34AD, 0x34AD, 0x34AD, 0x34AD, 0x34AD, 0x34AD, 0x34AD, 0x34AD, 0x34AD, 0x34AD, 
0x34AD, 0x34AD, 0x34AD, 0x34AD, 0x34AD, 0x34AD, 0x34AD, 0x34AD, 0x34AD, 0x34AD, 0x34AD, 0x34AD, 
0x34AD, 0x34AD, 0x34AD, 0x34AD, 0x34AD, 0x34AD, 0x34AD, 0x34AD, 0x34AD, 0x34AD, 0x34AD, 0x34AD, 
0x34AD, 0x34AD, 0x34AD, 0x34AD, 0x34AD, 0x34AD, 0x34AD, 0x34AD, 0x34AD, 0x34AD, 0x34AD, 0x34AD, 
0x8B66, 0x8B66, 0x8B66, 0x8B66, 0x8B66, 0x8B66, 0x8B66, 0x8B66, 0x34AD, 0x34AD, 0x34AD, 0x34AD, 
0xEE13, 0xEE13, 0xEE13, 0xEE13, 0xEE13, 0xEE13, 0xEE13, 0xEE13, 0xEE13, 0xEE13, 0xEE13, 0xEE13, 
0xEE13, 0xEE13, 0xEE13, 0xEE13, 0xEE13, 0xEE13, 0x5AAA, 0x5AAA, 0xEE13, 0xEE13, 0xEE13, 0xEE13, 
0xEE13, 0xEE13, 0xEE13, 0xEE13, 0xEE13, 0xEE13, 0xEE13, 0xEE13, 0xEE13, 0xEE13, 0xEE13, 0xEE13, 
0x34AD, 0x34AD, 0x34AD, 0x34AD, 0x34AD, 0x34AD, 0x34AD, 0x34AD, 0x34AD, 0x34AD, 0x34AD, 0x34AD, 
0x34AD, 0x34AD, 0x34AD, 0x34AD, 0x34AD, 0x34AD, 0x34AD, 0x34AD, 0x34AD, 0x34AD, 0x34AD, 0x34AD, 
0x34AD, 0x34AD, 0x34AD, 0x34AD, 0x34AD, 0x34AD, 0x34AD, 0x34AD, 0x34AD, 0x34AD, 0x34AD, 0x34AD, 
0x34AD, 0x34AD, 0x34AD, 0x34AD, 0x34AD, 0x34AD, 0x34AD, 0x34AD, 0x34AD, 0x34AD, 0x34AD, 0x34AD, 
0x34AD, 0x34AD, 0x34AD, 0x34AD, 0x34AD, 0x34AD, 0x34AD, 0x34AD, 0x34AD, 0x34AD, 0x34AD, 0x34AD, 
0x34AD, 0x34AD, 0x34AD, 0x34AD, 0x34AD, 0x34AD, 0x34AD, 0x34AD, 0x34AD, 0x34AD, 0x34AD, 0x34AD, 
0x34AD, 0x34AD, 0x34AD, 0x34AD, 0x34AD, 0x34AD, 0x34AD, 0x34AD, 0x8B66, 0x8B66, 0x8B66, 0x8B66, 
0x8B66, 0x8B66, 0x8B66, 0x8B66, 0x34AD, 0x34AD, 0x34AD, 0x34AD, 0xEE13, 0xEE13, 0xEE13, 0xEE13, 
0xEE13, 0xEE13, 0xEE13, 0xEE13, 0xEE13, 0xEE13, 0xEE13, 0xEE13, 0xEE13, 0xEE13, 0xEE13, 0xEE13, 
0xEE13, 0xEE13, 0x5AAA, 0x5AAA, 0xEE13, 0xEE13, 0xEE13, 0xEE13, 0xEE13, 0xEE13, 0xEE13, 0xEE13, 
0xEE13, 0xEE13, 0xEE13, 0xEE13, 0xEE13, 0xEE13, 0xEE13, 0xEE13, 0x34AD, 0x34AD, 0x34AD, 0x34AD, 
0x34AD, 0x34AD, 0x34AD, 0x34AD, 0x34AD, 0x34AD, 0x34AD, 0x34AD, 0x34AD, 0x34AD, 0x34AD, 0x34AD, 
0x34AD, 0x34AD, 0x34AD, 0x34AD, 0x34AD, 0x34AD, 0x34AD, 0x34AD, 0x34AD, 0x34AD, 0x34AD, 0x34AD, 
0x34AD, 0x34AD, 0x34AD, 0x34AD, 0x34AD, 0x34AD, 0x34AD, 0x34AD, 0x34AD, 0x34AD, 0x34AD, 0x34AD, 
0x34AD, 0x34AD, 0x34AD, 0x34AD, 0x34AD, 0x34AD, 0x34AD, 0x34AD, 0x34AD, 0x34AD, 0x34AD, 0x34AD, 
0x34AD, 0x34AD, 0x34AD, 0x34AD, 0x34AD, 0x34AD, 0x34AD, 0x34AD, 0x34AD, 0x34AD, 0x34AD, 0x34AD, 
0x34AD, 0x34AD, 0x34AD, 0x34AD, 0x34AD, 0x34AD, 0x34AD, 0x34AD, 0x34AD, 0x34AD, 0x34AD, 0x34AD, 
0x34AD, 0x34AD, 0x8B66, 0x8B66, 0x8B66, 0x8B66, 0x31E7, 0x31E7, 0x31E7, 0x31E7, 0x31E7, 0x31E7, 
0x31E7, 0x31E7, 0x34AD, 0x34AD, 0x34AD, 0x34AD, 0xEE13, 0xEE13, 0xEE13, 0xEE13, 0xEE13, 0xEE13, 
0xEE13, 0xEE13, 0xEE13, 0xEE13, 0xEE13, 0xEE13, 0xEE13, 0xEE13, 0xEE13, 0xEE13, 0xEE13, 0xEE13, 
0xEE13, 0xEE13, 0xEE13, 0xEE13, 0xEE13, 0xEE13, 0xEE13, 0xEE13, 0xEE13, 0xEE13, 0xEE13, 0xEE13, 
0xEE13, 0xEE13, 0xEE13, 0xEE13, 0x34AD, 0x34AD, 0x34AD, 0x34AD, 0x34AD, 0x34AD, 0x34AD, 0x34AD, 
0x34AD, 0x34AD, 0x34AD, 0x34AD, 0x34AD, 0x34AD, 0x34AD, 0x34AD, 0x34AD, 0x34AD, 0x34AD, 0x34AD, 
0x34AD, 0x34AD, 0x34AD, 0x34AD, 0x34AD, 0x34AD, 0x34AD, 0x34AD, 0x34AD, 0x34AD, 0x34AD, 0x34AD, 
0x34AD, 0x34AD, 0x34AD, 0x34AD, 0x34AD, 0x34AD, 0x34AD, 0x34AD, 0x34AD, 0x34AD, 0x34AD, 0x34AD, 
0x34AD, 0x34AD, 0x34AD, 0x34AD, 0x34AD, 0x34AD, 0x34AD, 0x34AD, 0x34AD, 0x34AD, 0x34AD, 0x34AD, 
0x34AD, 0x34AD, 0x34AD, 0x34AD, 0x34AD, 0x34AD, 0x34AD, 0x34AD, 0x34AD, 0x34AD, 0x34AD, 0x34AD, 
0x34AD, 0x34AD, 0x34AD, 0x34AD, 0x34AD, 0x34AD, 0x34AD, 0x34AD, 0x34AD, 0x34AD, 0x8B66, 0x8B66, 
0x8B66, 0x8B66, 0x31E7, 0x31E7, 0x31E7, 0x31E7, 0x31E7, 0x31E7, 0x31E7, 0x31E7, 0x34AD, 0x34AD, 
0x34AD, 0x34AD, 0xEE13, 0xEE13, 0xEE13, 0xEE13, 0xEE13, 0xEE13, 0xEE13, 0xEE13, 0xEE13, 0xEE13, 
0xEE13, 0xEE13, 0xEE13, 0xEE13, 0xEE13, 0xEE13, 0xEE13, 0xEE13, 0xEE13, 0xEE13, 0xEE13, 0xEE13, 
0xEE13, 0xEE13, 0xEE13, 0xEE13, 0xEE13, 0xEE13, 0xEE13, 0xEE13, 0xEE13, 0xEE13, 0xEE13, 0xEE13, 
0x34AD, 0x34AD, 0x34AD, 0x34AD, 0x34AD, 0x34AD, 0x34AD, 0x34AD, 0x34AD, 0x34AD, 0x34AD, 0x34AD, 
0x34AD, 0x34AD, 0x34AD, 0x34AD, 0x34AD, 0x34AD, 0x34AD, 0x34AD, 0x34AD, 0x34AD, 0x34AD, 0x34AD, 
0x34AD, 0x34AD, 0x34AD, 0x34AD, 0x34AD, 0x34AD, 0x34AD, 0x34AD, 0x34AD, 0x34AD, 0x34AD, 0x34AD, 
0x34AD, 0x34AD, 0x34AD, 0x34AD, 0x34AD, 0x34AD, 0x34AD, 0x34AD, 0x34AD, 0x34AD, 0x34AD, 0x34AD, 
0x34AD, 0x34AD, 0x34AD, 0x34AD, 0x34AD, 0x34AD, 0x34AD, 0x34AD, 0x31E7, 0x31E7, 0x31E7, 0x31E7, 
0x31E7, 0x31E7, 0x31E7, 0x31E7, 0x31E7, 0x31E7, 0x31E7, 0x31E7, 0x31E7, 0x31E7, 0x31E7, 0x31E7, 
0x34AD, 0x34AD, 0x34AD, 0x34AD, 0x34AD, 0x34AD, 0x8B66, 0x8B66, 0x31E7, 0x31E7, 0x31E7, 0x31E7, 
0x34AD, 0x34AD, 0x34AD, 0x34AD, 0x34AD, 0x34AD, 0x31E7, 0x31E7, 0x34AD, 0x34AD, 0xEE13, 0xEE13, 
0xEE13, 0xEE13, 0xEE13, 0xEE13, 0xEE13, 0xEE13, 0xEE13, 0xEE13, 0xEE13, 0xEE13, 0xEE13, 0xEE13, 
0xEE13, 0xEE13, 0xEE13, 0xEE13, 0xEE13, 0xEE13, 0xEE13, 0xEE13, 0xEE13, 0xEE13, 0xEE13, 0xEE13, 
0xEE13, 0xEE13, 0xEE13, 0xEE13, 0xEE13, 0xEE13, 0xEE13, 0xEE13, 0x34AD, 0x34AD, 0x34AD, 0x34AD, 
0x34AD, 0x34AD, 0x34AD, 0x34AD, 0x34AD, 0x34AD, 0x34AD, 0x34AD, 0x34AD, 0x34AD, 0x34AD, 0x34AD, 
0x34AD, 0x34AD, 0x34AD, 0x34AD, 0x34AD, 0x34AD, 0x34AD, 0x34AD, 0x34AD, 0x34AD, 0x34AD, 0x34AD, 
0x34AD, 0x34AD, 0x34AD, 0x34AD, 0x34AD, 0x34AD, 0x34AD, 0x34AD, 0x34AD, 0x34AD, 0x34AD, 0x34AD, 
0x34AD, 0x34AD, 0x34AD, 0x34AD, 0x34AD, 0x34AD, 0x34AD, 0x34AD, 0x34AD, 0x34AD, 0x34AD, 0x34AD, 
0x34AD, 0x34AD, 0x34AD, 0x34AD, 0x31E7, 0x31E7, 0x31E7, 0x31E7, 0x31E7, 0x31E7, 0x31E7, 0x31E7, 
0x31E7, 0x31E7, 0x31E7, 0x31E7, 0x31E7, 0x31E7, 0x31E7, 0x31E7, 0x34AD, 0x34AD, 0x34AD, 0x34AD, 
0x34AD, 0x34AD, 0x8B66, 0x8B66, 0x31E7, 0x31E7, 0x31E7, 0x31E7, 0x34AD, 0x34AD, 0x34AD, 0x34AD, 
0x34AD, 0x34AD, 0x31E7, 0x31E7, 0x34AD, 0x34AD, 0xEE13, 0xEE13, 0xEE13, 0xEE13, 0xEE13, 0xEE13, 
0xEE13, 0xEE13, 0xEE13, 0xEE13, 0xEE13, 0xEE13, 0xEE13, 0xEE13, 0xEE13, 0xEE13, 0xEE13, 0xEE13, 
0xEE13, 0xEE13, 0xEE13, 0xEE13, 0xEE13, 0xEE13, 0xEE13, 0xEE13, 0xEE13, 0xEE13, 0xEE13, 0xEE13, 
0xEE13, 0xEE13, 0xEE13, 0xEE13, 0x34AD, 0x34AD, 0x34AD, 0x34AD, 0x34AD, 0x34AD, 0x34AD, 0x34AD, 
0x34AD, 0x34AD, 0x34AD, 0x34AD, 0x34AD, 0x34AD, 0x34AD, 0x34AD, 0x34AD, 0x34AD, 0x34AD, 0x34AD, 
0x34AD, 0x34AD, 0x34AD, 0x34AD, 0x34AD, 0x34AD, 0x34AD, 0x34AD, 0x34AD, 0x34AD, 0x34AD, 0x34AD, 
0x34AD, 0x34AD, 0x34AD, 0x34AD, 0x34AD, 0x34AD, 0x34AD, 0x34AD, 0x34AD, 0x34AD, 0x34AD, 0x34AD, 
0x34AD, 0x34AD, 0x34AD, 0x34AD, 0x34AD, 0x34AD, 0x34AD, 0x34AD, 0x31E7, 0x31E7, 0x31E7, 0x31E7, 
0x31E7, 0x31E7, 0x34AD, 0x34AD, 0x34AD, 0x34AD, 0x34AD, 0x34AD, 0x34AD, 0x34AD, 0x34AD, 0x34AD, 
0x34AD, 0x34AD, 0x31E7, 0x31E7, 0x31E7, 0x31E7, 0x31E7, 0x31E7, 0x8B66, 0x8B66, 0x31E7, 0x31E7, 
0x31E7, 0x31E7, 0x34AD, 0x34AD, 0x34AD, 0x34AD, 0x34AD, 0x34AD, 0x34AD, 0x34AD, 0x31E7, 0x31E7, 
0x34AD, 0x34AD, 0x34AD, 0x34AD, 0xEE13, 0xEE13, 0xEE13, 0xEE13, 0xEE13, 0xEE13, 0xEE13, 0xEE13, 
0xEE13, 0xEE13, 0xEE13, 0xEE13, 0xEE13, 0xEE13, 0xEE13, 0xEE13, 0xEE13, 0xEE13, 0xEE13, 0xEE13, 
0xEE13, 0xEE13, 0xEE13, 0xEE13, 0xEE13, 0xEE13, 0xEE13, 0xEE13, 0xEE13, 0xEE13, 0xEE13, 0xEE13, 
0x34AD, 0x34AD, 0x34AD, 0x34AD, 0x34AD, 0x34AD, 0x34AD, 0x34AD, 0x34AD, 0x34AD, 0x34AD, 0x34AD, 
0x34AD, 0x34AD, 0x34AD, 0x34AD, 0x34AD, 0x34AD, 0x34AD, 0x34AD, 0x34AD, 0x34AD, 0x34AD, 0x34AD, 
0x34AD, 0x34AD, 0x34AD, 0x34AD, 0x34AD, 0x34AD, 0x34AD, 0x34AD, 0x34AD, 0x34AD, 0x34AD, 0x34AD, 
0x34AD, 0x34AD, 0x34AD, 0x34AD, 0x34AD, 0x34AD, 0x34AD, 0x34AD, 0x34AD, 0x34AD, 0x34AD, 0x34AD, 
0x34AD, 0x34AD, 0x34AD, 0x34AD, 0x31E7, 0x31E7, 0x31E7, 0x31E7, 0x31E7, 0x31E7, 0x34AD, 0x34AD, 
0x34AD, 0x34AD, 0x34AD, 0x34AD, 0x34AD, 0x34AD, 0x34AD, 0x34AD, 0x34AD, 0x34AD, 0x31E7, 0x31E7, 
0x31E7, 0x31E7, 0x31E7, 0x31E7, 0x8B66, 0x8B66, 0x31E7, 0x31E7, 0x31E7, 0x31E7, 0x34AD, 0x34AD, 
0x34AD, 0x34AD, 0x34AD, 0x34AD, 0x34AD, 0x34AD, 0x31E7, 0x31E7, 0x34AD, 0x34AD, 0x34AD, 0x34AD, 
0xEE13, 0xEE13, 0xEE13, 0xEE13, 0xEE13, 0xEE13, 0xEE13, 0xEE13, 0xEE13, 0xEE13, 0xEE13, 0xEE13, 
0xEE13, 0xEE13, 0xEE13, 0xEE13, 0xEE13, 0xEE13, 0xEE13, 0xEE13, 0xEE13, 0xEE13, 0xEE13, 0xEE13, 
0xEE13, 0xEE13, 0xEE13, 0xEE13, 0xEE13, 0xEE13, 0xEE13, 0xEE13, 0x34AD, 0x34AD, 0x34AD, 0x34AD, 
0x34AD, 0x34AD, 0x34AD, 0x34AD, 0x34AD, 0x34AD, 0x34AD, 0x34AD, 0x34AD, 0x34AD, 0x34AD, 0x34AD, 
0x34AD, 0x34AD, 0x34AD, 0x34AD, 0x34AD, 0x34AD, 0x34AD, 0x34AD, 0x34AD, 0x34AD, 0x34AD, 0x34AD, 
0x34AD, 0x34AD, 0x34AD, 0x34AD, 0x34AD, 0x34AD, 0x34AD, 0x34AD, 0x34AD, 0x34AD, 0x34AD, 0x34AD, 
0x34AD, 0x34AD, 0x34AD, 0x34AD, 0x34AD, 0x34AD, 0x34AD, 0x34AD, 0x34AD, 0x34AD, 0x31E7, 0x31E7, 
0x31E7, 0x31E7, 0x34AD, 0x34AD, 0x34AD, 0x34AD, 0x34AD, 0x34AD, 0x34AD, 0x34AD, 0x34AD, 0x34AD, 
0x34AD, 0x34AD, 0x34AD, 0x34AD, 0x34AD, 0x34AD, 0x34AD, 0x34AD, 0x34AD, 0x34AD, 0x31E7, 0x31E7, 
0x8B66, 0x8B66, 0x31E7, 0x31E7, 0x34AD, 0x34AD, 0x34AD, 0x34AD, 0x34AD, 0x34AD, 0x34AD, 0x34AD, 
0x34AD, 0x34AD, 0x31E7, 0x31E7, 0x34AD, 0x34AD, 0x34AD, 0x34AD, 0xEE13, 0xEE13, 0xEE13, 0xEE13, 
0xEE13, 0xEE13, 0xEE13, 0xEE13, 0xEE13, 0xEE13, 0xEE13, 0xEE13, 0xEE13, 0xEE13, 0xEE13, 0xEE13, 
0xEE13, 0xEE13, 0xEE13, 0xEE13, 0xEE13, 0xEE13, 0xEE13, 0xEE13, 0xEE13, 0xEE13, 0xEE13, 0xEE13, 
0xEE13, 0xEE13, 0xEE13, 0xEE13, 0x34AD, 0x34AD, 0x34AD, 0x34AD, 0x34AD, 0x34AD, 0x34AD, 0x34AD, 
0x34AD, 0x34AD, 0x34AD, 0x34AD, 0x34AD, 0x34AD, 0x34AD, 0x34AD, 0x34AD, 0x34AD, 0x34AD, 0x34AD, 
0x34AD, 0x34AD, 0x34AD, 0x34AD, 0x34AD, 0x34AD, 0x34AD, 0x34AD, 0x34AD, 0x34AD, 0x34AD, 0x34AD, 
0x34AD, 0x34AD, 0x34AD, 0x34AD, 0x34AD, 0x34AD, 0x34AD, 0x34AD, 0x34AD, 0x34AD, 0x34AD, 0x34AD, 
0x34AD, 0x34AD, 0x34AD, 0x34AD, 0x34AD, 0x34AD, 0x31E7, 0x31E7, 0x31E7, 0x31E7, 0x34AD, 0x34AD, 
0x34AD, 0x34AD, 0x34AD, 0x34AD, 0x34AD, 0x34AD, 0x34AD, 0x34AD, 0x34AD, 0x34AD, 0x34AD, 0x34AD, 
0x34AD, 0x34AD, 0x34AD, 0x34AD, 0x34AD, 0x34AD, 0x31E7, 0x31E7, 0x8B66, 0x8B66, 0x31E7, 0x31E7, 
0x34AD, 0x34AD, 0x34AD, 0x34AD, 0x34AD, 0x34AD, 0x34AD, 0x34AD, 0x34AD, 0x34AD, 0x31E7, 0x31E7, 
0x34AD, 0x34AD, 0x34AD, 0x34AD, 0xEE13, 0xEE13, 0xEE13, 0xEE13, 0xEE13, 0xEE13, 0xEE13, 0xEE13, 
0xEE13, 0xEE13, 0xEE13, 0xEE13, 0xEE13, 0xEE13, 0xEE13, 0xEE13, 0xEE13, 0xEE13, 0xEE13, 0xEE13, 
0xEE13, 0xEE13, 0xEE13, 0xEE13, 0xEE13, 0xEE13, 0xEE13, 0xEE13, 0xEE13, 0xEE13, 0xEE13, 0xEE13, 
0x34AD, 0x34AD, 0x34AD, 0x34AD, 0x34AD, 0x34AD, 0x34AD, 0x34AD, 0x34AD, 0x34AD, 0x34AD, 0x34AD, 
0x34AD, 0x34AD, 0x34AD, 0x34AD, 0x34AD, 0x34AD, 0x34AD, 0x34AD, 0x34AD, 0x34AD, 0x34AD, 0x34AD, 
0x34AD, 0x34AD, 0x34AD, 0x34AD, 0x34AD, 0x34AD, 0x34AD, 0x34AD, 0x34AD, 0x34AD, 0x34AD, 0x34AD, 
0x34AD, 0x34AD, 0x34AD, 0x34AD, 0x34AD, 0x34AD, 0x34AD, 0x34AD, 0x34AD, 0x34AD, 0x34AD, 0x34AD, 
0x34AD, 0x34AD, 0x34AD, 0x34AD, 0x34AD, 0x34AD, 0x34AD, 0x34AD, 0x34AD, 0x34AD, 0x34AD, 0x34AD, 
0x34AD, 0x34AD, 0x34AD, 0x34AD, 0x34AD, 0x34AD, 0x34AD, 0x34AD, 0x34AD, 0x34AD, 0x34AD, 0x34AD, 
0x34AD, 0x34AD, 0x31E7, 0x31E7, 0x8B66, 0x8B66, 0x31E7, 0x31E7, 0x34AD, 0x34AD, 0x34AD, 0x34AD, 
0x34AD, 0x34AD, 0x34AD, 0x34AD, 0x34AD, 0x34AD, 0x31E7, 0x31E7, 0x34AD, 0x34AD, 0x34AD, 0x34AD, 
0xEE13, 0xEE13, 0xEE13, 0xEE13, 0xEE13, 0xEE13, 0xEE13, 0xEE13, 0xEE13, 0xEE13, 0xEE13, 0xEE13, 
0xEE13, 0xEE13, 0xEE13, 0xEE13, 0xEE13, 0xEE13, 0xEE13, 0xEE13, 0xEE13, 0xEE13, 0xEE13, 0xEE13, 
0xEE13, 0xEE13, 0xEE13, 0xEE13, 0xEE13, 0xEE13, 0xEE13, 0xEE13, 0x34AD, 0x34AD, 0x34AD, 0x34AD, 
0x34AD, 0x34AD, 0x34AD, 0x34AD, 0x34AD, 0x34AD, 0x34AD, 0x34AD, 0x34AD, 0x34AD, 0x34AD, 0x34AD, 
0x34AD, 0x34AD, 0x34AD, 0x34AD, 0x34AD, 0x34AD, 0x34AD, 0x34AD, 0x34AD, 0x34AD, 0x34AD, 0x34AD, 
0x34AD, 0x34AD, 0x34AD, 0x34AD, 0x34AD, 0x34AD, 0x34AD, 0x34AD, 0x34AD, 0x34AD, 0x34AD, 0x34AD, 
0x34AD, 0x34AD, 0x34AD, 0x34AD, 0x34AD, 0x34AD, 0x34AD, 0x34AD, 0x34AD, 0x34AD, 0x34AD, 0x34AD, 
0x34AD, 0x34AD, 0x34AD, 0x34AD, 0x34AD, 0x34AD, 0x34AD, 0x34AD, 0x34AD, 0x34AD, 0x34AD, 0x34AD, 
0x34AD, 0x34AD, 0x34AD, 0x34AD, 0x34AD, 0x34AD, 0x34AD, 0x34AD, 0x34AD, 0x34AD, 0x31E7, 0x31E7, 
0x8B66, 0x8B66, 0x31E7, 0x31E7, 0x34AD, 0x34AD, 0x34AD, 0x34AD, 0x34AD, 0x34AD, 0x34AD, 0x34AD, 
0x34AD, 0x34AD, 0x31E7, 0x31E7, 0x34AD, 0x34AD, 0x34AD, 0x34AD, 0xEE13, 0xEE13, 0xEE13, 0xEE13, 
0xEE13, 0xEE13, 0xEE13, 0xEE13, 0xEE13, 0xEE13, 0xEE13, 0xEE13, 0xEE13, 0xEE13, 0xEE13, 0xEE13, 
0xEE13, 0xEE13, 0xEE13, 0xEE13, 0xEE13, 0xEE13, 0xEE13, 0xEE13, 0xEE13, 0xEE13, 0xEE13, 0xEE13, 
0xEE13, 0xEE13, 0xEE13, 0xEE13, 0x34AD, 0x34AD, 0x34AD, 0x34AD, 0x34AD, 0x34AD, 0x34AD, 0x34AD, 
0x34AD, 0x34AD, 0x34AD, 0x34AD, 0x34AD, 0x34AD, 0x34AD, 0x34AD, 0x34AD, 0x34AD, 0x34AD, 0x34AD, 
0x34AD, 0x34AD, 0x34AD, 0x34AD, 0x34AD, 0x34AD, 0x34AD, 0x34AD, 0x34AD, 0x34AD, 0x34AD, 0x34AD, 
0x34AD, 0x34AD, 0x34AD, 0x34AD, 0x34AD, 0x34AD, 0x34AD, 0x34AD, 0x34AD, 0x34AD, 0x34AD, 0x34AD, 
0x34AD, 0x34AD, 0x34AD, 0x34AD, 0x34AD, 0x34AD, 0x34AD, 0x34AD, 0x34AD, 0x34AD, 0x34AD, 0x34AD, 
0x34AD, 0x34AD, 0x34AD, 0x34AD, 0x34AD, 0x34AD, 0x34AD, 0x34AD, 0x34AD, 0x34AD, 0x34AD, 0x34AD, 
0x34AD, 0x34AD, 0x34AD, 0x34AD, 0x34AD, 0x34AD, 0x31E7, 0x31E7, 0x8B66, 0x8B66, 0x8B66, 0x8B66, 
0x31E7, 0x31E7, 0x34AD, 0x34AD, 0x34AD, 0x34AD, 0x34AD, 0x34AD, 0x34AD, 0x34AD, 0x34AD, 0x34AD, 
0x34AD, 0x34AD, 0x34AD, 0x34AD, 0x34AD, 0x34AD, 0xEE13, 0xEE13, 0xEE13, 0xEE13, 0xEE13, 0xEE13, 
0xEE13, 0xEE13, 0xEE13, 0xEE13, 0xEE13, 0xEE13, 0xEE13, 0xEE13, 0xEE13, 0xEE13, 0xEE13, 0xEE13, 
0xEE13, 0xEE13, 0xEE13, 0xEE13, 0xEE13, 0xEE13, 0xEE13, 0xEE13, 0xEE13, 0xEE13, 0xEE13, 0xEE13, 
0x34AD, 0x34AD, 0x34AD, 0x34AD, 0x34AD, 0x34AD, 0x34AD, 0x34AD, 0x34AD, 0x34AD, 0x34AD, 0x34AD, 
0x34AD, 0x34AD, 0x34AD, 0x34AD, 0x34AD, 0x34AD, 0x34AD, 0x34AD, 0x34AD, 0x34AD, 0x34AD, 0x34AD, 
0x34AD, 0x34AD, 0x34AD, 0x34AD, 0x34AD, 0x34AD, 0x34AD, 0x34AD, 0x34AD, 0x34AD, 0x34AD, 0x34AD, 
0x34AD, 0x34AD, 0x34AD, 0x34AD, 0x34AD, 0x34AD, 0x34AD, 0x34AD, 0x34AD, 0x34AD, 0x34AD, 0x34AD, 
0x34AD, 0x34AD, 0x34AD, 0x34AD, 0x34AD, 0x34AD, 0x34AD, 0x34AD, 0x34AD, 0x34AD, 0x34AD, 0x34AD, 
0x34AD, 0x34AD, 0x34AD, 0x34AD, 0x34AD, 0x34AD, 0x34AD, 0x34AD, 0x34AD, 0x34AD, 0x34AD, 0x34AD, 
0x34AD, 0x34AD, 0x31E7, 0x31E7, 0x8B66, 0x8B66, 0x8B66, 0x8B66, 0x31E7, 0x31E7, 0x34AD, 0x34AD, 
0x34AD, 0x34AD, 0x34AD, 0x34AD, 0x34AD, 0x34AD, 0x34AD, 0x34AD, 0x34AD, 0x34AD, 0x34AD, 0x34AD, 
0x34AD, 0x34AD, 0xEE13, 0xEE13, 0xEE13, 0xEE13, 0xEE13, 0xEE13, 0xEE13, 0xEE13, 0xEE13, 0xEE13, 
0xEE13, 0xEE13, 0xEE13, 0xEE13, 0xEE13, 0xEE13, 0xEE13, 0xEE13, 0xEE13, 0xEE13, 0xEE13, 0xEE13, 
0xEE13, 0xEE13, 0xEE13, 0xEE13, 0xEE13, 0xEE13, 0xEE13, 0xEE13, 0x34AD, 0x34AD, 0x34AD, 0x34AD, 
0x34AD, 0x34AD, 0x34AD, 0x34AD, 0x34AD, 0x34AD, 0x34AD, 0x34AD, 0x34AD, 0x34AD, 0x34AD, 0x34AD, 
0x34AD, 0x34AD, 0x34AD, 0x34AD, 0x34AD, 0x34AD, 0x34AD, 0x34AD, 0x34AD, 0x34AD, 0x34AD, 0x34AD, 
0x34AD, 0x34AD, 0x34AD, 0x34AD, 0x34AD, 0x34AD, 0x34AD, 0x34AD, 0x34AD, 0x34AD, 0x34AD, 0x34AD, 
0x34AD, 0x34AD, 0x34AD, 0x34AD, 0x34AD, 0x34AD, 0x34AD, 0x34AD, 0x34AD, 0x34AD, 0x34AD, 0x34AD, 
0x34AD, 0x34AD, 0x34AD, 0x34AD, 0x34AD, 0x34AD, 0x34AD, 0x34AD, 0x34AD, 0x34AD, 0x34AD, 0x34AD, 
0x34AD, 0x34AD, 0x34AD, 0x34AD, 0x34AD, 0x34AD, 0x34AD, 0x34AD, 0x34AD, 0x34AD, 0x31E7, 0x31E7, 
0x8B66, 0x8B66, 0x34AD, 0x34AD, 0x31E7, 0x31E7, 0x34AD, 0x34AD, 0x34AD, 0x34AD, 0x34AD, 0x34AD, 
0x34AD, 0x34AD, 0x34AD, 0x34AD, 0x34AD, 0x34AD, 0x34AD, 0x34AD, 0x34AD, 0x34AD, 0xEE13, 0xEE13, 
0xEE13, 0xEE13, 0xEE13, 0xEE13, 0xEE13, 0xEE13, 0xEE13, 0xEE13, 0xEE13, 0xEE13, 0xEE13, 0xEE13, 
0xEE13, 0xEE13, 0xEE13, 0xEE13, 0xEE13, 0xEE13, 0xEE13, 0xEE13, 0xEE13, 0xEE13, 0xEE13, 0xEE13, 
0xEE13, 0xEE13, 0xEE13, 0xEE13, 0x34AD, 0x34AD, 0x34AD, 0x34AD, 0x34AD, 0x34AD, 0x34AD, 0x34AD, 
0x34AD, 0x34AD, 0x34AD, 0x34AD, 0x34AD, 0x34AD, 0x34AD, 0x34AD, 0x34AD, 0x34AD, 0x34AD, 0x34AD, 
0x34AD, 0x34AD, 0x34AD, 0x34AD, 0x34AD, 0x34AD, 0x34AD, 0x34AD, 0x34AD, 0x34AD, 0x34AD, 0x34AD, 
0x34AD, 0x34AD, 0x34AD, 0x34AD, 0x34AD, 0x34AD, 0x34AD, 0x34AD, 0x34AD, 0x34AD, 0x34AD, 0x34AD, 
0x34AD, 0x34AD, 0x34AD, 0x34AD, 0x34AD, 0x34AD, 0x34AD, 0x34AD, 0x34AD, 0x34AD, 0x34AD, 0x34AD, 
0x34AD, 0x34AD, 0x34AD, 0x34AD, 0x34AD, 0x34AD, 0x34AD, 0x34AD, 0x34AD, 0x34AD, 0x34AD, 0x34AD, 
0x34AD, 0x34AD, 0x34AD, 0x34AD, 0x34AD, 0x34AD, 0x31E7, 0x31E7, 0x8B66, 0x8B66, 0x34AD, 0x34AD, 
0x31E7, 0x31E7, 0x34AD, 0x34AD, 0x34AD, 0x34AD, 0x34AD, 0x34AD, 0x34AD, 0x34AD, 0x34AD, 0x34AD, 
0x34AD, 0x34AD, 0x34AD, 0x34AD, 0x34AD, 0x34AD, 0xEE13, 0xEE13, 0xEE13, 0xEE13, 0xEE13, 0xEE13, 
0xEE13, 0xEE13, 0xEE13, 0xEE13, 0xEE13, 0xEE13, 0xEE13, 0xEE13, 0xEE13, 0xEE13, 0xEE13, 0xEE13, 
0xEE13, 0xEE13, 0xEE13, 0xEE13, 0xEE13, 0xEE13, 0xEE13, 0xEE13, 0xEE13, 0xEE13, 0xEE13, 0xEE13, 
0x34AD, 0x34AD, 0x34AD, 0x34AD, 0x34AD, 0x34AD, 0x34AD, 0x34AD, 0x34AD, 0x34AD, 0x34AD, 0x34AD, 
0x34AD, 0x34AD, 0x34AD, 0x34AD, 0x34AD, 0x34AD, 0x34AD, 0x34AD, 0x34AD, 0x34AD, 0x34AD, 0x34AD, 
0x34AD, 0x34AD, 0x34AD, 0x34AD, 0x34AD, 0x34AD, 0x34AD, 0x34AD, 0x34AD, 0x34AD, 0x34AD, 0x34AD, 
0x34AD, 0x34AD, 0x34AD, 0x34AD, 0x34AD, 0x34AD, 0x34AD, 0x34AD, 0x34AD, 0x34AD, 0x34AD, 0x34AD, 
0x34AD, 0x34AD, 0x34AD, 0x34AD, 0x34AD, 0x34AD, 0x34AD, 0x34AD, 0x34AD, 0x34AD, 0x34AD, 0x34AD, 
0x34AD, 0x34AD, 0x34AD, 0x34AD, 0x34AD, 0x34AD, 0x34AD, 0x34AD, 0x34AD, 0x34AD, 0x34AD, 0x34AD, 
0x31E7, 0x31E7, 0x31E7, 0x31E7, 0x8B66, 0x8B66, 0x34AD, 0x34AD, 0x31E7, 0x31E7, 0x34AD, 0x34AD, 
0x34AD, 0x34AD, 0x34AD, 0x34AD, 0x34AD, 0x34AD, 0x34AD, 0x34AD, 0x34AD, 0x34AD, 0x34AD, 0x34AD, 
0x34AD, 0x34AD, 0xEE13, 0xEE13, 0xEE13, 0xEE13, 0xEE13, 0xEE13, 0xEE13, 0xEE13, 0xEE13, 0xEE13, 
0xEE13, 0xEE13, 0xEE13, 0xEE13, 0xEE13, 0xEE13, 0xEE13, 0xEE13, 0xEE13, 0xEE13, 0xEE13, 0xEE13, 
0xEE13, 0xEE13, 0xEE13, 0xEE13, 0xEE13, 0xEE13, 0xEE13, 0xEE13, 0x34AD, 0x34AD, 0x34AD, 0x34AD, 
0x34AD, 0x34AD, 0x34AD, 0x34AD, 0x34AD, 0x34AD, 0x34AD, 0x34AD, 0x34AD, 0x34AD, 0x34AD, 0x34AD, 
0x34AD, 0x34AD, 0x34AD, 0x34AD, 0x34AD, 0x34AD, 0x34AD, 0x34AD, 0x34AD, 0x34AD, 0x34AD, 0x34AD, 
0x34AD, 0x34AD, 0x34AD, 0x34AD, 0x34AD, 0x34AD, 0x34AD, 0x34AD, 0x34AD, 0x34AD, 0x34AD, 0x34AD, 
0x34AD, 0x34AD, 0x34AD, 0x34AD, 0x34AD, 0x34AD, 0x34AD, 0x34AD, 0x34AD, 0x34AD, 0x34AD, 0x34AD, 
0x34AD, 0x34AD, 0x34AD, 0x34AD, 0x34AD, 0x34AD, 0x34AD, 0x34AD, 0x34AD, 0x34AD, 0x34AD, 0x34AD, 
0x34AD, 0x34AD, 0x34AD, 0x34AD, 0x34AD, 0x34AD, 0x34AD, 0x34AD, 0x31E7, 0x31E7, 0x31E7, 0x31E7, 
0x8B66, 0x8B66, 0x34AD, 0x34AD, 0x31E7, 0x31E7, 0x34AD, 0x34AD, 0x34AD, 0x34AD, 0x34AD, 0x34AD, 
0x34AD, 0x34AD, 0x34AD, 0x34AD, 0x34AD, 0x34AD, 0x34AD, 0x34AD, 0x34AD, 0x34AD, 0xEE13, 0xEE13, 
0xEE13, 0xEE13, 0xEE13, 0xEE13, 0xEE13, 0xEE13, 0xEE13, 0xEE13, 0xEE13, 0xEE13, 0xEE13, 0xEE13, 
0xEE13, 0xEE13, 0xEE13, 0xEE13, 0xEE13, 0xEE13, 0xEE13, 0xEE13, 0xEE13, 0xEE13, 0xEE13, 0xEE13, 
0xEE13, 0xEE13, 0xEE13, 0xEE13, 0x34AD, 0x34AD, 0x34AD, 0x34AD, 0x34AD, 0x34AD, 0x34AD, 0x34AD, 
0x34AD, 0x34AD, 0x34AD, 0x34AD, 0x34AD, 0x34AD, 0x34AD, 0x34AD, 0x34AD, 0x34AD, 0x34AD, 0x34AD, 
0x34AD, 0x34AD, 0x34AD, 0x34AD, 0x34AD, 0x34AD, 0x34AD, 0x34AD, 0x34AD, 0x34AD, 0x34AD, 0x34AD, 
0x34AD, 0x34AD, 0x34AD, 0x34AD, 0x34AD, 0x34AD, 0x34AD, 0x34AD, 0x34AD, 0x34AD, 0x34AD, 0x34AD, 
0x34AD, 0x34AD, 0x34AD, 0x34AD, 0x34AD, 0x34AD, 0x34AD, 0x34AD, 0x34AD, 0x34AD, 0x34AD, 0x34AD, 
0x34AD, 0x34AD, 0x34AD, 0x34AD, 0x34AD, 0x34AD, 0x34AD, 0x34AD, 0x34AD, 0x34AD, 0x34AD, 0x34AD, 
0x34AD, 0x34AD, 0x31E7, 0x31E7, 0x31E7, 0x31E7, 0x8B66, 0x8B66, 0x34AD, 0x34AD, 0x34AD, 0x34AD, 
0x34AD, 0x34AD, 0x34AD, 0x34AD, 0x34AD, 0x34AD, 0x34AD, 0x34AD, 0x34AD, 0x34AD, 0x34AD, 0x34AD, 
0x34AD, 0x34AD, 0x34AD, 0x34AD, 0x34AD, 0x34AD, 0xEE13, 0xEE13, 0xEE13, 0xEE13, 0xEE13, 0xEE13, 
0xEE13, 0xEE13, 0xEE13, 0xEE13, 0xEE13, 0xEE13, 0xEE13, 0xEE13, 0xEE13, 0xEE13, 0xEE13, 0xEE13, 
0xEE13, 0xEE13, 0xEE13, 0xEE13, 0xEE13, 0xEE13, 0xEE13, 0xEE13, 0xEE13, 0xEE13, 0xEE13, 0xEE13, 
0x34AD, 0x34AD, 0x34AD, 0x34AD, 0x34AD, 0x34AD, 0x34AD, 0x34AD, 0x34AD, 0x34AD, 0x34AD, 0x34AD, 
0x34AD, 0x34AD, 0x34AD, 0x34AD, 0x34AD, 0x34AD, 0x34AD, 0x34AD, 0x34AD, 0x34AD, 0x34AD, 0x34AD, 
0x34AD, 0x34AD, 0x34AD, 0x34AD, 0x34AD, 0x34AD, 0x34AD, 0x34AD, 0x34AD, 0x34AD, 0x34AD, 0x34AD, 
0x34AD, 0x34AD, 0x34AD, 0x34AD, 0x34AD, 0x34AD, 0x34AD, 0x34AD, 0x34AD, 0x34AD, 0x34AD, 0x34AD, 
0x34AD, 0x34AD, 0x34AD, 0x34AD, 0x34AD, 0x34AD, 0x34AD, 0x34AD, 0x34AD, 0x34AD, 0x34AD, 0x34AD, 
0x34AD, 0x34AD, 0x34AD, 0x34AD, 0x34AD, 0x34AD, 0x34AD, 0x34AD, 0x34AD, 0x34AD, 0x31E7, 0x31E7, 
0x31E7, 0x31E7, 0x8B66, 0x8B66, 0x34AD, 0x34AD, 0x34AD, 0x34AD, 0x34AD, 0x34AD, 0x34AD, 0x34AD, 
0x34AD, 0x34AD, 0x34AD, 0x34AD, 0x34AD, 0x34AD, 0x34AD, 0x34AD, 0x34AD, 0x34AD, 0x34AD, 0x34AD, 
0x34AD, 0x34AD, 0xEE13, 0xEE13, 0xEE13, 0xEE13, 0xEE13, 0xEE13, 0xEE13, 0xEE13, 0xEE13, 0xEE13, 
0xEE13, 0xEE13, 0xEE13, 0xEE13, 0xEE13, 0xEE13, 0xEE13, 0xEE13, 0xEE13, 0xEE13, 0xEE13, 0xEE13, 
0xEE13, 0xEE13, 0xEE13, 0xEE13, 0xEE13, 0xEE13, 0xEE13, 0xEE13, 0x34AD, 0x34AD, 0x34AD, 0x34AD, 
0x34AD, 0x34AD, 0x34AD, 0x34AD, 0x34AD, 0x34AD, 0x34AD, 0x34AD, 0x34AD, 0x34AD, 0x34AD, 0x34AD, 
0x34AD, 0x34AD, 0x34AD, 0x34AD, 0x34AD, 0x34AD, 0x34AD, 0x34AD, 0x34AD, 0x34AD, 0x34AD, 0x34AD, 
0x34AD, 0x34AD, 0x34AD, 0x34AD, 0x34AD, 0x34AD, 0x34AD, 0x34AD, 0x34AD, 0x34AD, 0x34AD, 0x34AD, 
0x34AD, 0x34AD, 0x34AD, 0x34AD, 0x34AD, 0x34AD, 0x34AD, 0x34AD, 0x34AD, 0x34AD, 0x34AD, 0x34AD, 
0x34AD, 0x34AD, 0x34AD, 0x34AD, 0x34AD, 0x34AD, 0x34AD, 0x34AD, 0x34AD, 0x34AD, 0x34AD, 0x34AD, 
0x34AD, 0x34AD, 0x31E7, 0x31E7, 0x31E7, 0x31E7, 0x31E7, 0x31E7, 0x8B66, 0x8B66, 0x8B66, 0x8B66, 
0x34AD, 0x34AD, 0x34AD, 0x34AD, 0x34AD, 0x34AD, 0x34AD, 0x34AD, 0x34AD, 0x34AD, 0x34AD, 0x34AD, 
0x34AD, 0x34AD, 0x34AD, 0x34AD, 0x34AD, 0x34AD, 0x34AD, 0x34AD, 0x34AD, 0x34AD, 0xEE13, 0xEE13, 
0xEE13, 0xEE13, 0xEE13, 0xEE13, 0xEE13, 0xEE13, 0xEE13, 0xEE13, 0xEE13, 0xEE13, 0xEE13, 0xEE13, 
0xEE13, 0xEE13, 0xEE13, 0xEE13, 0xEE13, 0xEE13, 0xEE13, 0xEE13, 0xEE13, 0xEE13, 0xEE13, 0xEE13, 
0xEE13, 0xEE13, 0xEE13, 0xEE13, 0x34AD, 0x34AD, 0x34AD, 0x34AD, 0x34AD, 0x34AD, 0x34AD, 0x34AD, 
0x34AD, 0x34AD, 0x34AD, 0x34AD, 0x34AD, 0x34AD, 0x34AD, 0x34AD, 0x34AD, 0x34AD, 0x34AD, 0x34AD, 
0x34AD, 0x34AD, 0x34AD, 0x34AD, 0x34AD, 0x34AD, 0x34AD, 0x34AD, 0x34AD, 0x34AD, 0x34AD, 0x34AD, 
0x34AD, 0x34AD, 0x34AD, 0x34AD, 0x34AD, 0x34AD, 0x34AD, 0x34AD, 0x34AD, 0x34AD, 0x34AD, 0x34AD, 
0x34AD, 0x34AD, 0x34AD, 0x34AD, 0x34AD, 0x34AD, 0x34AD, 0x34AD, 0x34AD, 0x34AD, 0x34AD, 0x34AD, 
0x34AD, 0x34AD, 0x34AD, 0x34AD, 0x34AD, 0x34AD, 0x34AD, 0x34AD, 0x34AD, 0x34AD, 0x31E7, 0x31E7, 
0x31E7, 0x31E7, 0x31E7, 0x31E7, 0x8B66, 0x8B66, 0x8B66, 0x8B66, 0x34AD, 0x34AD, 0x34AD, 0x34AD, 
0x34AD, 0x34AD, 0x34AD, 0x34AD, 0x34AD, 0x34AD, 0x34AD, 0x34AD, 0x34AD, 0x34AD, 0x34AD, 0x34AD, 
0x34AD, 0x34AD, 0x34AD, 0x34AD, 0x34AD, 0x34AD, 0xEE13, 0xEE13, 0xEE13, 0xEE13, 0xEE13, 0xEE13, 
0xEE13, 0xEE13, 0xEE13, 0xEE13, 0xEE13, 0xEE13, 0xEE13, 0xEE13, 0xEE13, 0xEE13, 0xEE13, 0xEE13, 
0xEE13, 0xEE13, 0xEE13, 0xEE13, 0xEE13, 0xEE13, 0xEE13, 0xEE13, 0xEE13, 0xEE13, 0xEE13, 0xEE13, 
0x34AD, 0x34AD, 0x34AD, 0x34AD, 0x34AD, 0x34AD, 0x34AD, 0x34AD, 0x34AD, 0x34AD, 0x34AD, 0x34AD, 
0x34AD, 0x34AD, 0x34AD, 0x34AD, 0x34AD, 0x34AD, 0x34AD, 0x34AD, 0x34AD, 0x34AD, 0x34AD, 0x34AD, 
0x34AD, 0x34AD, 0x34AD, 0x34AD, 0x34AD, 0x34AD, 0x34AD, 0x34AD, 0x34AD, 0x34AD, 0x34AD, 0x34AD, 
0x34AD, 0x34AD, 0x34AD, 0x34AD, 0x34AD, 0x34AD, 0x34AD, 0x34AD, 0x34AD, 0x34AD, 0x34AD, 0x34AD, 
0x34AD, 0x34AD, 0x34AD, 0x34AD, 0x34AD, 0x34AD, 0x34AD, 0x34AD, 0x34AD, 0x34AD, 0x34AD, 0x34AD, 
0x34AD, 0x34AD, 0x34AD, 0x34AD, 0x31E7, 0x31E7, 0x31E7, 0x31E7, 0x8B66, 0x8B66, 0x8B66, 0x8B66, 
0x8B66, 0x8B66, 0x8B66, 0x8B66, 0x34AD, 0x34AD, 0x34AD, 0x34AD, 0x34AD, 0x34AD, 0x34AD, 0x34AD, 
0x34AD, 0x34AD, 0x34AD, 0x34AD, 0x34AD, 0x34AD, 0x34AD, 0x34AD, 0x34AD, 0x34AD, 0x34AD, 0x34AD, 
0x34AD, 0x34AD, 0xEE13, 0xEE13, 0xEE13, 0xEE13, 0xEE13, 0xEE13, 0xEE13, 0xEE13, 0xEE13, 0xEE13, 
0xEE13, 0xEE13, 0xEE13, 0xEE13, 0xEE13, 0xEE13, 0xEE13, 0xEE13, 0xEE13, 0xEE13, 0xEE13, 0xEE13, 
0xEE13, 0xEE13, 0xEE13, 0xEE13, 0xEE13, 0xEE13, 0xEE13, 0xEE13, 0x34AD, 0x34AD, 0x34AD, 0x34AD, 
0x34AD, 0x34AD, 0x34AD, 0x34AD, 0x34AD, 0x34AD, 0x34AD, 0x34AD, 0x34AD, 0x34AD, 0x34AD, 0x34AD, 
0x34AD, 0x34AD, 0x34AD, 0x34AD, 0x34AD, 0x34AD, 0x34AD, 0x34AD, 0x34AD, 0x34AD, 0x34AD, 0x34AD, 
0x34AD, 0x34AD, 0x34AD, 0x34AD, 0x34AD, 0x34AD, 0x34AD, 0x34AD, 0x34AD, 0x34AD, 0x34AD, 0x34AD, 
0x34AD, 0x34AD, 0x34AD, 0x34AD, 0x34AD, 0x34AD, 0x34AD, 0x34AD, 0x34AD, 0x34AD, 0x34AD, 0x34AD, 
0x34AD, 0x34AD, 0x34AD, 0x34AD, 0x34AD, 0x34AD, 0x34AD, 0x34AD, 0x34AD, 0x34AD, 0x34AD, 0x34AD, 
0x31E7, 0x31E7, 0x31E7, 0x31E7, 0x8B66, 0x8B66, 0x8B66, 0x8B66, 0x8B66, 0x8B66, 0x8B66, 0x8B66, 
0x34AD, 0x34AD, 0x34AD, 0x34AD, 0x34AD, 0x34AD, 0x34AD, 0x34AD, 0x34AD, 0x34AD, 0x34AD, 0x34AD, 
0x34AD, 0x34AD, 0x34AD, 0x34AD, 0x34AD, 0x34AD, 0x34AD, 0x34AD, 0x34AD, 0x34AD, 0xEE13, 0xEE13, 
0xEE13, 0xEE13, 0xEE13, 0xEE13, 0xEE13, 0xEE13, 0xEE13, 0xEE13, 0xEE13, 0xEE13, 0xEE13, 0xEE13, 
0xEE13, 0xEE13, 0xEE13, 0xEE13, 0xEE13, 0xEE13, 0xEE13, 0xEE13, 0xEE13, 0xEE13, 0xEE13, 0xEE13, 
0xEE13, 0xEE13, 0xEE13, 0xEE13, 0x34AD, 0x34AD, 0x34AD, 0x34AD, 0x34AD, 0x34AD, 0x34AD, 0x34AD, 
0x34AD, 0x34AD, 0x34AD, 0x34AD, 0x34AD, 0x34AD, 0x34AD, 0x34AD, 0x34AD, 0x34AD, 0x34AD, 0x34AD, 
0x34AD, 0x34AD, 0x34AD, 0x34AD, 0x34AD, 0x34AD, 0x34AD, 0x34AD, 0x34AD, 0x34AD, 0x34AD, 0x34AD, 
0x34AD, 0x34AD, 0x34AD, 0x34AD, 0x34AD, 0x34AD, 0x34AD, 0x34AD, 0x34AD, 0x34AD, 0x34AD, 0x34AD, 
0x34AD, 0x34AD, 0x34AD, 0x34AD, 0x34AD, 0x34AD, 0x34AD, 0x34AD, 0x34AD, 0x34AD, 0x34AD, 0x34AD, 
0x34AD, 0x34AD, 0x34AD, 0x34AD, 0x31E7, 0x31E7, 0x31E7, 0x31E7, 0x31E7, 0x31E7, 0x8B66, 0x8B66, 
0x8B66, 0x8B66, 0x8B66, 0x8B66, 0x8B66, 0x8B66, 0x34AD, 0x34AD, 0x34AD, 0x34AD, 0x34AD, 0x34AD, 
0x34AD, 0x34AD, 0x34AD, 0x34AD, 0x34AD, 0x34AD, 0x34AD, 0x34AD, 0x34AD, 0x34AD, 0x34AD, 0x34AD, 
0x34AD, 0x34AD, 0x34AD, 0x34AD, 0x34AD, 0x34AD, 0xEE13, 0xEE13, 0xEE13, 0xEE13, 0xEE13, 0xEE13, 
0xEE13, 0xEE13, 0xEE13, 0xEE13, 0xEE13, 0xEE13, 0xEE13, 0xEE13, 0xEE13, 0xEE13, 0xEE13, 0xEE13, 
0xEE13, 0xEE13, 0xEE13, 0xEE13, 0xEE13, 0xEE13, 0xEE13, 0xEE13, 0xEE13, 0xEE13, 0xEE13, 0xEE13, 
0x34AD, 0x34AD, 0x34AD, 0x34AD, 0x34AD, 0x34AD, 0x34AD, 0x34AD, 0x34AD, 0x34AD, 0x34AD, 0x34AD, 
0x34AD, 0x34AD, 0x34AD, 0x34AD, 0x34AD, 0x34AD, 0x34AD, 0x34AD, 0x34AD, 0x34AD, 0x34AD, 0x34AD, 
0x34AD, 0x34AD, 0x34AD, 0x34AD, 0x34AD, 0x34AD, 0x34AD, 0x34AD, 0x34AD, 0x34AD, 0x34AD, 0x34AD, 
0x34AD, 0x34AD, 0x34AD, 0x34AD, 0x34AD, 0x34AD, 0x34AD, 0x34AD, 0x34AD, 0x34AD, 0x34AD, 0x34AD, 
0x34AD, 0x34AD, 0x34AD, 0x34AD, 0x34AD, 0x34AD, 0x34AD, 0x34AD, 0x34AD, 0x34AD, 0x34AD, 0x34AD, 
0x31E7, 0x31E7, 0x31E7, 0x31E7, 0x31E7, 0x31E7, 0x8B66, 0x8B66, 0x8B66, 0x8B66, 0x8B66, 0x8B66, 
0x8B66, 0x8B66, 0x34AD, 0x34AD, 0x34AD, 0x34AD, 0x34AD, 0x34AD, 0x34AD, 0x34AD, 0x34AD, 0x34AD, 
0x34AD, 0x34AD, 0x34AD, 0x34AD, 0x34AD, 0x34AD, 0x34AD, 0x34AD, 0x34AD, 0x34AD, 0x34AD, 0x34AD, 
0x34AD, 0x34AD, 0xEE13, 0xEE13, 0xEE13, 0xEE13, 0xEE13, 0xEE13, 0xEE13, 0xEE13, 0xEE13, 0xEE13, 
0xEE13, 0xEE13, 0xEE13, 0xEE13, 0xEE13, 0xEE13, 0xEE13, 0xEE13, 0xEE13, 0xEE13, 0xEE13, 0xEE13, 
0xEE13, 0xEE13, 0xEE13, 0xEE13, 0xEE13, 0xEE13, 0xEE13, 0xEE13, 0x34AD, 0x34AD, 0x34AD, 0x34AD, 
0x34AD, 0x34AD, 0x34AD, 0x34AD, 0x34AD, 0x34AD, 0x34AD, 0x34AD, 0x34AD, 0x34AD, 0x34AD, 0x34AD, 
0x34AD, 0x34AD, 0x34AD, 0x34AD, 0x34AD, 0x34AD, 0x34AD, 0x34AD, 0x34AD, 0x34AD, 0x34AD, 0x34AD, 
0x34AD, 0x34AD, 0x34AD, 0x34AD, 0x34AD, 0x34AD, 0x34AD, 0x34AD, 0x34AD, 0x34AD, 0x34AD, 0x34AD, 
0x34AD, 0x34AD, 0x34AD, 0x34AD, 0x34AD, 0x34AD, 0x34AD, 0x34AD, 0x34AD, 0x34AD, 0x34AD, 0x34AD, 
0x34AD, 0x34AD, 0x34AD, 0x34AD, 0x34AD, 0x34AD, 0x34AD, 0x34AD, 0x34AD, 0x34AD, 0x34AD, 0x34AD, 
0x8B66, 0x8B66, 0x8B66, 0x8B66, 0x8B66, 0x8B66, 0x8B66, 0x8B66, 0x8B66, 0x8B66, 0x34AD, 0x34AD, 
0x34AD, 0x34AD, 0x34AD, 0x34AD, 0x34AD, 0x34AD, 0x34AD, 0x34AD, 0x34AD, 0x34AD, 0x34AD, 0x34AD, 
0x34AD, 0x34AD, 0x34AD, 0x34AD, 0x34AD, 0x34AD, 0x34AD, 0x34AD, 0x34AD, 0x34AD, 0xEE13, 0xEE13, 
0xEE13, 0xEE13, 0xEE13, 0xEE13, 0xEE13, 0xEE13, 0xEE13, 0xEE13, 0xEE13, 0xEE13, 0xEE13, 0xEE13, 
0xEE13, 0xEE13, 0xEE13, 0xEE13, 0xEE13, 0xEE13, 0xEE13, 0xEE13, 0xEE13, 0xEE13, 0xEE13, 0xEE13, 
0xEE13, 0xEE13, 0xEE13, 0xEE13, 0x34AD, 0x34AD, 0x34AD, 0x34AD, 0x34AD, 0x34AD, 0x34AD, 0x34AD, 
0x34AD, 0x34AD, 0x34AD, 0x34AD, 0x34AD, 0x34AD, 0x34AD, 0x34AD, 0x34AD, 0x34AD, 0x34AD, 0x34AD, 
0x34AD, 0x34AD, 0x34AD, 0x34AD, 0x34AD, 0x34AD, 0x34AD, 0x34AD, 0x34AD, 0x34AD, 0x34AD, 0x34AD, 
0x34AD, 0x34AD, 0x34AD, 0x34AD, 0x34AD, 0x34AD, 0x34AD, 0x34AD, 0x34AD, 0x34AD, 0x34AD, 0x34AD, 
0x34AD, 0x34AD, 0x34AD, 0x34AD, 0x34AD, 0x34AD, 0x34AD, 0x34AD, 0x34AD, 0x34AD, 0x34AD, 0x34AD, 
0x34AD, 0x34AD, 0x34AD, 0x34AD, 0x34AD, 0x34AD, 0x34AD, 0x34AD, 0x8B66, 0x8B66, 0x8B66, 0x8B66, 
0x8B66, 0x8B66, 0x8B66, 0x8B66, 0x8B66, 0x8B66, 0x34AD, 0x34AD, 0x34AD, 0x34AD, 0x34AD, 0x34AD, 
0x34AD, 0x34AD, 0x34AD, 0x34AD, 0x34AD, 0x34AD, 0x34AD, 0x34AD, 0x34AD, 0x34AD, 0x34AD, 0x34AD, 
0x34AD, 0x34AD, 0x34AD, 0x34AD, 0x34AD, 0x34AD, 0xEE13, 0xEE13, 0xEE13, 0xEE13, 0xEE13, 0xEE13, 
0xEE13, 0xEE13, 0xEE13, 0xEE13, 0xEE13, 0xEE13, 0xEE13, 0xEE13, 0xEE13, 0xEE13, 0xEE13, 0xEE13, 
0xEE13, 0xEE13, 0xEE13, 0xEE13, 0xEE13, 0xEE13, 0xEE13, 0xEE13, 0xEE13, 0xEE13, 0xEE13, 0xEE13, 
0x34AD, 0x34AD, 0x34AD, 0x34AD, 0x34AD, 0x34AD, 0x34AD, 0x34AD, 0x34AD, 0x34AD, 0x34AD, 0x34AD, 
0x34AD, 0x34AD, 0x34AD, 0x34AD, 0x34AD, 0x34AD, 0x34AD, 0x34AD, 0x34AD, 0x34AD, 0x34AD, 0x34AD, 
0x34AD, 0x34AD, 0x34AD, 0x34AD, 0x34AD, 0x34AD, 0x34AD, 0x34AD, 0x34AD, 0x34AD, 0x34AD, 0x34AD, 
0x34AD, 0x34AD, 0x34AD, 0x34AD, 0x34AD, 0x34AD, 0x34AD, 0x34AD, 0x34AD, 0x34AD, 0x34AD, 0x34AD, 
0x34AD, 0x34AD, 0x34AD, 0x34AD, 0x34AD, 0x34AD, 0x34AD, 0x34AD, 0x34AD, 0x34AD, 0x34AD, 0x34AD, 
0x34AD, 0x34AD, 0x34AD, 0x34AD, 0x34AD, 0x34AD, 0x8B66, 0x8B66, 0x8B66, 0x8B66, 0x8B66, 0x8B66, 
0x8B66, 0x8B66, 0x34AD, 0x34AD, 0x34AD, 0x34AD, 0x34AD, 0x34AD, 0x34AD, 0x34AD, 0x34AD, 0x34AD, 
0x34AD, 0x34AD, 0x34AD, 0x34AD, 0x34AD, 0x34AD, 0x34AD, 0x34AD, 0x34AD, 0x34AD, 0x34AD, 0x34AD, 
0x34AD, 0x34AD, 0xEE13, 0xEE13, 0xEE13, 0xEE13, 0xEE13, 0xEE13, 0xEE13, 0xEE13, 0xEE13, 0xEE13, 
0xEE13, 0xEE13, 0xEE13, 0xEE13, 0xEE13, 0xEE13, 0xEE13, 0xEE13, 0xEE13, 0xEE13, 0xEE13, 0xEE13, 
0xEE13, 0xEE13, 0xEE13, 0xEE13, 0xEE13, 0xEE13, 0xEE13, 0xEE13, 0x34AD, 0x34AD, 0x34AD, 0x34AD, 
0x34AD, 0x34AD, 0x34AD, 0x34AD, 0x34AD, 0x34AD, 0x34AD, 0x34AD, 0x34AD, 0x34AD, 0x34AD, 0x34AD, 
0x34AD, 0x34AD, 0x34AD, 0x34AD, 0x34AD, 0x34AD, 0x34AD, 0x34AD, 0x34AD, 0x34AD, 0x34AD, 0x34AD, 
0x34AD, 0x34AD, 0x34AD, 0x34AD, 0x34AD, 0x34AD, 0x34AD, 0x34AD, 0x34AD, 0x34AD, 0x34AD, 0x34AD, 
0x34AD, 0x34AD, 0x34AD, 0x34AD, 0x34AD, 0x34AD, 0x34AD, 0x34AD, 0x34AD, 0x34AD, 0x34AD, 0x34AD, 
0x34AD, 0x34AD, 0x34AD, 0x34AD, 0x34AD, 0x34AD, 0x34AD, 0x34AD, 0x34AD, 0x34AD, 0x34AD, 0x34AD, 
0x34AD, 0x34AD, 0x8B66, 0x8B66, 0x8B66, 0x8B66, 0x8B66, 0x8B66, 0x8B66, 0x8B66, 0x34AD, 0x34AD, 
0x34AD, 0x34AD, 0x34AD, 0x34AD, 0x34AD, 0x34AD, 0x34AD, 0x34AD, 0x34AD, 0x34AD, 0x34AD, 0x34AD, 
0x34AD, 0x34AD, 0x34AD, 0x34AD, 0x34AD, 0x34AD, 0x34AD, 0x34AD, 0x34AD, 0x34AD, 0xEE13, 0xEE13, 
0xEE13, 0xEE13, 0xEE13, 0xEE13, 0xEE13, 0xEE13, 0xEE13, 0xEE13, 0xEE13, 0xEE13, 0xEE13, 0xEE13, 
0xEE13, 0xEE13, 0xEE13, 0xEE13, 0xEE13, 0xEE13, 0xEE13, 0xEE13, 0xEE13, 0xEE13, 0xEE13, 0xEE13, 
0xEE13, 0xEE13, 0xEE13, 0xEE13, 0x34AD, 0x34AD, 0x34AD, 0x34AD, 0x34AD, 0x34AD, 0x34AD, 0x34AD, 
0x34AD, 0x34AD, 0x34AD, 0x34AD, 0x34AD, 0x34AD, 0x34AD, 0x34AD, 0x34AD, 0x34AD, 0x34AD, 0x34AD, 
0x34AD, 0x34AD, 0x34AD, 0x34AD, 0x34AD, 0x34AD, 0x34AD, 0x34AD, 0x34AD, 0x34AD, 0x34AD, 0x34AD, 
0x34AD, 0x34AD, 0x34AD, 0x34AD, 0x34AD, 0x34AD, 0x34AD, 0x34AD, 0x34AD, 0x34AD, 0x34AD, 0x34AD, 
0x34AD, 0x34AD, 0x34AD, 0x34AD, 0x34AD, 0x34AD, 0x34AD, 0x34AD, 0x34AD, 0x34AD, 0x34AD, 0x34AD, 
0x34AD, 0x34AD, 0x34AD, 0x34AD, 0x34AD, 0x34AD, 0x34AD, 0x34AD, 0x34AD, 0x34AD, 0x34AD, 0x34AD, 
0x34AD, 0x34AD, 0x34AD, 0x34AD, 0x34AD, 0x34AD, 0x34AD, 0x34AD, 0x34AD, 0x34AD, 0x34AD, 0x34AD, 
0x34AD, 0x34AD, 0x34AD, 0x34AD, 0x34AD, 0x34AD, 0x34AD, 0x34AD, 0x34AD, 0x34AD, 0x34AD, 0x34AD, 
0x34AD, 0x34AD, 0x34AD, 0x34AD, 0xEE13, 0xEE13, 0xEE13, 0xEE13, 0xEE13, 0xEE13, 0xEE13, 0xEE13, 
0xEE13, 0xEE13, 0xEE13, 0xEE13, 0xEE13, 0xEE13, 0xEE13, 0xEE13, 0xEE13, 0xEE13, 0xEE13, 0xEE13, 
0xEE13, 0xEE13, 0xEE13, 0xEE13, 0xEE13, 0xEE13, 0xEE13, 0xEE13, 0xEE13, 0xEE13, 0xEE13, 0xEE13, 
0x34AD, 0x34AD, 0x34AD, 0x34AD, 0x34AD, 0x34AD, 0x34AD, 0x34AD, 0x34AD, 0x34AD, 0x34AD, 0x34AD, 
0x34AD, 0x34AD, 0x34AD, 0x34AD, 0x34AD, 0x34AD, 0x34AD, 0x34AD, 0x34AD, 0x34AD, 0x34AD, 0x34AD, 
0x34AD, 0x34AD, 0x34AD, 0x34AD, 0x34AD, 0x34AD, 0x34AD, 0x34AD, 0x34AD, 0x34AD, 0x34AD, 0x34AD, 
0x34AD, 0x34AD, 0x34AD, 0x34AD, 0x34AD, 0x34AD, 0x34AD, 0x34AD, 0x34AD, 0x34AD, 0x34AD, 0x34AD, 
0x34AD, 0x34AD, 0x34AD, 0x34AD, 0x34AD, 0x34AD, 0x34AD, 0x34AD, 0x34AD, 0x34AD, 0x34AD, 0x34AD, 
0x34AD, 0x34AD, 0x34AD, 0x34AD, 0x34AD, 0x34AD, 0x34AD, 0x34AD, 0x34AD, 0x34AD, 0x34AD, 0x34AD, 
0x34AD, 0x34AD, 0x34AD, 0x34AD, 0x34AD, 0x34AD, 0x34AD, 0x34AD, 0x34AD, 0x34AD, 0x34AD, 0x34AD, 
0x34AD, 0x34AD, 0x34AD, 0x34AD, 0x34AD, 0x34AD, 0x34AD, 0x34AD, 0x34AD, 0x34AD, 0x34AD, 0x34AD, 
0xEE13, 0xEE13, 0xEE13, 0xEE13, 0xEE13, 0xEE13, 0xEE13, 0xEE13, 0xEE13, 0xEE13, 0xEE13, 0xEE13, 
0xEE13, 0xEE13, 0xEE13, 0xEE13, 0xEE13, 0xEE13, 0xEE13, 0xEE13, 0xEE13, 0xEE13, 0xEE13, 0xEE13, 
0xEE13, 0xEE13, 0xEE13, 0xEE13, 0xEE13, 0xEE13, 0xEE13, 0xEE13, 0x34AD, 0x34AD, 0x34AD, 0x34AD, 
0x34AD, 0x34AD, 0x34AD, 0x34AD, 0x34AD, 0x34AD, 0x34AD, 0x34AD, 0x34AD, 0x34AD, 0x34AD, 0x34AD, 
0x34AD, 0x34AD, 0x34AD, 0x34AD, 0x34AD, 0x34AD, 0x34AD, 0x34AD, 0x34AD, 0x34AD, 0x34AD, 0x34AD, 
0x34AD, 0x34AD, 0x34AD, 0x34AD, 0x34AD, 0x34AD, 0x34AD, 0x34AD, 0x34AD, 0x34AD, 0x34AD, 0x34AD, 
0x34AD, 0x34AD, 0x34AD, 0x34AD, 0x34AD, 0x34AD, 0x34AD, 0x34AD, 0x34AD, 0x34AD, 0x34AD, 0x34AD, 
0x34AD, 0x34AD, 0x34AD, 0x34AD, 0x34AD, 0x34AD, 0x34AD, 0x34AD, 0x34AD, 0x34AD, 0x34AD, 0x34AD, 
0x34AD, 0x34AD, 0x34AD, 0x34AD, 0x34AD, 0x34AD, 0x34AD, 0x34AD, 0x34AD, 0x34AD, 0x34AD, 0x34AD, 
0x34AD, 0x34AD, 0x34AD, 0x34AD, 0x34AD, 0x34AD, 0x34AD, 0x34AD, 0x34AD, 0x34AD, 0x34AD, 0x34AD, 
0x34AD, 0x34AD, 0x34AD, 0x34AD, 0x34AD, 0x34AD, 0x34AD, 0x34AD, 0xEE13, 0xEE13, 0xEE13, 0xEE13, 
0xEE13, 0xEE13, 0xEE13, 0xEE13, 0xEE13, 0xEE13, 0xEE13, 0xEE13, 0xEE13, 0xEE13, 0xEE13, 0xEE13, 
0xEE13, 0xEE13, 0xEE13, 0xEE13, 0xEE13, 0xEE13, 0xEE13, 0xEE13, 0xEE13, 0xEE13, 0xEE13, 0xEE13, 
0xEE13, 0xEE13, 0xEE13, 0xEE13, 0x34AD, 0x34AD, 0x34AD, 0x34AD, 0x34AD, 0x34AD, 0x34AD, 0x34AD, 
0x34AD, 0x34AD, 0x34AD, 0x34AD, 0x34AD, 0x34AD, 0x34AD, 0x34AD, 0x34AD, 0x34AD, 0x34AD, 0x34AD, 
0x34AD, 0x34AD, 0x34AD, 0x34AD, 0x34AD, 0x34AD, 0x34AD, 0x34AD, 0x34AD, 0x34AD, 0x34AD, 0x34AD, 
0x34AD, 0x34AD, 0x34AD, 0x34AD, 0x34AD, 0x34AD, 0x34AD, 0x34AD, 0x34AD, 0x34AD, 0x34AD, 0x34AD, 
0x34AD, 0x34AD, 0x34AD, 0x34AD, 0x34AD, 0x34AD, 0x34AD, 0x34AD, 0x34AD, 0x34AD, 0x34AD, 0x34AD, 
0x34AD, 0x34AD, 0x34AD, 0x34AD, 0x34AD, 0x34AD, 0x34AD, 0x34AD, 0x34AD, 0x34AD, 0x34AD, 0x34AD, 
0x34AD, 0x34AD, 0x34AD, 0x34AD, 0x34AD, 0x34AD, 0x34AD, 0x34AD, 0x34AD, 0x34AD, 0x34AD, 0x34AD, 
0x34AD, 0x34AD, 0x34AD, 0x34AD, 0x34AD, 0x34AD, 0x34AD, 0x34AD, 0x34AD, 0x34AD, 0x34AD, 0x34AD, 
0x34AD, 0x34AD, 0x34AD, 0x34AD, 0xEE13, 0xEE13, 0xEE13, 0xEE13, 0xEE13, 0xEE13, 0xEE13, 0xEE13, 
0xEE13, 0xEE13, 0xEE13, 0xEE13, 0xEE13, 0xEE13, 0xEE13, 0xEE13, 0xEE13, 0xEE13, 0xEE13, 0xEE13, 
0xEE13, 0xEE13, 0xEE13, 0xEE13, 0xEE13, 0xEE13, 0xEE13, 0xEE13, 0xEE13, 0xEE13, 0xEE13, 0xEE13, 
0x34AD, 0x34AD, 0x34AD, 0x34AD, 0x34AD, 0x34AD, 0x34AD, 0x34AD, 0x34AD, 0x34AD, 0x34AD, 0x34AD, 
0x34AD, 0x34AD, 0x34AD, 0x34AD, 0x34AD, 0x34AD, 0x34AD, 0x34AD, 0x34AD, 0x34AD, 0x34AD, 0x34AD, 
0x34AD, 0x34AD, 0x34AD, 0x34AD, 0x34AD, 0x34AD, 0x34AD, 0x34AD, 0x34AD, 0x34AD, 0x34AD, 0x34AD, 
0x34AD, 0x34AD, 0x34AD, 0x34AD, 0x34AD, 0x34AD, 0x34AD, 0x34AD, 0x34AD, 0x34AD, 0x34AD, 0x34AD, 
0x34AD, 0x34AD, 0x34AD, 0x34AD, 0x34AD, 0x34AD, 0x34AD, 0x34AD, 0x34AD, 0x34AD, 0x34AD, 0x34AD, 
0x34AD, 0x34AD, 0x34AD, 0x34AD, 0x34AD, 0x34AD, 0x34AD, 0x34AD, 0x34AD, 0x34AD, 0x34AD, 0x34AD, 
0x34AD, 0x34AD, 0x34AD, 0x34AD, 0x34AD, 0x34AD, 0x34AD, 0x34AD, 0x34AD, 0x34AD, 0x34AD, 0x34AD, 
0x34AD, 0x34AD, 0x34AD, 0x34AD, 0x34AD, 0x34AD, 0x34AD, 0x34AD, 0x34AD, 0x34AD, 0xEE13, 0xEE13, 
0xEE13, 0xEE13, 0xEE13, 0xEE13, 0xEE13, 0xEE13, 0xEE13, 0xEE13, 0xEE13, 0xEE13, 0xEE13, 0xEE13, 
0xEE13, 0xEE13, 0xEE13, 0xEE13, 0xEE13, 0xEE13, 0xEE13, 0xEE13, 0xEE13, 0xEE13, 0xEE13, 0xEE13, 
0xEE13, 0xEE13, 0xEE13, 0xEE13, 0xEE13, 0xEE13, 0xEE13, 0xEE13, 0x34AD, 0x34AD, 0x34AD, 0x34AD, 
0x34AD, 0x34AD, 0x34AD, 0x34AD, 0x34AD, 0x34AD, 0x34AD, 0x34AD, 0x34AD, 0x34AD, 0x34AD, 0x34AD, 
0x34AD, 0x34AD, 0x34AD, 0x34AD, 0x34AD, 0x34AD, 0x34AD, 0x34AD, 0x34AD, 0x34AD, 0x34AD, 0x34AD, 
0x34AD, 0x34AD, 0x34AD, 0x34AD, 0x34AD, 0x34AD, 0x34AD, 0x34AD, 0x34AD, 0x34AD, 0x34AD, 0x34AD, 
0x34AD, 0x34AD, 0x34AD, 0x34AD, 0x34AD, 0x34AD, 0x34AD, 0x34AD, 0x34AD, 0x34AD, 0x34AD, 0x34AD, 
0x34AD, 0x34AD, 0x34AD, 0x34AD, 0x34AD, 0x34AD, 0x34AD, 0x34AD, 0x34AD, 0x34AD, 0x34AD, 0x34AD, 
0x34AD, 0x34AD, 0x34AD, 0x34AD, 0x34AD, 0x34AD, 0x34AD, 0x34AD, 0x34AD, 0x34AD, 0x34AD, 0x34AD, 
0x34AD, 0x34AD, 0x34AD, 0x34AD, 0x34AD, 0x34AD, 0x34AD, 0x34AD, 0x34AD, 0x34AD, 0x34AD, 0x34AD, 
0x34AD, 0x34AD, 0x34AD, 0x34AD, 0x34AD, 0x34AD, 0xEE13, 0xEE13, 0xEE13, 0xEE13, 0xEE13, 0xEE13, 
0xEE13, 0xEE13, 0xEE13, 0xEE13, 0xEE13, 0xEE13, 0xEE13, 0xEE13, 0xEE13, 0xEE13, 0xEE13, 0xEE13, 
0xEE13, 0xEE13, 0xEE13, 0xEE13, 0xEE13, 0xEE13, 0xEE13, 0xEE13, 0xEE13, 0xEE13, 0xEE13, 0xEE13, 
0xEE13, 0xEE13, 0xEE13, 0xEE13, 0x34AD, 0x34AD, 0x34AD, 0x34AD, 0x34AD, 0x34AD, 0x34AD, 0x34AD, 
0x34AD, 0x34AD, 0x34AD, 0x34AD, 0x34AD, 0x34AD, 0x34AD, 0x34AD, 0x34AD, 0x34AD, 0x34AD, 0x34AD, 
0x34AD, 0x34AD, 0x34AD, 0x34AD, 0x34AD, 0x34AD, 0x34AD, 0x34AD, 0x34AD, 0x34AD, 0x34AD, 0x34AD, 
0x34AD, 0x34AD, 0x34AD, 0x34AD, 0x34AD, 0x34AD, 0x34AD, 0x34AD, 0x34AD, 0x34AD, 0x34AD, 0x34AD, 
0x34AD, 0x34AD, 0x34AD, 0x34AD, 0x34AD, 0x34AD, 0x34AD, 0x34AD, 0x34AD, 0x34AD, 0x34AD, 0x34AD, 
0x34AD, 0x34AD, 0x34AD, 0x34AD, 0x34AD, 0x34AD, 0x34AD, 0x34AD, 0x34AD, 0x34AD, 0x34AD, 0x34AD, 
0x34AD, 0x34AD, 0x34AD, 0x34AD, 0x34AD, 0x34AD, 0x34AD, 0x34AD, 0x34AD, 0x34AD, 0x34AD, 0x34AD, 
0x34AD, 0x34AD, 0x34AD, 0x34AD, 0x34AD, 0x34AD, 0x34AD, 0x34AD, 0x34AD, 0x34AD, 0x34AD, 0x34AD, 
0x34AD, 0x34AD, 0xEE13, 0xEE13, 0xEE13, 0xEE13, 0xEE13, 0xEE13, 0xEE13, 0xEE13, 0xEE13, 0xEE13, 
0xEE13, 0xEE13, 0xEE13, 0xEE13, 0xEE13, 0xEE13, 0xEE13, 0xEE13, 0xEE13, 0xEE13, 0xEE13, 0xEE13, 
0xEE13, 0xEE13, 0xEE13, 0xEE13, 0xEE13, 0xEE13, 0xEE13, 0xEE13, 0xEE13, 0xEE13, 0xEE13, 0xEE13, 
0x34AD, 0x34AD, 0x34AD, 0x34AD, 0x34AD, 0x34AD, 0x34AD, 0x34AD, 0x34AD, 0x34AD, 0x34AD, 0x34AD, 
0x34AD, 0x34AD, 0x34AD, 0x34AD, 0x34AD, 0x34AD, 0x34AD, 0x34AD, 0x34AD, 0x34AD, 0x34AD, 0x34AD, 
0x34AD, 0x34AD, 0x34AD, 0x34AD, 0x34AD, 0x34AD, 0x34AD, 0x34AD, 0x34AD, 0x34AD, 0x34AD, 0x34AD, 
0x34AD, 0x34AD, 0x34AD, 0x34AD, 0x34AD, 0x34AD, 0x34AD, 0x34AD, 0x34AD, 0x34AD, 0x34AD, 0x34AD, 
0x34AD, 0x34AD, 0x34AD, 0x34AD, 0x34AD, 0x34AD, 0x34AD, 0x34AD, 0x34AD, 0x34AD, 0x34AD, 0x34AD, 
0x34AD, 0x34AD, 0x34AD, 0x34AD, 0x34AD, 0x34AD, 0x34AD, 0x34AD, 0x34AD, 0x34AD, 0x34AD, 0x34AD, 
0x34AD, 0x34AD, 0x34AD, 0x34AD, 0x34AD, 0x34AD, 0x34AD, 0x34AD, 0x34AD, 0x34AD, 0x34AD, 0x34AD, 
0x34AD, 0x34AD, 0x34AD, 0x34AD, 0x34AD, 0x34AD, 0x34AD, 0x34AD, 0x34AD, 0x34AD, 0xEE13, 0xEE13, 
0xEE13, 0xEE13, 0xEE13, 0xEE13, 0xEE13, 0xEE13, 0xEE13, 0xEE13, 0xEE13, 0xEE13, 0xEE13, 0xEE13, 
0xEE13, 0xEE13, 0xEE13, 0xEE13, 0xEE13, 0xEE13, 0xEE13, 0xEE13, 0xEE13, 0xEE13, 0xEE13, 0xEE13, 
0xEE13, 0xEE13, 0xEE13, 0xEE13, 0xEE13, 0xEE13, 0xEE13, 0xEE13, 0x34AD, 0x34AD, 0x34AD, 0x34AD, 
0x34AD, 0x34AD, 0x34AD, 0x34AD, 0x34AD, 0x34AD, 0x34AD, 0x34AD, 0x34AD, 0x34AD, 0x34AD, 0x34AD, 
0x34AD, 0x34AD, 0x34AD, 0x34AD, 0x34AD, 0x34AD, 0x34AD, 0x34AD, 0x34AD, 0x34AD, 0x34AD, 0x34AD, 
0x34AD, 0x34AD, 0x34AD, 0x34AD, 0x34AD, 0x34AD, 0x34AD, 0x34AD, 0x34AD, 0x34AD, 0x34AD, 0x34AD, 
0x34AD, 0x34AD, 0x34AD, 0x34AD, 0x34AD, 0x34AD, 0x34AD, 0x34AD, 0x34AD, 0x34AD, 0x34AD, 0x34AD, 
0x34AD, 0x34AD, 0x34AD, 0x34AD, 0x34AD, 0x34AD, 0x34AD, 0x34AD, 0x34AD, 0x34AD, 0x34AD, 0x34AD, 
0x34AD, 0x34AD, 0x34AD, 0x34AD, 0x34AD, 0x34AD, 0x34AD, 0x34AD, 0x34AD, 0x34AD, 0x34AD, 0x34AD, 
0x34AD, 0x34AD, 0x34AD, 0x34AD, 0x34AD, 0x34AD, 0x34AD, 0x34AD, 0x34AD, 0x34AD, 0x34AD, 0x34AD, 
0x34AD, 0x34AD, 0x34AD, 0x34AD, 0xEE13, 0xEE13, 0xEE13, 0xEE13, 0xEE13, 0xEE13, 0xEE13, 0xEE13, 
0xEE13, 0xEE13, 0xEE13, 0xEE13, 0xEE13, 0xEE13, 0xEE13, 0xEE13, 0xEE13, 0xEE13, 0xEE13, 0xEE13, 
0xEE13, 0xEE13, 0xEE13, 0xEE13, 0xEE13, 0xEE13, 0xEE13, 0xEE13, 0xEE13, 0xEE13, 0xEE13, 0xEE13, 
0xEE13, 0xEE13, 0xEE13, 0xEE13, 0x34AD, 0x34AD, 0x34AD, 0x34AD, 0x34AD, 0x34AD, 0x34AD, 0x34AD, 
0x34AD, 0x34AD, 0x34AD, 0x34AD, 0x34AD, 0x34AD, 0x34AD, 0x34AD, 0x34AD, 0x34AD, 0x34AD, 0x34AD, 
0x34AD, 0x34AD, 0x34AD, 0x34AD, 0x34AD, 0x34AD, 0x34AD, 0x34AD, 0x34AD, 0x34AD, 0x34AD, 0x34AD, 
0x34AD, 0x34AD, 0x34AD, 0x34AD, 0x34AD, 0x34AD, 0x34AD, 0x34AD, 0x34AD, 0x34AD, 0x34AD, 0x34AD, 
0x34AD, 0x34AD, 0x34AD, 0x34AD, 0x34AD, 0x34AD, 0x34AD, 0x34AD, 0x34AD, 0x34AD, 0x34AD, 0x34AD, 
0x34AD, 0x34AD, 0x34AD, 0x34AD, 0x34AD, 0x34AD, 0x34AD, 0x34AD, 0x34AD, 0x34AD, 0x34AD, 0x34AD, 
0x34AD, 0x34AD, 0x34AD, 0x34AD, 0x34AD, 0x34AD, 0x34AD, 0x34AD, 0x34AD, 0x34AD, 0x34AD, 0x34AD, 
0x34AD, 0x34AD, 0x34AD, 0x34AD, 0x34AD, 0x34AD, 0x34AD, 0x34AD, 0x34AD, 0x34AD, 0x34AD, 0x34AD, 
0xEE13, 0xEE13, 0xEE13, 0xEE13, 0xEE13, 0xEE13, 0xEE13, 0xEE13, 0xEE13, 0xEE13, 0xEE13, 0xEE13, 
0xEE13, 0xEE13, 0xEE13, 0xEE13, 0xEE13, 0xEE13, 0xEE13, 0xEE13, 0xEE13, 0xEE13, 0xEE13, 0xEE13, 
0xEE13, 0xEE13, 0xEE13, 0xEE13, 0xEE13, 0xEE13, 0xEE13, 0xEE13, 0xEE13, 0xEE13, 0xEE13, 0xEE13, 
0x34AD, 0x34AD, 0x34AD, 0x34AD, 0x34AD, 0x34AD, 0x34AD, 0x34AD, 0x34AD, 0x34AD, 0x34AD, 0x34AD, 
0x34AD, 0x34AD, 0x34AD, 0x34AD, 0x34AD, 0x34AD, 0x34AD, 0x34AD, 0x34AD, 0x34AD, 0x34AD, 0x34AD, 
0x34AD, 0x34AD, 0x34AD, 0x34AD, 0x34AD, 0x34AD, 0x34AD, 0x34AD, 0x34AD, 0x34AD, 0x34AD, 0x34AD, 
0x34AD, 0x34AD, 0x34AD, 0x34AD, 0x34AD, 0x34AD, 0x34AD, 0x34AD, 0x34AD, 0x34AD, 0x34AD, 0x34AD, 
0x34AD, 0x34AD, 0x34AD, 0x34AD, 0x34AD, 0x34AD, 0x34AD, 0x34AD, 0x34AD, 0x34AD, 0x34AD, 0x34AD, 
0x34AD, 0x34AD, 0x34AD, 0x34AD, 0x34AD, 0x34AD, 0x34AD, 0x34AD, 0x34AD, 0x34AD, 0x34AD, 0x34AD, 
0x34AD, 0x34AD, 0x34AD, 0x34AD, 0x34AD, 0x34AD, 0x34AD, 0x34AD, 0x34AD, 0x34AD, 0x34AD, 0x34AD, 
0x34AD, 0x34AD, 0x34AD, 0x34AD, 0x34AD, 0x34AD, 0x34AD, 0x34AD, 0xEE13, 0xEE13, 0xEE13, 0xEE13, 
0xEE13, 0xEE13, 0xEE13, 0xEE13, 0xEE13, 0xEE13, 0xEE13, 0xEE13, 0xEE13, 0xEE13, 0xEE13, 0xEE13, 
0xEE13, 0xEE13, 0xEE13, 0xEE13, 0xEE13, 0xEE13, 0xEE13, 0xEE13, 0xEE13, 0xEE13, 0xEE13, 0xEE13, 
0xEE13, 0xEE13, 0xEE13, 0xEE13, 0xEE13, 0xEE13, 0xEE13, 0xEE13, 0x34AD, 0x34AD, 0x34AD, 0x34AD, 
0x34AD, 0x34AD, 0x34AD, 0x34AD, 0x34AD, 0x34AD, 0x34AD, 0x34AD, 0x34AD, 0x34AD, 0x34AD, 0x34AD, 
0x34AD, 0x34AD, 0x34AD, 0x34AD, 0x34AD, 0x34AD, 0x34AD, 0x34AD, 0x34AD, 0x34AD, 0x34AD, 0x34AD, 
0x34AD, 0x34AD, 0x34AD, 0x34AD, 0x34AD, 0x34AD, 0x34AD, 0x34AD, 0x34AD, 0x34AD, 0x34AD, 0x34AD, 
0x34AD, 0x34AD, 0x34AD, 0x34AD, 0x34AD, 0x34AD, 0x34AD, 0x34AD, 0x34AD, 0x34AD, 0x34AD, 0x34AD, 
0x34AD, 0x34AD, 0x34AD, 0x34AD, 0x34AD, 0x34AD, 0x34AD, 0x34AD, 0x34AD, 0x34AD, 0x34AD, 0x34AD, 
0x34AD, 0x34AD, 0x34AD, 0x34AD, 0x34AD, 0x34AD, 0x34AD, 0x34AD, 0x34AD, 0x34AD, 0x34AD, 0x34AD, 
0x34AD, 0x34AD, 0x34AD, 0x34AD, 0x34AD, 0x34AD, 0x34AD, 0x34AD, 0x34AD, 0x34AD, 0x34AD, 0x34AD, 
0x34AD, 0x34AD, 0x34AD, 0x34AD, 0xEE13, 0xEE13, 0xEE13, 0xEE13, 0xEE13, 0xEE13, 0xEE13, 0xEE13, 
0xEE13, 0xEE13, 0xEE13, 0xEE13, 0xEE13, 0xEE13, 0xEE13, 0xEE13, 0xEE13, 0xEE13, 0xEE13, 0xEE13, 
0xEE13, 0xEE13, 0xEE13, 0xEE13, 0xEE13, 0xEE13, 0xEE13, 0xEE13, 0xEE13, 0xEE13, 0xEE13, 0xEE13, 
0xEE13, 0xEE13, 0xEE13, 0xEE13, 
};
