#include "assets.h"

const uint16_t execute_img_0[16384] = {
0x31E7, 0x31E7, 0x31E7, 0x31E7, 0x31E7, 0x31E7, 0x31E7, 0x31E7, 0x31E7, 0x31E7, 0x31E7, 0x31E7, 
0x31E7, 0x31E7, 0x31E7, 0x31E7, 0x31E7, 0x31E7, 0x8447, 0x8447, 0x31E7, 0x31E7, 0x31E7, 0x31E7, 
0x31E7, 0x31E7, 0x31E7, 0x31E7, 0x31E7, 0x31E7, 0x31E7, 0x31E7, 0x31E7, 0x31E7, 0x31E7, 0x31E7, 
0x31E7, 0x31E7, 0x31E7, 0x31E7, 0x31E7, 0x31E7, 0x31E7, 0x31E7, 0x31E7, 0x31E7, 0x31E7, 0x31E7, 
0x31E7, 0x31E7, 0x31E7, 0x31E7, 0x31E7, 0x31E7, 0x31E7, 0x31E7, 0x31E7, 0x31E7, 0x31E7, 0x31E7, 
0x31E7, 0x31E7, 0x31E7, 0x31E7, 0x31E7, 0x31E7, 0x31E7, 0x31E7, 0x31E7, 0x31E7, 0x31E7, 0x31E7, 
0x31E7, 0x31E7, 0x31E7, 0x31E7, 0x31E7, 0x31E7, 0x31E7, 0x31E7, 0x31E7, 0x31E7, 0x8447, 0x8447, 
0x31E7, 0x31E7, 0x31E7, 0x31E7, 0x31E7, 0x31E7, 0x31E7, 0x31E7, 0x31E7, 0x31E7, 0x31E7, 0x31E7, 
0x31E7, 0x31E7, 0x31E7, 0x31E7, 0x31E7, 0x31E7, 0x31E7, 0x31E7, 0x31E7, 0x31E7, 0x31E7, 0x31E7, 
0x31E7, 0x31E7, 0x31E7, 0x31E7, 0x31E7, 0x31E7, 0x31E7, 0x31E7, 0x31E7, 0x31E7, 0x31E7, 0x31E7, 
0x31E7, 0x31E7, 0x31E7, 0x31E7, 0x31E7, 0x31E7, 0x31E7, 0x31E7, 0x31E7, 0x31E7, 0x31E7, 0x31E7, 
0x31E7, 0x31E7, 0x31E7, 0x31E7, 0x31E7, 0x31E7, 0x31E7, 0x31E7, 0x31E7, 0x31E7, 0x31E7, 0x31E7, 
0x31E7, 0x31E7, 0x8447, 0x8447, 0x31E7, 0x31E7, 0x31E7, 0x31E7, 0x31E7, 0x31E7, 0x31E7, 0x31E7, 
0x31E7, 0x31E7, 0x31E7, 0x31E7, 0x31E7, 0x31E7, 0x31E7, 0x31E7, 0x31E7, 0x31E7, 0x31E7, 0x31E7, 
0x31E7, 0x31E7, 0x31E7, 0x31E7, 0x31E7, 0x31E7, 0x31E7, 0x31E7, 0x31E7, 0x31E7, 0x31E7, 0x31E7, 
0x31E7, 0x31E7, 0x31E7, 0x31E7, 0x31E7, 0x31E7, 0x31E7, 0x31E7, 0x31E7, 0x31E7, 0x31E7, 0x31E7, 
0x31E7, 0x31E7, 0x31E7, 0x31E7, 0x31E7, 0x31E7, 0x31E7, 0x31E7, 0x31E7, 0x31E7, 0x31E7, 0x31E7, 
0x31E7, 0x31E7, 0x31E7, 0x31E7, 0x31E7, 0x31E7, 0x8447, 0x8447, 0x31E7, 0x31E7, 0x31E7, 0x31E7, 
0x31E7, 0x31E7, 0x31E7, 0x31E7, 0x31E7, 0x31E7, 0x31E7, 0x31E7, 0x31E7, 0x31E7, 0x31E7, 0x31E7, 
0x31E7, 0x31E7, 0x31E7, 0x31E7, 0x31E7, 0x31E7, 0x31E7, 0x31E7, 0x31E7, 0x31E7, 0x31E7, 0x31E7, 
0x31E7, 0x31E7, 0x31E7, 0x31E7, 0x31E7, 0x31E7, 0x31E7, 0x31E7, 0x31E7, 0x31E7, 0x31E7, 0x31E7, 
0x31E7, 0x31E7, 0x31E7, 0x31E7, 0x31E7, 0x31E7, 0x31E7, 0x31E7, 0x31E7, 0x31E7, 0x31E7, 0x31E7, 
0x31E7, 0x31E7, 0x31E7, 0x31E7, 0x31E7, 0x31E7, 0x31E7, 0x31E7, 0x8447, 0x8447, 0x31E7, 0x31E7, 
0x31E7, 0x31E7, 0x31E7, 0x31E7, 0x31E7, 0x31E7, 0x31E7, 0x31E7, 0x31E7, 0x31E7, 0x31E7, 0x31E7, 
0x31E7, 0x31E7, 0x31E7, 0x31E7, 0x31E7, 0x31E7, 0x31E7, 0x31E7, 0x31E7, 0x31E7, 0x31E7, 0x31E7, 
0x31E7, 0x31E7, 0x31E7, 0x31E7, 0x31E7, 0x31E7, 0x31E7, 0x31E7, 0x31E7, 0x31E7, 0x31E7, 0x31E7, 
0x31E7, 0x31E7, 0x31E7, 0x31E7, 0x31E7, 0x31E7, 0x31E7, 0x31E7, 0x31E7, 0x31E7, 0x31E7, 0x31E7, 
0x31E7, 0x31E7, 0x31E7, 0x31E7, 0x31E7, 0x31E7, 0x31E7, 0x31E7, 0x31E7, 0x31E7, 0x31E7, 0x31E7, 
0x8447, 0x8447, 0x31E7, 0x31E7, 0x31E7, 0x31E7, 0x31E7, 0x31E7, 0x31E7, 0x31E7, 0x31E7, 0x31E7, 
0x31E7, 0x31E7, 0x31E7, 0x31E7, 0x31E7, 0x31E7, 0x31E7, 0x31E7, 0x31E7, 0x31E7, 0x31E7, 0x31E7, 
0x31E7, 0x31E7, 0x31E7, 0x31E7, 0x31E7, 0x31E7, 0x31E7, 0x31E7, 0x31E7, 0x31E7, 0x31E7, 0x31E7, 
0x31E7, 0x31E7, 0x31E7, 0x31E7, 0x31E7, 0x31E7, 0x31E7, 0x31E7, 0x31E7, 0x31E7, 0x31E7, 0x31E7, 
0x31E7, 0x31E7, 0x31E7, 0x31E7, 0x31E7, 0x31E7, 0x31E7, 0x31E7, 0x31E7, 0x31E7, 0x31E7, 0x31E7, 
0x31E7, 0x31E7, 0x31E7, 0x31E7, 0x8447, 0x8447, 0x31E7, 0x31E7, 0x31E7, 0x31E7, 0x31E7, 0x31E7, 
0x31E7, 0x31E7, 0x31E7, 0x31E7, 0x31E7, 0x31E7, 0x31E7, 0x31E7, 0x31E7, 0x31E7, 0x31E7, 0x31E7, 
0x31E7, 0x31E7, 0x31E7, 0x31E7, 0x31E7, 0x31E7, 0x31E7, 0x31E7, 0x31E7, 0x31E7, 0x31E7, 0x31E7, 
0x31E7, 0x31E7, 0x31E7, 0x31E7, 0x31E7, 0x31E7, 0x31E7, 0x31E7, 0x31E7, 0x31E7, 0x31E7, 0x31E7, 
0x31E7, 0x31E7, 0x31E7, 0x31E7, 0x31E7, 0x31E7, 0x31E7, 0x31E7, 0x31E7, 0x31E7, 0x31E7, 0x31E7, 
0x31E7, 0x31E7, 0x31E7, 0x31E7, 0x31E7, 0x31E7, 0x31E7, 0x31E7, 0x8447, 0x8447, 0x31E7, 0x31E7, 
0x31E7, 0x31E7, 0x31E7, 0x31E7, 0x31E7, 0x31E7, 0x31E7, 0x31E7, 0x31E7, 0x31E7, 0x31E7, 0x31E7, 
0x31E7, 0x31E7, 0x31E7, 0x31E7, 0x31E7, 0x31E7, 0x31E7, 0x31E7, 0x31E7, 0x31E7, 0x31E7, 0x31E7, 
0x31E7, 0x31E7, 0x31E7, 0x31E7, 0x31E7, 0x31E7, 0x31E7, 0x31E7, 0x31E7, 0x31E7, 0x31E7, 0x31E7, 
0x31E7, 0x31E7, 0x31E7, 0x31E7, 0x31E7, 0x31E7, 0x31E7, 0x31E7, 0x31E7, 0x31E7, 0x31E7, 0x31E7, 
0x31E7, 0x31E7, 0x31E7, 0x31E7, 0x31E7, 0x31E7, 0x31E7, 0x31E7, 0x31E7, 0x31E7, 0x8447, 0x8447, 
0x31E7, 0x31E7, 0x31E7, 0x31E7, 0x31E7, 0x31E7, 0x31E7, 0x31E7, 0x31E7, 0x31E7, 0x31E7, 0x31E7, 
0x31E7, 0x31E7, 0x31E7, 0x31E7, 0x31E7, 0x31E7, 0x31E7, 0x31E7, 0x31E7, 0x31E7, 0x31E7, 0x31E7, 
0x31E7, 0x31E7, 0x31E7, 0x31E7, 0x31E7, 0x31E7, 0x31E7, 0x31E7, 0x31E7, 0x31E7, 0x31E7, 0x31E7, 
0x31E7, 0x31E7, 0x31E7, 0x31E7, 0x31E7, 0x31E7, 0x31E7, 0x31E7, 0x31E7, 0x31E7, 0x31E7, 0x31E7, 
0x31E7, 0x31E7, 0x31E7, 0x31E7, 0x31E7, 0x31E7, 0x31E7, 0x31E7, 0x31E7, 0x31E7, 0x31E7, 0x31E7, 
0x31E7, 0x31E7, 0x8447, 0x8447, 0x8447, 0x8447, 0x31E7, 0x31E7, 0x31E7, 0x31E7, 0x31E7, 0x31E7, 
0x31E7, 0x31E7, 0x31E7, 0x31E7, 0x31E7, 0x31E7, 0x31E7, 0x31E7, 0x31E7, 0x31E7, 0x31E7, 0x31E7, 
0x31E7, 0x31E7, 0x31E7, 0x31E7, 0x31E7, 0x31E7, 0x31E7, 0x31E7, 0x31E7, 0x31E7, 0x31E7, 0x31E7, 
0x31E7, 0x31E7, 0x31E7, 0x31E7, 0x31E7, 0x31E7, 0x31E7, 0x31E7, 0x31E7, 0x31E7, 0x31E7, 0x31E7, 
0x31E7, 0x31E7, 0x31E7, 0x31E7, 0x31E7, 0x31E7, 0x31E7, 0x31E7, 0x31E7, 0x31E7, 0x31E7, 0x31E7, 
0x31E7, 0x31E7, 0x31E7, 0x31E7, 0x31E7, 0x31E7, 0x8447, 0x8447, 0x31E7, 0x31E7, 0x31E7, 0x31E7, 
0x31E7, 0x31E7, 0x31E7, 0x31E7, 0x31E7, 0x31E7, 0x31E7, 0x31E7, 0x31E7, 0x31E7, 0x31E7, 0x31E7, 
0x31E7, 0x31E7, 0x31E7, 0x31E7, 0x31E7, 0x31E7, 0x31E7, 0x31E7, 0x31E7, 0x31E7, 0x31E7, 0x31E7, 
0x31E7, 0x31E7, 0x31E7, 0x31E7, 0x31E7, 0x31E7, 0x31E7, 0x31E7, 0x31E7, 0x31E7, 0x31E7, 0x31E7, 
0x31E7, 0x31E7, 0x31E7, 0x31E7, 0x31E7, 0x31E7, 0x31E7, 0x31E7, 0x31E7, 0x31E7, 0x31E7, 0x31E7, 
0x31E7, 0x31E7, 0x31E7, 0x31E7, 0x31E7, 0x31E7, 0x31E7, 0x31E7, 0x31E7, 0x31E7, 0x8447, 0x8447, 
0x8447, 0x8447, 0x31E7, 0x31E7, 0x31E7, 0x31E7, 0x31E7, 0x31E7, 0x31E7, 0x31E7, 0x31E7, 0x31E7, 
0x31E7, 0x31E7, 0x31E7, 0x31E7, 0x31E7, 0x31E7, 0x31E7, 0x31E7, 0x31E7, 0x31E7, 0x31E7, 0x31E7, 
0x31E7, 0x31E7, 0x31E7, 0x31E7, 0x31E7, 0x31E7, 0x31E7, 0x31E7, 0x31E7, 0x31E7, 0x31E7, 0x31E7, 
0x31E7, 0x31E7, 0x31E7, 0x31E7, 0x31E7, 0x31E7, 0x31E7, 0x31E7, 0x31E7, 0x31E7, 0x31E7, 0x31E7, 
0x31E7, 0x31E7, 0x31E7, 0x31E7, 0x31E7, 0x31E7, 0x31E7, 0x31E7, 0x31E7, 0x31E7, 0x8447, 0x8447, 
0x8447, 0x8447, 0x31E7, 0x31E7, 0x31E7, 0x31E7, 0x31E7, 0x31E7, 0x31E7, 0x31E7, 0x31E7, 0x31E7, 
0x31E7, 0x31E7, 0x31E7, 0x31E7, 0x31E7, 0x31E7, 0x31E7, 0x31E7, 0x31E7, 0x31E7, 0x31E7, 0x31E7, 
0x31E7, 0x31E7, 0x31E7, 0x31E7, 0x31E7, 0x31E7, 0x31E7, 0x31E7, 0x31E7, 0x31E7, 0x31E7, 0x31E7, 
0x31E7, 0x31E7, 0x31E7, 0x31E7, 0x31E7, 0x31E7, 0x31E7, 0x31E7, 0x31E7, 0x31E7, 0x31E7, 0x31E7, 
0x31E7, 0x31E7, 0x31E7, 0x31E7, 0x31E7, 0x31E7, 0x31E7, 0x31E7, 0x31E7, 0x31E7, 0x31E7, 0x31E7, 
0x31E7, 0x31E7, 0x31E7, 0x31E7, 0x8447, 0x8447, 0x31E7, 0x31E7, 0x31E7, 0x31E7, 0x8447, 0x8447, 
0x8447, 0x8447, 0x31E7, 0x31E7, 0x31E7, 0x31E7, 0x31E7, 0x31E7, 0x31E7, 0x31E7, 0x31E7, 0x31E7, 
0x31E7, 0x31E7, 0x31E7, 0x31E7, 0x31E7, 0x31E7, 0x31E7, 0x31E7, 0x31E7, 0x31E7, 0x31E7, 0x31E7, 
0x31E7, 0x31E7, 0x31E7, 0x31E7, 0x31E7, 0x31E7, 0x31E7, 0x31E7, 0x31E7, 0x31E7, 0x31E7, 0x31E7, 
0x31E7, 0x31E7, 0x31E7, 0x31E7, 0x31E7, 0x31E7, 0x31E7, 0x31E7, 0x31E7, 0x31E7, 0x31E7, 0x31E7, 
0x31E7, 0x31E7, 0x31E7, 0x31E7, 0x31E7, 0x31E7, 0x8447, 0x8447, 0x8447, 0x8447, 0x31E7, 0x31E7, 
0x31E7, 0x31E7, 0x31E7, 0x31E7, 0x31E7, 0x31E7, 0x31E7, 0x31E7, 0x31E7, 0x31E7, 0x31E7, 0x31E7, 
0x31E7, 0x31E7, 0x31E7, 0x31E7, 0x31E7, 0x31E7, 0x31E7, 0x31E7, 0x31E7, 0x31E7, 0x31E7, 0x31E7, 
0x31E7, 0x31E7, 0x31E7, 0x31E7, 0x31E7, 0x31E7, 0x31E7, 0x31E7, 0x31E7, 0x31E7, 0x31E7, 0x31E7, 
0x31E7, 0x31E7, 0x31E7, 0x31E7, 0x31E7, 0x31E7, 0x31E7, 0x31E7, 0x31E7, 0x31E7, 0x31E7, 0x31E7, 
0x31E7, 0x31E7, 0x31E7, 0x31E7, 0x31E7, 0x31E7, 0x31E7, 0x31E7, 0x31E7, 0x31E7, 0x31E7, 0x31E7, 
0x8447, 0x8447, 0x31E7, 0x31E7, 0x31E7, 0x31E7, 0x8447, 0x8447, 0x8447, 0x8447, 0x31E7, 0x31E7, 
0x31E7, 0x31E7, 0x31E7, 0x31E7, 0x31E7, 0x31E7, 0x31E7, 0x31E7, 0x31E7, 0x31E7, 0x31E7, 0x31E7, 
0x31E7, 0x31E7, 0x31E7, 0x31E7, 0x31E7, 0x31E7, 0x31E7, 0x31E7, 0x31E7, 0x31E7, 0x31E7, 0x31E7, 
0x31E7, 0x31E7, 0x31E7, 0x31E7, 0x31E7, 0x31E7, 0x31E7, 0x31E7, 0x31E7, 0x31E7, 0x31E7, 0x31E7, 
0x31E7, 0x31E7, 0x31E7, 0x31E7, 0x31E7, 0x31E7, 0x31E7, 0x31E7, 0x31E7, 0x31E7, 0x31E7, 0x31E7, 
0x31E7, 0x31E7, 0x8447, 0x8447, 0x31E7, 0x31E7, 0x31E7, 0x31E7, 0x31E7, 0x31E7, 0x31E7, 0x31E7, 
0x31E7, 0x31E7, 0x31E7, 0x31E7, 0x31E7, 0x31E7, 0x31E7, 0x31E7, 0x31E7, 0x31E7, 0x31E7, 0x31E7, 
0x31E7, 0x31E7, 0x31E7, 0x31E7, 0x31E7, 0x31E7, 0x31E7, 0x31E7, 0x31E7, 0x31E7, 0x31E7, 0x31E7, 
0x31E7, 0x31E7, 0x31E7, 0x31E7, 0x31E7, 0x31E7, 0x31E7, 0x31E7, 0x31E7, 0x31E7, 0x31E7, 0x31E7, 
0x31E7, 0x31E7, 0x31E7, 0x31E7, 0x31E7, 0x31E7, 0x31E7, 0x31E7, 0x31E7, 0x31E7, 0x31E7, 0x31E7, 
0x31E7, 0x31E7, 0x31E7, 0x31E7, 0x31E7, 0x31E7, 0x31E7, 0x31E7, 0x8447, 0x8447, 0x31E7, 0x31E7, 
0x31E7, 0x31E7, 0x31E7, 0x31E7, 0x8447, 0x8447, 0x8447, 0x8447, 0x31E7, 0x31E7, 0x31E7, 0x31E7, 
0x31E7, 0x31E7, 0x31E7, 0x31E7, 0x31E7, 0x31E7, 0x31E7, 0x31E7, 0x31E7, 0x31E7, 0x31E7, 0x31E7, 
0x31E7, 0x31E7, 0x31E7, 0x31E7, 0x31E7, 0x31E7, 0x31E7, 0x31E7, 0x31E7, 0x31E7, 0x31E7, 0x31E7, 
0x31E7, 0x31E7, 0x31E7, 0x31E7, 0x31E7, 0x31E7, 0x31E7, 0x31E7, 0x31E7, 0x31E7, 0x31E7, 0x31E7, 
0x31E7, 0x31E7, 0x31E7, 0x31E7, 0x31E7, 0x31E7, 0x31E7, 0x31E7, 0x31E7, 0x31E7, 0x8447, 0x8447, 
0x31E7, 0x31E7, 0x31E7, 0x31E7, 0x31E7, 0x31E7, 0x31E7, 0x31E7, 0x31E7, 0x31E7, 0x31E7, 0x31E7, 
0x31E7, 0x31E7, 0x31E7, 0x31E7, 0x31E7, 0x31E7, 0x31E7, 0x31E7, 0x31E7, 0x31E7, 0x31E7, 0x31E7, 
0x31E7, 0x31E7, 0x31E7, 0x31E7, 0x31E7, 0x31E7, 0x31E7, 0x31E7, 0x31E7, 0x31E7, 0x31E7, 0x31E7, 
0x31E7, 0x31E7, 0x31E7, 0x31E7, 0x31E7, 0x31E7, 0x31E7, 0x31E7, 0x31E7, 0x31E7, 0x31E7, 0x31E7, 
0x31E7, 0x31E7, 0x31E7, 0x31E7, 0x31E7, 0x31E7, 0x31E7, 0x31E7, 0x31E7, 0x31E7, 0x31E7, 0x31E7, 
0x31E7, 0x31E7, 0x31E7, 0x31E7, 0x8447, 0x8447, 0x31E7, 0x31E7, 0x31E7, 0x31E7, 0x31E7, 0x31E7, 
0x8447, 0x8447, 0x8447, 0x8447, 0x31E7, 0x31E7, 0x31E7, 0x31E7, 0x31E7, 0x31E7, 0x31E7, 0x31E7, 
0x31E7, 0x31E7, 0x31E7, 0x31E7, 0x31E7, 0x31E7, 0x31E7, 0x31E7, 0x31E7, 0x31E7, 0x31E7, 0x31E7, 
0x31E7, 0x31E7, 0x31E7, 0x31E7, 0x31E7, 0x31E7, 0x31E7, 0x31E7, 0x31E7, 0x31E7, 0x31E7, 0x31E7, 
0x31E7, 0x31E7, 0x31E7, 0x31E7, 0x31E7, 0x31E7, 0x31E7, 0x31E7, 0x31E7, 0x31E7, 0x31E7, 0x31E7, 
0x31E7, 0x31E7, 0x31E7, 0x31E7, 0x8447, 0x8447, 0x8447, 0x8447, 0x8447, 0x8447, 0x31E7, 0x31E7, 
0x31E7, 0x31E7, 0x31E7, 0x31E7, 0x31E7, 0x31E7, 0x31E7, 0x31E7, 0x31E7, 0x31E7, 0x31E7, 0x31E7, 
0x31E7, 0x31E7, 0x31E7, 0x31E7, 0x31E7, 0x31E7, 0x31E7, 0x31E7, 0x31E7, 0x31E7, 0x31E7, 0x31E7, 
0x31E7, 0x31E7, 0x31E7, 0x31E7, 0x31E7, 0x31E7, 0x31E7, 0x31E7, 0x31E7, 0x31E7, 0x31E7, 0x31E7, 
0x31E7, 0x31E7, 0x31E7, 0x31E7, 0x31E7, 0x31E7, 0x31E7, 0x31E7, 0x31E7, 0x31E7, 0x31E7, 0x31E7, 
0x31E7, 0x31E7, 0x31E7, 0x31E7, 0x31E7, 0x31E7, 0x31E7, 0x31E7, 0x31E7, 0x31E7, 0x8447, 0x8447, 
0x31E7, 0x31E7, 0x31E7, 0x31E7, 0x31E7, 0x31E7, 0x31E7, 0x31E7, 0x8447, 0x8447, 0x31E7, 0x31E7, 
0x31E7, 0x31E7, 0x31E7, 0x31E7, 0x31E7, 0x31E7, 0x31E7, 0x31E7, 0x31E7, 0x31E7, 0x31E7, 0x31E7, 
0x31E7, 0x31E7, 0x31E7, 0x31E7, 0x31E7, 0x31E7, 0x31E7, 0x31E7, 0x31E7, 0x31E7, 0x31E7, 0x31E7, 
0x31E7, 0x31E7, 0x31E7, 0x31E7, 0x31E7, 0x31E7, 0x31E7, 0x31E7, 0x31E7, 0x31E7, 0x31E7, 0x31E7, 
0x31E7, 0x31E7, 0x31E7, 0x31E7, 0x31E7, 0x31E7, 0x31E7, 0x31E7, 0x31E7, 0x31E7, 0x31E7, 0x31E7, 
0x8447, 0x8447, 0x8447, 0x8447, 0x8447, 0x8447, 0x31E7, 0x31E7, 0x31E7, 0x31E7, 0x31E7, 0x31E7, 
0x31E7, 0x31E7, 0x31E7, 0x31E7, 0x31E7, 0x31E7, 0x31E7, 0x31E7, 0x31E7, 0x31E7, 0x31E7, 0x31E7, 
0x31E7, 0x31E7, 0x31E7, 0x31E7, 0x31E7, 0x31E7, 0x31E7, 0x31E7, 0x31E7, 0x31E7, 0x31E7, 0x31E7, 
0x31E7, 0x31E7, 0x31E7, 0x31E7, 0x31E7, 0x31E7, 0x31E7, 0x31E7, 0x31E7, 0x31E7, 0x31E7, 0x31E7, 
0x31E7, 0x31E7, 0x31E7, 0x31E7, 0x31E7, 0x31E7, 0x31E7, 0x31E7, 0x31E7, 0x31E7, 0x31E7, 0x31E7, 
0x31E7, 0x31E7, 0x31E7, 0x31E7, 0x31E7, 0x31E7, 0x8447, 0x8447, 0x31E7, 0x31E7, 0x31E7, 0x31E7, 
0x31E7, 0x31E7, 0x31E7, 0x31E7, 0x8447, 0x8447, 0x31E7, 0x31E7, 0x31E7, 0x31E7, 0x31E7, 0x31E7, 
0x31E7, 0x31E7, 0x31E7, 0x31E7, 0x31E7, 0x31E7, 0x31E7, 0x31E7, 0x31E7, 0x31E7, 0x31E7, 0x31E7, 
0x31E7, 0x31E7, 0x31E7, 0x31E7, 0x31E7, 0x31E7, 0x31E7, 0x31E7, 0x31E7, 0x31E7, 0x31E7, 0x31E7, 
0x31E7, 0x31E7, 0x31E7, 0x31E7, 0x31E7, 0x31E7, 0x31E7, 0x31E7, 0x31E7, 0x31E7, 0x31E7, 0x31E7, 
0x31E7, 0x31E7, 0x31E7, 0x31E7, 0x31E7, 0x31E7, 0x8447, 0x8447, 0x8447, 0x8447, 0x31E7, 0x31E7, 
0x8447, 0x8447, 0x8447, 0x8447, 0x31E7, 0x31E7, 0x31E7, 0x31E7, 0x31E7, 0x31E7, 0x31E7, 0x31E7, 
0x31E7, 0x31E7, 0x31E7, 0x31E7, 0x31E7, 0x31E7, 0x31E7, 0x31E7, 0x31E7, 0x31E7, 0x31E7, 0x31E7, 
0x31E7, 0x31E7, 0x31E7, 0x31E7, 0x31E7, 0x31E7, 0x31E7, 0x31E7, 0x31E7, 0x31E7, 0x31E7, 0x31E7, 
0x31E7, 0x31E7, 0x31E7, 0x31E7, 0x31E7, 0x31E7, 0x31E7, 0x31E7, 0x31E7, 0x31E7, 0x31E7, 0x31E7, 
0x31E7, 0x31E7, 0x31E7, 0x31E7, 0x31E7, 0x31E7, 0x31E7, 0x31E7, 0x31E7, 0x31E7, 0x31E7, 0x31E7, 
0x31E7, 0x31E7, 0x8447, 0x8447, 0x8447, 0x8447, 0x31E7, 0x31E7, 0x31E7, 0x31E7, 0x31E7, 0x31E7, 
0x31E7, 0x31E7, 0x31E7, 0x31E7, 0x31E7, 0x31E7, 0x31E7, 0x31E7, 0x31E7, 0x31E7, 0x31E7, 0x31E7, 
0x31E7, 0x31E7, 0x31E7, 0x31E7, 0x31E7, 0x31E7, 0x31E7, 0x31E7, 0x31E7, 0x31E7, 0x31E7, 0x31E7, 
0x31E7, 0x31E7, 0x31E7, 0x31E7, 0x31E7, 0x31E7, 0x31E7, 0x31E7, 0x31E7, 0x31E7, 0x31E7, 0x31E7, 
0x31E7, 0x31E7, 0x31E7, 0x31E7, 0x31E7, 0x31E7, 0x31E7, 0x31E7, 0x31E7, 0x31E7, 0x31E7, 0x31E7, 
0x31E7, 0x31E7, 0x8447, 0x8447, 0x8447, 0x8447, 0x31E7, 0x31E7, 0x8447, 0x8447, 0x8447, 0x8447, 
0x31E7, 0x31E7, 0x31E7, 0x31E7, 0x31E7, 0x31E7, 0x31E7, 0x31E7, 0x31E7, 0x31E7, 0x31E7, 0x31E7, 
0x31E7, 0x31E7, 0x31E7, 0x31E7, 0x31E7, 0x31E7, 0x31E7, 0x31E7, 0x31E7, 0x31E7, 0x31E7, 0x31E7, 
0x31E7, 0x31E7, 0x31E7, 0x31E7, 0x31E7, 0x31E7, 0x31E7, 0x31E7, 0x31E7, 0x31E7, 0x31E7, 0x31E7, 
0x31E7, 0x31E7, 0x31E7, 0x31E7, 0x31E7, 0x31E7, 0x31E7, 0x31E7, 0x31E7, 0x31E7, 0x31E7, 0x31E7, 
0x31E7, 0x31E7, 0x31E7, 0x31E7, 0x31E7, 0x31E7, 0x31E7, 0x31E7, 0x31E7, 0x31E7, 0x8447, 0x8447, 
0x8447, 0x8447, 0x31E7, 0x31E7, 0x31E7, 0x31E7, 0x31E7, 0x31E7, 0x31E7, 0x31E7, 0x31E7, 0x31E7, 
0x31E7, 0x31E7, 0x31E7, 0x31E7, 0x31E7, 0x31E7, 0x31E7, 0x31E7, 0x31E7, 0x31E7, 0x31E7, 0x31E7, 
0x31E7, 0x31E7, 0x31E7, 0x31E7, 0x31E7, 0x31E7, 0x31E7, 0x31E7, 0x31E7, 0x31E7, 0x31E7, 0x31E7, 
0x31E7, 0x31E7, 0x31E7, 0x31E7, 0x31E7, 0x31E7, 0x31E7, 0x31E7, 0x31E7, 0x31E7, 0x31E7, 0x31E7, 
0x31E7, 0x31E7, 0x31E7, 0x31E7, 0x31E7, 0x31E7, 0x31E7, 0x31E7, 0x8447, 0x8447, 0x8447, 0x8447, 
0x31E7, 0x31E7, 0x31E7, 0x31E7, 0x31E7, 0x31E7, 0x31E7, 0x31E7, 0x31E7, 0x31E7, 0x31E7, 0x31E7, 
0x31E7, 0x31E7, 0x31E7, 0x31E7, 0x31E7, 0x31E7, 0x31E7, 0x31E7, 0x31E7, 0x31E7, 0x31E7, 0x31E7, 
0x31E7, 0x31E7, 0x31E7, 0x31E7, 0x31E7, 0x31E7, 0x31E7, 0x31E7, 0x31E7, 0x31E7, 0x31E7, 0x31E7, 
0x31E7, 0x31E7, 0x31E7, 0x31E7, 0x31E7, 0x31E7, 0x31E7, 0x31E7, 0x31E7, 0x31E7, 0x31E7, 0x31E7, 
0x31E7, 0x31E7, 0x31E7, 0x31E7, 0x31E7, 0x31E7, 0x31E7, 0x31E7, 0x31E7, 0x31E7, 0x31E7, 0x31E7, 
0x31E7, 0x31E7, 0x31E7, 0x31E7, 0x31E7, 0x31E7, 0x31E7, 0x31E7, 0x31E7, 0x31E7, 0x8447, 0x8447, 
0x31E7, 0x31E7, 0x31E7, 0x31E7, 0x31E7, 0x31E7, 0x31E7, 0x31E7, 0x31E7, 0x31E7, 0x31E7, 0x31E7, 
0x31E7, 0x31E7, 0x31E7, 0x31E7, 0x31E7, 0x31E7, 0x31E7, 0x31E7, 0x31E7, 0x31E7, 0x31E7, 0x31E7, 
0x31E7, 0x31E7, 0x31E7, 0x31E7, 0x31E7, 0x31E7, 0x31E7, 0x31E7, 0x31E7, 0x31E7, 0x31E7, 0x31E7, 
0x31E7, 0x31E7, 0x31E7, 0x31E7, 0x31E7, 0x31E7, 0x31E7, 0x31E7, 0x31E7, 0x31E7, 0x31E7, 0x31E7, 
0x31E7, 0x31E7, 0x31E7, 0x31E7, 0x8447, 0x8447, 0x8447, 0x8447, 0x31E7, 0x31E7, 0x31E7, 0x31E7, 
0x31E7, 0x31E7, 0x31E7, 0x31E7, 0x31E7, 0x31E7, 0x31E7, 0x31E7, 0x31E7, 0x31E7, 0x31E7, 0x31E7, 
0x31E7, 0x31E7, 0x31E7, 0x31E7, 0x31E7, 0x31E7, 0x31E7, 0x31E7, 0x31E7, 0x31E7, 0x31E7, 0x31E7, 
0x31E7, 0x31E7, 0x31E7, 0x31E7, 0x31E7, 0x31E7, 0x31E7, 0x31E7, 0x31E7, 0x31E7, 0x31E7, 0x31E7, 
0x31E7, 0x31E7, 0x31E7, 0x31E7, 0x31E7, 0x31E7, 0x31E7, 0x31E7, 0x31E7, 0x31E7, 0x31E7, 0x31E7, 
0x31E7, 0x31E7, 0x31E7, 0x31E7, 0x31E7, 0x31E7, 0x31E7, 0x31E7, 0x31E7, 0x31E7, 0x31E7, 0x31E7, 
0x31E7, 0x31E7, 0x31E7, 0x31E7, 0x31E7, 0x31E7, 0x8447, 0x8447, 0x31E7, 0x31E7, 0x31E7, 0x31E7, 
0x31E7, 0x31E7, 0x31E7, 0x31E7, 0x31E7, 0x31E7, 0x31E7, 0x31E7, 0x31E7, 0x31E7, 0x31E7, 0x31E7, 
0x31E7, 0x31E7, 0x31E7, 0x31E7, 0x31E7, 0x31E7, 0x31E7, 0x31E7, 0x31E7, 0x31E7, 0x31E7, 0x31E7, 
0x31E7, 0x31E7, 0x31E7, 0x31E7, 0x31E7, 0x31E7, 0x31E7, 0x31E7, 0x31E7, 0x31E7, 0x31E7, 0x31E7, 
0x31E7, 0x31E7, 0x31E7, 0x31E7, 0x31E7, 0x31E7, 0x31E7, 0x31E7, 0x31E7, 0x31E7, 0x8447, 0x8447, 
0x8447, 0x8447, 0x8447, 0x8447, 0x8447, 0x8447, 0x31E7, 0x31E7, 0x31E7, 0x31E7, 0x31E7, 0x31E7, 
0x31E7, 0x31E7, 0x31E7, 0x31E7, 0x31E7, 0x31E7, 0x31E7, 0x31E7, 0x31E7, 0x31E7, 0x31E7, 0x31E7, 
0x31E7, 0x31E7, 0x31E7, 0x31E7, 0x31E7, 0x31E7, 0x31E7, 0x31E7, 0x31E7, 0x31E7, 0x31E7, 0x31E7, 
0x31E7, 0x31E7, 0x31E7, 0x31E7, 0x31E7, 0x31E7, 0x31E7, 0x31E7, 0x31E7, 0x31E7, 0x31E7, 0x31E7, 
0x31E7, 0x31E7, 0x31E7, 0x31E7, 0x31E7, 0x31E7, 0x31E7, 0x31E7, 0x31E7, 0x31E7, 0x31E7, 0x31E7, 
0x31E7, 0x31E7, 0x31E7, 0x31E7, 0x31E7, 0x31E7, 0x31E7, 0x31E7, 0x31E7, 0x31E7, 0x31E7, 0x31E7, 
0x31E7, 0x31E7, 0x8447, 0x8447, 0x8447, 0x8447, 0x31E7, 0x31E7, 0x31E7, 0x31E7, 0x31E7, 0x31E7, 
0x31E7, 0x31E7, 0x31E7, 0x31E7, 0x31E7, 0x31E7, 0x31E7, 0x31E7, 0x31E7, 0x31E7, 0x31E7, 0x31E7, 
0x31E7, 0x31E7, 0x31E7, 0x31E7, 0x31E7, 0x31E7, 0x31E7, 0x31E7, 0x31E7, 0x31E7, 0x31E7, 0x31E7, 
0x31E7, 0x31E7, 0x31E7, 0x31E7, 0x31E7, 0x31E7, 0x31E7, 0x31E7, 0x31E7, 0x31E7, 0x31E7, 0x31E7, 
0x31E7, 0x31E7, 0x31E7, 0x31E7, 0x31E7, 0x31E7, 0x8447, 0x8447, 0x8447, 0x8447, 0x8447, 0x8447, 
0x8447, 0x8447, 0x31E7, 0x31E7, 0x31E7, 0x31E7, 0x31E7, 0x31E7, 0x31E7, 0x31E7, 0x31E7, 0x31E7, 
0x31E7, 0x31E7, 0x31E7, 0x31E7, 0x31E7, 0x31E7, 0x31E7, 0x31E7, 0x31E7, 0x31E7, 0x31E7, 0x31E7, 
0x31E7, 0x31E7, 0x31E7, 0x31E7, 0x31E7, 0x31E7, 0x31E7, 0x31E7, 0x31E7, 0x31E7, 0x31E7, 0x31E7, 
0x31E7, 0x31E7, 0x31E7, 0x31E7, 0x31E7, 0x31E7, 0x31E7, 0x31E7, 0x31E7, 0x31E7, 0x31E7, 0x31E7, 
0x31E7, 0x31E7, 0x31E7, 0x31E7, 0x31E7, 0x31E7, 0x31E7, 0x31E7, 0x31E7, 0x31E7, 0x31E7, 0x31E7, 
0x31E7, 0x31E7, 0x31E7, 0x31E7, 0x31E7, 0x31E7, 0x31E7, 0x31E7, 0x31E7, 0x31E7, 0x8447, 0x8447, 
0x8447, 0x8447, 0x31E7, 0x31E7, 0x31E7, 0x31E7, 0x31E7, 0x31E7, 0x31E7, 0x31E7, 0x31E7, 0x31E7, 
0x31E7, 0x31E7, 0x31E7, 0x31E7, 0x31E7, 0x31E7, 0x31E7, 0x31E7, 0x31E7, 0x31E7, 0x31E7, 0x31E7, 
0x31E7, 0x31E7, 0x31E7, 0x31E7, 0x31E7, 0x31E7, 0x31E7, 0x31E7, 0x31E7, 0x31E7, 0x31E7, 0x31E7, 
0x31E7, 0x31E7, 0x31E7, 0x31E7, 0x31E7, 0x31E7, 0x31E7, 0x31E7, 0x31E7, 0x31E7, 0x31E7, 0x31E7, 
0x8447, 0x8447, 0x8447, 0x8447, 0x31E7, 0x31E7, 0x31E7, 0x31E7, 0x8447, 0x8447, 0x31E7, 0x31E7, 
0x31E7, 0x31E7, 0x31E7, 0x31E7, 0x31E7, 0x31E7, 0x31E7, 0x31E7, 0x31E7, 0x31E7, 0x31E7, 0x31E7, 
0x31E7, 0x31E7, 0x31E7, 0x31E7, 0x31E7, 0x31E7, 0x31E7, 0x31E7, 0x31E7, 0x31E7, 0x31E7, 0x31E7, 
0x31E7, 0x31E7, 0x31E7, 0x31E7, 0x31E7, 0x31E7, 0x31E7, 0x31E7, 0x31E7, 0x31E7, 0x31E7, 0x31E7, 
0x31E7, 0x31E7, 0x31E7, 0x31E7, 0x31E7, 0x31E7, 0x31E7, 0x31E7, 0x31E7, 0x31E7, 0x31E7, 0x31E7, 
0x31E7, 0x31E7, 0x31E7, 0x31E7, 0x31E7, 0x31E7, 0x31E7, 0x31E7, 0x31E7, 0x31E7, 0x31E7, 0x31E7, 
0x31E7, 0x31E7, 0x31E7, 0x31E7, 0x31E7, 0x31E7, 0x8447, 0x8447, 0x8447, 0x8447, 0x8447, 0x8447, 
0x8447, 0x8447, 0x31E7, 0x31E7, 0x31E7, 0x31E7, 0x31E7, 0x31E7, 0x31E7, 0x31E7, 0x31E7, 0x31E7, 
0x31E7, 0x31E7, 0x31E7, 0x31E7, 0x31E7, 0x31E7, 0x31E7, 0x31E7, 0x31E7, 0x31E7, 0x31E7, 0x31E7, 
0x31E7, 0x31E7, 0x31E7, 0x31E7, 0x31E7, 0x31E7, 0x31E7, 0x31E7, 0x31E7, 0x31E7, 0x31E7, 0x31E7, 
0x31E7, 0x31E7, 0x31E7, 0x31E7, 0x31E7, 0x31E7, 0x31E7, 0x31E7, 0x8447, 0x8447, 0x8447, 0x8447, 
0x31E7, 0x31E7, 0x31E7, 0x31E7, 0x8447, 0x8447, 0x31E7, 0x31E7, 0x31E7, 0x31E7, 0x31E7, 0x31E7, 
0x31E7, 0x31E7, 0x31E7, 0x31E7, 0x31E7, 0x31E7, 0x31E7, 0x31E7, 0x31E7, 0x31E7, 0x31E7, 0x31E7, 
0x31E7, 0x31E7, 0x31E7, 0x31E7, 0x31E7, 0x31E7, 0x31E7, 0x31E7, 0x31E7, 0x31E7, 0x31E7, 0x31E7, 
0x31E7, 0x31E7, 0x31E7, 0x31E7, 0x31E7, 0x31E7, 0x31E7, 0x31E7, 0x31E7, 0x31E7, 0x31E7, 0x31E7, 
0x31E7, 0x31E7, 0x31E7, 0x31E7, 0x31E7, 0x31E7, 0x31E7, 0x31E7, 0x31E7, 0x31E7, 0x31E7, 0x31E7, 
0x31E7, 0x31E7, 0x31E7, 0x31E7, 0x31E7, 0x31E7, 0x31E7, 0x31E7, 0x31E7, 0x31E7, 0x31E7, 0x31E7, 
0x31E7, 0x31E7, 0x8447, 0x8447, 0x8447, 0x8447, 0x8447, 0x8447, 0x8447, 0x8447, 0x31E7, 0x31E7, 
0x31E7, 0x31E7, 0x31E7, 0x31E7, 0x31E7, 0x31E7, 0x31E7, 0x31E7, 0x31E7, 0x31E7, 0x31E7, 0x31E7, 
0x31E7, 0x31E7, 0x31E7, 0x31E7, 0x31E7, 0x31E7, 0x31E7, 0x31E7, 0x31E7, 0x31E7, 0x31E7, 0x31E7, 
0x31E7, 0x31E7, 0x31E7, 0x31E7, 0x31E7, 0x31E7, 0x31E7, 0x31E7, 0x31E7, 0x31E7, 0x31E7, 0x31E7, 
0x31E7, 0x31E7, 0x31E7, 0x31E7, 0x8447, 0x8447, 0x31E7, 0x31E7, 0x31E7, 0x31E7, 0x31E7, 0x31E7, 
0x31E7, 0x31E7, 0x8447, 0x8447, 0x8447, 0x8447, 0x31E7, 0x31E7, 0x31E7, 0x31E7, 0x31E7, 0x31E7, 
0x31E7, 0x31E7, 0x31E7, 0x31E7, 0x31E7, 0x31E7, 0x31E7, 0x31E7, 0x31E7, 0x31E7, 0x31E7, 0x31E7, 
0x31E7, 0x31E7, 0x31E7, 0x31E7, 0x31E7, 0x31E7, 0x31E7, 0x31E7, 0x31E7, 0x31E7, 0x31E7, 0x31E7, 
0x31E7, 0x31E7, 0x31E7, 0x31E7, 0x31E7, 0x31E7, 0x31E7, 0x31E7, 0x31E7, 0x31E7, 0x31E7, 0x31E7, 
0x31E7, 0x31E7, 0x31E7, 0x31E7, 0x31E7, 0x31E7, 0x31E7, 0x31E7, 0x31E7, 0x31E7, 0x31E7, 0x31E7, 
0x31E7, 0x31E7, 0x31E7, 0x31E7, 0x31E7, 0x31E7, 0x31E7, 0x31E7, 0x8447, 0x8447, 0x8447, 0x8447, 
0x31E7, 0x31E7, 0x31E7, 0x31E7, 0x8447, 0x8447, 0x8447, 0x8447, 0x31E7, 0x31E7, 0x31E7, 0x31E7, 
0x31E7, 0x31E7, 0x31E7, 0x31E7, 0x31E7, 0x31E7, 0x31E7, 0x31E7, 0x31E7, 0x31E7, 0x31E7, 0x31E7, 
0x31E7, 0x31E7, 0x31E7, 0x31E7, 0x31E7, 0x31E7, 0x31E7, 0x31E7, 0x31E7, 0x31E7, 0x31E7, 0x31E7, 
0x31E7, 0x31E7, 0x31E7, 0x31E7, 0x31E7, 0x31E7, 0x31E7, 0x31E7, 0x31E7, 0x31E7, 0x31E7, 0x31E7, 
0x8447, 0x8447, 0x31E7, 0x31E7, 0x31E7, 0x31E7, 0x31E7, 0x31E7, 0x31E7, 0x31E7, 0x8447, 0x8447, 
0x8447, 0x8447, 0x31E7, 0x31E7, 0x31E7, 0x31E7, 0x31E7, 0x31E7, 0x31E7, 0x31E7, 0x31E7, 0x31E7, 
0x31E7, 0x31E7, 0x31E7, 0x31E7, 0x31E7, 0x31E7, 0x31E7, 0x31E7, 0x31E7, 0x31E7, 0x31E7, 0x31E7, 
0x31E7, 0x31E7, 0x31E7, 0x31E7, 0x31E7, 0x31E7, 0x31E7, 0x31E7, 0x31E7, 0x31E7, 0x31E7, 0x31E7, 
0x31E7, 0x31E7, 0x31E7, 0x31E7, 0x31E7, 0x31E7, 0x31E7, 0x31E7, 0x31E7, 0x31E7, 0x31E7, 0x31E7, 
0x31E7, 0x31E7, 0x31E7, 0x31E7, 0x31E7, 0x31E7, 0x31E7, 0x31E7, 0x31E7, 0x31E7, 0x31E7, 0x31E7, 
0x31E7, 0x31E7, 0x31E7, 0x31E7, 0x8447, 0x8447, 0x8447, 0x8447, 0x31E7, 0x31E7, 0x31E7, 0x31E7, 
0x8447, 0x8447, 0x8447, 0x8447, 0x31E7, 0x31E7, 0x31E7, 0x31E7, 0x31E7, 0x31E7, 0x31E7, 0x31E7, 
0x31E7, 0x31E7, 0x31E7, 0x31E7, 0x31E7, 0x31E7, 0x31E7, 0x31E7, 0x31E7, 0x31E7, 0x31E7, 0x31E7, 
0x31E7, 0x31E7, 0x31E7, 0x31E7, 0x31E7, 0x31E7, 0x31E7, 0x31E7, 0x31E7, 0x31E7, 0x31E7, 0x31E7, 
0x31E7, 0x31E7, 0x31E7, 0x31E7, 0x31E7, 0x31E7, 0x31E7, 0x31E7, 0x31E7, 0x31E7, 0x31E7, 0x31E7, 
0x31E7, 0x31E7, 0x31E7, 0x31E7, 0x31E7, 0x31E7, 0x31E7, 0x31E7, 0x8447, 0x8447, 0x8447, 0x8447, 
0x8447, 0x8447, 0x31E7, 0x31E7, 0x31E7, 0x31E7, 0x31E7, 0x31E7, 0x31E7, 0x31E7, 0x31E7, 0x31E7, 
0x31E7, 0x31E7, 0x31E7, 0x31E7, 0x31E7, 0x31E7, 0x31E7, 0x31E7, 0x31E7, 0x31E7, 0x31E7, 0x31E7, 
0x31E7, 0x31E7, 0x31E7, 0x31E7, 0x31E7, 0x31E7, 0x31E7, 0x31E7, 0x31E7, 0x31E7, 0x31E7, 0x31E7, 
0x31E7, 0x31E7, 0x31E7, 0x31E7, 0x31E7, 0x31E7, 0x31E7, 0x31E7, 0x31E7, 0x31E7, 0x31E7, 0x31E7, 
0x31E7, 0x31E7, 0x31E7, 0x31E7, 0x31E7, 0x31E7, 0x31E7, 0x31E7, 0x31E7, 0x31E7, 0x31E7, 0x31E7, 
0x8447, 0x8447, 0x8447, 0x8447, 0x31E7, 0x31E7, 0x31E7, 0x31E7, 0x31E7, 0x31E7, 0x8447, 0x8447, 
0x8447, 0x8447, 0x8447, 0x8447, 0x8447, 0x8447, 0x31E7, 0x31E7, 0x31E7, 0x31E7, 0x31E7, 0x31E7, 
0x31E7, 0x31E7, 0x31E7, 0x31E7, 0x31E7, 0x31E7, 0x31E7, 0x31E7, 0x31E7, 0x31E7, 0x31E7, 0x31E7, 
0x31E7, 0x31E7, 0x31E7, 0x31E7, 0x31E7, 0x31E7, 0x31E7, 0x31E7, 0x31E7, 0x31E7, 0x31E7, 0x31E7, 
0x31E7, 0x31E7, 0x31E7, 0x31E7, 0x31E7, 0x31E7, 0x31E7, 0x31E7, 0x31E7, 0x31E7, 0x31E7, 0x31E7, 
0x31E7, 0x31E7, 0x31E7, 0x31E7, 0x8447, 0x8447, 0x8447, 0x8447, 0x8447, 0x8447, 0x31E7, 0x31E7, 
0x31E7, 0x31E7, 0x31E7, 0x31E7, 0x31E7, 0x31E7, 0x31E7, 0x31E7, 0x31E7, 0x31E7, 0x31E7, 0x31E7, 
0x31E7, 0x31E7, 0x31E7, 0x31E7, 0x31E7, 0x31E7, 0x31E7, 0x31E7, 0x31E7, 0x31E7, 0x31E7, 0x31E7, 
0x31E7, 0x31E7, 0x31E7, 0x31E7, 0x31E7, 0x31E7, 0x31E7, 0x31E7, 0x31E7, 0x31E7, 0x31E7, 0x31E7, 
0x31E7, 0x31E7, 0x31E7, 0x31E7, 0x31E7, 0x31E7, 0x31E7, 0x31E7, 0x31E7, 0x31E7, 0x31E7, 0x31E7, 
0x31E7, 0x31E7, 0x31E7, 0x31E7, 0x31E7, 0x31E7, 0x31E7, 0x31E7, 0x8447, 0x8447, 0x8447, 0x8447, 
0x31E7, 0x31E7, 0x31E7, 0x31E7, 0x31E7, 0x31E7, 0x8447, 0x8447, 0x8447, 0x8447, 0x8447, 0x8447, 
0x8447, 0x8447, 0x31E7, 0x31E7, 0x31E7, 0x31E7, 0x31E7, 0x31E7, 0x31E7, 0x31E7, 0x31E7, 0x31E7, 
0x31E7, 0x31E7, 0x31E7, 0x31E7, 0x31E7, 0x31E7, 0x31E7, 0x31E7, 0x31E7, 0x31E7, 0x31E7, 0x31E7, 
0x31E7, 0x31E7, 0x31E7, 0x31E7, 0x31E7, 0x31E7, 0x31E7, 0x31E7, 0x31E7, 0x31E7, 0x31E7, 0x31E7, 
0x31E7, 0x31E7, 0x31E7, 0x31E7, 0x31E7, 0x31E7, 0x31E7, 0x31E7, 0x31E7, 0x31E7, 0x31E7, 0x31E7, 
0x8447, 0x8447, 0x8447, 0x8447, 0x8447, 0x8447, 0x31E7, 0x31E7, 0x31E7, 0x31E7, 0x31E7, 0x31E7, 
0x31E7, 0x31E7, 0x31E7, 0x31E7, 0x31E7, 0x31E7, 0x31E7, 0x31E7, 0x31E7, 0x31E7, 0x31E7, 0x31E7, 
0x31E7, 0x31E7, 0x31E7, 0x31E7, 0x31E7, 0x31E7, 0x31E7, 0x31E7, 0x31E7, 0x31E7, 0x31E7, 0x31E7, 
0x31E7, 0x31E7, 0x31E7, 0x31E7, 0x31E7, 0x31E7, 0x31E7, 0x31E7, 0x31E7, 0x31E7, 0x31E7, 0x31E7, 
0x31E7, 0x31E7, 0x31E7, 0x31E7, 0x31E7, 0x31E7, 0x31E7, 0x31E7, 0x31E7, 0x31E7, 0x31E7, 0x31E7, 
0x31E7, 0x31E7, 0x31E7, 0x31E7, 0x8447, 0x8447, 0x8447, 0x8447, 0x31E7, 0x31E7, 0x31E7, 0x31E7, 
0x31E7, 0x31E7, 0x8447, 0x8447, 0x31E7, 0x31E7, 0x31E7, 0x31E7, 0x8447, 0x8447, 0x8447, 0x8447, 
0x31E7, 0x31E7, 0x31E7, 0x31E7, 0x31E7, 0x31E7, 0x31E7, 0x31E7, 0x31E7, 0x31E7, 0x31E7, 0x31E7, 
0x31E7, 0x31E7, 0x31E7, 0x31E7, 0x31E7, 0x31E7, 0x31E7, 0x31E7, 0x31E7, 0x31E7, 0x31E7, 0x31E7, 
0x31E7, 0x31E7, 0x31E7, 0x31E7, 0x31E7, 0x31E7, 0x31E7, 0x31E7, 0x31E7, 0x31E7, 0x31E7, 0x31E7, 
0x31E7, 0x31E7, 0x31E7, 0x31E7, 0x31E7, 0x31E7, 0x31E7, 0x31E7, 0x8447, 0x8447, 0x8447, 0x8447, 
0x8447, 0x8447, 0x31E7, 0x31E7, 0x31E7, 0x31E7, 0x31E7, 0x31E7, 0x31E7, 0x31E7, 0x31E7, 0x31E7, 
0x31E7, 0x31E7, 0x31E7, 0x31E7, 0x31E7, 0x31E7, 0x31E7, 0x31E7, 0x31E7, 0x31E7, 0x31E7, 0x31E7, 
0x31E7, 0x31E7, 0x31E7, 0x31E7, 0x31E7, 0x31E7, 0x31E7, 0x31E7, 0x31E7, 0x31E7, 0x31E7, 0x31E7, 
0x31E7, 0x31E7, 0x31E7, 0x31E7, 0x31E7, 0x31E7, 0x31E7, 0x31E7, 0x31E7, 0x31E7, 0x31E7, 0x31E7, 
0x31E7, 0x31E7, 0x31E7, 0x31E7, 0x31E7, 0x31E7, 0x31E7, 0x31E7, 0x31E7, 0x31E7, 0x31E7, 0x31E7, 
0x8447, 0x8447, 0x8447, 0x8447, 0x31E7, 0x31E7, 0x31E7, 0x31E7, 0x31E7, 0x31E7, 0x8447, 0x8447, 
0x31E7, 0x31E7, 0x31E7, 0x31E7, 0x8447, 0x8447, 0x8447, 0x8447, 0x31E7, 0x31E7, 0x31E7, 0x31E7, 
0x31E7, 0x31E7, 0x31E7, 0x31E7, 0x31E7, 0x31E7, 0x31E7, 0x31E7, 0x31E7, 0x31E7, 0x31E7, 0x31E7, 
0x31E7, 0x31E7, 0x31E7, 0x31E7, 0x31E7, 0x31E7, 0x31E7, 0x31E7, 0x31E7, 0x31E7, 0x31E7, 0x31E7, 
0x31E7, 0x31E7, 0x31E7, 0x31E7, 0x31E7, 0x31E7, 0x31E7, 0x31E7, 0x31E7, 0x31E7, 0x31E7, 0x31E7, 
0x31E7, 0x31E7, 0x8447, 0x8447, 0x8447, 0x8447, 0x31E7, 0x31E7, 0x31E7, 0x31E7, 0x8447, 0x8447, 
0x8447, 0x8447, 0x31E7, 0x31E7, 0x31E7, 0x31E7, 0x31E7, 0x31E7, 0x31E7, 0x31E7, 0x31E7, 0x31E7, 
0x31E7, 0x31E7, 0x31E7, 0x31E7, 0x31E7, 0x31E7, 0x31E7, 0x31E7, 0x31E7, 0x31E7, 0x31E7, 0x31E7, 
0x31E7, 0x31E7, 0x31E7, 0x31E7, 0x31E7, 0x31E7, 0x31E7, 0x31E7, 0x31E7, 0x31E7, 0x31E7, 0x31E7, 
0x31E7, 0x31E7, 0x31E7, 0x31E7, 0x31E7, 0x31E7, 0x31E7, 0x31E7, 0x31E7, 0x31E7, 0x31E7, 0x31E7, 
0x31E7, 0x31E7, 0x31E7, 0x31E7, 0x31E7, 0x31E7, 0x8447, 0x8447, 0x8447, 0x8447, 0x31E7, 0x31E7, 
0x31E7, 0x31E7, 0x31E7, 0x31E7, 0x8447, 0x8447, 0x31E7, 0x31E7, 0x31E7, 0x31E7, 0x31E7, 0x31E7, 
0x31E7, 0x31E7, 0x8447, 0x8447, 0x31E7, 0x31E7, 0x31E7, 0x31E7, 0x31E7, 0x31E7, 0x31E7, 0x31E7, 
0x31E7, 0x31E7, 0x31E7, 0x31E7, 0x31E7, 0x31E7, 0x31E7, 0x31E7, 0x31E7, 0x31E7, 0x31E7, 0x31E7, 
0x31E7, 0x31E7, 0x31E7, 0x31E7, 0x31E7, 0x31E7, 0x31E7, 0x31E7, 0x31E7, 0x31E7, 0x31E7, 0x31E7, 
0x31E7, 0x31E7, 0x31E7, 0x31E7, 0x31E7, 0x31E7, 0x31E7, 0x31E7, 0x31E7, 0x31E7, 0x8447, 0x8447, 
0x8447, 0x8447, 0x31E7, 0x31E7, 0x31E7, 0x31E7, 0x8447, 0x8447, 0x8447, 0x8447, 0x31E7, 0x31E7, 
0x31E7, 0x31E7, 0x31E7, 0x31E7, 0x31E7, 0x31E7, 0x31E7, 0x31E7, 0x31E7, 0x31E7, 0x31E7, 0x31E7, 
0x31E7, 0x31E7, 0x31E7, 0x31E7, 0x31E7, 0x31E7, 0x31E7, 0x31E7, 0x31E7, 0x31E7, 0x31E7, 0x31E7, 
0x31E7, 0x31E7, 0x31E7, 0x31E7, 0x31E7, 0x31E7, 0x31E7, 0x31E7, 0x31E7, 0x31E7, 0x31E7, 0x31E7, 
0x31E7, 0x31E7, 0x31E7, 0x31E7, 0x31E7, 0x31E7, 0x31E7, 0x31E7, 0x31E7, 0x31E7, 0x31E7, 0x31E7, 
0x31E7, 0x31E7, 0x8447, 0x8447, 0x8447, 0x8447, 0x31E7, 0x31E7, 0x31E7, 0x31E7, 0x31E7, 0x31E7, 
0x8447, 0x8447, 0x31E7, 0x31E7, 0x31E7, 0x31E7, 0x31E7, 0x31E7, 0x31E7, 0x31E7, 0x8447, 0x8447, 
0x31E7, 0x31E7, 0x31E7, 0x31E7, 0x31E7, 0x31E7, 0x31E7, 0x31E7, 0x31E7, 0x31E7, 0x31E7, 0x31E7, 
0x31E7, 0x31E7, 0x31E7, 0x31E7, 0x31E7, 0x31E7, 0x31E7, 0x31E7, 0x31E7, 0x31E7, 0x31E7, 0x31E7, 
0x31E7, 0x31E7, 0x31E7, 0x31E7, 0x31E7, 0x31E7, 0x31E7, 0x31E7, 0x31E7, 0x31E7, 0x31E7, 0x31E7, 
0x31E7, 0x31E7, 0x31E7, 0x31E7, 0x31E7, 0x31E7, 0x8447, 0x8447, 0x31E7, 0x31E7, 0x31E7, 0x31E7, 
0x31E7, 0x31E7, 0x8447, 0x8447, 0x8447, 0x8447, 0x8447, 0x8447, 0x31E7, 0x31E7, 0x31E7, 0x31E7, 
0x31E7, 0x31E7, 0x31E7, 0x31E7, 0x31E7, 0x31E7, 0x31E7, 0x31E7, 0x31E7, 0x31E7, 0x31E7, 0x31E7, 
0x31E7, 0x31E7, 0x31E7, 0x31E7, 0x31E7, 0x31E7, 0x31E7, 0x31E7, 0x31E7, 0x31E7, 0x31E7, 0x31E7, 
0x31E7, 0x31E7, 0x31E7, 0x31E7, 0x31E7, 0x31E7, 0x31E7, 0x31E7, 0x31E7, 0x31E7, 0x31E7, 0x31E7, 
0x31E7, 0x31E7, 0x31E7, 0x31E7, 0x31E7, 0x31E7, 0x31E7, 0x31E7, 0x8447, 0x8447, 0x8447, 0x8447, 
0x31E7, 0x31E7, 0x31E7, 0x31E7, 0x31E7, 0x31E7, 0x8447, 0x8447, 0x8447, 0x8447, 0x31E7, 0x31E7, 
0x31E7, 0x31E7, 0x31E7, 0x31E7, 0x31E7, 0x31E7, 0x8447, 0x8447, 0x31E7, 0x31E7, 0x31E7, 0x31E7, 
0x31E7, 0x31E7, 0x31E7, 0x31E7, 0x31E7, 0x31E7, 0x31E7, 0x31E7, 0x31E7, 0x31E7, 0x31E7, 0x31E7, 
0x31E7, 0x31E7, 0x31E7, 0x31E7, 0x31E7, 0x31E7, 0x31E7, 0x31E7, 0x31E7, 0x31E7, 0x31E7, 0x31E7, 
0x31E7, 0x31E7, 0x31E7, 0x31E7, 0x31E7, 0x31E7, 0x31E7, 0x31E7, 0x31E7, 0x31E7, 0x31E7, 0x31E7, 
0x31E7, 0x31E7, 0x8447, 0x8447, 0x31E7, 0x31E7, 0x31E7, 0x31E7, 0x31E7, 0x31E7, 0x8447, 0x8447, 
0x8447, 0x8447, 0x8447, 0x8447, 0x31E7, 0x31E7, 0x31E7, 0x31E7, 0x31E7, 0x31E7, 0x31E7, 0x31E7, 
0x31E7, 0x31E7, 0x31E7, 0x31E7, 0x31E7, 0x31E7, 0x31E7, 0x31E7, 0x31E7, 0x31E7, 0x31E7, 0x31E7, 
0x31E7, 0x31E7, 0x31E7, 0x31E7, 0x31E7, 0x31E7, 0x31E7, 0x31E7, 0x31E7, 0x31E7, 0x31E7, 0x31E7, 
0x31E7, 0x31E7, 0x31E7, 0x31E7, 0x31E7, 0x31E7, 0x31E7, 0x31E7, 0x31E7, 0x31E7, 0x31E7, 0x31E7, 
0x31E7, 0x31E7, 0x31E7, 0x31E7, 0x8447, 0x8447, 0x8447, 0x8447, 0x31E7, 0x31E7, 0x31E7, 0x31E7, 
0x31E7, 0x31E7, 0x8447, 0x8447, 0x8447, 0x8447, 0x31E7, 0x31E7, 0x31E7, 0x31E7, 0x31E7, 0x31E7, 
0x31E7, 0x31E7, 0x8447, 0x8447, 0x31E7, 0x31E7, 0x31E7, 0x31E7, 0x31E7, 0x31E7, 0x31E7, 0x31E7, 
0x31E7, 0x31E7, 0x31E7, 0x31E7, 0x31E7, 0x31E7, 0x31E7, 0x31E7, 0x31E7, 0x31E7, 0x31E7, 0x31E7, 
0x31E7, 0x31E7, 0x31E7, 0x31E7, 0x31E7, 0x31E7, 0x31E7, 0x31E7, 0x31E7, 0x31E7, 0x31E7, 0x31E7, 
0x31E7, 0x31E7, 0x31E7, 0x31E7, 0x31E7, 0x31E7, 0x31E7, 0x31E7, 0x8447, 0x8447, 0x31E7, 0x31E7, 
0x31E7, 0x31E7, 0x31E7, 0x31E7, 0x31E7, 0x31E7, 0x31E7, 0x31E7, 0x31E7, 0x31E7, 0x31E7, 0x31E7, 
0x31E7, 0x31E7, 0x31E7, 0x31E7, 0x31E7, 0x31E7, 0x31E7, 0x31E7, 0x31E7, 0x31E7, 0x31E7, 0x31E7, 
0x31E7, 0x31E7, 0x31E7, 0x31E7, 0x31E7, 0x31E7, 0x31E7, 0x31E7, 0x31E7, 0x31E7, 0x31E7, 0x31E7, 
0x31E7, 0x31E7, 0x31E7, 0x31E7, 0x31E7, 0x31E7, 0x31E7, 0x31E7, 0x31E7, 0x31E7, 0x31E7, 0x31E7, 
0x31E7, 0x31E7, 0x31E7, 0x31E7, 0x31E7, 0x31E7, 0x31E7, 0x31E7, 0x31E7, 0x31E7, 0x31E7, 0x31E7, 
0x8447, 0x8447, 0x31E7, 0x31E7, 0x31E7, 0x31E7, 0x31E7, 0x31E7, 0x31E7, 0x31E7, 0x8447, 0x8447, 
0x31E7, 0x31E7, 0x31E7, 0x31E7, 0x31E7, 0x31E7, 0x31E7, 0x31E7, 0x31E7, 0x31E7, 0x31E7, 0x31E7, 
0x31E7, 0x31E7, 0x31E7, 0x31E7, 0x31E7, 0x31E7, 0x31E7, 0x31E7, 0x31E7, 0x31E7, 0x31E7, 0x31E7, 
0x31E7, 0x31E7, 0x31E7, 0x31E7, 0x31E7, 0x31E7, 0x31E7, 0x31E7, 0x31E7, 0x31E7, 0x31E7, 0x31E7, 
0x31E7, 0x31E7, 0x31E7, 0x31E7, 0x31E7, 0x31E7, 0x31E7, 0x31E7, 0x31E7, 0x31E7, 0x31E7, 0x31E7, 
0x31E7, 0x31E7, 0x31E7, 0x31E7, 0x8447, 0x8447, 0x31E7, 0x31E7, 0x31E7, 0x31E7, 0x31E7, 0x31E7, 
0x31E7, 0x31E7, 0x31E7, 0x31E7, 0x31E7, 0x31E7, 0x31E7, 0x31E7, 0x31E7, 0x31E7, 0x31E7, 0x31E7, 
0x31E7, 0x31E7, 0x31E7, 0x31E7, 0x31E7, 0x31E7, 0x31E7, 0x31E7, 0x31E7, 0x31E7, 0x31E7, 0x31E7, 
0x31E7, 0x31E7, 0x31E7, 0x31E7, 0x31E7, 0x31E7, 0x31E7, 0x31E7, 0x31E7, 0x31E7, 0x31E7, 0x31E7, 
0x31E7, 0x31E7, 0x31E7, 0x31E7, 0x31E7, 0x31E7, 0x31E7, 0x31E7, 0x31E7, 0x31E7, 0x31E7, 0x31E7, 
0x31E7, 0x31E7, 0x31E7, 0x31E7, 0x31E7, 0x31E7, 0x31E7, 0x31E7, 0x8447, 0x8447, 0x31E7, 0x31E7, 
0x31E7, 0x31E7, 0x31E7, 0x31E7, 0x31E7, 0x31E7, 0x8447, 0x8447, 0x31E7, 0x31E7, 0x31E7, 0x31E7, 
0x31E7, 0x31E7, 0x31E7, 0x31E7, 0x31E7, 0x31E7, 0x31E7, 0x31E7, 0x31E7, 0x31E7, 0x31E7, 0x31E7, 
0x31E7, 0x31E7, 0x31E7, 0x31E7, 0x31E7, 0x31E7, 0x31E7, 0x31E7, 0x31E7, 0x31E7, 0x31E7, 0x31E7, 
0x31E7, 0x31E7, 0x31E7, 0x31E7, 0x31E7, 0x31E7, 0x31E7, 0x31E7, 0x31E7, 0x31E7, 0x31E7, 0x31E7, 
0x31E7, 0x31E7, 0x31E7, 0x31E7, 0x31E7, 0x31E7, 0x31E7, 0x31E7, 0x31E7, 0x31E7, 0x8447, 0x8447, 
0x8447, 0x8447, 0x31E7, 0x31E7, 0x31E7, 0x31E7, 0x31E7, 0x31E7, 0x31E7, 0x31E7, 0x31E7, 0x31E7, 
0x31E7, 0x31E7, 0x31E7, 0x31E7, 0x31E7, 0x31E7, 0x31E7, 0x31E7, 0x31E7, 0x31E7, 0x31E7, 0x31E7, 
0x31E7, 0x31E7, 0x31E7, 0x31E7, 0x31E7, 0x31E7, 0x31E7, 0x31E7, 0x31E7, 0x31E7, 0x31E7, 0x31E7, 
0x31E7, 0x31E7, 0x31E7, 0x31E7, 0x31E7, 0x31E7, 0x31E7, 0x31E7, 0x31E7, 0x31E7, 0x31E7, 0x31E7, 
0x31E7, 0x31E7, 0x31E7, 0x31E7, 0x31E7, 0x31E7, 0x31E7, 0x31E7, 0x31E7, 0x31E7, 0x31E7, 0x31E7, 
0x31E7, 0x31E7, 0x31E7, 0x31E7, 0x31E7, 0x31E7, 0x31E7, 0x31E7, 0x31E7, 0x31E7, 0x31E7, 0x31E7, 
0x31E7, 0x31E7, 0x8447, 0x8447, 0x8447, 0x8447, 0x31E7, 0x31E7, 0x31E7, 0x31E7, 0x31E7, 0x31E7, 
0x31E7, 0x31E7, 0x31E7, 0x31E7, 0x31E7, 0x31E7, 0x31E7, 0x31E7, 0x31E7, 0x31E7, 0x31E7, 0x31E7, 
0x31E7, 0x31E7, 0x31E7, 0x31E7, 0x31E7, 0x31E7, 0x31E7, 0x31E7, 0x31E7, 0x31E7, 0x31E7, 0x31E7, 
0x31E7, 0x31E7, 0x31E7, 0x31E7, 0x31E7, 0x31E7, 0x31E7, 0x31E7, 0x31E7, 0x31E7, 0x31E7, 0x31E7, 
0x31E7, 0x31E7, 0x31E7, 0x31E7, 0x31E7, 0x31E7, 0x8447, 0x8447, 0x8447, 0x8447, 0x31E7, 0x31E7, 
0x31E7, 0x31E7, 0x31E7, 0x31E7, 0x31E7, 0x31E7, 0x31E7, 0x31E7, 0x31E7, 0x31E7, 0x31E7, 0x31E7, 
0x31E7, 0x31E7, 0x31E7, 0x31E7, 0x31E7, 0x31E7, 0x31E7, 0x31E7, 0x31E7, 0x31E7, 0x31E7, 0x31E7, 
0x31E7, 0x31E7, 0x31E7, 0x31E7, 0x31E7, 0x31E7, 0x31E7, 0x31E7, 0x31E7, 0x31E7, 0x31E7, 0x31E7, 
0x31E7, 0x31E7, 0x31E7, 0x31E7, 0x31E7, 0x31E7, 0x31E7, 0x31E7, 0x31E7, 0x31E7, 0x31E7, 0x31E7, 
0x31E7, 0x31E7, 0x31E7, 0x31E7, 0x31E7, 0x31E7, 0x31E7, 0x31E7, 0x31E7, 0x31E7, 0x31E7, 0x31E7, 
0x31E7, 0x31E7, 0x31E7, 0x31E7, 0x31E7, 0x31E7, 0x31E7, 0x31E7, 0x31E7, 0x31E7, 0x8447, 0x8447, 
0x8447, 0x8447, 0x31E7, 0x31E7, 0x31E7, 0x31E7, 0x31E7, 0x31E7, 0x31E7, 0x31E7, 0x31E7, 0x31E7, 
0x31E7, 0x31E7, 0x31E7, 0x31E7, 0x31E7, 0x31E7, 0x31E7, 0x31E7, 0x31E7, 0x31E7, 0x31E7, 0x31E7, 
0x31E7, 0x31E7, 0x31E7, 0x31E7, 0x31E7, 0x31E7, 0x31E7, 0x31E7, 0x31E7, 0x31E7, 0x31E7, 0x31E7, 
0x31E7, 0x31E7, 0x31E7, 0x31E7, 0x31E7, 0x31E7, 0x31E7, 0x31E7, 0x31E7, 0x31E7, 0x8447, 0x8447, 
0x8447, 0x8447, 0x31E7, 0x31E7, 0x8447, 0x8447, 0x8447, 0x8447, 0x8447, 0x8447, 0x31E7, 0x31E7, 
0x31E7, 0x31E7, 0x31E7, 0x31E7, 0x31E7, 0x31E7, 0x31E7, 0x31E7, 0x31E7, 0x31E7, 0x31E7, 0x31E7, 
0x31E7, 0x31E7, 0x31E7, 0x31E7, 0x31E7, 0x31E7, 0x31E7, 0x31E7, 0x31E7, 0x31E7, 0x31E7, 0x31E7, 
0x31E7, 0x31E7, 0x31E7, 0x31E7, 0x31E7, 0x31E7, 0x31E7, 0x31E7, 0x31E7, 0x31E7, 0x31E7, 0x31E7, 
0x31E7, 0x31E7, 0x31E7, 0x31E7, 0x31E7, 0x31E7, 0x31E7, 0x31E7, 0x31E7, 0x31E7, 0x31E7, 0x31E7, 
0x31E7, 0x31E7, 0x31E7, 0x31E7, 0x31E7, 0x31E7, 0x31E7, 0x31E7, 0x31E7, 0x31E7, 0x31E7, 0x31E7, 
0x31E7, 0x31E7, 0x31E7, 0x31E7, 0x31E7, 0x31E7, 0x31E7, 0x31E7, 0x31E7, 0x31E7, 0x8447, 0x8447, 
0x8447, 0x8447, 0x31E7, 0x31E7, 0x31E7, 0x31E7, 0x31E7, 0x31E7, 0x31E7, 0x31E7, 0x31E7, 0x31E7, 
0x31E7, 0x31E7, 0x31E7, 0x31E7, 0x31E7, 0x31E7, 0x31E7, 0x31E7, 0x31E7, 0x31E7, 0x31E7, 0x31E7, 
0x31E7, 0x31E7, 0x31E7, 0x31E7, 0x31E7, 0x31E7, 0x31E7, 0x31E7, 0x31E7, 0x31E7, 0x31E7, 0x31E7, 
0x31E7, 0x31E7, 0x31E7, 0x31E7, 0x31E7, 0x31E7, 0x8447, 0x8447, 0x8447, 0x8447, 0x31E7, 0x31E7, 
0x8447, 0x8447, 0x8447, 0x8447, 0x8447, 0x8447, 0x31E7, 0x31E7, 0x31E7, 0x31E7, 0x31E7, 0x31E7, 
0x31E7, 0x31E7, 0x31E7, 0x31E7, 0x31E7, 0x31E7, 0x31E7, 0x31E7, 0x31E7, 0x31E7, 0x31E7, 0x31E7, 
0x31E7, 0x31E7, 0x31E7, 0x31E7, 0x31E7, 0x31E7, 0x31E7, 0x31E7, 0x31E7, 0x31E7, 0x31E7, 0x31E7, 
0x31E7, 0x31E7, 0x31E7, 0x31E7, 0x31E7, 0x31E7, 0x31E7, 0x31E7, 0x31E7, 0x31E7, 0x31E7, 0x31E7, 
0x31E7, 0x31E7, 0x31E7, 0x31E7, 0x31E7, 0x31E7, 0x31E7, 0x31E7, 0x31E7, 0x31E7, 0x31E7, 0x31E7, 
0x31E7, 0x31E7, 0x31E7, 0x31E7, 0x31E7, 0x31E7, 0x31E7, 0x31E7, 0x31E7, 0x31E7, 0x31E7, 0x31E7, 
0x31E7, 0x31E7, 0x31E7, 0x31E7, 0x31E7, 0x31E7, 0x8447, 0x8447, 0x8447, 0x8447, 0x31E7, 0x31E7, 
0x31E7, 0x31E7, 0x31E7, 0x31E7, 0x31E7, 0x31E7, 0x31E7, 0x31E7, 0x31E7, 0x31E7, 0x31E7, 0x31E7, 
0x31E7, 0x31E7, 0x31E7, 0x31E7, 0x31E7, 0x31E7, 0x31E7, 0x31E7, 0x31E7, 0x31E7, 0x31E7, 0x31E7, 
0x31E7, 0x31E7, 0x31E7, 0x31E7, 0x31E7, 0x31E7, 0x31E7, 0x31E7, 0x31E7, 0x31E7, 0x31E7, 0x31E7, 
0x31E7, 0x31E7, 0x31E7, 0x31E7, 0x31E7, 0x31E7, 0x31E7, 0x31E7, 0x31E7, 0x31E7, 0x31E7, 0x31E7, 
0x31E7, 0x31E7, 0x31E7, 0x31E7, 0x31E7, 0x31E7, 0x31E7, 0x31E7, 0x31E7, 0x31E7, 0x31E7, 0x31E7, 
0x31E7, 0x31E7, 0x31E7, 0x31E7, 0x31E7, 0x31E7, 0x31E7, 0x31E7, 0x31E7, 0x31E7, 0x31E7, 0x31E7, 
0x31E7, 0x31E7, 0x31E7, 0x31E7, 0x31E7, 0x31E7, 0x31E7, 0x31E7, 0x31E7, 0x31E7, 0x31E7, 0x31E7, 
0x31E7, 0x31E7, 0x31E7, 0x31E7, 0x31E7, 0x31E7, 0x31E7, 0x31E7, 0x31E7, 0x31E7, 0x31E7, 0x31E7, 
0x31E7, 0x31E7, 0x31E7, 0x31E7, 0x31E7, 0x31E7, 0x31E7, 0x31E7, 0x31E7, 0x31E7, 0x31E7, 0x31E7, 
0x31E7, 0x31E7, 0x31E7, 0x31E7, 0x31E7, 0x31E7, 0x31E7, 0x31E7, 0x31E7, 0x31E7, 0x8447, 0x8447, 
0x8447, 0x8447, 0x31E7, 0x31E7, 0x31E7, 0x31E7, 0x8447, 0x8447, 0x8447, 0x8447, 0x31E7, 0x31E7, 
0x31E7, 0x31E7, 0x31E7, 0x31E7, 0x31E7, 0x31E7, 0x31E7, 0x31E7, 0x31E7, 0x31E7, 0x31E7, 0x31E7, 
0x31E7, 0x31E7, 0x31E7, 0x31E7, 0x31E7, 0x31E7, 0x31E7, 0x31E7, 0x31E7, 0x31E7, 0x31E7, 0x31E7, 
0x31E7, 0x31E7, 0x31E7, 0x31E7, 0x31E7, 0x31E7, 0x31E7, 0x31E7, 0x31E7, 0x31E7, 0x31E7, 0x31E7, 
0x31E7, 0x31E7, 0x31E7, 0x31E7, 0x31E7, 0x31E7, 0x31E7, 0x31E7, 0x31E7, 0x31E7, 0x31E7, 0x31E7, 
0x31E7, 0x31E7, 0x31E7, 0x31E7, 0x31E7, 0x31E7, 0x31E7, 0x31E7, 0x31E7, 0x31E7, 0x31E7, 0x31E7, 
0x31E7, 0x31E7, 0x31E7, 0x31E7, 0x31E7, 0x31E7, 0x31E7, 0x31E7, 0x31E7, 0x31E7, 0x31E7, 0x31E7, 
0x31E7, 0x31E7, 0x31E7, 0x31E7, 0x31E7, 0x31E7, 0x31E7, 0x31E7, 0x31E7, 0x31E7, 0x31E7, 0x31E7, 
0x31E7, 0x31E7, 0x31E7, 0x31E7, 0x31E7, 0x31E7, 0x31E7, 0x31E7, 0x31E7, 0x31E7, 0x31E7, 0x31E7, 
0x31E7, 0x31E7, 0x31E7, 0x31E7, 0x31E7, 0x31E7, 0x31E7, 0x31E7, 0x31E7, 0x31E7, 0x31E7, 0x31E7, 
0x31E7, 0x31E7, 0x31E7, 0x31E7, 0x31E7, 0x31E7, 0x8447, 0x8447, 0x8447, 0x8447, 0x31E7, 0x31E7, 
0x31E7, 0x31E7, 0x8447, 0x8447, 0x8447, 0x8447, 0x31E7, 0x31E7, 0x31E7, 0x31E7, 0x31E7, 0x31E7, 
0x31E7, 0x31E7, 0x31E7, 0x31E7, 0x31E7, 0x31E7, 0x31E7, 0x31E7, 0x31E7, 0x31E7, 0x31E7, 0x31E7, 
0x31E7, 0x31E7, 0x31E7, 0x31E7, 0x31E7, 0x31E7, 0x31E7, 0x31E7, 0x31E7, 0x31E7, 0x31E7, 0x31E7, 
0x31E7, 0x31E7, 0x31E7, 0x31E7, 0x31E7, 0x31E7, 0x31E7, 0x31E7, 0x31E7, 0x31E7, 0x31E7, 0x31E7, 
0x31E7, 0x31E7, 0x31E7, 0x31E7, 0x31E7, 0x31E7, 0x31E7, 0x31E7, 0x31E7, 0x31E7, 0x31E7, 0x31E7, 
0x31E7, 0x31E7, 0x31E7, 0x31E7, 0x31E7, 0x31E7, 0x31E7, 0x31E7, 0x31E7, 0x31E7, 0x31E7, 0x31E7, 
0x31E7, 0x31E7, 0x31E7, 0x31E7, 0x31E7, 0x31E7, 0x31E7, 0x31E7, 0x31E7, 0x31E7, 0x31E7, 0x31E7, 
0x31E7, 0x31E7, 0x31E7, 0x31E7, 0x31E7, 0x31E7, 0x31E7, 0x31E7, 0x31E7, 0x31E7, 0x31E7, 0x31E7, 
0x31E7, 0x31E7, 0x31E7, 0x31E7, 0x31E7, 0x31E7, 0x31E7, 0x31E7, 0x31E7, 0x31E7, 0x31E7, 0x31E7, 
0x31E7, 0x31E7, 0x31E7, 0x31E7, 0x31E7, 0x31E7, 0x31E7, 0x31E7, 0x31E7, 0x31E7, 0x31E7, 0x31E7, 
0x8447, 0x8447, 0x8447, 0x8447, 0x31E7, 0x31E7, 0x31E7, 0x31E7, 0x31E7, 0x31E7, 0x31E7, 0x31E7, 
0x8447, 0x8447, 0x8447, 0x8447, 0x31E7, 0x31E7, 0x31E7, 0x31E7, 0x31E7, 0x31E7, 0x31E7, 0x31E7, 
0x31E7, 0x31E7, 0x31E7, 0x31E7, 0x31E7, 0x31E7, 0x31E7, 0x31E7, 0x31E7, 0x31E7, 0x31E7, 0x31E7, 
0x31E7, 0x31E7, 0x31E7, 0x31E7, 0x31E7, 0x31E7, 0x31E7, 0x31E7, 0x31E7, 0x31E7, 0x31E7, 0x31E7, 
0x31E7, 0x31E7, 0x31E7, 0x31E7, 0x31E7, 0x31E7, 0x31E7, 0x31E7, 0x31E7, 0x31E7, 0x31E7, 0x31E7, 
0x31E7, 0x31E7, 0x31E7, 0x31E7, 0x31E7, 0x31E7, 0x31E7, 0x31E7, 0x31E7, 0x31E7, 0x31E7, 0x31E7, 
0x31E7, 0x31E7, 0x31E7, 0x31E7, 0x31E7, 0x31E7, 0x31E7, 0x31E7, 0x31E7, 0x31E7, 0x31E7, 0x31E7, 
0x31E7, 0x31E7, 0x31E7, 0x31E7, 0x31E7, 0x31E7, 0x31E7, 0x31E7, 0x31E7, 0x31E7, 0x31E7, 0x31E7, 
0x31E7, 0x31E7, 0x31E7, 0x31E7, 0x31E7, 0x31E7, 0x31E7, 0x31E7, 0x31E7, 0x31E7, 0x31E7, 0x31E7, 
0x31E7, 0x31E7, 0x31E7, 0x31E7, 0x31E7, 0x31E7, 0x31E7, 0x31E7, 0x31E7, 0x31E7, 0x31E7, 0x31E7, 
0x31E7, 0x31E7, 0x31E7, 0x31E7, 0x31E7, 0x31E7, 0x31E7, 0x31E7, 0x8447, 0x8447, 0x8447, 0x8447, 
0x31E7, 0x31E7, 0x31E7, 0x31E7, 0x31E7, 0x31E7, 0x31E7, 0x31E7, 0x8447, 0x8447, 0x8447, 0x8447, 
0x31E7, 0x31E7, 0x31E7, 0x31E7, 0x31E7, 0x31E7, 0x31E7, 0x31E7, 0x31E7, 0x31E7, 0x31E7, 0x31E7, 
0x31E7, 0x31E7, 0x31E7, 0x31E7, 0x31E7, 0x31E7, 0x31E7, 0x31E7, 0x31E7, 0x31E7, 0x31E7, 0x31E7, 
0x31E7, 0x31E7, 0x31E7, 0x31E7, 0x31E7, 0x31E7, 0x31E7, 0x31E7, 0x31E7, 0x31E7, 0x31E7, 0x31E7, 
0x31E7, 0x31E7, 0x31E7, 0x31E7, 0x31E7, 0x31E7, 0x31E7, 0x31E7, 0x31E7, 0x31E7, 0x31E7, 0x31E7, 
0x31E7, 0x31E7, 0x31E7, 0x31E7, 0x31E7, 0x31E7, 0x31E7, 0x31E7, 0x31E7, 0x31E7, 0x31E7, 0x31E7, 
0x31E7, 0x31E7, 0x31E7, 0x31E7, 0x31E7, 0x31E7, 0x31E7, 0x31E7, 0x31E7, 0x31E7, 0x31E7, 0x31E7, 
0x31E7, 0x31E7, 0x31E7, 0x31E7, 0x31E7, 0x31E7, 0x31E7, 0x31E7, 0x31E7, 0x31E7, 0x31E7, 0x31E7, 
0x31E7, 0x31E7, 0x31E7, 0x31E7, 0x31E7, 0x31E7, 0x31E7, 0x31E7, 0x31E7, 0x31E7, 0x31E7, 0x31E7, 
0x31E7, 0x31E7, 0x31E7, 0x31E7, 0x31E7, 0x31E7, 0x31E7, 0x31E7, 0x31E7, 0x31E7, 0x31E7, 0x31E7, 
0x31E7, 0x31E7, 0x31E7, 0x31E7, 0x8447, 0x8447, 0x8447, 0x8447, 0x31E7, 0x31E7, 0x31E7, 0x31E7, 
0x31E7, 0x31E7, 0x31E7, 0x31E7, 0x31E7, 0x31E7, 0x31E7, 0x31E7, 0x31E7, 0x31E7, 0x31E7, 0x31E7, 
0x31E7, 0x31E7, 0x31E7, 0x31E7, 0x31E7, 0x31E7, 0x31E7, 0x31E7, 0x31E7, 0x31E7, 0x31E7, 0x31E7, 
0x31E7, 0x31E7, 0x31E7, 0x31E7, 0x31E7, 0x31E7, 0x31E7, 0x31E7, 0x31E7, 0x31E7, 0x31E7, 0x31E7, 
0x31E7, 0x31E7, 0x31E7, 0x31E7, 0x31E7, 0x31E7, 0x31E7, 0x31E7, 0x31E7, 0x31E7, 0x31E7, 0x31E7, 
0x31E7, 0x31E7, 0x31E7, 0x31E7, 0x31E7, 0x31E7, 0x31E7, 0x31E7, 0x31E7, 0x31E7, 0x31E7, 0x31E7, 
0x31E7, 0x31E7, 0x31E7, 0x31E7, 0x31E7, 0x31E7, 0x31E7, 0x31E7, 0x31E7, 0x31E7, 0x31E7, 0x31E7, 
0x31E7, 0x31E7, 0x31E7, 0x31E7, 0x31E7, 0x31E7, 0x31E7, 0x31E7, 0x31E7, 0x31E7, 0x31E7, 0x31E7, 
0x31E7, 0x31E7, 0x31E7, 0x31E7, 0x31E7, 0x31E7, 0x31E7, 0x31E7, 0x31E7, 0x31E7, 0x31E7, 0x31E7, 
0x31E7, 0x31E7, 0x31E7, 0x31E7, 0x31E7, 0x31E7, 0x31E7, 0x31E7, 0x31E7, 0x31E7, 0x31E7, 0x31E7, 
0x31E7, 0x31E7, 0x31E7, 0x31E7, 0x31E7, 0x31E7, 0x31E7, 0x31E7, 0x31E7, 0x31E7, 0x31E7, 0x31E7, 
0x8447, 0x8447, 0x8447, 0x8447, 0x31E7, 0x31E7, 0x31E7, 0x31E7, 0x31E7, 0x31E7, 0x31E7, 0x31E7, 
0x31E7, 0x31E7, 0x31E7, 0x31E7, 0x31E7, 0x31E7, 0x31E7, 0x31E7, 0x31E7, 0x31E7, 0x31E7, 0x31E7, 
0x31E7, 0x31E7, 0x31E7, 0x31E7, 0x31E7, 0x31E7, 0x31E7, 0x31E7, 0x31E7, 0x31E7, 0x31E7, 0x31E7, 
0x31E7, 0x31E7, 0x31E7, 0x31E7, 0x31E7, 0x31E7, 0x31E7, 0x31E7, 0x31E7, 0x31E7, 0x31E7, 0x31E7, 
0x31E7, 0x31E7, 0x31E7, 0x31E7, 0x31E7, 0x31E7, 0x31E7, 0x31E7, 0x31E7, 0x31E7, 0x31E7, 0x31E7, 
0x31E7, 0x31E7, 0x31E7, 0x31E7, 0x31E7, 0x31E7, 0x31E7, 0x31E7, 0x31E7, 0x31E7, 0x31E7, 0x31E7, 
0x31E7, 0x31E7, 0x31E7, 0x31E7, 0x31E7, 0x31E7, 0x31E7, 0x31E7, 0x31E7, 0x31E7, 0x31E7, 0x31E7, 
0x31E7, 0x31E7, 0x31E7, 0x31E7, 0x31E7, 0x31E7, 0x31E7, 0x31E7, 0x31E7, 0x31E7, 0x31E7, 0x31E7, 
0x31E7, 0x31E7, 0x31E7, 0x31E7, 0x31E7, 0x31E7, 0x31E7, 0x31E7, 0x31E7, 0x31E7, 0x31E7, 0x31E7, 
0x31E7, 0x31E7, 0x31E7, 0x31E7, 0x31E7, 0x31E7, 0x31E7, 0x31E7, 0x31E7, 0x31E7, 0x31E7, 0x31E7, 
0x31E7, 0x31E7, 0x31E7, 0x31E7, 0x31E7, 0x31E7, 0x31E7, 0x31E7, 0x31E7, 0x31E7, 0x8447, 0x8447, 
0x31E7, 0x31E7, 0x31E7, 0x31E7, 0x31E7, 0x31E7, 0x31E7, 0x31E7, 0x31E7, 0x31E7, 0x31E7, 0x31E7, 
0x31E7, 0x31E7, 0x31E7, 0x31E7, 0x31E7, 0x31E7, 0x31E7, 0x31E7, 0x31E7, 0x31E7, 0x31E7, 0x31E7, 
0x31E7, 0x31E7, 0x31E7, 0x31E7, 0x31E7, 0x31E7, 0x31E7, 0x31E7, 0x31E7, 0x31E7, 0x31E7, 0x31E7, 
0x31E7, 0x31E7, 0x31E7, 0x31E7, 0x31E7, 0x31E7, 0x31E7, 0x31E7, 0x31E7, 0x31E7, 0x31E7, 0x31E7, 
0x31E7, 0x31E7, 0x31E7, 0x31E7, 0x31E7, 0x31E7, 0x31E7, 0x31E7, 0x31E7, 0x31E7, 0x31E7, 0x31E7, 
0x31E7, 0x31E7, 0x31E7, 0x31E7, 0x31E7, 0x31E7, 0x31E7, 0x31E7, 0x31E7, 0x31E7, 0x31E7, 0x31E7, 
0x31E7, 0x31E7, 0x31E7, 0x31E7, 0x31E7, 0x31E7, 0x31E7, 0x31E7, 0x31E7, 0x31E7, 0x31E7, 0x31E7, 
0x31E7, 0x31E7, 0x31E7, 0x31E7, 0x31E7, 0x31E7, 0x31E7, 0x31E7, 0x31E7, 0x31E7, 0x31E7, 0x31E7, 
0x31E7, 0x31E7, 0x31E7, 0x31E7, 0x31E7, 0x31E7, 0x31E7, 0x31E7, 0x31E7, 0x31E7, 0x31E7, 0x31E7, 
0x31E7, 0x31E7, 0x31E7, 0x31E7, 0x31E7, 0x31E7, 0x31E7, 0x31E7, 0x31E7, 0x31E7, 0x31E7, 0x31E7, 
0x31E7, 0x31E7, 0x31E7, 0x31E7, 0x31E7, 0x31E7, 0x8447, 0x8447, 0x31E7, 0x31E7, 0x31E7, 0x31E7, 
0x31E7, 0x31E7, 0x31E7, 0x31E7, 0x31E7, 0x31E7, 0x31E7, 0x31E7, 0x31E7, 0x31E7, 0x31E7, 0x31E7, 
0x31E7, 0x31E7, 0x31E7, 0x31E7, 0x31E7, 0x31E7, 0x31E7, 0x31E7, 0x31E7, 0x31E7, 0x31E7, 0x31E7, 
0x31E7, 0x31E7, 0x31E7, 0x31E7, 0x31E7, 0x31E7, 0x31E7, 0x31E7, 0x31E7, 0x31E7, 0x31E7, 0x31E7, 
0x31E7, 0x31E7, 0x31E7, 0x31E7, 0x31E7, 0x31E7, 0x31E7, 0x31E7, 0x31E7, 0x31E7, 0x31E7, 0x31E7, 
0x31E7, 0x31E7, 0x31E7, 0x31E7, 0x31E7, 0x31E7, 0x31E7, 0x31E7, 0x31E7, 0x31E7, 0x31E7, 0x31E7, 
0x31E7, 0x31E7, 0x31E7, 0x31E7, 0x31E7, 0x31E7, 0x31E7, 0x31E7, 0x31E7, 0x31E7, 0x31E7, 0x31E7, 
0x31E7, 0x31E7, 0x31E7, 0x31E7, 0x31E7, 0x31E7, 0x31E7, 0x31E7, 0x31E7, 0x31E7, 0x31E7, 0x31E7, 
0x31E7, 0x31E7, 0x31E7, 0x31E7, 0x31E7, 0x31E7, 0x31E7, 0x31E7, 0x31E7, 0x31E7, 0x31E7, 0x31E7, 
0x31E7, 0x31E7, 0x31E7, 0x31E7, 0x31E7, 0x31E7, 0x31E7, 0x31E7, 0x31E7, 0x31E7, 0x31E7, 0x31E7, 
0x31E7, 0x31E7, 0x31E7, 0x31E7, 0x31E7, 0x31E7, 0x31E7, 0x31E7, 0x31E7, 0x31E7, 0x31E7, 0x31E7, 
0x31E7, 0x31E7, 0x31E7, 0x31E7, 0x31E7, 0x31E7, 0x31E7, 0x31E7, 0x31E7, 0x31E7, 0x31E7, 0x31E7, 
0x31E7, 0x31E7, 0x31E7, 0x31E7, 0x31E7, 0x31E7, 0x31E7, 0x31E7, 0x31E7, 0x31E7, 0x83F0, 0x83F0, 
0x31E7, 0x31E7, 0x31E7, 0x31E7, 0xDD0C, 0xDD0C, 0xDD0C, 0xDD0C, 0xDD0C, 0xDD0C, 0x31E7, 0x31E7, 
0x31E7, 0x31E7, 0x31E7, 0x31E7, 0x31E7, 0x31E7, 0x31E7, 0x31E7, 0x31E7, 0x31E7, 0x31E7, 0x31E7, 
0x31E7, 0x31E7, 0x31E7, 0x31E7, 0x31E7, 0x31E7, 0x31E7, 0x31E7, 0x31E7, 0x31E7, 0x31E7, 0x31E7, 
0x31E7, 0x31E7, 0x31E7, 0x31E7, 0x31E7, 0x31E7, 0x31E7, 0x31E7, 0x31E7, 0x31E7, 0x31E7, 0x31E7, 
0x31E7, 0x31E7, 0x31E7, 0x31E7, 0x31E7, 0x31E7, 0x31E7, 0x31E7, 0x31E7, 0x31E7, 0x31E7, 0x31E7, 
0x31E7, 0x31E7, 0x31E7, 0x31E7, 0x31E7, 0x31E7, 0x31E7, 0x31E7, 0x31E7, 0x31E7, 0x31E7, 0x31E7, 
0x31E7, 0x31E7, 0x31E7, 0x31E7, 0x31E7, 0x31E7, 0x31E7, 0x31E7, 0x31E7, 0x31E7, 0x31E7, 0x31E7, 
0x31E7, 0x31E7, 0x31E7, 0x31E7, 0x31E7, 0x31E7, 0x31E7, 0x31E7, 0x31E7, 0x31E7, 0x31E7, 0x31E7, 
0x31E7, 0x31E7, 0x31E7, 0x31E7, 0x31E7, 0x31E7, 0x31E7, 0x31E7, 0x31E7, 0x31E7, 0x31E7, 0x31E7, 
0x31E7, 0x31E7, 0x31E7, 0x31E7, 0x31E7, 0x31E7, 0x31E7, 0x31E7, 0x31E7, 0x31E7, 0x31E7, 0x31E7, 
0x31E7, 0x31E7, 0x31E7, 0x31E7, 0x31E7, 0x31E7, 0x83F0, 0x83F0, 0x31E7, 0x31E7, 0x31E7, 0x31E7, 
0xDD0C, 0xDD0C, 0xDD0C, 0xDD0C, 0xDD0C, 0xDD0C, 0x31E7, 0x31E7, 0x31E7, 0x31E7, 0x31E7, 0x31E7, 
0x31E7, 0x31E7, 0x31E7, 0x31E7, 0x31E7, 0x31E7, 0x31E7, 0x31E7, 0x31E7, 0x31E7, 0x31E7, 0x31E7, 
0x31E7, 0x31E7, 0x31E7, 0x31E7, 0x31E7, 0x31E7, 0x31E7, 0x31E7, 0x31E7, 0x31E7, 0x31E7, 0x31E7, 
0x31E7, 0x31E7, 0x31E7, 0x31E7, 0x31E7, 0x31E7, 0x31E7, 0x31E7, 0x31E7, 0x31E7, 0x31E7, 0x31E7, 
0x31E7, 0x31E7, 0x31E7, 0x31E7, 0x31E7, 0x31E7, 0x31E7, 0x31E7, 0x31E7, 0x31E7, 0x31E7, 0x31E7, 
0x31E7, 0x31E7, 0x31E7, 0x31E7, 0x31E7, 0x31E7, 0x31E7, 0x31E7, 0x31E7, 0x31E7, 0x31E7, 0x31E7, 
0x31E7, 0x31E7, 0x31E7, 0x31E7, 0x31E7, 0x31E7, 0x31E7, 0x31E7, 0x31E7, 0x31E7, 0x31E7, 0x31E7, 
0x31E7, 0x31E7, 0x31E7, 0x31E7, 0x31E7, 0x31E7, 0x31E7, 0x31E7, 0x31E7, 0x31E7, 0x31E7, 0x31E7, 
0x31E7, 0x31E7, 0x31E7, 0x31E7, 0x31E7, 0x31E7, 0x31E7, 0x31E7, 0x31E7, 0x31E7, 0x31E7, 0x31E7, 
0x31E7, 0x31E7, 0x31E7, 0x31E7, 0x31E7, 0x31E7, 0x31E7, 0x31E7, 0x31E7, 0x31E7, 0x31E7, 0x31E7, 
0x83F0, 0x83F0, 0x83F0, 0x83F0, 0x83F0, 0x83F0, 0xDD0C, 0xDD0C, 0xDD0C, 0xDD0C, 0xDD0C, 0xDD0C, 
0xDD0C, 0xDD0C, 0x31E7, 0x31E7, 0x31E7, 0x31E7, 0x31E7, 0x31E7, 0x31E7, 0x31E7, 0x31E7, 0x31E7, 
0x31E7, 0x31E7, 0x31E7, 0x31E7, 0x31E7, 0x31E7, 0x31E7, 0x31E7, 0x31E7, 0x31E7, 0x31E7, 0x31E7, 
0x31E7, 0x31E7, 0x31E7, 0x31E7, 0x31E7, 0x31E7, 0x31E7, 0x31E7, 0x31E7, 0x31E7, 0x31E7, 0x31E7, 
0x31E7, 0x31E7, 0x31E7, 0x31E7, 0x31E7, 0x31E7, 0x31E7, 0x31E7, 0x31E7, 0x31E7, 0x31E7, 0x31E7, 
0x31E7, 0x31E7, 0x31E7, 0x31E7, 0x31E7, 0x31E7, 0x31E7, 0x31E7, 0x31E7, 0x31E7, 0x31E7, 0x31E7, 
0x31E7, 0x31E7, 0x31E7, 0x31E7, 0x31E7, 0x31E7, 0x31E7, 0x31E7, 0x31E7, 0x31E7, 0x31E7, 0x31E7, 
0x31E7, 0x31E7, 0x31E7, 0x31E7, 0x31E7, 0x31E7, 0x31E7, 0x31E7, 0x31E7, 0x31E7, 0x31E7, 0x31E7, 
0x31E7, 0x31E7, 0x31E7, 0x31E7, 0x31E7, 0x31E7, 0x31E7, 0x31E7, 0x31E7, 0x31E7, 0x31E7, 0x31E7, 
0x31E7, 0x31E7, 0x31E7, 0x31E7, 0x31E7, 0x31E7, 0x31E7, 0x31E7, 0x31E7, 0x31E7, 0x31E7, 0x31E7, 
0x31E7, 0x31E7, 0x31E7, 0x31E7, 0x31E7, 0x31E7, 0x31E7, 0x31E7, 0x83F0, 0x83F0, 0x83F0, 0x83F0, 
0x83F0, 0x83F0, 0xDD0C, 0xDD0C, 0xDD0C, 0xDD0C, 0xDD0C, 0xDD0C, 0xDD0C, 0xDD0C, 0x31E7, 0x31E7, 
0x31E7, 0x31E7, 0x31E7, 0x31E7, 0x31E7, 0x31E7, 0x31E7, 0x31E7, 0x31E7, 0x31E7, 0x31E7, 0x31E7, 
0x31E7, 0x31E7, 0x31E7, 0x31E7, 0x31E7, 0x31E7, 0x31E7, 0x31E7, 0x31E7, 0x31E7, 0x31E7, 0x31E7, 
0x31E7, 0x31E7, 0x31E7, 0x31E7, 0x31E7, 0x31E7, 0x31E7, 0x31E7, 0x31E7, 0x31E7, 0x31E7, 0x31E7, 
0x31E7, 0x31E7, 0x31E7, 0x31E7, 0x31E7, 0x31E7, 0x31E7, 0x31E7, 0x31E7, 0x31E7, 0x31E7, 0x31E7, 
0x31E7, 0x31E7, 0x31E7, 0x31E7, 0x31E7, 0x31E7, 0x31E7, 0x31E7, 0x31E7, 0x31E7, 0x31E7, 0x31E7, 
0x31E7, 0x31E7, 0x31E7, 0x31E7, 0x31E7, 0x31E7, 0x31E7, 0x31E7, 0x34AD, 0x34AD, 0x34AD, 0x34AD, 
0x34AD, 0x34AD, 0x34AD, 0x34AD, 0x34AD, 0x34AD, 0x34AD, 0x34AD, 0x31E7, 0x31E7, 0x31E7, 0x31E7, 
0x31E7, 0x31E7, 0x31E7, 0x31E7, 0x31E7, 0x31E7, 0x31E7, 0x31E7, 0x31E7, 0x31E7, 0x31E7, 0x31E7, 
0x31E7, 0x31E7, 0x31E7, 0x31E7, 0x31E7, 0x31E7, 0x31E7, 0x31E7, 0x31E7, 0x31E7, 0x31E7, 0x31E7, 
0x31E7, 0x31E7, 0x31E7, 0x31E7, 0x83F0, 0x83F0, 0x83F0, 0x83F0, 0x83F0, 0x83F0, 0xDD0C, 0xDD0C, 
0xDD0C, 0xDD0C, 0xDD0C, 0xDD0C, 0xDD0C, 0xDD0C, 0x31E7, 0x31E7, 0x31E7, 0x31E7, 0x31E7, 0x31E7, 
0x31E7, 0x31E7, 0x31E7, 0x31E7, 0x31E7, 0x31E7, 0x31E7, 0x31E7, 0x31E7, 0x31E7, 0x31E7, 0x31E7, 
0x31E7, 0x31E7, 0x31E7, 0x31E7, 0x31E7, 0x31E7, 0x31E7, 0x31E7, 0x31E7, 0x31E7, 0x31E7, 0x31E7, 
0x31E7, 0x31E7, 0x31E7, 0x31E7, 0x31E7, 0x31E7, 0x31E7, 0x31E7, 0x31E7, 0x31E7, 0x31E7, 0x31E7, 
0x31E7, 0x31E7, 0x31E7, 0x31E7, 0x31E7, 0x31E7, 0x31E7, 0x31E7, 0x31E7, 0x31E7, 0x31E7, 0x31E7, 
0x31E7, 0x31E7, 0x31E7, 0x31E7, 0x31E7, 0x31E7, 0x31E7, 0x31E7, 0x31E7, 0x31E7, 0x31E7, 0x31E7, 
0x31E7, 0x31E7, 0x31E7, 0x31E7, 0x34AD, 0x34AD, 0x34AD, 0x34AD, 0x34AD, 0x34AD, 0x34AD, 0x34AD, 
0x34AD, 0x34AD, 0x34AD, 0x34AD, 0x31E7, 0x31E7, 0x31E7, 0x31E7, 0x31E7, 0x31E7, 0x31E7, 0x31E7, 
0x31E7, 0x31E7, 0x31E7, 0x31E7, 0x31E7, 0x31E7, 0x31E7, 0x31E7, 0x31E7, 0x31E7, 0x31E7, 0x31E7, 
0x31E7, 0x31E7, 0x31E7, 0x31E7, 0x31E7, 0x31E7, 0x31E7, 0x31E7, 0x31E7, 0x31E7, 0x31E7, 0x31E7, 
0x83F0, 0x83F0, 0x83F0, 0x83F0, 0x83F0, 0x83F0, 0xDD0C, 0xDD0C, 0xDD0C, 0xDD0C, 0xDD0C, 0xDD0C, 
0xDD0C, 0xDD0C, 0x31E7, 0x31E7, 0x31E7, 0x31E7, 0x31E7, 0x31E7, 0x31E7, 0x31E7, 0x31E7, 0x31E7, 
0x31E7, 0x31E7, 0x31E7, 0x31E7, 0x31E7, 0x31E7, 0x31E7, 0x31E7, 0x31E7, 0x31E7, 0x31E7, 0x31E7, 
0x31E7, 0x31E7, 0x31E7, 0x31E7, 0x31E7, 0x31E7, 0x31E7, 0x31E7, 0x34AD, 0x34AD, 0x34AD, 0x34AD, 
0x34AD, 0x34AD, 0x34AD, 0x34AD, 0x34AD, 0x34AD, 0x34AD, 0x34AD, 0x31E7, 0x31E7, 0x31E7, 0x31E7, 
0x31E7, 0x31E7, 0x31E7, 0x31E7, 0x31E7, 0x31E7, 0x31E7, 0x31E7, 0x31E7, 0x31E7, 0x31E7, 0x31E7, 
0x31E7, 0x31E7, 0x31E7, 0x31E7, 0x31E7, 0x31E7, 0x31E7, 0x31E7, 0x31E7, 0x31E7, 0x34AD, 0x34AD, 
0x34AD, 0x34AD, 0x31E7, 0x31E7, 0x31E7, 0x31E7, 0x31E7, 0x31E7, 0x31E7, 0x31E7, 0x34AD, 0x34AD, 
0x34AD, 0x34AD, 0x31E7, 0x31E7, 0x31E7, 0x31E7, 0x31E7, 0x31E7, 0x31E7, 0x31E7, 0x31E7, 0x31E7, 
0x31E7, 0x31E7, 0x31E7, 0x31E7, 0x31E7, 0x31E7, 0x31E7, 0x31E7, 0x31E7, 0x31E7, 0x31E7, 0x31E7, 
0x31E7, 0x31E7, 0x31E7, 0x31E7, 0x83F0, 0x83F0, 0x83F0, 0x83F0, 0x83F0, 0x83F0, 0x83F0, 0x83F0, 
0x83F0, 0x83F0, 0x83F0, 0x83F0, 0xDD0C, 0xDD0C, 0xDD0C, 0xDD0C, 0xDD0C, 0xDD0C, 0x31E7, 0x31E7, 
0x31E7, 0x31E7, 0x31E7, 0x31E7, 0x31E7, 0x31E7, 0x31E7, 0x31E7, 0x31E7, 0x31E7, 0x31E7, 0x31E7, 
0x31E7, 0x31E7, 0x31E7, 0x31E7, 0x31E7, 0x31E7, 0x31E7, 0x31E7, 0x31E7, 0x31E7, 0x31E7, 0x31E7, 
0x31E7, 0x31E7, 0x31E7, 0x31E7, 0x34AD, 0x34AD, 0x34AD, 0x34AD, 0x34AD, 0x34AD, 0x34AD, 0x34AD, 
0x34AD, 0x34AD, 0x34AD, 0x34AD, 0x31E7, 0x31E7, 0x31E7, 0x31E7, 0x31E7, 0x31E7, 0x31E7, 0x31E7, 
0x31E7, 0x31E7, 0x31E7, 0x31E7, 0x31E7, 0x31E7, 0x31E7, 0x31E7, 0x31E7, 0x31E7, 0x31E7, 0x31E7, 
0x31E7, 0x31E7, 0x31E7, 0x31E7, 0x31E7, 0x31E7, 0x34AD, 0x34AD, 0x34AD, 0x34AD, 0x31E7, 0x31E7, 
0x31E7, 0x31E7, 0x31E7, 0x31E7, 0x31E7, 0x31E7, 0x34AD, 0x34AD, 0x34AD, 0x34AD, 0x31E7, 0x31E7, 
0x31E7, 0x31E7, 0x31E7, 0x31E7, 0x31E7, 0x31E7, 0x31E7, 0x31E7, 0x31E7, 0x31E7, 0x31E7, 0x31E7, 
0x31E7, 0x31E7, 0x31E7, 0x31E7, 0x31E7, 0x31E7, 0x31E7, 0x31E7, 0x31E7, 0x31E7, 0x31E7, 0x31E7, 
0x83F0, 0x83F0, 0x83F0, 0x83F0, 0x83F0, 0x83F0, 0x83F0, 0x83F0, 0x83F0, 0x83F0, 0x83F0, 0x83F0, 
0xDD0C, 0xDD0C, 0xDD0C, 0xDD0C, 0xDD0C, 0xDD0C, 0x31E7, 0x31E7, 0x31E7, 0x31E7, 0x31E7, 0x31E7, 
0x31E7, 0x31E7, 0x31E7, 0x31E7, 0x31E7, 0x31E7, 0x31E7, 0x31E7, 0x31E7, 0x31E7, 0x31E7, 0x31E7, 
0x31E7, 0x31E7, 0x31E7, 0x31E7, 0x31E7, 0x31E7, 0x31E7, 0x31E7, 0x31E7, 0x31E7, 0x34AD, 0x34AD, 
0x34AD, 0x34AD, 0x34AD, 0x34AD, 0x34AD, 0x34AD, 0x34AD, 0x34AD, 0x34AD, 0x34AD, 0x34AD, 0x34AD, 
0x34AD, 0x34AD, 0x31E7, 0x31E7, 0x31E7, 0x31E7, 0x31E7, 0x31E7, 0x31E7, 0x31E7, 0x31E7, 0x31E7, 
0x31E7, 0x31E7, 0x31E7, 0x31E7, 0x31E7, 0x31E7, 0x31E7, 0x31E7, 0x31E7, 0x31E7, 0x31E7, 0x31E7, 
0x31E7, 0x31E7, 0x34AD, 0x34AD, 0x34AD, 0x34AD, 0x31E7, 0x31E7, 0xFFFF, 0xFFFF, 0xFFFF, 0xFFFF, 
0x31E7, 0x31E7, 0x34AD, 0x34AD, 0x34AD, 0x34AD, 0x34AD, 0x34AD, 0x31E7, 0x31E7, 0x31E7, 0x31E7, 
0x31E7, 0x31E7, 0x31E7, 0x31E7, 0x31E7, 0x31E7, 0x31E7, 0x31E7, 0x31E7, 0x31E7, 0x31E7, 0x31E7, 
0x31E7, 0x31E7, 0x31E7, 0x31E7, 0x31E7, 0x31E7, 0x31E7, 0x31E7, 0x83F0, 0x83F0, 0x83F0, 0x83F0, 
0x83F0, 0x83F0, 0x83F0, 0x83F0, 0x83F0, 0x83F0, 0x83F0, 0x83F0, 0xDD0C, 0xDD0C, 0xDD0C, 0xDD0C, 
0x31E7, 0x31E7, 0x31E7, 0x31E7, 0x31E7, 0x31E7, 0x31E7, 0x31E7, 0x31E7, 0x31E7, 0x31E7, 0x31E7, 
0x31E7, 0x31E7, 0x31E7, 0x31E7, 0x31E7, 0x31E7, 0x31E7, 0x31E7, 0x31E7, 0x31E7, 0x31E7, 0x31E7, 
0x31E7, 0x31E7, 0x31E7, 0x31E7, 0x31E7, 0x31E7, 0x34AD, 0x34AD, 0x34AD, 0x34AD, 0x34AD, 0x34AD, 
0x34AD, 0x34AD, 0x34AD, 0x34AD, 0x34AD, 0x34AD, 0x34AD, 0x34AD, 0x34AD, 0x34AD, 0x31E7, 0x31E7, 
0x31E7, 0x31E7, 0x31E7, 0x31E7, 0x31E7, 0x31E7, 0x31E7, 0x31E7, 0x31E7, 0x31E7, 0x31E7, 0x31E7, 
0x31E7, 0x31E7, 0x31E7, 0x31E7, 0x31E7, 0x31E7, 0x31E7, 0x31E7, 0x31E7, 0x31E7, 0x34AD, 0x34AD, 
0x34AD, 0x34AD, 0x31E7, 0x31E7, 0xFFFF, 0xFFFF, 0xFFFF, 0xFFFF, 0x31E7, 0x31E7, 0x34AD, 0x34AD, 
0x34AD, 0x34AD, 0x34AD, 0x34AD, 0x31E7, 0x31E7, 0x31E7, 0x31E7, 0x31E7, 0x31E7, 0x31E7, 0x31E7, 
0x31E7, 0x31E7, 0x31E7, 0x31E7, 0x31E7, 0x31E7, 0x31E7, 0x31E7, 0x31E7, 0x31E7, 0x31E7, 0x31E7, 
0x31E7, 0x31E7, 0x31E7, 0x31E7, 0x83F0, 0x83F0, 0x83F0, 0x83F0, 0x83F0, 0x83F0, 0x83F0, 0x83F0, 
0x83F0, 0x83F0, 0x83F0, 0x83F0, 0xDD0C, 0xDD0C, 0xDD0C, 0xDD0C, 0x31E7, 0x31E7, 0x31E7, 0x31E7, 
0x31E7, 0x31E7, 0x31E7, 0x31E7, 0x31E7, 0x31E7, 0x31E7, 0x31E7, 0x31E7, 0x31E7, 0x31E7, 0x31E7, 
0x31E7, 0x31E7, 0x31E7, 0x31E7, 0x31E7, 0x31E7, 0x31E7, 0x31E7, 0x31E7, 0x31E7, 0x31E7, 0x31E7, 
0x31E7, 0x31E7, 0x34AD, 0x34AD, 0x31E7, 0x31E7, 0x31E7, 0x31E7, 0x31E7, 0x31E7, 0x31E7, 0x31E7, 
0x31E7, 0x31E7, 0x34AD, 0x34AD, 0x34AD, 0x34AD, 0x34AD, 0x34AD, 0x31E7, 0x31E7, 0x31E7, 0x31E7, 
0x31E7, 0x31E7, 0x31E7, 0x31E7, 0x31E7, 0x31E7, 0x31E7, 0x31E7, 0x31E7, 0x31E7, 0x31E7, 0x31E7, 
0x31E7, 0x31E7, 0x31E7, 0x31E7, 0x34AD, 0x34AD, 0x34AD, 0x34AD, 0x34AD, 0x34AD, 0x31E7, 0x31E7, 
0xFFFF, 0xFFFF, 0x31E7, 0x31E7, 0x31E7, 0x31E7, 0x31E7, 0x31E7, 0x34AD, 0x34AD, 0x34AD, 0x34AD, 
0x31E7, 0x31E7, 0x31E7, 0x31E7, 0x31E7, 0x31E7, 0x31E7, 0x31E7, 0x31E7, 0x31E7, 0x31E7, 0x31E7, 
0x31E7, 0x31E7, 0x31E7, 0x31E7, 0x31E7, 0x31E7, 0x31E7, 0x31E7, 0x31E7, 0x31E7, 0x83F0, 0x83F0, 
0x83F0, 0x83F0, 0x83F0, 0x83F0, 0x83F0, 0x83F0, 0x83F0, 0x83F0, 0x83F0, 0x83F0, 0x83F0, 0x83F0, 
0x83F0, 0x83F0, 0x31E7, 0x31E7, 0x31E7, 0x31E7, 0x31E7, 0x31E7, 0x31E7, 0x31E7, 0x31E7, 0x31E7, 
0x31E7, 0x31E7, 0x31E7, 0x31E7, 0x31E7, 0x31E7, 0x31E7, 0x31E7, 0x31E7, 0x31E7, 0x31E7, 0x31E7, 
0x31E7, 0x31E7, 0x31E7, 0x31E7, 0x31E7, 0x31E7, 0x31E7, 0x31E7, 0x31E7, 0x31E7, 0x34AD, 0x34AD, 
0x31E7, 0x31E7, 0x31E7, 0x31E7, 0x31E7, 0x31E7, 0x31E7, 0x31E7, 0x31E7, 0x31E7, 0x34AD, 0x34AD, 
0x34AD, 0x34AD, 0x34AD, 0x34AD, 0x31E7, 0x31E7, 0x31E7, 0x31E7, 0x31E7, 0x31E7, 0x31E7, 0x31E7, 
0x31E7, 0x31E7, 0x31E7, 0x31E7, 0x31E7, 0x31E7, 0x31E7, 0x31E7, 0x31E7, 0x31E7, 0x31E7, 0x31E7, 
0x34AD, 0x34AD, 0x34AD, 0x34AD, 0x34AD, 0x34AD, 0x31E7, 0x31E7, 0xFFFF, 0xFFFF, 0x31E7, 0x31E7, 
0x31E7, 0x31E7, 0x31E7, 0x31E7, 0x34AD, 0x34AD, 0x34AD, 0x34AD, 0x31E7, 0x31E7, 0x31E7, 0x31E7, 
0x31E7, 0x31E7, 0x31E7, 0x31E7, 0x31E7, 0x31E7, 0x31E7, 0x31E7, 0x31E7, 0x31E7, 0x31E7, 0x31E7, 
0x31E7, 0x31E7, 0x31E7, 0x31E7, 0x31E7, 0x31E7, 0x83F0, 0x83F0, 0x83F0, 0x83F0, 0x83F0, 0x83F0, 
0x83F0, 0x83F0, 0x83F0, 0x83F0, 0x83F0, 0x83F0, 0x83F0, 0x83F0, 0x83F0, 0x83F0, 0x31E7, 0x31E7, 
0x31E7, 0x31E7, 0x31E7, 0x31E7, 0x31E7, 0x31E7, 0x31E7, 0x31E7, 0x31E7, 0x31E7, 0x31E7, 0x31E7, 
0x31E7, 0x31E7, 0x31E7, 0x31E7, 0x31E7, 0x31E7, 0x31E7, 0x31E7, 0x31E7, 0x31E7, 0x31E7, 0x31E7, 
0x31E7, 0x31E7, 0x31E7, 0x31E7, 0x34AD, 0x34AD, 0x34AD, 0x34AD, 0x31E7, 0x31E7, 0xFFFF, 0xFFFF, 
0xFFFF, 0xFFFF, 0x31E7, 0x31E7, 0x31E7, 0x31E7, 0x34AD, 0x34AD, 0x34AD, 0x34AD, 0x34AD, 0x34AD, 
0x31E7, 0x31E7, 0x31E7, 0x31E7, 0x31E7, 0x31E7, 0x31E7, 0x31E7, 0x31E7, 0x31E7, 0x31E7, 0x31E7, 
0x31E7, 0x31E7, 0x31E7, 0x31E7, 0x31E7, 0x31E7, 0x31E7, 0x31E7, 0x34AD, 0x34AD, 0x34AD, 0x34AD, 
0x34AD, 0x34AD, 0x31E7, 0x31E7, 0x31E7, 0x31E7, 0x31E7, 0x31E7, 0x31E7, 0x31E7, 0x31E7, 0x31E7, 
0x34AD, 0x34AD, 0x34AD, 0x34AD, 0x34AD, 0x34AD, 0x31E7, 0x31E7, 0x31E7, 0x31E7, 0x31E7, 0x31E7, 
0x31E7, 0x31E7, 0x31E7, 0x31E7, 0x31E7, 0x31E7, 0x31E7, 0x31E7, 0x31E7, 0x31E7, 0x31E7, 0x31E7, 
0x83F0, 0x83F0, 0x83F0, 0x83F0, 0x83F0, 0x83F0, 0x83F0, 0x83F0, 0x83F0, 0x83F0, 0x83F0, 0x83F0, 
0x83F0, 0x83F0, 0x83F0, 0x83F0, 0x83F0, 0x83F0, 0x83F0, 0x83F0, 0x31E7, 0x31E7, 0x31E7, 0x31E7, 
0x31E7, 0x31E7, 0x31E7, 0x31E7, 0x31E7, 0x31E7, 0x31E7, 0x31E7, 0x31E7, 0x31E7, 0x31E7, 0x31E7, 
0x31E7, 0x31E7, 0x31E7, 0x31E7, 0x31E7, 0x31E7, 0x31E7, 0x31E7, 0x31E7, 0x31E7, 0x31E7, 0x31E7, 
0x34AD, 0x34AD, 0x34AD, 0x34AD, 0x31E7, 0x31E7, 0xFFFF, 0xFFFF, 0xFFFF, 0xFFFF, 0x31E7, 0x31E7, 
0x31E7, 0x31E7, 0x34AD, 0x34AD, 0x34AD, 0x34AD, 0x34AD, 0x34AD, 0x31E7, 0x31E7, 0x31E7, 0x31E7, 
0x31E7, 0x31E7, 0x31E7, 0x31E7, 0x31E7, 0x31E7, 0x31E7, 0x31E7, 0x31E7, 0x31E7, 0x31E7, 0x31E7, 
0x31E7, 0x31E7, 0x31E7, 0x31E7, 0x34AD, 0x34AD, 0x34AD, 0x34AD, 0x34AD, 0x34AD, 0x31E7, 0x31E7, 
0x31E7, 0x31E7, 0x31E7, 0x31E7, 0x31E7, 0x31E7, 0x31E7, 0x31E7, 0x34AD, 0x34AD, 0x34AD, 0x34AD, 
0x34AD, 0x34AD, 0x31E7, 0x31E7, 0x31E7, 0x31E7, 0x31E7, 0x31E7, 0x31E7, 0x31E7, 0x31E7, 0x31E7, 
0x31E7, 0x31E7, 0x31E7, 0x31E7, 0x31E7, 0x31E7, 0x31E7, 0x31E7, 0x83F0, 0x83F0, 0x83F0, 0x83F0, 
0x83F0, 0x83F0, 0x83F0, 0x83F0, 0x83F0, 0x83F0, 0x83F0, 0x83F0, 0x83F0, 0x83F0, 0x83F0, 0x83F0, 
0x83F0, 0x83F0, 0x83F0, 0x83F0, 0x31E7, 0x31E7, 0x31E7, 0x31E7, 0x31E7, 0x31E7, 0x31E7, 0x31E7, 
0x31E7, 0x31E7, 0x31E7, 0x31E7, 0x31E7, 0x31E7, 0x31E7, 0x31E7, 0x31E7, 0x31E7, 0x31E7, 0x31E7, 
0x31E7, 0x31E7, 0x31E7, 0x31E7, 0x31E7, 0x31E7, 0x31E7, 0x31E7, 0x34AD, 0x34AD, 0x34AD, 0x34AD, 
0x31E7, 0x31E7, 0xFFFF, 0xFFFF, 0xFFFF, 0xFFFF, 0x31E7, 0x31E7, 0xFFFF, 0xFFFF, 0x34AD, 0x34AD, 
0x34AD, 0x34AD, 0x34AD, 0x34AD, 0x34AD, 0x34AD, 0x31E7, 0x31E7, 0x31E7, 0x31E7, 0x31E7, 0x31E7, 
0x31E7, 0x31E7, 0x31E7, 0x31E7, 0x31E7, 0x31E7, 0x31E7, 0x31E7, 0x31E7, 0x31E7, 0x31E7, 0x31E7, 
0x34AD, 0x34AD, 0x34AD, 0x34AD, 0x34AD, 0x34AD, 0x31E7, 0x31E7, 0x31E7, 0x31E7, 0xFFFF, 0xFFFF, 
0xFFFF, 0xFFFF, 0x31E7, 0x31E7, 0x34AD, 0x34AD, 0x34AD, 0x34AD, 0x34AD, 0x34AD, 0x31E7, 0x31E7, 
0x31E7, 0x31E7, 0x31E7, 0x31E7, 0x31E7, 0x31E7, 0x31E7, 0x31E7, 0x31E7, 0x31E7, 0x31E7, 0x31E7, 
0x31E7, 0x31E7, 0x31E7, 0x31E7, 0x83F0, 0x83F0, 0x83F0, 0x83F0, 0x83F0, 0x83F0, 0x83F0, 0x83F0, 
0x83F0, 0x83F0, 0x83F0, 0x83F0, 0x83F0, 0x83F0, 0x83F0, 0x83F0, 0x83F0, 0x83F0, 0x83F0, 0x83F0, 
0x83F0, 0x83F0, 0x31E7, 0x31E7, 0x31E7, 0x31E7, 0x31E7, 0x31E7, 0x31E7, 0x31E7, 0x31E7, 0x31E7, 
0x31E7, 0x31E7, 0x31E7, 0x31E7, 0x31E7, 0x31E7, 0x31E7, 0x31E7, 0x31E7, 0x31E7, 0x31E7, 0x31E7, 
0x31E7, 0x31E7, 0x31E7, 0x31E7, 0x34AD, 0x34AD, 0x34AD, 0x34AD, 0x31E7, 0x31E7, 0xFFFF, 0xFFFF, 
0xFFFF, 0xFFFF, 0x31E7, 0x31E7, 0xFFFF, 0xFFFF, 0x34AD, 0x34AD, 0x34AD, 0x34AD, 0x34AD, 0x34AD, 
0x34AD, 0x34AD, 0x31E7, 0x31E7, 0x31E7, 0x31E7, 0x31E7, 0x31E7, 0x31E7, 0x31E7, 0x31E7, 0x31E7, 
0x31E7, 0x31E7, 0x31E7, 0x31E7, 0x31E7, 0x31E7, 0x31E7, 0x31E7, 0x34AD, 0x34AD, 0x34AD, 0x34AD, 
0x34AD, 0x34AD, 0x31E7, 0x31E7, 0x31E7, 0x31E7, 0xFFFF, 0xFFFF, 0xFFFF, 0xFFFF, 0x31E7, 0x31E7, 
0x34AD, 0x34AD, 0x34AD, 0x34AD, 0x34AD, 0x34AD, 0x31E7, 0x31E7, 0x31E7, 0x31E7, 0x31E7, 0x31E7, 
0x31E7, 0x31E7, 0x31E7, 0x31E7, 0x31E7, 0x31E7, 0x31E7, 0x31E7, 0x31E7, 0x31E7, 0x31E7, 0x31E7, 
0x83F0, 0x83F0, 0x83F0, 0x83F0, 0x83F0, 0x83F0, 0x83F0, 0x83F0, 0x83F0, 0x83F0, 0x83F0, 0x83F0, 
0x83F0, 0x83F0, 0x83F0, 0x83F0, 0x83F0, 0x83F0, 0x83F0, 0x83F0, 0x83F0, 0x83F0, 0x31E7, 0x31E7, 
0x31E7, 0x31E7, 0x31E7, 0x31E7, 0x31E7, 0x31E7, 0x31E7, 0x31E7, 0x31E7, 0x31E7, 0x31E7, 0x31E7, 
0x31E7, 0x31E7, 0x31E7, 0x31E7, 0x31E7, 0x31E7, 0x31E7, 0x31E7, 0x34AD, 0x34AD, 0x34AD, 0x34AD, 
0x34AD, 0x34AD, 0x34AD, 0x34AD, 0x31E7, 0x31E7, 0x31E7, 0x31E7, 0x31E7, 0x31E7, 0xFFFF, 0xFFFF, 
0x31E7, 0x31E7, 0x34AD, 0x34AD, 0x34AD, 0x34AD, 0x34AD, 0x34AD, 0x34AD, 0x34AD, 0x31E7, 0x31E7, 
0x34AD, 0x34AD, 0x34AD, 0x34AD, 0x34AD, 0x34AD, 0x34AD, 0x34AD, 0x34AD, 0x34AD, 0x34AD, 0x34AD, 
0x34AD, 0x34AD, 0x34AD, 0x34AD, 0x34AD, 0x34AD, 0x34AD, 0x34AD, 0x34AD, 0x34AD, 0x34AD, 0x34AD, 
0x34AD, 0x34AD, 0x34AD, 0x34AD, 0x34AD, 0x34AD, 0x34AD, 0x34AD, 0x34AD, 0x34AD, 0x34AD, 0x34AD, 
0x34AD, 0x34AD, 0x31E7, 0x31E7, 0x31E7, 0x31E7, 0x31E7, 0x31E7, 0x31E7, 0x31E7, 0x31E7, 0x31E7, 
0x31E7, 0x31E7, 0x31E7, 0x31E7, 0x31E7, 0x31E7, 0x83F0, 0x83F0, 0x83F0, 0x83F0, 0x83F0, 0x83F0, 
0x83F0, 0x83F0, 0x83F0, 0x83F0, 0x83F0, 0x83F0, 0x83F0, 0x83F0, 0x83F0, 0x83F0, 0x83F0, 0x83F0, 
0x83F0, 0x83F0, 0x83F0, 0x83F0, 0x83F0, 0x83F0, 0x83F0, 0x83F0, 0x31E7, 0x31E7, 0x31E7, 0x31E7, 
0x31E7, 0x31E7, 0x31E7, 0x31E7, 0x31E7, 0x31E7, 0x31E7, 0x31E7, 0x31E7, 0x31E7, 0x31E7, 0x31E7, 
0x31E7, 0x31E7, 0x31E7, 0x31E7, 0x34AD, 0x34AD, 0x34AD, 0x34AD, 0x34AD, 0x34AD, 0x34AD, 0x34AD, 
0x31E7, 0x31E7, 0x31E7, 0x31E7, 0x31E7, 0x31E7, 0xFFFF, 0xFFFF, 0x31E7, 0x31E7, 0x34AD, 0x34AD, 
0x34AD, 0x34AD, 0x34AD, 0x34AD, 0x34AD, 0x34AD, 0x31E7, 0x31E7, 0x34AD, 0x34AD, 0x34AD, 0x34AD, 
0x34AD, 0x34AD, 0x34AD, 0x34AD, 0x34AD, 0x34AD, 0x34AD, 0x34AD, 0x34AD, 0x34AD, 0x34AD, 0x34AD, 
0x34AD, 0x34AD, 0x34AD, 0x34AD, 0x34AD, 0x34AD, 0x34AD, 0x34AD, 0x34AD, 0x34AD, 0x34AD, 0x34AD, 
0x34AD, 0x34AD, 0x34AD, 0x34AD, 0x34AD, 0x34AD, 0x34AD, 0x34AD, 0x34AD, 0x34AD, 0x31E7, 0x31E7, 
0x31E7, 0x31E7, 0x31E7, 0x31E7, 0x31E7, 0x31E7, 0x31E7, 0x31E7, 0x31E7, 0x31E7, 0x31E7, 0x31E7, 
0x31E7, 0x31E7, 0x83F0, 0x83F0, 0x83F0, 0x83F0, 0x83F0, 0x83F0, 0x83F0, 0x83F0, 0x83F0, 0x83F0, 
0x83F0, 0x83F0, 0x83F0, 0x83F0, 0x83F0, 0x83F0, 0x83F0, 0x83F0, 0x83F0, 0x83F0, 0x83F0, 0x83F0, 
0x83F0, 0x83F0, 0x83F0, 0x83F0, 0x31E7, 0x31E7, 0x31E7, 0x31E7, 0x31E7, 0x31E7, 0x31E7, 0x31E7, 
0x31E7, 0x31E7, 0x31E7, 0x31E7, 0x31E7, 0x31E7, 0x31E7, 0x31E7, 0x31E7, 0x31E7, 0x31E7, 0x31E7, 
0x34AD, 0x34AD, 0x34AD, 0x34AD, 0x34AD, 0x34AD, 0x34AD, 0x34AD, 0x31E7, 0x31E7, 0xFFFF, 0xFFFF, 
0xFFFF, 0xFFFF, 0x31E7, 0x31E7, 0x31E7, 0x31E7, 0x34AD, 0x34AD, 0x34AD, 0x34AD, 0x34AD, 0x34AD, 
0x34AD, 0x34AD, 0x34AD, 0x34AD, 0x34AD, 0x34AD, 0x34AD, 0x34AD, 0x34AD, 0x34AD, 0x34AD, 0x34AD, 
0x34AD, 0x34AD, 0x34AD, 0x34AD, 0x34AD, 0x34AD, 0x34AD, 0x34AD, 0x34AD, 0x34AD, 0x34AD, 0x34AD, 
0x34AD, 0x34AD, 0x34AD, 0x34AD, 0x34AD, 0x34AD, 0x34AD, 0x34AD, 0x34AD, 0x34AD, 0x34AD, 0x34AD, 
0x34AD, 0x34AD, 0x34AD, 0x34AD, 0x34AD, 0x34AD, 0x34AD, 0x34AD, 0x31E7, 0x31E7, 0x31E7, 0x31E7, 
0x31E7, 0x31E7, 0x31E7, 0x31E7, 0x31E7, 0x31E7, 0x31E7, 0x31E7, 0x31E7, 0x31E7, 0x83F0, 0x83F0, 
0x83F0, 0x83F0, 0x83F0, 0x83F0, 0x83F0, 0x83F0, 0x83F0, 0x83F0, 0x83F0, 0x83F0, 0x83F0, 0x83F0, 
0x83F0, 0x83F0, 0x83F0, 0x83F0, 0x83F0, 0x83F0, 0x83F0, 0x83F0, 0x83F0, 0x83F0, 0x83F0, 0x83F0, 
0x83F0, 0x83F0, 0x83F0, 0x83F0, 0x31E7, 0x31E7, 0x31E7, 0x31E7, 0x31E7, 0x31E7, 0x31E7, 0x31E7, 
0x31E7, 0x31E7, 0x31E7, 0x31E7, 0x31E7, 0x31E7, 0x31E7, 0x31E7, 0x34AD, 0x34AD, 0x34AD, 0x34AD, 
0x34AD, 0x34AD, 0x34AD, 0x34AD, 0x31E7, 0x31E7, 0xFFFF, 0xFFFF, 0xFFFF, 0xFFFF, 0x31E7, 0x31E7, 
0x31E7, 0x31E7, 0x34AD, 0x34AD, 0x34AD, 0x34AD, 0x34AD, 0x34AD, 0x34AD, 0x34AD, 0x34AD, 0x34AD, 
0x34AD, 0x34AD, 0x34AD, 0x34AD, 0x34AD, 0x34AD, 0x34AD, 0x34AD, 0x34AD, 0x34AD, 0x34AD, 0x34AD, 
0x34AD, 0x34AD, 0x34AD, 0x34AD, 0x34AD, 0x34AD, 0x34AD, 0x34AD, 0x34AD, 0x34AD, 0x34AD, 0x34AD, 
0x34AD, 0x34AD, 0x34AD, 0x34AD, 0x34AD, 0x34AD, 0x34AD, 0x34AD, 0x34AD, 0x34AD, 0x34AD, 0x34AD, 
0x34AD, 0x34AD, 0x34AD, 0x34AD, 0x31E7, 0x31E7, 0x31E7, 0x31E7, 0x31E7, 0x31E7, 0x31E7, 0x31E7, 
0x31E7, 0x31E7, 0x31E7, 0x31E7, 0x31E7, 0x31E7, 0x83F0, 0x83F0, 0x83F0, 0x83F0, 0x83F0, 0x83F0, 
0x83F0, 0x83F0, 0x83F0, 0x83F0, 0x83F0, 0x83F0, 0x83F0, 0x83F0, 0x83F0, 0x83F0, 0x83F0, 0x83F0, 
0x83F0, 0x83F0, 0x83F0, 0x83F0, 0x83F0, 0x83F0, 0x83F0, 0x83F0, 0x83F0, 0x83F0, 0x83F0, 0x83F0, 
0x31E7, 0x31E7, 0x31E7, 0x31E7, 0x31E7, 0x31E7, 0x31E7, 0x31E7, 0x31E7, 0x31E7, 0x31E7, 0x31E7, 
0x31E7, 0x31E7, 0x34AD, 0x34AD, 0x34AD, 0x34AD, 0x34AD, 0x34AD, 0x34AD, 0x34AD, 0x34AD, 0x34AD, 
0x34AD, 0x34AD, 0x34AD, 0x34AD, 0x34AD, 0x34AD, 0x34AD, 0x34AD, 0x34AD, 0x34AD, 0x34AD, 0x34AD, 
0x34AD, 0x34AD, 0x34AD, 0x34AD, 0x34AD, 0x34AD, 0x34AD, 0x34AD, 0x34AD, 0x34AD, 0x31E7, 0x31E7, 
0x34AD, 0x34AD, 0x34AD, 0x34AD, 0x34AD, 0x34AD, 0x34AD, 0x34AD, 0x34AD, 0x34AD, 0x34AD, 0x34AD, 
0x31E7, 0x31E7, 0x34AD, 0x34AD, 0x34AD, 0x34AD, 0x34AD, 0x34AD, 0x34AD, 0x34AD, 0x34AD, 0x34AD, 
0x34AD, 0x34AD, 0x34AD, 0x34AD, 0x34AD, 0x34AD, 0x34AD, 0x34AD, 0x34AD, 0x34AD, 0x34AD, 0x34AD, 
0x31E7, 0x31E7, 0x31E7, 0x31E7, 0x31E7, 0x31E7, 0x31E7, 0x31E7, 0x31E7, 0x31E7, 0x31E7, 0x31E7, 
0x31E7, 0x31E7, 0x31E7, 0x31E7, 0xDD0C, 0xDD0C, 0xDD0C, 0xDD0C, 0xDD0C, 0xDD0C, 0xDD0C, 0xDD0C, 
0xDD0C, 0xDD0C, 0x83F0, 0x83F0, 0x83F0, 0x83F0, 0x83F0, 0x83F0, 0x83F0, 0x83F0, 0x83F0, 0x83F0, 
0x83F0, 0x83F0, 0x83F0, 0x83F0, 0x83F0, 0x83F0, 0x83F0, 0x83F0, 0x83F0, 0x83F0, 0x31E7, 0x31E7, 
0x31E7, 0x31E7, 0x31E7, 0x31E7, 0x31E7, 0x31E7, 0x31E7, 0x31E7, 0x31E7, 0x31E7, 0x34AD, 0x34AD, 
0x34AD, 0x34AD, 0x34AD, 0x34AD, 0x34AD, 0x34AD, 0x34AD, 0x34AD, 0x34AD, 0x34AD, 0x34AD, 0x34AD, 
0x34AD, 0x34AD, 0x34AD, 0x34AD, 0x34AD, 0x34AD, 0x34AD, 0x34AD, 0x34AD, 0x34AD, 0x34AD, 0x34AD, 
0x34AD, 0x34AD, 0x34AD, 0x34AD, 0x34AD, 0x34AD, 0x31E7, 0x31E7, 0x34AD, 0x34AD, 0x34AD, 0x34AD, 
0x34AD, 0x34AD, 0x34AD, 0x34AD, 0x34AD, 0x34AD, 0x34AD, 0x34AD, 0x31E7, 0x31E7, 0x34AD, 0x34AD, 
0x34AD, 0x34AD, 0x34AD, 0x34AD, 0x34AD, 0x34AD, 0x34AD, 0x34AD, 0x34AD, 0x34AD, 0x34AD, 0x34AD, 
0x34AD, 0x34AD, 0x34AD, 0x34AD, 0x34AD, 0x34AD, 0x34AD, 0x34AD, 0x31E7, 0x31E7, 0x31E7, 0x31E7, 
0x31E7, 0x31E7, 0x31E7, 0x31E7, 0x31E7, 0x31E7, 0x31E7, 0x31E7, 0x31E7, 0x31E7, 0x31E7, 0x31E7, 
0xDD0C, 0xDD0C, 0xDD0C, 0xDD0C, 0xDD0C, 0xDD0C, 0xDD0C, 0xDD0C, 0xDD0C, 0xDD0C, 0x83F0, 0x83F0, 
0x83F0, 0x83F0, 0x83F0, 0x83F0, 0x83F0, 0x83F0, 0x83F0, 0x83F0, 0x83F0, 0x83F0, 0x83F0, 0x83F0, 
0x83F0, 0x83F0, 0x83F0, 0x83F0, 0x83F0, 0x83F0, 0x31E7, 0x31E7, 0x31E7, 0x31E7, 0x31E7, 0x31E7, 
0x31E7, 0x31E7, 0x31E7, 0x31E7, 0x31E7, 0x31E7, 0x34AD, 0x34AD, 0x34AD, 0x34AD, 0x34AD, 0x34AD, 
0x34AD, 0x34AD, 0x34AD, 0x34AD, 0x34AD, 0x34AD, 0x34AD, 0x34AD, 0x34AD, 0x34AD, 0x34AD, 0x34AD, 
0x34AD, 0x34AD, 0x34AD, 0x34AD, 0x34AD, 0x34AD, 0x34AD, 0x34AD, 0x34AD, 0x34AD, 0x34AD, 0x34AD, 
0x34AD, 0x34AD, 0x34AD, 0x34AD, 0x31E7, 0x31E7, 0x31E7, 0x31E7, 0x31E7, 0x31E7, 0x31E7, 0x31E7, 
0x31E7, 0x31E7, 0x31E7, 0x31E7, 0x34AD, 0x34AD, 0x34AD, 0x34AD, 0x34AD, 0x34AD, 0x34AD, 0x34AD, 
0x34AD, 0x34AD, 0x34AD, 0x34AD, 0x34AD, 0x34AD, 0x34AD, 0x34AD, 0x34AD, 0x34AD, 0x34AD, 0x34AD, 
0x34AD, 0x34AD, 0x34AD, 0x34AD, 0x31E7, 0x31E7, 0x31E7, 0x31E7, 0x31E7, 0x31E7, 0x31E7, 0x31E7, 
0x31E7, 0x31E7, 0x31E7, 0x31E7, 0x31E7, 0x31E7, 0xDD0C, 0xDD0C, 0xDD0C, 0xDD0C, 0xDD0C, 0xDD0C, 
0xDD0C, 0xDD0C, 0xDD0C, 0xDD0C, 0x31E7, 0x31E7, 0x83F0, 0x83F0, 0x83F0, 0x83F0, 0x83F0, 0x83F0, 
0x83F0, 0x83F0, 0x83F0, 0x83F0, 0x83F0, 0x83F0, 0x83F0, 0x83F0, 0x83F0, 0x83F0, 0x83F0, 0x83F0, 
0x83F0, 0x83F0, 0x83F0, 0x83F0, 0x83F0, 0x83F0, 0x83F0, 0x83F0, 0x31E7, 0x31E7, 0x31E7, 0x31E7, 
0x31E7, 0x31E7, 0x34AD, 0x34AD, 0x34AD, 0x34AD, 0x34AD, 0x34AD, 0x34AD, 0x34AD, 0x34AD, 0x34AD, 
0x34AD, 0x34AD, 0x34AD, 0x34AD, 0x34AD, 0x34AD, 0x34AD, 0x34AD, 0x34AD, 0x34AD, 0x34AD, 0x34AD, 
0x34AD, 0x34AD, 0x34AD, 0x34AD, 0x34AD, 0x34AD, 0x34AD, 0x34AD, 0x34AD, 0x34AD, 0x34AD, 0x34AD, 
0x31E7, 0x31E7, 0x31E7, 0x31E7, 0x31E7, 0x31E7, 0x31E7, 0x31E7, 0x31E7, 0x31E7, 0x31E7, 0x31E7, 
0x34AD, 0x34AD, 0x34AD, 0x34AD, 0x34AD, 0x34AD, 0x34AD, 0x34AD, 0x34AD, 0x34AD, 0x34AD, 0x34AD, 
0x34AD, 0x34AD, 0x34AD, 0x34AD, 0x34AD, 0x34AD, 0x34AD, 0x34AD, 0x34AD, 0x34AD, 0x34AD, 0x34AD, 
0x31E7, 0x31E7, 0x31E7, 0x31E7, 0x31E7, 0x31E7, 0x31E7, 0x31E7, 0x31E7, 0x31E7, 0x31E7, 0x31E7, 
0x31E7, 0x31E7, 0xDD0C, 0xDD0C, 0xDD0C, 0xDD0C, 0xDD0C, 0xDD0C, 0xDD0C, 0xDD0C, 0xDD0C, 0xDD0C, 
0x31E7, 0x31E7, 0x83F0, 0x83F0, 0x83F0, 0x83F0, 0x83F0, 0x83F0, 0x83F0, 0x83F0, 0x83F0, 0x83F0, 
0x83F0, 0x83F0, 0x83F0, 0x83F0, 0x83F0, 0x83F0, 0x83F0, 0x83F0, 0x83F0, 0x83F0, 0x83F0, 0x83F0, 
0x83F0, 0x83F0, 0x83F0, 0x83F0, 0x31E7, 0x31E7, 0x31E7, 0x31E7, 0x34AD, 0x34AD, 0x34AD, 0x34AD, 
0x34AD, 0x34AD, 0x34AD, 0x34AD, 0x34AD, 0x34AD, 0x34AD, 0x34AD, 0x34AD, 0x34AD, 0x34AD, 0x34AD, 
0x34AD, 0x34AD, 0x34AD, 0x34AD, 0x34AD, 0x34AD, 0x34AD, 0x34AD, 0x34AD, 0x34AD, 0x34AD, 0x34AD, 
0x34AD, 0x34AD, 0x34AD, 0x34AD, 0x34AD, 0x34AD, 0x31E7, 0x31E7, 0x34AD, 0x34AD, 0x34AD, 0x34AD, 
0x34AD, 0x34AD, 0x34AD, 0x34AD, 0x34AD, 0x34AD, 0x34AD, 0x34AD, 0x31E7, 0x31E7, 0x34AD, 0x34AD, 
0x34AD, 0x34AD, 0x34AD, 0x34AD, 0x34AD, 0x34AD, 0x34AD, 0x34AD, 0x34AD, 0x34AD, 0x34AD, 0x34AD, 
0x34AD, 0x34AD, 0x34AD, 0x34AD, 0x34AD, 0x34AD, 0x34AD, 0x34AD, 0x34AD, 0x34AD, 0x31E7, 0x31E7, 
0x31E7, 0x31E7, 0x31E7, 0x31E7, 0x31E7, 0x31E7, 0x31E7, 0x31E7, 0x31E7, 0x31E7, 0xDD0C, 0xDD0C, 
0xDD0C, 0xDD0C, 0xDD0C, 0xDD0C, 0xDD0C, 0xDD0C, 0x31E7, 0x31E7, 0x31E7, 0x31E7, 0x31E7, 0x31E7, 
0x83F0, 0x83F0, 0x83F0, 0x83F0, 0x83F0, 0x83F0, 0x83F0, 0x83F0, 0x83F0, 0x83F0, 0x83F0, 0x83F0, 
0x83F0, 0x83F0, 0x83F0, 0x83F0, 0x83F0, 0x83F0, 0x83F0, 0x83F0, 0x83F0, 0x83F0, 0x83F0, 0x83F0, 
0x31E7, 0x31E7, 0x31E7, 0x31E7, 0x34AD, 0x34AD, 0x34AD, 0x34AD, 0x34AD, 0x34AD, 0x34AD, 0x34AD, 
0x34AD, 0x34AD, 0x34AD, 0x34AD, 0x34AD, 0x34AD, 0x34AD, 0x34AD, 0x34AD, 0x34AD, 0x34AD, 0x34AD, 
0x34AD, 0x34AD, 0x34AD, 0x34AD, 0x34AD, 0x34AD, 0x34AD, 0x34AD, 0x34AD, 0x34AD, 0x34AD, 0x34AD, 
0x34AD, 0x34AD, 0x31E7, 0x31E7, 0x34AD, 0x34AD, 0x34AD, 0x34AD, 0x34AD, 0x34AD, 0x34AD, 0x34AD, 
0x34AD, 0x34AD, 0x34AD, 0x34AD, 0x31E7, 0x31E7, 0x34AD, 0x34AD, 0x34AD, 0x34AD, 0x34AD, 0x34AD, 
0x34AD, 0x34AD, 0x34AD, 0x34AD, 0x34AD, 0x34AD, 0x34AD, 0x34AD, 0x34AD, 0x34AD, 0x34AD, 0x34AD, 
0x34AD, 0x34AD, 0x34AD, 0x34AD, 0x34AD, 0x34AD, 0x31E7, 0x31E7, 0x31E7, 0x31E7, 0x31E7, 0x31E7, 
0x31E7, 0x31E7, 0x31E7, 0x31E7, 0x31E7, 0x31E7, 0xDD0C, 0xDD0C, 0xDD0C, 0xDD0C, 0xDD0C, 0xDD0C, 
0xDD0C, 0xDD0C, 0x31E7, 0x31E7, 0x31E7, 0x31E7, 0x31E7, 0x31E7, 0x83F0, 0x83F0, 0x83F0, 0x83F0, 
0x83F0, 0x83F0, 0x83F0, 0x83F0, 0x83F0, 0x83F0, 0x83F0, 0x83F0, 0x83F0, 0x83F0, 0x83F0, 0x83F0, 
0x83F0, 0x83F0, 0x83F0, 0x83F0, 0x83F0, 0x83F0, 0x83F0, 0x83F0, 0x31E7, 0x31E7, 0x31E7, 0x31E7, 
0x34AD, 0x34AD, 0x34AD, 0x34AD, 0x34AD, 0x34AD, 0x34AD, 0x34AD, 0x34AD, 0x34AD, 0x34AD, 0x34AD, 
0x34AD, 0x34AD, 0x34AD, 0x34AD, 0x34AD, 0x34AD, 0x34AD, 0x34AD, 0x34AD, 0x34AD, 0x34AD, 0x34AD, 
0x34AD, 0x34AD, 0x34AD, 0x34AD, 0x34AD, 0x34AD, 0x34AD, 0x34AD, 0x34AD, 0x34AD, 0x34AD, 0x34AD, 
0x34AD, 0x34AD, 0x34AD, 0x34AD, 0x34AD, 0x34AD, 0x34AD, 0x34AD, 0x34AD, 0x34AD, 0x34AD, 0x34AD, 
0x34AD, 0x34AD, 0x34AD, 0x34AD, 0x34AD, 0x34AD, 0x34AD, 0x34AD, 0x34AD, 0x34AD, 0x34AD, 0x34AD, 
0x34AD, 0x34AD, 0x34AD, 0x34AD, 0x34AD, 0x34AD, 0x34AD, 0x34AD, 0x34AD, 0x34AD, 0x34AD, 0x34AD, 
0x34AD, 0x34AD, 0x34AD, 0x34AD, 0x31E7, 0x31E7, 0x31E7, 0x31E7, 0x31E7, 0x31E7, 0x31E7, 0x31E7, 
0x31E7, 0x31E7, 0xDD0C, 0xDD0C, 0xDD0C, 0xDD0C, 0xDD0C, 0xDD0C, 0x31E7, 0x31E7, 0x31E7, 0x31E7, 
0x31E7, 0x31E7, 0x31E7, 0x31E7, 0x31E7, 0x31E7, 0x83F0, 0x83F0, 0x83F0, 0x83F0, 0x83F0, 0x83F0, 
0x83F0, 0x83F0, 0x83F0, 0x83F0, 0x83F0, 0x83F0, 0x83F0, 0x83F0, 0x83F0, 0x83F0, 0x83F0, 0x83F0, 
0x83F0, 0x83F0, 0x83F0, 0x83F0, 0x31E7, 0x31E7, 0x31E7, 0x31E7, 0x34AD, 0x34AD, 0x34AD, 0x34AD, 
0x34AD, 0x34AD, 0x34AD, 0x34AD, 0x34AD, 0x34AD, 0x34AD, 0x34AD, 0x34AD, 0x34AD, 0x34AD, 0x34AD, 
0x34AD, 0x34AD, 0x34AD, 0x34AD, 0x34AD, 0x34AD, 0x34AD, 0x34AD, 0x34AD, 0x34AD, 0x34AD, 0x34AD, 
0x34AD, 0x34AD, 0x34AD, 0x34AD, 0x34AD, 0x34AD, 0x34AD, 0x34AD, 0x34AD, 0x34AD, 0x34AD, 0x34AD, 
0x34AD, 0x34AD, 0x34AD, 0x34AD, 0x34AD, 0x34AD, 0x34AD, 0x34AD, 0x34AD, 0x34AD, 0x34AD, 0x34AD, 
0x34AD, 0x34AD, 0x34AD, 0x34AD, 0x34AD, 0x34AD, 0x34AD, 0x34AD, 0x34AD, 0x34AD, 0x34AD, 0x34AD, 
0x34AD, 0x34AD, 0x34AD, 0x34AD, 0x34AD, 0x34AD, 0x34AD, 0x34AD, 0x34AD, 0x34AD, 0x34AD, 0x34AD, 
0x31E7, 0x31E7, 0x31E7, 0x31E7, 0x31E7, 0x31E7, 0x31E7, 0x31E7, 0x31E7, 0x31E7, 0xDD0C, 0xDD0C, 
0xDD0C, 0xDD0C, 0xDD0C, 0xDD0C, 0x31E7, 0x31E7, 0x31E7, 0x31E7, 0x31E7, 0x31E7, 0x31E7, 0x31E7, 
0x31E7, 0x31E7, 0x83F0, 0x83F0, 0x83F0, 0x83F0, 0x83F0, 0x83F0, 0x83F0, 0x83F0, 0x83F0, 0x83F0, 
0x83F0, 0x83F0, 0x83F0, 0x83F0, 0x83F0, 0x83F0, 0x83F0, 0x83F0, 0x83F0, 0x83F0, 0x83F0, 0x83F0, 
0x31E7, 0x31E7, 0x31E7, 0x31E7, 0x34AD, 0x34AD, 0x34AD, 0x34AD, 0x34AD, 0x34AD, 0x34AD, 0x34AD, 
0x34AD, 0x34AD, 0x34AD, 0x34AD, 0x34AD, 0x34AD, 0x34AD, 0x34AD, 0x34AD, 0x34AD, 0x34AD, 0x34AD, 
0x34AD, 0x34AD, 0x34AD, 0x34AD, 0x34AD, 0x34AD, 0x34AD, 0x34AD, 0x34AD, 0x34AD, 0x34AD, 0x34AD, 
0x34AD, 0x34AD, 0x34AD, 0x34AD, 0x34AD, 0x34AD, 0x34AD, 0x34AD, 0x34AD, 0x34AD, 0x34AD, 0x34AD, 
0x34AD, 0x34AD, 0x34AD, 0x34AD, 0x34AD, 0x34AD, 0x34AD, 0x34AD, 0x34AD, 0x34AD, 0x34AD, 0x34AD, 
0x34AD, 0x34AD, 0x34AD, 0x34AD, 0x34AD, 0x34AD, 0x34AD, 0x34AD, 0x34AD, 0x34AD, 0x34AD, 0x34AD, 
0x34AD, 0x34AD, 0x34AD, 0x34AD, 0x34AD, 0x34AD, 0x34AD, 0x34AD, 0x31E7, 0x31E7, 0x31E7, 0x31E7, 
0x31E7, 0x31E7, 0x31E7, 0x31E7, 0xDD0C, 0xDD0C, 0xDD0C, 0xDD0C, 0xDD0C, 0xDD0C, 0xDD0C, 0xDD0C, 
0x31E7, 0x31E7, 0x31E7, 0x31E7, 0x31E7, 0x31E7, 0x31E7, 0x31E7, 0x31E7, 0x31E7, 0x83F0, 0x83F0, 
0x83F0, 0x83F0, 0x83F0, 0x83F0, 0x83F0, 0x83F0, 0x83F0, 0x83F0, 0x83F0, 0x83F0, 0x83F0, 0x83F0, 
0x83F0, 0x83F0, 0x83F0, 0x83F0, 0xF958, 0xF958, 0x31E7, 0x31E7, 0x31E7, 0x31E7, 0x31E7, 0x31E7, 
0x34AD, 0x34AD, 0x34AD, 0x34AD, 0x34AD, 0x34AD, 0x34AD, 0x34AD, 0x34AD, 0x34AD, 0x34AD, 0x34AD, 
0x34AD, 0x34AD, 0x34AD, 0x34AD, 0x34AD, 0x34AD, 0x34AD, 0x34AD, 0x34AD, 0x34AD, 0x34AD, 0x34AD, 
0x34AD, 0x34AD, 0x34AD, 0x34AD, 0x34AD, 0x34AD, 0x34AD, 0x34AD, 0x34AD, 0x34AD, 0x34AD, 0x34AD, 
0x34AD, 0x34AD, 0x34AD, 0x34AD, 0x34AD, 0x34AD, 0x34AD, 0x34AD, 0x34AD, 0x34AD, 0x34AD, 0x34AD, 
0x34AD, 0x34AD, 0x34AD, 0x34AD, 0x34AD, 0x34AD, 0x34AD, 0x34AD, 0x34AD, 0x34AD, 0x34AD, 0x34AD, 
0x34AD, 0x34AD, 0x34AD, 0x34AD, 0x34AD, 0x34AD, 0x34AD, 0x34AD, 0x34AD, 0x34AD, 0x34AD, 0x34AD, 
0x34AD, 0x34AD, 0x34AD, 0x34AD, 0x31E7, 0x31E7, 0x31E7, 0x31E7, 0x31E7, 0x31E7, 0x31E7, 0x31E7, 
0xDD0C, 0xDD0C, 0xDD0C, 0xDD0C, 0xDD0C, 0xDD0C, 0xDD0C, 0xDD0C, 0x31E7, 0x31E7, 0x31E7, 0x31E7, 
0x31E7, 0x31E7, 0x31E7, 0x31E7, 0x31E7, 0x31E7, 0x83F0, 0x83F0, 0x83F0, 0x83F0, 0x83F0, 0x83F0, 
0x83F0, 0x83F0, 0x83F0, 0x83F0, 0x83F0, 0x83F0, 0x83F0, 0x83F0, 0x83F0, 0x83F0, 0x83F0, 0x83F0, 
0xF958, 0xF958, 0x31E7, 0x31E7, 0x31E7, 0x31E7, 0x34AD, 0x34AD, 0x34AD, 0x34AD, 0x34AD, 0x34AD, 
0x34AD, 0x34AD, 0x34AD, 0x34AD, 0x34AD, 0x34AD, 0x34AD, 0x34AD, 0x34AD, 0x34AD, 0x34AD, 0x34AD, 
0x34AD, 0x34AD, 0x34AD, 0x34AD, 0x34AD, 0x34AD, 0x34AD, 0x34AD, 0x34AD, 0x34AD, 0x34AD, 0x34AD, 
0x34AD, 0x34AD, 0x34AD, 0x34AD, 0x34AD, 0x34AD, 0x34AD, 0x34AD, 0x34AD, 0x34AD, 0x34AD, 0x34AD, 
0x34AD, 0x34AD, 0x34AD, 0x34AD, 0x34AD, 0x34AD, 0x34AD, 0x34AD, 0x34AD, 0x34AD, 0x34AD, 0x34AD, 
0x34AD, 0x34AD, 0x34AD, 0x34AD, 0x34AD, 0x34AD, 0x34AD, 0x34AD, 0x34AD, 0x34AD, 0x34AD, 0x34AD, 
0x34AD, 0x34AD, 0x34AD, 0x34AD, 0x34AD, 0x34AD, 0x34AD, 0x34AD, 0x34AD, 0x34AD, 0x34AD, 0x34AD, 
0x34AD, 0x34AD, 0x31E7, 0x31E7, 0x31E7, 0x31E7, 0xDD0C, 0xDD0C, 0xDD0C, 0xDD0C, 0xDD0C, 0xDD0C, 
0xDD0C, 0xDD0C, 0x31E7, 0x31E7, 0x31E7, 0x31E7, 0x31E7, 0x31E7, 0x31E7, 0x31E7, 0x31E7, 0x31E7, 
0x31E7, 0x31E7, 0x31E7, 0x31E7, 0x83F0, 0x83F0, 0x83F0, 0x83F0, 0x83F0, 0x83F0, 0x83F0, 0x83F0, 
0x83F0, 0x83F0, 0x83F0, 0x83F0, 0x83F0, 0x83F0, 0xF958, 0xF958, 0xF958, 0xF958, 0x31E7, 0x31E7, 
0x31E7, 0x31E7, 0x34AD, 0x34AD, 0x34AD, 0x34AD, 0x34AD, 0x34AD, 0x34AD, 0x34AD, 0x34AD, 0x34AD, 
0x34AD, 0x34AD, 0x34AD, 0x34AD, 0x34AD, 0x34AD, 0x34AD, 0x34AD, 0x34AD, 0x34AD, 0x34AD, 0x34AD, 
0x34AD, 0x34AD, 0x34AD, 0x34AD, 0x34AD, 0x34AD, 0x34AD, 0x34AD, 0x34AD, 0x34AD, 0x34AD, 0x34AD, 
0x34AD, 0x34AD, 0x34AD, 0x34AD, 0x34AD, 0x34AD, 0x34AD, 0x34AD, 0x34AD, 0x34AD, 0x34AD, 0x34AD, 
0x34AD, 0x34AD, 0x34AD, 0x34AD, 0x34AD, 0x34AD, 0x34AD, 0x34AD, 0x34AD, 0x34AD, 0x34AD, 0x34AD, 
0x34AD, 0x34AD, 0x34AD, 0x34AD, 0x34AD, 0x34AD, 0x34AD, 0x34AD, 0x34AD, 0x34AD, 0x34AD, 0x34AD, 
0x34AD, 0x34AD, 0x34AD, 0x34AD, 0x34AD, 0x34AD, 0x34AD, 0x34AD, 0x34AD, 0x34AD, 0x31E7, 0x31E7, 
0x31E7, 0x31E7, 0xDD0C, 0xDD0C, 0xDD0C, 0xDD0C, 0xDD0C, 0xDD0C, 0xDD0C, 0xDD0C, 0x31E7, 0x31E7, 
0x31E7, 0x31E7, 0x31E7, 0x31E7, 0x31E7, 0x31E7, 0x31E7, 0x31E7, 0x31E7, 0x31E7, 0x31E7, 0x31E7, 
0x83F0, 0x83F0, 0x83F0, 0x83F0, 0x83F0, 0x83F0, 0x83F0, 0x83F0, 0x83F0, 0x83F0, 0x83F0, 0x83F0, 
0x83F0, 0x83F0, 0xF958, 0xF958, 0xF958, 0xF958, 0x31E7, 0x31E7, 0x31E7, 0x31E7, 0x34AD, 0x34AD, 
0x34AD, 0x34AD, 0x34AD, 0x34AD, 0x34AD, 0x34AD, 0x34AD, 0x34AD, 0x34AD, 0x34AD, 0x34AD, 0x34AD, 
0x34AD, 0x34AD, 0x34AD, 0x34AD, 0x34AD, 0x34AD, 0x34AD, 0x34AD, 0x34AD, 0x34AD, 0x34AD, 0x34AD, 
0x34AD, 0x34AD, 0x34AD, 0x34AD, 0x34AD, 0x34AD, 0x34AD, 0x34AD, 0x34AD, 0x34AD, 0x34AD, 0x34AD, 
0x34AD, 0x34AD, 0x34AD, 0x34AD, 0x34AD, 0x34AD, 0x34AD, 0x34AD, 0x34AD, 0x34AD, 0x34AD, 0x34AD, 
0x34AD, 0x34AD, 0x34AD, 0x34AD, 0x34AD, 0x34AD, 0x34AD, 0x34AD, 0x34AD, 0x34AD, 0x34AD, 0x34AD, 
0x34AD, 0x34AD, 0x34AD, 0x34AD, 0x34AD, 0x34AD, 0x34AD, 0x34AD, 0x34AD, 0x34AD, 0x34AD, 0x34AD, 
0x34AD, 0x34AD, 0x34AD, 0x34AD, 0x34AD, 0x34AD, 0x34AD, 0x34AD, 0xDD0C, 0xDD0C, 0xDD0C, 0xDD0C, 
0xDD0C, 0xDD0C, 0xDD0C, 0xDD0C, 0xDD0C, 0xDD0C, 0x31E7, 0x31E7, 0x31E7, 0x31E7, 0x31E7, 0x31E7, 
0x31E7, 0x31E7, 0x31E7, 0x31E7, 0x31E7, 0x31E7, 0x31E7, 0x31E7, 0x83F0, 0x83F0, 0x83F0, 0x83F0, 
0x83F0, 0x83F0, 0x83F0, 0x83F0, 0x83F0, 0x83F0, 0xF958, 0xF958, 0xF958, 0xF958, 0x31E7, 0x31E7, 
0x31E7, 0x31E7, 0x31E7, 0x31E7, 0x31E7, 0x31E7, 0x34AD, 0x34AD, 0x34AD, 0x34AD, 0x34AD, 0x34AD, 
0x34AD, 0x34AD, 0x34AD, 0x34AD, 0x34AD, 0x34AD, 0x34AD, 0x34AD, 0x34AD, 0x34AD, 0x34AD, 0x34AD, 
0x34AD, 0x34AD, 0x34AD, 0x34AD, 0x34AD, 0x34AD, 0x34AD, 0x34AD, 0x34AD, 0x34AD, 0x34AD, 0x34AD, 
0x34AD, 0x34AD, 0x34AD, 0x34AD, 0x34AD, 0x34AD, 0x34AD, 0x34AD, 0x34AD, 0x34AD, 0x34AD, 0x34AD, 
0x34AD, 0x34AD, 0x34AD, 0x34AD, 0x34AD, 0x34AD, 0x34AD, 0x34AD, 0x34AD, 0x34AD, 0x34AD, 0x34AD, 
0x34AD, 0x34AD, 0x34AD, 0x34AD, 0x34AD, 0x34AD, 0x34AD, 0x34AD, 0x34AD, 0x34AD, 0x34AD, 0x34AD, 
0x34AD, 0x34AD, 0x34AD, 0x34AD, 0x34AD, 0x34AD, 0x34AD, 0x34AD, 0x34AD, 0x34AD, 0x34AD, 0x34AD, 
0x34AD, 0x34AD, 0x34AD, 0x34AD, 0xDD0C, 0xDD0C, 0xDD0C, 0xDD0C, 0xDD0C, 0xDD0C, 0xDD0C, 0xDD0C, 
0xDD0C, 0xDD0C, 0x31E7, 0x31E7, 0x31E7, 0x31E7, 0x31E7, 0x31E7, 0x31E7, 0x31E7, 0x31E7, 0x31E7, 
0x31E7, 0x31E7, 0x31E7, 0x31E7, 0x83F0, 0x83F0, 0x83F0, 0x83F0, 0x83F0, 0x83F0, 0x83F0, 0x83F0, 
0x83F0, 0x83F0, 0xF958, 0xF958, 0xF958, 0xF958, 0x31E7, 0x31E7, 0x31E7, 0x31E7, 0x31E7, 0x31E7, 
0x31E7, 0x31E7, 0x34AD, 0x34AD, 0x34AD, 0x34AD, 0x34AD, 0x34AD, 0x34AD, 0x34AD, 0x34AD, 0x34AD, 
0x34AD, 0x34AD, 0x34AD, 0x34AD, 0x34AD, 0x34AD, 0x34AD, 0x34AD, 0x34AD, 0x34AD, 0x34AD, 0x34AD, 
0x34AD, 0x34AD, 0x34AD, 0x34AD, 0x34AD, 0x34AD, 0x34AD, 0x34AD, 0x34AD, 0x34AD, 0x34AD, 0x34AD, 
0x34AD, 0x34AD, 0x34AD, 0x34AD, 0x34AD, 0x34AD, 0x34AD, 0x34AD, 0x34AD, 0x34AD, 0x34AD, 0x34AD, 
0x34AD, 0x34AD, 0x34AD, 0x34AD, 0x34AD, 0x34AD, 0x34AD, 0x34AD, 0x34AD, 0x34AD, 0x34AD, 0x34AD, 
0x34AD, 0x34AD, 0x34AD, 0x34AD, 0x34AD, 0x34AD, 0x34AD, 0x34AD, 0x34AD, 0x34AD, 0x34AD, 0x34AD, 
0x34AD, 0x34AD, 0x34AD, 0x34AD, 0x34AD, 0x34AD, 0x34AD, 0x34AD, 0x34AD, 0x34AD, 0x34AD, 0x34AD, 
0xDD0C, 0xDD0C, 0xDD0C, 0xDD0C, 0xDD0C, 0xDD0C, 0xDD0C, 0xDD0C, 0x31E7, 0x31E7, 0x31E7, 0x31E7, 
0x31E7, 0x31E7, 0x31E7, 0x31E7, 0x31E7, 0x31E7, 0x31E7, 0x31E7, 0x31E7, 0x31E7, 0x31E7, 0x31E7, 
0x31E7, 0x31E7, 0x83F0, 0x83F0, 0x83F0, 0x83F0, 0xF958, 0xF958, 0x83F0, 0x83F0, 0xF958, 0xF958, 
0x31E7, 0x31E7, 0x31E7, 0x31E7, 0x31E7, 0x31E7, 0x31E7, 0x31E7, 0x31E7, 0x31E7, 0x34AD, 0x34AD, 
0x34AD, 0x34AD, 0x34AD, 0x34AD, 0x34AD, 0x34AD, 0x34AD, 0x34AD, 0x34AD, 0x34AD, 0x34AD, 0x34AD, 
0x34AD, 0x34AD, 0x34AD, 0x34AD, 0x34AD, 0x34AD, 0x34AD, 0x34AD, 0x34AD, 0x34AD, 0x34AD, 0x34AD, 
0x34AD, 0x34AD, 0x34AD, 0x34AD, 0x34AD, 0x34AD, 0x34AD, 0x34AD, 0x34AD, 0x34AD, 0x34AD, 0x34AD, 
0x34AD, 0x34AD, 0x34AD, 0x34AD, 0x34AD, 0x34AD, 0x34AD, 0x34AD, 0x34AD, 0x34AD, 0x34AD, 0x34AD, 
0x34AD, 0x34AD, 0x34AD, 0x34AD, 0x34AD, 0x34AD, 0x34AD, 0x34AD, 0x34AD, 0x34AD, 0x34AD, 0x34AD, 
0x34AD, 0x34AD, 0x34AD, 0x34AD, 0x34AD, 0x34AD, 0x34AD, 0x34AD, 0x34AD, 0x34AD, 0x34AD, 0x34AD, 
0x34AD, 0x34AD, 0x34AD, 0x34AD, 0x34AD, 0x34AD, 0x34AD, 0x34AD, 0xDD0C, 0xDD0C, 0xDD0C, 0xDD0C, 
0xDD0C, 0xDD0C, 0xDD0C, 0xDD0C, 0x31E7, 0x31E7, 0x31E7, 0x31E7, 0x31E7, 0x31E7, 0x31E7, 0x31E7, 
0x31E7, 0x31E7, 0x31E7, 0x31E7, 0x31E7, 0x31E7, 0x31E7, 0x31E7, 0x31E7, 0x31E7, 0x83F0, 0x83F0, 
0x83F0, 0x83F0, 0xF958, 0xF958, 0x83F0, 0x83F0, 0xF958, 0xF958, 0x31E7, 0x31E7, 0x31E7, 0x31E7, 
0x31E7, 0x31E7, 0x31E7, 0x31E7, 0x34AD, 0x34AD, 0x34AD, 0x34AD, 0x34AD, 0x34AD, 0x34AD, 0x34AD, 
0x34AD, 0x34AD, 0x34AD, 0x34AD, 0x34AD, 0x34AD, 0x34AD, 0x34AD, 0x34AD, 0x34AD, 0x34AD, 0x34AD, 
0x34AD, 0x34AD, 0x34AD, 0x34AD, 0x34AD, 0x34AD, 0x34AD, 0x34AD, 0x34AD, 0x34AD, 0x34AD, 0x34AD, 
0x34AD, 0x34AD, 0x34AD, 0x34AD, 0x34AD, 0x34AD, 0x34AD, 0x34AD, 0x34AD, 0x34AD, 0x34AD, 0x34AD, 
0x34AD, 0x34AD, 0x34AD, 0x34AD, 0x34AD, 0x34AD, 0x34AD, 0x34AD, 0x34AD, 0x34AD, 0x34AD, 0x34AD, 
0x34AD, 0x34AD, 0x34AD, 0x34AD, 0x34AD, 0x34AD, 0x34AD, 0x34AD, 0x34AD, 0x34AD, 0x34AD, 0x34AD, 
0x34AD, 0x34AD, 0x34AD, 0x34AD, 0x34AD, 0x34AD, 0x34AD, 0x34AD, 0x34AD, 0x34AD, 0x34AD, 0x34AD, 
0x34AD, 0x34AD, 0x34AD, 0x34AD, 0xDD0C, 0xDD0C, 0xDD0C, 0xDD0C, 0xDD0C, 0xDD0C, 0x31E7, 0x31E7, 
0x31E7, 0x31E7, 0x31E7, 0x31E7, 0x31E7, 0x31E7, 0x31E7, 0x31E7, 0x31E7, 0x31E7, 0x31E7, 0x31E7, 
0x31E7, 0x31E7, 0x31E7, 0x31E7, 0x31E7, 0x31E7, 0xF958, 0xF958, 0xF958, 0xF958, 0xF958, 0xF958, 
0xF958, 0xF958, 0xF958, 0xF958, 0x31E7, 0x31E7, 0x31E7, 0x31E7, 0x31E7, 0x31E7, 0x31E7, 0x31E7, 
0x34AD, 0x34AD, 0x34AD, 0x34AD, 0x34AD, 0x34AD, 0x34AD, 0x34AD, 0x34AD, 0x34AD, 0x34AD, 0x34AD, 
0x34AD, 0x34AD, 0x34AD, 0x34AD, 0x34AD, 0x34AD, 0x34AD, 0x34AD, 0x34AD, 0x34AD, 0x34AD, 0x34AD, 
0x34AD, 0x34AD, 0x34AD, 0x34AD, 0x34AD, 0x34AD, 0x34AD, 0x34AD, 0x34AD, 0x34AD, 0x34AD, 0x34AD, 
0x34AD, 0x34AD, 0x34AD, 0x34AD, 0x34AD, 0x34AD, 0x34AD, 0x34AD, 0x34AD, 0x34AD, 0x34AD, 0x34AD, 
0x34AD, 0x34AD, 0x34AD, 0x34AD, 0x34AD, 0x34AD, 0x34AD, 0x34AD, 0x34AD, 0x34AD, 0x34AD, 0x34AD, 
0x34AD, 0x34AD, 0x34AD, 0x34AD, 0x34AD, 0x34AD, 0x34AD, 0x34AD, 0x34AD, 0x34AD, 0x34AD, 0x34AD, 
0x34AD, 0x34AD, 0x34AD, 0x34AD, 0x34AD, 0x34AD, 0x34AD, 0x34AD, 0x34AD, 0x34AD, 0x34AD, 0x34AD, 
0xDD0C, 0xDD0C, 0xDD0C, 0xDD0C, 0xDD0C, 0xDD0C, 0x31E7, 0x31E7, 0x31E7, 0x31E7, 0x31E7, 0x31E7, 
0x31E7, 0x31E7, 0x31E7, 0x31E7, 0x31E7, 0x31E7, 0x31E7, 0x31E7, 0x31E7, 0x31E7, 0x31E7, 0x31E7, 
0x31E7, 0x31E7, 0xF958, 0xF958, 0xF958, 0xF958, 0xF958, 0xF958, 0xF958, 0xF958, 0xF958, 0xF958, 
0x31E7, 0x31E7, 0x31E7, 0x31E7, 0x31E7, 0x31E7, 0x31E7, 0x31E7, 0x34AD, 0x34AD, 0x34AD, 0x34AD, 
0x34AD, 0x34AD, 0x34AD, 0x34AD, 0x34AD, 0x34AD, 0x34AD, 0x34AD, 0x34AD, 0x34AD, 0x34AD, 0x34AD, 
0x34AD, 0x34AD, 0x34AD, 0x34AD, 0x34AD, 0x34AD, 0x34AD, 0x34AD, 0x34AD, 0x34AD, 0x34AD, 0x34AD, 
0x34AD, 0x34AD, 0x34AD, 0x34AD, 0x34AD, 0x34AD, 0x34AD, 0x34AD, 0x34AD, 0x34AD, 0x34AD, 0x34AD, 
0x34AD, 0x34AD, 0x34AD, 0x34AD, 0x34AD, 0x34AD, 0x34AD, 0x34AD, 0x34AD, 0x34AD, 0x34AD, 0x34AD, 
0x34AD, 0x34AD, 0x34AD, 0x34AD, 0x34AD, 0x34AD, 0x34AD, 0x34AD, 0x34AD, 0x34AD, 0x34AD, 0x34AD, 
0x34AD, 0x34AD, 0x34AD, 0x34AD, 0x34AD, 0x34AD, 0x34AD, 0x34AD, 0x34AD, 0x34AD, 0x34AD, 0x34AD, 
0x34AD, 0x34AD, 0x34AD, 0x34AD, 0x34AD, 0x34AD, 0xDD0C, 0xDD0C, 0xDD0C, 0xDD0C, 0xDD0C, 0xDD0C, 
0xDD0C, 0xDD0C, 0x31E7, 0x31E7, 0x31E7, 0x31E7, 0x31E7, 0x31E7, 0x31E7, 0x31E7, 0x31E7, 0x31E7, 
0x31E7, 0x31E7, 0x31E7, 0x31E7, 0x31E7, 0x31E7, 0x31E7, 0x31E7, 0x31E7, 0x31E7, 0xF958, 0xF958, 
0xF958, 0xF958, 0xF958, 0xF958, 0x31E7, 0x31E7, 0x31E7, 0x31E7, 0x31E7, 0x31E7, 0x31E7, 0x31E7, 
0xF958, 0xF958, 0x31E7, 0x31E7, 0x34AD, 0x34AD, 0x34AD, 0x34AD, 0x34AD, 0x34AD, 0x34AD, 0x34AD, 
0x34AD, 0x34AD, 0x34AD, 0x34AD, 0x34AD, 0x34AD, 0x34AD, 0x34AD, 0x34AD, 0x34AD, 0x34AD, 0x34AD, 
0x34AD, 0x34AD, 0x34AD, 0x34AD, 0x34AD, 0x34AD, 0x34AD, 0x34AD, 0x34AD, 0x34AD, 0x34AD, 0x34AD, 
0x34AD, 0x34AD, 0x34AD, 0x34AD, 0x34AD, 0x34AD, 0x34AD, 0x34AD, 0x34AD, 0x34AD, 0x34AD, 0x34AD, 
0x34AD, 0x34AD, 0x34AD, 0x34AD, 0x34AD, 0x34AD, 0x34AD, 0x34AD, 0x34AD, 0x34AD, 0x34AD, 0x34AD, 
0x34AD, 0x34AD, 0x34AD, 0x34AD, 0x34AD, 0x34AD, 0x34AD, 0x34AD, 0x34AD, 0x34AD, 0x34AD, 0x34AD, 
0x34AD, 0x34AD, 0x34AD, 0x34AD, 0x34AD, 0x34AD, 0x34AD, 0x34AD, 0x34AD, 0x34AD, 0x34AD, 0x34AD, 
0x34AD, 0x34AD, 0xDD0C, 0xDD0C, 0xDD0C, 0xDD0C, 0xDD0C, 0xDD0C, 0xDD0C, 0xDD0C, 0x31E7, 0x31E7, 
0x31E7, 0x31E7, 0x31E7, 0x31E7, 0x31E7, 0x31E7, 0x31E7, 0x31E7, 0x31E7, 0x31E7, 0x31E7, 0x31E7, 
0x31E7, 0x31E7, 0x31E7, 0x31E7, 0x31E7, 0x31E7, 0xF958, 0xF958, 0xF958, 0xF958, 0xF958, 0xF958, 
0x31E7, 0x31E7, 0x31E7, 0x31E7, 0x31E7, 0x31E7, 0x31E7, 0x31E7, 0xF958, 0xF958, 0x31E7, 0x31E7, 
0x34AD, 0x34AD, 0x34AD, 0x34AD, 0x34AD, 0x34AD, 0x34AD, 0x34AD, 0x34AD, 0x34AD, 0x34AD, 0x34AD, 
0x34AD, 0x34AD, 0x34AD, 0x34AD, 0x34AD, 0x34AD, 0x34AD, 0x34AD, 0x34AD, 0x34AD, 0x34AD, 0x34AD, 
0x34AD, 0x34AD, 0x34AD, 0x34AD, 0x34AD, 0x34AD, 0x34AD, 0x34AD, 0x34AD, 0x34AD, 0x34AD, 0x34AD, 
0x34AD, 0x34AD, 0x34AD, 0x34AD, 0x34AD, 0x34AD, 0x34AD, 0x34AD, 0x34AD, 0x34AD, 0x34AD, 0x34AD, 
0x34AD, 0x34AD, 0x34AD, 0x34AD, 0x34AD, 0x34AD, 0x34AD, 0x34AD, 0x34AD, 0x34AD, 0x34AD, 0x34AD, 
0x34AD, 0x34AD, 0x34AD, 0x34AD, 0x34AD, 0x34AD, 0x34AD, 0x34AD, 0x34AD, 0x34AD, 0x34AD, 0x34AD, 
0x34AD, 0x34AD, 0x34AD, 0x34AD, 0x34AD, 0x34AD, 0x34AD, 0x34AD, 0x34AD, 0x34AD, 0xDD0C, 0xDD0C, 
0xDD0C, 0xDD0C, 0xDD0C, 0xDD0C, 0x34AD, 0x34AD, 0x34AD, 0x34AD, 0x31E7, 0x31E7, 0x31E7, 0x31E7, 
0x31E7, 0x31E7, 0x31E7, 0x31E7, 0x31E7, 0x31E7, 0x31E7, 0x31E7, 0x31E7, 0x31E7, 0x31E7, 0x31E7, 
0x31E7, 0x31E7, 0xF958, 0xF958, 0xF958, 0xF958, 0x31E7, 0x31E7, 0x31E7, 0x31E7, 0x31E7, 0x31E7, 
0x31E7, 0x31E7, 0x31E7, 0x31E7, 0xF958, 0xF958, 0x31E7, 0x31E7, 0x34AD, 0x34AD, 0x34AD, 0x34AD, 
0x34AD, 0x34AD, 0x34AD, 0x34AD, 0x34AD, 0x34AD, 0x34AD, 0x34AD, 0x34AD, 0x34AD, 0x34AD, 0x34AD, 
0x34AD, 0x34AD, 0x34AD, 0x34AD, 0x34AD, 0x34AD, 0x34AD, 0x34AD, 0x34AD, 0x34AD, 0x34AD, 0x34AD, 
0x34AD, 0x34AD, 0x34AD, 0x34AD, 0x34AD, 0x34AD, 0x34AD, 0x34AD, 0x34AD, 0x34AD, 0x34AD, 0x34AD, 
0x34AD, 0x34AD, 0x34AD, 0x34AD, 0x34AD, 0x34AD, 0x34AD, 0x34AD, 0x34AD, 0x34AD, 0x34AD, 0x34AD, 
0x34AD, 0x34AD, 0x34AD, 0x34AD, 0x34AD, 0x34AD, 0x34AD, 0x34AD, 0x34AD, 0x34AD, 0x34AD, 0x34AD, 
0x34AD, 0x34AD, 0x34AD, 0x34AD, 0x34AD, 0x34AD, 0x34AD, 0x34AD, 0x34AD, 0x34AD, 0x34AD, 0x34AD, 
0x34AD, 0x34AD, 0x34AD, 0x34AD, 0x34AD, 0x34AD, 0xDD0C, 0xDD0C, 0xDD0C, 0xDD0C, 0xDD0C, 0xDD0C, 
0x34AD, 0x34AD, 0x34AD, 0x34AD, 0x31E7, 0x31E7, 0x31E7, 0x31E7, 0x31E7, 0x31E7, 0x31E7, 0x31E7, 
0x31E7, 0x31E7, 0x31E7, 0x31E7, 0x31E7, 0x31E7, 0x31E7, 0x31E7, 0x31E7, 0x31E7, 0xF958, 0xF958, 
0xF958, 0xF958, 0x31E7, 0x31E7, 0x31E7, 0x31E7, 0x31E7, 0x31E7, 0x31E7, 0x31E7, 0x31E7, 0x31E7, 
0xF958, 0xF958, 0x31E7, 0x31E7, 0x34AD, 0x34AD, 0x34AD, 0x34AD, 0x34AD, 0x34AD, 0x34AD, 0x34AD, 
0x34AD, 0x34AD, 0x34AD, 0x34AD, 0x34AD, 0x34AD, 0x34AD, 0x34AD, 0x34AD, 0x34AD, 0x34AD, 0x34AD, 
0x34AD, 0x34AD, 0x34AD, 0x34AD, 0x34AD, 0x34AD, 0x34AD, 0x34AD, 0x34AD, 0x34AD, 0x34AD, 0x34AD, 
0x34AD, 0x34AD, 0x34AD, 0x34AD, 0x34AD, 0x34AD, 0x34AD, 0x34AD, 0x34AD, 0x34AD, 0x34AD, 0x34AD, 
0x34AD, 0x34AD, 0x34AD, 0x34AD, 0x34AD, 0x34AD, 0x34AD, 0x34AD, 0x34AD, 0x34AD, 0x34AD, 0x34AD, 
0x34AD, 0x34AD, 0x34AD, 0x34AD, 0x34AD, 0x34AD, 0x34AD, 0x34AD, 0x34AD, 0x34AD, 0x34AD, 0x34AD, 
0x34AD, 0x34AD, 0x34AD, 0x34AD, 0x34AD, 0x34AD, 0x34AD, 0x34AD, 0x34AD, 0x34AD, 0x34AD, 0x34AD, 
0xDD0C, 0xDD0C, 0xDD0C, 0xDD0C, 0xDD0C, 0xDD0C, 0xDD0C, 0xDD0C, 0x34AD, 0x34AD, 0x34AD, 0x34AD, 
0x31E7, 0x31E7, 0x31E7, 0x31E7, 0x31E7, 0x31E7, 0x31E7, 0x31E7, 0x31E7, 0x31E7, 0x31E7, 0x31E7, 
0x31E7, 0x31E7, 0x31E7, 0x31E7, 0x31E7, 0x31E7, 0xF958, 0xF958, 0x31E7, 0x31E7, 0x31E7, 0x31E7, 
0x31E7, 0x31E7, 0x31E7, 0x31E7, 0x31E7, 0x31E7, 0x31E7, 0x31E7, 0x31E7, 0x31E7, 0x31E7, 0x31E7, 
0x34AD, 0x34AD, 0x34AD, 0x34AD, 0x34AD, 0x34AD, 0x34AD, 0x34AD, 0x34AD, 0x34AD, 0x34AD, 0x34AD, 
0x34AD, 0x34AD, 0x34AD, 0x34AD, 0x34AD, 0x34AD, 0x34AD, 0x34AD, 0x34AD, 0x34AD, 0x34AD, 0x34AD, 
0x34AD, 0x34AD, 0x34AD, 0x34AD, 0x34AD, 0x34AD, 0x34AD, 0x34AD, 0x34AD, 0x34AD, 0x34AD, 0x34AD, 
0x34AD, 0x34AD, 0x34AD, 0x34AD, 0x34AD, 0x34AD, 0x34AD, 0x34AD, 0x34AD, 0x34AD, 0x34AD, 0x34AD, 
0x34AD, 0x34AD, 0x34AD, 0x34AD, 0x34AD, 0x34AD, 0x34AD, 0x34AD, 0x34AD, 0x34AD, 0x34AD, 0x34AD, 
0x34AD, 0x34AD, 0x34AD, 0x34AD, 0x34AD, 0x34AD, 0x34AD, 0x34AD, 0x34AD, 0x34AD, 0x34AD, 0x34AD, 
0x34AD, 0x34AD, 0x34AD, 0x34AD, 0x34AD, 0x34AD, 0x34AD, 0x34AD, 0xDD0C, 0xDD0C, 0xDD0C, 0xDD0C, 
0xDD0C, 0xDD0C, 0xDD0C, 0xDD0C, 0x34AD, 0x34AD, 0x34AD, 0x34AD, 0x31E7, 0x31E7, 0x31E7, 0x31E7, 
0x31E7, 0x31E7, 0x31E7, 0x31E7, 0x31E7, 0x31E7, 0x31E7, 0x31E7, 0x31E7, 0x31E7, 0x31E7, 0x31E7, 
0x31E7, 0x31E7, 0xF958, 0xF958, 0x31E7, 0x31E7, 0x31E7, 0x31E7, 0x31E7, 0x31E7, 0x31E7, 0x31E7, 
0x31E7, 0x31E7, 0x31E7, 0x31E7, 0x31E7, 0x31E7, 0x31E7, 0x31E7, 0x34AD, 0x34AD, 0x34AD, 0x34AD, 
0x34AD, 0x34AD, 0x34AD, 0x34AD, 0x34AD, 0x34AD, 0x34AD, 0x34AD, 0x34AD, 0x34AD, 0x34AD, 0x34AD, 
0x34AD, 0x34AD, 0x34AD, 0x34AD, 0x34AD, 0x34AD, 0x34AD, 0x34AD, 0x34AD, 0x34AD, 0x34AD, 0x34AD, 
0x34AD, 0x34AD, 0x34AD, 0x34AD, 0x34AD, 0x34AD, 0x34AD, 0x34AD, 0x34AD, 0x34AD, 0x34AD, 0x34AD, 
0x34AD, 0x34AD, 0x34AD, 0x34AD, 0x34AD, 0x34AD, 0x34AD, 0x34AD, 0x34AD, 0x34AD, 0x34AD, 0x34AD, 
0x34AD, 0x34AD, 0x34AD, 0x34AD, 0x34AD, 0x34AD, 0x34AD, 0x34AD, 0x34AD, 0x34AD, 0x34AD, 0x34AD, 
0x34AD, 0x34AD, 0x34AD, 0x34AD, 0x34AD, 0x34AD, 0x34AD, 0x34AD, 0x34AD, 0x34AD, 0x34AD, 0x34AD, 
0x34AD, 0x34AD, 0xDD0C, 0xDD0C, 0xDD0C, 0xDD0C, 0x31E7, 0x31E7, 0x31E7, 0x31E7, 0x31E7, 0x31E7, 
0x31E7, 0x31E7, 0x34AD, 0x34AD, 0x34AD, 0x34AD, 0x31E7, 0x31E7, 0x31E7, 0x31E7, 0x31E7, 0x31E7, 
0x31E7, 0x31E7, 0x31E7, 0x31E7, 0x31E7, 0x31E7, 0x31E7, 0x31E7, 0x31E7, 0x31E7, 0x31E7, 0x31E7, 
0x31E7, 0x31E7, 0x31E7, 0x31E7, 0xF958, 0xF958, 0x31E7, 0x31E7, 0x31E7, 0x31E7, 0x31E7, 0x31E7, 
0x31E7, 0x31E7, 0x31E7, 0x31E7, 0x34AD, 0x34AD, 0x34AD, 0x34AD, 0x34AD, 0x34AD, 0x34AD, 0x34AD, 
0x34AD, 0x34AD, 0x34AD, 0x34AD, 0x34AD, 0x34AD, 0x34AD, 0x34AD, 0x34AD, 0x34AD, 0x34AD, 0x34AD, 
0x34AD, 0x34AD, 0x34AD, 0x34AD, 0x34AD, 0x34AD, 0x34AD, 0x34AD, 0x34AD, 0x34AD, 0x34AD, 0x34AD, 
0x34AD, 0x34AD, 0x34AD, 0x34AD, 0x34AD, 0x34AD, 0x34AD, 0x34AD, 0x34AD, 0x34AD, 0x34AD, 0x34AD, 
0x34AD, 0x34AD, 0x34AD, 0x34AD, 0x34AD, 0x34AD, 0x34AD, 0x34AD, 0x34AD, 0x34AD, 0x34AD, 0x34AD, 
0x34AD, 0x34AD, 0x34AD, 0x34AD, 0x34AD, 0x34AD, 0x34AD, 0x34AD, 0x34AD, 0x34AD, 0x34AD, 0x34AD, 
0x34AD, 0x34AD, 0x34AD, 0x34AD, 0x34AD, 0x34AD, 0x34AD, 0x34AD, 0x34AD, 0x34AD, 0xDD0C, 0xDD0C, 
0xDD0C, 0xDD0C, 0x31E7, 0x31E7, 0x31E7, 0x31E7, 0x31E7, 0x31E7, 0x31E7, 0x31E7, 0x34AD, 0x34AD, 
0x34AD, 0x34AD, 0x31E7, 0x31E7, 0x31E7, 0x31E7, 0x31E7, 0x31E7, 0x31E7, 0x31E7, 0x31E7, 0x31E7, 
0x31E7, 0x31E7, 0x31E7, 0x31E7, 0x31E7, 0x31E7, 0x31E7, 0x31E7, 0x31E7, 0x31E7, 0x31E7, 0x31E7, 
0xF958, 0xF958, 0x31E7, 0x31E7, 0x31E7, 0x31E7, 0x31E7, 0x31E7, 0x31E7, 0x31E7, 0x31E7, 0x31E7, 
0x34AD, 0x34AD, 0x34AD, 0x34AD, 0x34AD, 0x34AD, 0x34AD, 0x34AD, 0x34AD, 0x34AD, 0x34AD, 0x34AD, 
0x34AD, 0x34AD, 0x34AD, 0x34AD, 0x34AD, 0x34AD, 0x34AD, 0x34AD, 0x34AD, 0x34AD, 0x34AD, 0x34AD, 
0x34AD, 0x34AD, 0x34AD, 0x34AD, 0x34AD, 0x34AD, 0x34AD, 0x34AD, 0x34AD, 0x34AD, 0x34AD, 0x34AD, 
0x34AD, 0x34AD, 0x34AD, 0x34AD, 0x34AD, 0x34AD, 0x34AD, 0x34AD, 0x34AD, 0x34AD, 0x34AD, 0x34AD, 
0x34AD, 0x34AD, 0x34AD, 0x34AD, 0x34AD, 0x34AD, 0x34AD, 0x34AD, 0x31E7, 0x31E7, 0x31E7, 0x31E7, 
0x31E7, 0x31E7, 0x31E7, 0x31E7, 0x31E7, 0x31E7, 0x31E7, 0x31E7, 0x31E7, 0x31E7, 0x31E7, 0x31E7, 
0x34AD, 0x34AD, 0x34AD, 0x34AD, 0x34AD, 0x34AD, 0xDD0C, 0xDD0C, 0x31E7, 0x31E7, 0x31E7, 0x31E7, 
0x34AD, 0x34AD, 0x34AD, 0x34AD, 0x34AD, 0x34AD, 0x31E7, 0x31E7, 0x34AD, 0x34AD, 0x31E7, 0x31E7, 
0x31E7, 0x31E7, 0x31E7, 0x31E7, 0x31E7, 0x31E7, 0x31E7, 0x31E7, 0x31E7, 0x31E7, 0x31E7, 0x31E7, 
0x31E7, 0x31E7, 0x31E7, 0x31E7, 0x31E7, 0x31E7, 0xF958, 0xF958, 0xF958, 0xF958, 0x31E7, 0x31E7, 
0x31E7, 0x31E7, 0x31E7, 0x31E7, 0x31E7, 0x31E7, 0x31E7, 0x31E7, 0x34AD, 0x34AD, 0x34AD, 0x34AD, 
0x34AD, 0x34AD, 0x34AD, 0x34AD, 0x34AD, 0x34AD, 0x34AD, 0x34AD, 0x34AD, 0x34AD, 0x34AD, 0x34AD, 
0x34AD, 0x34AD, 0x34AD, 0x34AD, 0x34AD, 0x34AD, 0x34AD, 0x34AD, 0x34AD, 0x34AD, 0x34AD, 0x34AD, 
0x34AD, 0x34AD, 0x34AD, 0x34AD, 0x34AD, 0x34AD, 0x34AD, 0x34AD, 0x34AD, 0x34AD, 0x34AD, 0x34AD, 
0x34AD, 0x34AD, 0x34AD, 0x34AD, 0x34AD, 0x34AD, 0x34AD, 0x34AD, 0x34AD, 0x34AD, 0x34AD, 0x34AD, 
0x34AD, 0x34AD, 0x34AD, 0x34AD, 0x31E7, 0x31E7, 0x31E7, 0x31E7, 0x31E7, 0x31E7, 0x31E7, 0x31E7, 
0x31E7, 0x31E7, 0x31E7, 0x31E7, 0x31E7, 0x31E7, 0x31E7, 0x31E7, 0x34AD, 0x34AD, 0x34AD, 0x34AD, 
0x34AD, 0x34AD, 0xDD0C, 0xDD0C, 0x31E7, 0x31E7, 0x31E7, 0x31E7, 0x34AD, 0x34AD, 0x34AD, 0x34AD, 
0x34AD, 0x34AD, 0x31E7, 0x31E7, 0x34AD, 0x34AD, 0x31E7, 0x31E7, 0x31E7, 0x31E7, 0x31E7, 0x31E7, 
0x31E7, 0x31E7, 0x31E7, 0x31E7, 0x31E7, 0x31E7, 0x31E7, 0x31E7, 0x31E7, 0x31E7, 0x31E7, 0x31E7, 
0x31E7, 0x31E7, 0xF958, 0xF958, 0xF958, 0xF958, 0x31E7, 0x31E7, 0x31E7, 0x31E7, 0x31E7, 0x31E7, 
0x31E7, 0x31E7, 0x31E7, 0x31E7, 0x34AD, 0x34AD, 0x34AD, 0x34AD, 0x34AD, 0x34AD, 0x34AD, 0x34AD, 
0x34AD, 0x34AD, 0x34AD, 0x34AD, 0x34AD, 0x34AD, 0x34AD, 0x34AD, 0x34AD, 0x34AD, 0x34AD, 0x34AD, 
0x34AD, 0x34AD, 0x34AD, 0x34AD, 0x34AD, 0x34AD, 0x34AD, 0x34AD, 0x34AD, 0x34AD, 0x34AD, 0x34AD, 
0x34AD, 0x34AD, 0x34AD, 0x34AD, 0x34AD, 0x34AD, 0x34AD, 0x34AD, 0x34AD, 0x34AD, 0x34AD, 0x34AD, 
0x34AD, 0x34AD, 0x34AD, 0x34AD, 0x34AD, 0x34AD, 0x34AD, 0x34AD, 0x31E7, 0x31E7, 0x31E7, 0x31E7, 
0x31E7, 0x31E7, 0x34AD, 0x34AD, 0x34AD, 0x34AD, 0x34AD, 0x34AD, 0x34AD, 0x34AD, 0x34AD, 0x34AD, 
0x34AD, 0x34AD, 0x31E7, 0x31E7, 0x31E7, 0x31E7, 0x31E7, 0x31E7, 0xDD0C, 0xDD0C, 0x31E7, 0x31E7, 
0x31E7, 0x31E7, 0x34AD, 0x34AD, 0x34AD, 0x34AD, 0x34AD, 0x34AD, 0x34AD, 0x34AD, 0x31E7, 0x31E7, 
0x34AD, 0x34AD, 0x34AD, 0x34AD, 0x31E7, 0x31E7, 0x31E7, 0x31E7, 0x31E7, 0x31E7, 0x31E7, 0x31E7, 
0x31E7, 0x31E7, 0x31E7, 0x31E7, 0x31E7, 0x31E7, 0x31E7, 0x31E7, 0x31E7, 0x31E7, 0xF958, 0xF958, 
0xF958, 0xF958, 0x31E7, 0x31E7, 0x31E7, 0x31E7, 0x31E7, 0x31E7, 0x31E7, 0x31E7, 0x31E7, 0x31E7, 
0x34AD, 0x34AD, 0x34AD, 0x34AD, 0x34AD, 0x34AD, 0x34AD, 0x34AD, 0x34AD, 0x34AD, 0x34AD, 0x34AD, 
0x34AD, 0x34AD, 0x34AD, 0x34AD, 0x34AD, 0x34AD, 0x34AD, 0x34AD, 0x34AD, 0x34AD, 0x34AD, 0x34AD, 
0x34AD, 0x34AD, 0x34AD, 0x34AD, 0x34AD, 0x34AD, 0x34AD, 0x34AD, 0x34AD, 0x34AD, 0x34AD, 0x34AD, 
0x34AD, 0x34AD, 0x34AD, 0x34AD, 0x34AD, 0x34AD, 0x34AD, 0x34AD, 0x34AD, 0x34AD, 0x34AD, 0x34AD, 
0x34AD, 0x34AD, 0x34AD, 0x34AD, 0x31E7, 0x31E7, 0x31E7, 0x31E7, 0x31E7, 0x31E7, 0x34AD, 0x34AD, 
0x34AD, 0x34AD, 0x34AD, 0x34AD, 0x34AD, 0x34AD, 0x34AD, 0x34AD, 0x34AD, 0x34AD, 0x31E7, 0x31E7, 
0x31E7, 0x31E7, 0x31E7, 0x31E7, 0xDD0C, 0xDD0C, 0x31E7, 0x31E7, 0x31E7, 0x31E7, 0x34AD, 0x34AD, 
0x34AD, 0x34AD, 0x34AD, 0x34AD, 0x34AD, 0x34AD, 0x31E7, 0x31E7, 0x34AD, 0x34AD, 0x34AD, 0x34AD, 
0x31E7, 0x31E7, 0x31E7, 0x31E7, 0x31E7, 0x31E7, 0x31E7, 0x31E7, 0x31E7, 0x31E7, 0x31E7, 0x31E7, 
0x31E7, 0x31E7, 0x31E7, 0x31E7, 0x31E7, 0x31E7, 0xF958, 0xF958, 0xF958, 0xF958, 0x31E7, 0x31E7, 
0x31E7, 0x31E7, 0x31E7, 0x31E7, 0x31E7, 0x31E7, 0x31E7, 0x31E7, 0x34AD, 0x34AD, 0x34AD, 0x34AD, 
0x34AD, 0x34AD, 0x34AD, 0x34AD, 0x34AD, 0x34AD, 0x34AD, 0x34AD, 0x34AD, 0x34AD, 0x34AD, 0x34AD, 
0x34AD, 0x34AD, 0x34AD, 0x34AD, 0x34AD, 0x34AD, 0x34AD, 0x34AD, 0x34AD, 0x34AD, 0x34AD, 0x34AD, 
0x34AD, 0x34AD, 0x34AD, 0x34AD, 0x34AD, 0x34AD, 0x34AD, 0x34AD, 0x34AD, 0x34AD, 0x34AD, 0x34AD, 
0x34AD, 0x34AD, 0x34AD, 0x34AD, 0x34AD, 0x34AD, 0x34AD, 0x34AD, 0x34AD, 0x34AD, 0x31E7, 0x31E7, 
0x31E7, 0x31E7, 0x34AD, 0x34AD, 0x34AD, 0x34AD, 0x34AD, 0x34AD, 0x34AD, 0x34AD, 0x34AD, 0x34AD, 
0x34AD, 0x34AD, 0x34AD, 0x34AD, 0x34AD, 0x34AD, 0x34AD, 0x34AD, 0x34AD, 0x34AD, 0x31E7, 0x31E7, 
0xDD0C, 0xDD0C, 0x31E7, 0x31E7, 0x34AD, 0x34AD, 0x34AD, 0x34AD, 0x34AD, 0x34AD, 0x34AD, 0x34AD, 
0x34AD, 0x34AD, 0x31E7, 0x31E7, 0x34AD, 0x34AD, 0x34AD, 0x34AD, 0x31E7, 0x31E7, 0x31E7, 0x31E7, 
0x31E7, 0x31E7, 0x31E7, 0x31E7, 0x31E7, 0x31E7, 0x31E7, 0x31E7, 0x31E7, 0x31E7, 0x31E7, 0x31E7, 
0x31E7, 0x31E7, 0x31E7, 0x31E7, 0x31E7, 0x31E7, 0x31E7, 0x31E7, 0x31E7, 0x31E7, 0x31E7, 0x31E7, 
0x31E7, 0x31E7, 0x31E7, 0x31E7, 0x34AD, 0x34AD, 0x34AD, 0x34AD, 0x34AD, 0x34AD, 0x34AD, 0x34AD, 
0x34AD, 0x34AD, 0x34AD, 0x34AD, 0x34AD, 0x34AD, 0x34AD, 0x34AD, 0x34AD, 0x34AD, 0x34AD, 0x34AD, 
0x34AD, 0x34AD, 0x34AD, 0x34AD, 0x34AD, 0x34AD, 0x34AD, 0x34AD, 0x34AD, 0x34AD, 0x34AD, 0x34AD, 
0x34AD, 0x34AD, 0x34AD, 0x34AD, 0x34AD, 0x34AD, 0x34AD, 0x34AD, 0x34AD, 0x34AD, 0x34AD, 0x34AD, 
0x34AD, 0x34AD, 0x34AD, 0x34AD, 0x34AD, 0x34AD, 0x31E7, 0x31E7, 0x31E7, 0x31E7, 0x34AD, 0x34AD, 
0x34AD, 0x34AD, 0x34AD, 0x34AD, 0x34AD, 0x34AD, 0x34AD, 0x34AD, 0x34AD, 0x34AD, 0x34AD, 0x34AD, 
0x34AD, 0x34AD, 0x34AD, 0x34AD, 0x34AD, 0x34AD, 0x31E7, 0x31E7, 0xDD0C, 0xDD0C, 0x31E7, 0x31E7, 
0x34AD, 0x34AD, 0x34AD, 0x34AD, 0x34AD, 0x34AD, 0x34AD, 0x34AD, 0x34AD, 0x34AD, 0x31E7, 0x31E7, 
0x34AD, 0x34AD, 0x34AD, 0x34AD, 0x31E7, 0x31E7, 0x31E7, 0x31E7, 0x31E7, 0x31E7, 0x31E7, 0x31E7, 
0x31E7, 0x31E7, 0x31E7, 0x31E7, 0x31E7, 0x31E7, 0x31E7, 0x31E7, 0x31E7, 0x31E7, 0x31E7, 0x31E7, 
0x31E7, 0x31E7, 0x31E7, 0x31E7, 0x31E7, 0x31E7, 0x31E7, 0x31E7, 0x31E7, 0x31E7, 0x31E7, 0x31E7, 
0x34AD, 0x34AD, 0x34AD, 0x34AD, 0x34AD, 0x34AD, 0x34AD, 0x34AD, 0x34AD, 0x34AD, 0x34AD, 0x34AD, 
0x34AD, 0x34AD, 0x34AD, 0x34AD, 0x34AD, 0x34AD, 0x34AD, 0x34AD, 0x34AD, 0x34AD, 0x34AD, 0x34AD, 
0x34AD, 0x34AD, 0x34AD, 0x34AD, 0x34AD, 0x34AD, 0x34AD, 0x34AD, 0x34AD, 0x34AD, 0x34AD, 0x34AD, 
0x34AD, 0x34AD, 0x34AD, 0x34AD, 0x34AD, 0x34AD, 0x34AD, 0x34AD, 0x34AD, 0x34AD, 0x34AD, 0x34AD, 
0x34AD, 0x34AD, 0x34AD, 0x34AD, 0x34AD, 0x34AD, 0x34AD, 0x34AD, 0x34AD, 0x34AD, 0x34AD, 0x34AD, 
0x34AD, 0x34AD, 0x34AD, 0x34AD, 0x34AD, 0x34AD, 0x34AD, 0x34AD, 0x34AD, 0x34AD, 0x34AD, 0x34AD, 
0x34AD, 0x34AD, 0x31E7, 0x31E7, 0xDD0C, 0xDD0C, 0x31E7, 0x31E7, 0x34AD, 0x34AD, 0x34AD, 0x34AD, 
0x34AD, 0x34AD, 0x34AD, 0x34AD, 0x34AD, 0x34AD, 0x31E7, 0x31E7, 0x34AD, 0x34AD, 0x34AD, 0x34AD, 
0x31E7, 0x31E7, 0x31E7, 0x31E7, 0x31E7, 0x31E7, 0x31E7, 0x31E7, 0x31E7, 0x31E7, 0x31E7, 0x31E7, 
0x31E7, 0x31E7, 0x31E7, 0x31E7, 0x31E7, 0x31E7, 0x31E7, 0x31E7, 0x31E7, 0x31E7, 0x31E7, 0x31E7, 
0x31E7, 0x31E7, 0x31E7, 0x31E7, 0x31E7, 0x31E7, 0x31E7, 0x31E7, 0x34AD, 0x34AD, 0x34AD, 0x34AD, 
0x34AD, 0x34AD, 0x34AD, 0x34AD, 0x34AD, 0x34AD, 0x34AD, 0x34AD, 0x34AD, 0x34AD, 0x34AD, 0x34AD, 
0x34AD, 0x34AD, 0x34AD, 0x34AD, 0x34AD, 0x34AD, 0x34AD, 0x34AD, 0x34AD, 0x34AD, 0x34AD, 0x34AD, 
0x34AD, 0x34AD, 0x34AD, 0x34AD, 0x34AD, 0x34AD, 0x34AD, 0x34AD, 0x34AD, 0x34AD, 0x34AD, 0x34AD, 
0x34AD, 0x34AD, 0x34AD, 0x34AD, 0x34AD, 0x34AD, 0x34AD, 0x34AD, 0x34AD, 0x34AD, 0x34AD, 0x34AD, 
0x34AD, 0x34AD, 0x34AD, 0x34AD, 0x34AD, 0x34AD, 0x34AD, 0x34AD, 0x34AD, 0x34AD, 0x34AD, 0x34AD, 
0x34AD, 0x34AD, 0x34AD, 0x34AD, 0x34AD, 0x34AD, 0x34AD, 0x34AD, 0x34AD, 0x34AD, 0x31E7, 0x31E7, 
0xDD0C, 0xDD0C, 0x31E7, 0x31E7, 0x34AD, 0x34AD, 0x34AD, 0x34AD, 0x34AD, 0x34AD, 0x34AD, 0x34AD, 
0x34AD, 0x34AD, 0x31E7, 0x31E7, 0x34AD, 0x34AD, 0x34AD, 0x34AD, 0x31E7, 0x31E7, 0x31E7, 0x31E7, 
0x31E7, 0x31E7, 0x31E7, 0x31E7, 0x31E7, 0x31E7, 0x31E7, 0x31E7, 0x31E7, 0x31E7, 0x31E7, 0x31E7, 
0x31E7, 0x31E7, 0x31E7, 0x31E7, 0x31E7, 0x31E7, 0x31E7, 0x31E7, 0x31E7, 0x31E7, 0x31E7, 0x31E7, 
0x31E7, 0x31E7, 0x31E7, 0x31E7, 0x34AD, 0x34AD, 0x34AD, 0x34AD, 0x34AD, 0x34AD, 0x34AD, 0x34AD, 
0x34AD, 0x34AD, 0x34AD, 0x34AD, 0x34AD, 0x34AD, 0x34AD, 0x34AD, 0x34AD, 0x34AD, 0x34AD, 0x34AD, 
0x34AD, 0x34AD, 0x34AD, 0x34AD, 0x34AD, 0x34AD, 0x34AD, 0x34AD, 0x34AD, 0x34AD, 0x34AD, 0x34AD, 
0x34AD, 0x34AD, 0x34AD, 0x34AD, 0x34AD, 0x34AD, 0x34AD, 0x34AD, 0x34AD, 0x34AD, 0x34AD, 0x34AD, 
0x34AD, 0x34AD, 0x34AD, 0x34AD, 0x34AD, 0x34AD, 0x34AD, 0x34AD, 0x34AD, 0x34AD, 0x34AD, 0x34AD, 
0x34AD, 0x34AD, 0x34AD, 0x34AD, 0x34AD, 0x34AD, 0x34AD, 0x34AD, 0x34AD, 0x34AD, 0x34AD, 0x34AD, 
0x34AD, 0x34AD, 0x34AD, 0x34AD, 0x34AD, 0x34AD, 0x31E7, 0x31E7, 0xDD0C, 0xDD0C, 0xDD0C, 0xDD0C, 
0x31E7, 0x31E7, 0x34AD, 0x34AD, 0x34AD, 0x34AD, 0x34AD, 0x34AD, 0x34AD, 0x34AD, 0x34AD, 0x34AD, 
0x34AD, 0x34AD, 0x34AD, 0x34AD, 0x34AD, 0x34AD, 0x31E7, 0x31E7, 0x31E7, 0x31E7, 0x31E7, 0x31E7, 
0x31E7, 0x31E7, 0x31E7, 0x31E7, 0x31E7, 0x31E7, 0x31E7, 0x31E7, 0x31E7, 0x31E7, 0x31E7, 0x31E7, 
0x31E7, 0x31E7, 0x31E7, 0x31E7, 0x31E7, 0x31E7, 0x31E7, 0x31E7, 0x31E7, 0x31E7, 0x31E7, 0x31E7, 
0x34AD, 0x34AD, 0x34AD, 0x34AD, 0x34AD, 0x34AD, 0x34AD, 0x34AD, 0x34AD, 0x34AD, 0x34AD, 0x34AD, 
0x34AD, 0x34AD, 0x34AD, 0x34AD, 0x34AD, 0x34AD, 0x34AD, 0x34AD, 0x34AD, 0x34AD, 0x34AD, 0x34AD, 
0x34AD, 0x34AD, 0x34AD, 0x34AD, 0x34AD, 0x34AD, 0x34AD, 0x34AD, 0x34AD, 0x34AD, 0x34AD, 0x34AD, 
0x34AD, 0x34AD, 0x34AD, 0x34AD, 0x34AD, 0x34AD, 0x34AD, 0x34AD, 0x34AD, 0x34AD, 0x34AD, 0x34AD, 
0x34AD, 0x34AD, 0x34AD, 0x34AD, 0x34AD, 0x34AD, 0x34AD, 0x34AD, 0x34AD, 0x34AD, 0x34AD, 0x34AD, 
0x34AD, 0x34AD, 0x34AD, 0x34AD, 0x34AD, 0x34AD, 0x34AD, 0x34AD, 0x34AD, 0x34AD, 0x34AD, 0x34AD, 
0x34AD, 0x34AD, 0x31E7, 0x31E7, 0xDD0C, 0xDD0C, 0xDD0C, 0xDD0C, 0x31E7, 0x31E7, 0x34AD, 0x34AD, 
0x34AD, 0x34AD, 0x34AD, 0x34AD, 0x34AD, 0x34AD, 0x34AD, 0x34AD, 0x34AD, 0x34AD, 0x34AD, 0x34AD, 
0x34AD, 0x34AD, 0x31E7, 0x31E7, 0x31E7, 0x31E7, 0x31E7, 0x31E7, 0x31E7, 0x31E7, 0x31E7, 0x31E7, 
0x31E7, 0x31E7, 0x31E7, 0x31E7, 0x31E7, 0x31E7, 0x31E7, 0x31E7, 0x31E7, 0x31E7, 0x31E7, 0x31E7, 
0x31E7, 0x31E7, 0x31E7, 0x31E7, 0x31E7, 0x31E7, 0x31E7, 0x31E7, 0x34AD, 0x34AD, 0x34AD, 0x34AD, 
0x34AD, 0x34AD, 0x34AD, 0x34AD, 0x34AD, 0x34AD, 0x34AD, 0x34AD, 0x34AD, 0x34AD, 0x34AD, 0x34AD, 
0x34AD, 0x34AD, 0x34AD, 0x34AD, 0x34AD, 0x34AD, 0x34AD, 0x34AD, 0x34AD, 0x34AD, 0x34AD, 0x34AD, 
0x34AD, 0x34AD, 0x34AD, 0x34AD, 0x34AD, 0x34AD, 0x34AD, 0x34AD, 0x34AD, 0x34AD, 0x34AD, 0x34AD, 
0x34AD, 0x34AD, 0x34AD, 0x34AD, 0x34AD, 0x34AD, 0x34AD, 0x34AD, 0x34AD, 0x34AD, 0x34AD, 0x34AD, 
0x34AD, 0x34AD, 0x34AD, 0x34AD, 0x34AD, 0x34AD, 0x34AD, 0x34AD, 0x34AD, 0x34AD, 0x34AD, 0x34AD, 
0x34AD, 0x34AD, 0x34AD, 0x34AD, 0x34AD, 0x34AD, 0x34AD, 0x34AD, 0x34AD, 0x34AD, 0x31E7, 0x31E7, 
0xDD0C, 0xDD0C, 0x34AD, 0x34AD, 0x31E7, 0x31E7, 0x34AD, 0x34AD, 0x34AD, 0x34AD, 0x34AD, 0x34AD, 
0x34AD, 0x34AD, 0x34AD, 0x34AD, 0x34AD, 0x34AD, 0x34AD, 0x34AD, 0x34AD, 0x34AD, 0x31E7, 0x31E7, 
0x31E7, 0x31E7, 0x31E7, 0x31E7, 0x31E7, 0x31E7, 0x31E7, 0x31E7, 0x31E7, 0x31E7, 0x31E7, 0x31E7, 
0x31E7, 0x31E7, 0x31E7, 0x31E7, 0x31E7, 0x31E7, 0x31E7, 0x31E7, 0x31E7, 0x31E7, 0xF958, 0xF958, 
0x31E7, 0x31E7, 0x31E7, 0x31E7, 0x34AD, 0x34AD, 0x34AD, 0x34AD, 0x34AD, 0x34AD, 0x34AD, 0x34AD, 
0x34AD, 0x34AD, 0x34AD, 0x34AD, 0x34AD, 0x34AD, 0x34AD, 0x34AD, 0x34AD, 0x34AD, 0x34AD, 0x34AD, 
0x34AD, 0x34AD, 0x34AD, 0x34AD, 0x34AD, 0x34AD, 0x34AD, 0x34AD, 0x34AD, 0x34AD, 0x34AD, 0x34AD, 
0x34AD, 0x34AD, 0x34AD, 0x34AD, 0x34AD, 0x34AD, 0x34AD, 0x34AD, 0x34AD, 0x34AD, 0x34AD, 0x34AD, 
0x34AD, 0x34AD, 0x34AD, 0x34AD, 0x34AD, 0x34AD, 0x34AD, 0x34AD, 0x34AD, 0x34AD, 0x34AD, 0x34AD, 
0x34AD, 0x34AD, 0x34AD, 0x34AD, 0x34AD, 0x34AD, 0x34AD, 0x34AD, 0x34AD, 0x34AD, 0x34AD, 0x34AD, 
0x34AD, 0x34AD, 0x34AD, 0x34AD, 0x34AD, 0x34AD, 0x31E7, 0x31E7, 0xDD0C, 0xDD0C, 0x34AD, 0x34AD, 
0x31E7, 0x31E7, 0x34AD, 0x34AD, 0x34AD, 0x34AD, 0x34AD, 0x34AD, 0x34AD, 0x34AD, 0x34AD, 0x34AD, 
0x34AD, 0x34AD, 0x34AD, 0x34AD, 0x34AD, 0x34AD, 0x31E7, 0x31E7, 0x31E7, 0x31E7, 0x31E7, 0x31E7, 
0x31E7, 0x31E7, 0x31E7, 0x31E7, 0x31E7, 0x31E7, 0x31E7, 0x31E7, 0x31E7, 0x31E7, 0x31E7, 0x31E7, 
0x31E7, 0x31E7, 0x31E7, 0x31E7, 0x31E7, 0x31E7, 0xF958, 0xF958, 0x31E7, 0x31E7, 0x31E7, 0x31E7, 
0x34AD, 0x34AD, 0x34AD, 0x34AD, 0x34AD, 0x34AD, 0x34AD, 0x34AD, 0x34AD, 0x34AD, 0x34AD, 0x34AD, 
0x34AD, 0x34AD, 0x34AD, 0x34AD, 0x34AD, 0x34AD, 0x34AD, 0x34AD, 0x34AD, 0x34AD, 0x34AD, 0x34AD, 
0x34AD, 0x34AD, 0x34AD, 0x34AD, 0x34AD, 0x34AD, 0x34AD, 0x34AD, 0x34AD, 0x34AD, 0x34AD, 0x34AD, 
0x34AD, 0x34AD, 0x34AD, 0x34AD, 0x34AD, 0x34AD, 0x34AD, 0x34AD, 0x34AD, 0x34AD, 0x34AD, 0x34AD, 
0x34AD, 0x34AD, 0x34AD, 0x34AD, 0x34AD, 0x34AD, 0x34AD, 0x34AD, 0x34AD, 0x34AD, 0x34AD, 0x34AD, 
0x34AD, 0x34AD, 0x34AD, 0x34AD, 0x34AD, 0x34AD, 0x34AD, 0x34AD, 0x34AD, 0x34AD, 0x34AD, 0x34AD, 
0x31E7, 0x31E7, 0x31E7, 0x31E7, 0xDD0C, 0xDD0C, 0x34AD, 0x34AD, 0x31E7, 0x31E7, 0x34AD, 0x34AD, 
0x34AD, 0x34AD, 0x34AD, 0x34AD, 0x34AD, 0x34AD, 0x34AD, 0x34AD, 0x34AD, 0x34AD, 0x34AD, 0x34AD, 
0x34AD, 0x34AD, 0x31E7, 0x31E7, 0x31E7, 0x31E7, 0x31E7, 0x31E7, 0x31E7, 0x31E7, 0x31E7, 0x31E7, 
0x31E7, 0x31E7, 0x31E7, 0x31E7, 0x31E7, 0x31E7, 0x31E7, 0x31E7, 0x31E7, 0x31E7, 0x31E7, 0x31E7, 
0xF958, 0xF958, 0xF958, 0xF958, 0x31E7, 0x31E7, 0x31E7, 0x31E7, 0x34AD, 0x34AD, 0x34AD, 0x34AD, 
0x34AD, 0x34AD, 0x34AD, 0x34AD, 0x34AD, 0x34AD, 0x34AD, 0x34AD, 0x34AD, 0x34AD, 0x34AD, 0x34AD, 
0x34AD, 0x34AD, 0x34AD, 0x34AD, 0x34AD, 0x34AD, 0x34AD, 0x34AD, 0x34AD, 0x34AD, 0x34AD, 0x34AD, 
0x34AD, 0x34AD, 0x34AD, 0x34AD, 0x34AD, 0x34AD, 0x34AD, 0x34AD, 0x34AD, 0x34AD, 0x34AD, 0x34AD, 
0x34AD, 0x34AD, 0x34AD, 0x34AD, 0x34AD, 0x34AD, 0x34AD, 0x34AD, 0x34AD, 0x34AD, 0x34AD, 0x34AD, 
0x34AD, 0x34AD, 0x34AD, 0x34AD, 0x34AD, 0x34AD, 0x34AD, 0x34AD, 0x34AD, 0x34AD, 0x34AD, 0x34AD, 
0x34AD, 0x34AD, 0x34AD, 0x34AD, 0x34AD, 0x34AD, 0x34AD, 0x34AD, 0x31E7, 0x31E7, 0x31E7, 0x31E7, 
0xDD0C, 0xDD0C, 0x34AD, 0x34AD, 0x31E7, 0x31E7, 0x34AD, 0x34AD, 0x34AD, 0x34AD, 0x34AD, 0x34AD, 
0x34AD, 0x34AD, 0x34AD, 0x34AD, 0x34AD, 0x34AD, 0x34AD, 0x34AD, 0x34AD, 0x34AD, 0x31E7, 0x31E7, 
0x31E7, 0x31E7, 0x31E7, 0x31E7, 0x31E7, 0x31E7, 0x31E7, 0x31E7, 0x31E7, 0x31E7, 0x31E7, 0x31E7, 
0x31E7, 0x31E7, 0x31E7, 0x31E7, 0x31E7, 0x31E7, 0x31E7, 0x31E7, 0xF958, 0xF958, 0xF958, 0xF958, 
0x31E7, 0x31E7, 0x31E7, 0x31E7, 0x34AD, 0x34AD, 0x34AD, 0x34AD, 0x34AD, 0x34AD, 0x34AD, 0x34AD, 
0x34AD, 0x34AD, 0x34AD, 0x34AD, 0x34AD, 0x34AD, 0x34AD, 0x34AD, 0x34AD, 0x34AD, 0x34AD, 0x34AD, 
0x34AD, 0x34AD, 0x34AD, 0x34AD, 0x34AD, 0x34AD, 0x34AD, 0x34AD, 0x34AD, 0x34AD, 0x34AD, 0x34AD, 
0x34AD, 0x34AD, 0x34AD, 0x34AD, 0x34AD, 0x34AD, 0x34AD, 0x34AD, 0x34AD, 0x34AD, 0x34AD, 0x34AD, 
0x34AD, 0x34AD, 0x34AD, 0x34AD, 0x34AD, 0x34AD, 0x34AD, 0x34AD, 0x34AD, 0x34AD, 0x34AD, 0x34AD, 
0x34AD, 0x34AD, 0x34AD, 0x34AD, 0x34AD, 0x34AD, 0x34AD, 0x34AD, 0x34AD, 0x34AD, 0x34AD, 0x34AD, 
0x34AD, 0x34AD, 0x31E7, 0x31E7, 0x31E7, 0x31E7, 0xDD0C, 0xDD0C, 0x34AD, 0x34AD, 0x34AD, 0x34AD, 
0x34AD, 0x34AD, 0x34AD, 0x34AD, 0x34AD, 0x34AD, 0x34AD, 0x34AD, 0x34AD, 0x34AD, 0x34AD, 0x34AD, 
0x34AD, 0x34AD, 0x34AD, 0x34AD, 0x34AD, 0x34AD, 0x31E7, 0x31E7, 0x31E7, 0x31E7, 0x31E7, 0x31E7, 
0x31E7, 0x31E7, 0x31E7, 0x31E7, 0x31E7, 0x31E7, 0x31E7, 0x31E7, 0x31E7, 0x31E7, 0x31E7, 0x31E7, 
0x31E7, 0x31E7, 0x31E7, 0x31E7, 0xF958, 0xF958, 0xF958, 0xF958, 0x31E7, 0x31E7, 0x31E7, 0x31E7, 
0x34AD, 0x34AD, 0x34AD, 0x34AD, 0x34AD, 0x34AD, 0x34AD, 0x34AD, 0x34AD, 0x34AD, 0x34AD, 0x34AD, 
0x34AD, 0x34AD, 0x34AD, 0x34AD, 0x34AD, 0x34AD, 0x34AD, 0x34AD, 0x34AD, 0x34AD, 0x34AD, 0x34AD, 
0x34AD, 0x34AD, 0x34AD, 0x34AD, 0x34AD, 0x34AD, 0x34AD, 0x34AD, 0x34AD, 0x34AD, 0x34AD, 0x34AD, 
0x34AD, 0x34AD, 0x34AD, 0x34AD, 0x34AD, 0x34AD, 0x34AD, 0x34AD, 0x34AD, 0x34AD, 0x34AD, 0x34AD, 
0x34AD, 0x34AD, 0x34AD, 0x34AD, 0x34AD, 0x34AD, 0x34AD, 0x34AD, 0x34AD, 0x34AD, 0x34AD, 0x34AD, 
0x34AD, 0x34AD, 0x34AD, 0x34AD, 0x34AD, 0x34AD, 0x34AD, 0x34AD, 0x34AD, 0x34AD, 0x31E7, 0x31E7, 
0x31E7, 0x31E7, 0xDD0C, 0xDD0C, 0x34AD, 0x34AD, 0x34AD, 0x34AD, 0x34AD, 0x34AD, 0x34AD, 0x34AD, 
0x34AD, 0x34AD, 0x34AD, 0x34AD, 0x34AD, 0x34AD, 0x34AD, 0x34AD, 0x34AD, 0x34AD, 0x34AD, 0x34AD, 
0x34AD, 0x34AD, 0x31E7, 0x31E7, 0x31E7, 0x31E7, 0x31E7, 0x31E7, 0x31E7, 0x31E7, 0x31E7, 0x31E7, 
0x31E7, 0x31E7, 0x31E7, 0x31E7, 0x31E7, 0x31E7, 0x31E7, 0x31E7, 0x31E7, 0x31E7, 0x31E7, 0x31E7, 
0xF958, 0xF958, 0xF958, 0xF958, 0x31E7, 0x31E7, 0x31E7, 0x31E7, 0x34AD, 0x34AD, 0x34AD, 0x34AD, 
0x34AD, 0x34AD, 0x34AD, 0x34AD, 0x34AD, 0x34AD, 0x34AD, 0x34AD, 0x34AD, 0x34AD, 0x34AD, 0x34AD, 
0x34AD, 0x34AD, 0x34AD, 0x34AD, 0x34AD, 0x34AD, 0x34AD, 0x34AD, 0x34AD, 0x34AD, 0x34AD, 0x34AD, 
0x34AD, 0x34AD, 0x34AD, 0x34AD, 0x34AD, 0x34AD, 0x34AD, 0x34AD, 0x34AD, 0x34AD, 0x34AD, 0x34AD, 
0x34AD, 0x34AD, 0x34AD, 0x34AD, 0x34AD, 0x34AD, 0x34AD, 0x34AD, 0x34AD, 0x34AD, 0x34AD, 0x34AD, 
0x34AD, 0x34AD, 0x34AD, 0x34AD, 0x34AD, 0x34AD, 0x34AD, 0x34AD, 0x34AD, 0x34AD, 0x34AD, 0x34AD, 
0x34AD, 0x34AD, 0x31E7, 0x31E7, 0x31E7, 0x31E7, 0x31E7, 0x31E7, 0xDD0C, 0xDD0C, 0xDD0C, 0xDD0C, 
0x34AD, 0x34AD, 0x34AD, 0x34AD, 0x34AD, 0x34AD, 0x34AD, 0x34AD, 0x34AD, 0x34AD, 0x34AD, 0x34AD, 
0x34AD, 0x34AD, 0x34AD, 0x34AD, 0x34AD, 0x34AD, 0x34AD, 0x34AD, 0x34AD, 0x34AD, 0x31E7, 0x31E7, 
0x31E7, 0x31E7, 0x31E7, 0x31E7, 0x31E7, 0x31E7, 0x31E7, 0x31E7, 0x31E7, 0x31E7, 0x31E7, 0x31E7, 
0x31E7, 0x31E7, 0x31E7, 0x31E7, 0x31E7, 0x31E7, 0x31E7, 0x31E7, 0xF958, 0xF958, 0x31E7, 0x31E7, 
0x31E7, 0x31E7, 0x31E7, 0x31E7, 0x34AD, 0x34AD, 0x34AD, 0x34AD, 0x34AD, 0x34AD, 0x34AD, 0x34AD, 
0x34AD, 0x34AD, 0x34AD, 0x34AD, 0x34AD, 0x34AD, 0x34AD, 0x34AD, 0x34AD, 0x34AD, 0x34AD, 0x34AD, 
0x34AD, 0x34AD, 0x34AD, 0x34AD, 0x34AD, 0x34AD, 0x34AD, 0x34AD, 0x34AD, 0x34AD, 0x34AD, 0x34AD, 
0x34AD, 0x34AD, 0x34AD, 0x34AD, 0x34AD, 0x34AD, 0x34AD, 0x34AD, 0x34AD, 0x34AD, 0x34AD, 0x34AD, 
0x34AD, 0x34AD, 0x34AD, 0x34AD, 0x34AD, 0x34AD, 0x34AD, 0x34AD, 0x34AD, 0x34AD, 0x34AD, 0x34AD, 
0x34AD, 0x34AD, 0x34AD, 0x34AD, 0x34AD, 0x34AD, 0x34AD, 0x34AD, 0x34AD, 0x34AD, 0x31E7, 0x31E7, 
0x31E7, 0x31E7, 0x31E7, 0x31E7, 0xDD0C, 0xDD0C, 0xDD0C, 0xDD0C, 0x34AD, 0x34AD, 0x34AD, 0x34AD, 
0x34AD, 0x34AD, 0x34AD, 0x34AD, 0x34AD, 0x34AD, 0x34AD, 0x34AD, 0x34AD, 0x34AD, 0x34AD, 0x34AD, 
0x34AD, 0x34AD, 0x34AD, 0x34AD, 0x34AD, 0x34AD, 0x31E7, 0x31E7, 0x31E7, 0x31E7, 0x31E7, 0x31E7, 
0x31E7, 0x31E7, 0x31E7, 0x31E7, 0x31E7, 0x31E7, 0x31E7, 0x31E7, 0x31E7, 0x31E7, 0x31E7, 0x31E7, 
0x31E7, 0x31E7, 0x31E7, 0x31E7, 0xF958, 0xF958, 0x31E7, 0x31E7, 0x31E7, 0x31E7, 0x31E7, 0x31E7, 
0x34AD, 0x34AD, 0x34AD, 0x34AD, 0x34AD, 0x34AD, 0x34AD, 0x34AD, 0x34AD, 0x34AD, 0x34AD, 0x34AD, 
0x34AD, 0x34AD, 0x34AD, 0x34AD, 0x34AD, 0x34AD, 0x34AD, 0x34AD, 0x34AD, 0x34AD, 0x34AD, 0x34AD, 
0x34AD, 0x34AD, 0x34AD, 0x34AD, 0x34AD, 0x34AD, 0x34AD, 0x34AD, 0x34AD, 0x34AD, 0x34AD, 0x34AD, 
0x34AD, 0x34AD, 0x34AD, 0x34AD, 0x34AD, 0x34AD, 0x34AD, 0x34AD, 0x34AD, 0x34AD, 0x34AD, 0x34AD, 
0x34AD, 0x34AD, 0x34AD, 0x34AD, 0x34AD, 0x34AD, 0x34AD, 0x34AD, 0x34AD, 0x34AD, 0x34AD, 0x34AD, 
0x34AD, 0x34AD, 0x34AD, 0x34AD, 0x31E7, 0x31E7, 0x31E7, 0x31E7, 0xDD0C, 0xDD0C, 0xDD0C, 0xDD0C, 
0xDD0C, 0xDD0C, 0xDD0C, 0xDD0C, 0x34AD, 0x34AD, 0x34AD, 0x34AD, 0x34AD, 0x34AD, 0x34AD, 0x34AD, 
0x34AD, 0x34AD, 0x34AD, 0x34AD, 0x34AD, 0x34AD, 0x34AD, 0x34AD, 0x34AD, 0x34AD, 0x34AD, 0x34AD, 
0x34AD, 0x34AD, 0x31E7, 0x31E7, 0x31E7, 0x31E7, 0x31E7, 0x31E7, 0x31E7, 0x31E7, 0x31E7, 0x31E7, 
0x31E7, 0x31E7, 0x31E7, 0x31E7, 0x31E7, 0x31E7, 0x31E7, 0x31E7, 0x31E7, 0x31E7, 0x31E7, 0x31E7, 
0x31E7, 0x31E7, 0x31E7, 0x31E7, 0x31E7, 0x31E7, 0x31E7, 0x31E7, 0x34AD, 0x34AD, 0x34AD, 0x34AD, 
0x34AD, 0x34AD, 0x34AD, 0x34AD, 0x34AD, 0x34AD, 0x34AD, 0x34AD, 0x34AD, 0x34AD, 0x34AD, 0x34AD, 
0x34AD, 0x34AD, 0x34AD, 0x34AD, 0x34AD, 0x34AD, 0x34AD, 0x34AD, 0x34AD, 0x34AD, 0x34AD, 0x34AD, 
0x34AD, 0x34AD, 0x34AD, 0x34AD, 0x34AD, 0x34AD, 0x34AD, 0x34AD, 0x34AD, 0x34AD, 0x34AD, 0x34AD, 
0x34AD, 0x34AD, 0x34AD, 0x34AD, 0x34AD, 0x34AD, 0x34AD, 0x34AD, 0x34AD, 0x34AD, 0x34AD, 0x34AD, 
0x34AD, 0x34AD, 0x34AD, 0x34AD, 0x34AD, 0x34AD, 0x34AD, 0x34AD, 0x34AD, 0x34AD, 0x34AD, 0x34AD, 
0x31E7, 0x31E7, 0x31E7, 0x31E7, 0xDD0C, 0xDD0C, 0xDD0C, 0xDD0C, 0xDD0C, 0xDD0C, 0xDD0C, 0xDD0C, 
0x34AD, 0x34AD, 0x34AD, 0x34AD, 0x34AD, 0x34AD, 0x34AD, 0x34AD, 0x34AD, 0x34AD, 0x34AD, 0x34AD, 
0x34AD, 0x34AD, 0x34AD, 0x34AD, 0x34AD, 0x34AD, 0x34AD, 0x34AD, 0x34AD, 0x34AD, 0x31E7, 0x31E7, 
0x31E7, 0x31E7, 0x31E7, 0x31E7, 0x31E7, 0x31E7, 0x31E7, 0x31E7, 0x31E7, 0x31E7, 0x31E7, 0x31E7, 
0x31E7, 0x31E7, 0x31E7, 0x31E7, 0x31E7, 0x31E7, 0x31E7, 0x31E7, 0x31E7, 0x31E7, 0x31E7, 0x31E7, 
0x31E7, 0x31E7, 0x31E7, 0x31E7, 0x34AD, 0x34AD, 0x34AD, 0x34AD, 0x34AD, 0x34AD, 0x34AD, 0x34AD, 
0x34AD, 0x34AD, 0x34AD, 0x34AD, 0x34AD, 0x34AD, 0x34AD, 0x34AD, 0x34AD, 0x34AD, 0x34AD, 0x34AD, 
0x34AD, 0x34AD, 0x34AD, 0x34AD, 0x34AD, 0x34AD, 0x34AD, 0x34AD, 0x34AD, 0x34AD, 0x34AD, 0x34AD, 
0x34AD, 0x34AD, 0x34AD, 0x34AD, 0x34AD, 0x34AD, 0x34AD, 0x34AD, 0x34AD, 0x34AD, 0x34AD, 0x34AD, 
0x34AD, 0x34AD, 0x34AD, 0x34AD, 0x34AD, 0x34AD, 0x34AD, 0x34AD, 0x34AD, 0x34AD, 0x34AD, 0x34AD, 
0x34AD, 0x34AD, 0x34AD, 0x34AD, 0x31E7, 0x31E7, 0x31E7, 0x31E7, 0x31E7, 0x31E7, 0xDD0C, 0xDD0C, 
0xDD0C, 0xDD0C, 0xDD0C, 0xDD0C, 0xDD0C, 0xDD0C, 0x34AD, 0x34AD, 0x34AD, 0x34AD, 0x34AD, 0x34AD, 
0x34AD, 0x34AD, 0x34AD, 0x34AD, 0x34AD, 0x34AD, 0x34AD, 0x34AD, 0x34AD, 0x34AD, 0x34AD, 0x34AD, 
0x34AD, 0x34AD, 0x34AD, 0x34AD, 0x34AD, 0x34AD, 0x31E7, 0x31E7, 0x31E7, 0x31E7, 0x31E7, 0x31E7, 
0x31E7, 0x31E7, 0x31E7, 0x31E7, 0x31E7, 0x31E7, 0x31E7, 0x31E7, 0x31E7, 0x31E7, 0x31E7, 0x31E7, 
0x31E7, 0x31E7, 0x31E7, 0x31E7, 0x31E7, 0x31E7, 0x31E7, 0x31E7, 0x31E7, 0x31E7, 0x31E7, 0x31E7, 
0x34AD, 0x34AD, 0x34AD, 0x34AD, 0x34AD, 0x34AD, 0x34AD, 0x34AD, 0x34AD, 0x34AD, 0x34AD, 0x34AD, 
0x34AD, 0x34AD, 0x34AD, 0x34AD, 0x34AD, 0x34AD, 0x34AD, 0x34AD, 0x34AD, 0x34AD, 0x34AD, 0x34AD, 
0x34AD, 0x34AD, 0x34AD, 0x34AD, 0x34AD, 0x34AD, 0x34AD, 0x34AD, 0x34AD, 0x34AD, 0x34AD, 0x34AD, 
0x34AD, 0x34AD, 0x34AD, 0x34AD, 0x34AD, 0x34AD, 0x34AD, 0x34AD, 0x34AD, 0x34AD, 0x34AD, 0x34AD, 
0x34AD, 0x34AD, 0x34AD, 0x34AD, 0x34AD, 0x34AD, 0x34AD, 0x34AD, 0x34AD, 0x34AD, 0x34AD, 0x34AD, 
0x31E7, 0x31E7, 0x31E7, 0x31E7, 0x31E7, 0x31E7, 0xDD0C, 0xDD0C, 0xDD0C, 0xDD0C, 0xDD0C, 0xDD0C, 
0xDD0C, 0xDD0C, 0x34AD, 0x34AD, 0x34AD, 0x34AD, 0x34AD, 0x34AD, 0x34AD, 0x34AD, 0x34AD, 0x34AD, 
0x34AD, 0x34AD, 0x34AD, 0x34AD, 0x34AD, 0x34AD, 0x34AD, 0x34AD, 0x34AD, 0x34AD, 0x34AD, 0x34AD, 
0x34AD, 0x34AD, 0x31E7, 0x31E7, 0x31E7, 0x31E7, 0x31E7, 0x31E7, 0x31E7, 0x31E7, 0x31E7, 0x31E7, 
0x31E7, 0x31E7, 0x31E7, 0x31E7, 0x31E7, 0x31E7, 0x31E7, 0x31E7, 0x31E7, 0x31E7, 0x31E7, 0x31E7, 
0x31E7, 0x31E7, 0x31E7, 0x31E7, 0x31E7, 0x31E7, 0x31E7, 0x31E7, 0x34AD, 0x34AD, 0x34AD, 0x34AD, 
0x34AD, 0x34AD, 0x34AD, 0x34AD, 0x34AD, 0x34AD, 0x34AD, 0x34AD, 0x34AD, 0x34AD, 0x34AD, 0x34AD, 
0x34AD, 0x34AD, 0x34AD, 0x34AD, 0x34AD, 0x34AD, 0x34AD, 0x34AD, 0x34AD, 0x34AD, 0x34AD, 0x34AD, 
0x34AD, 0x34AD, 0x34AD, 0x34AD, 0x34AD, 0x34AD, 0x34AD, 0x34AD, 0x34AD, 0x34AD, 0x34AD, 0x34AD, 
0x34AD, 0x34AD, 0x34AD, 0x34AD, 0x34AD, 0x34AD, 0x34AD, 0x34AD, 0x34AD, 0x34AD, 0x34AD, 0x34AD, 
0x34AD, 0x34AD, 0x34AD, 0x34AD, 0x34AD, 0x34AD, 0x34AD, 0x34AD, 0x34AD, 0x34AD, 0x34AD, 0x34AD, 
0xDD0C, 0xDD0C, 0xDD0C, 0xDD0C, 0xDD0C, 0xDD0C, 0xDD0C, 0xDD0C, 0xDD0C, 0xDD0C, 0x34AD, 0x34AD, 
0x34AD, 0x34AD, 0x34AD, 0x34AD, 0x34AD, 0x34AD, 0x34AD, 0x34AD, 0x34AD, 0x34AD, 0x34AD, 0x34AD, 
0x34AD, 0x34AD, 0x34AD, 0x34AD, 0x34AD, 0x34AD, 0x34AD, 0x34AD, 0x34AD, 0x34AD, 0x31E7, 0x31E7, 
0x31E7, 0x31E7, 0x31E7, 0x31E7, 0x31E7, 0x31E7, 0x31E7, 0x31E7, 0x31E7, 0x31E7, 0x31E7, 0x31E7, 
0x31E7, 0x31E7, 0x31E7, 0x31E7, 0x31E7, 0x31E7, 0x31E7, 0x31E7, 0x31E7, 0x31E7, 0x31E7, 0x31E7, 
0x31E7, 0x31E7, 0x31E7, 0x31E7, 0x34AD, 0x34AD, 0x34AD, 0x34AD, 0x34AD, 0x34AD, 0x34AD, 0x34AD, 
0x34AD, 0x34AD, 0x34AD, 0x34AD, 0x34AD, 0x34AD, 0x34AD, 0x34AD, 0x34AD, 0x34AD, 0x34AD, 0x34AD, 
0x34AD, 0x34AD, 0x34AD, 0x34AD, 0x34AD, 0x34AD, 0x34AD, 0x34AD, 0x34AD, 0x34AD, 0x34AD, 0x34AD, 
0x34AD, 0x34AD, 0x34AD, 0x34AD, 0x34AD, 0x34AD, 0x34AD, 0x34AD, 0x34AD, 0x34AD, 0x34AD, 0x34AD, 
0x34AD, 0x34AD, 0x34AD, 0x34AD, 0x34AD, 0x34AD, 0x34AD, 0x34AD, 0x34AD, 0x34AD, 0x34AD, 0x34AD, 
0x34AD, 0x34AD, 0x34AD, 0x34AD, 0x34AD, 0x34AD, 0x34AD, 0x34AD, 0xDD0C, 0xDD0C, 0xDD0C, 0xDD0C, 
0xDD0C, 0xDD0C, 0xDD0C, 0xDD0C, 0xDD0C, 0xDD0C, 0x34AD, 0x34AD, 0x34AD, 0x34AD, 0x34AD, 0x34AD, 
0x34AD, 0x34AD, 0x34AD, 0x34AD, 0x34AD, 0x34AD, 0x34AD, 0x34AD, 0x34AD, 0x34AD, 0x34AD, 0x34AD, 
0x34AD, 0x34AD, 0x34AD, 0x34AD, 0x34AD, 0x34AD, 0x31E7, 0x31E7, 0x31E7, 0x31E7, 0x31E7, 0x31E7, 
0x31E7, 0x31E7, 0x31E7, 0x31E7, 0x31E7, 0x31E7, 0x31E7, 0x31E7, 0x31E7, 0x31E7, 0x31E7, 0x31E7, 
0x31E7, 0x31E7, 0x31E7, 0x31E7, 0x31E7, 0x31E7, 0x31E7, 0x31E7, 0x31E7, 0x31E7, 0x31E7, 0x31E7, 
0x34AD, 0x34AD, 0x34AD, 0x34AD, 0x34AD, 0x34AD, 0x34AD, 0x34AD, 0x34AD, 0x34AD, 0x34AD, 0x34AD, 
0x34AD, 0x34AD, 0x34AD, 0x34AD, 0x34AD, 0x34AD, 0x34AD, 0x34AD, 0x34AD, 0x34AD, 0x34AD, 0x34AD, 
0x34AD, 0x34AD, 0x34AD, 0x34AD, 0x34AD, 0x34AD, 0x34AD, 0x34AD, 0x34AD, 0x34AD, 0x34AD, 0x34AD, 
0x34AD, 0x34AD, 0x34AD, 0x34AD, 0x34AD, 0x34AD, 0x34AD, 0x34AD, 0x34AD, 0x34AD, 0x34AD, 0x34AD, 
0x34AD, 0x34AD, 0x34AD, 0x34AD, 0x34AD, 0x34AD, 0x34AD, 0x34AD, 0x34AD, 0x34AD, 0x34AD, 0x34AD, 
0x34AD, 0x34AD, 0x34AD, 0x34AD, 0x34AD, 0x34AD, 0xDD0C, 0xDD0C, 0xDD0C, 0xDD0C, 0xDD0C, 0xDD0C, 
0xDD0C, 0xDD0C, 0x34AD, 0x34AD, 0x34AD, 0x34AD, 0x34AD, 0x34AD, 0x34AD, 0x34AD, 0x34AD, 0x34AD, 
0x34AD, 0x34AD, 0x34AD, 0x34AD, 0x34AD, 0x34AD, 0x34AD, 0x34AD, 0x34AD, 0x34AD, 0x34AD, 0x34AD, 
0x34AD, 0x34AD, 0x31E7, 0x31E7, 0x31E7, 0x31E7, 0x31E7, 0x31E7, 0x31E7, 0x31E7, 0x31E7, 0x31E7, 
0x31E7, 0x31E7, 0x31E7, 0x31E7, 0x31E7, 0x31E7, 0x31E7, 0x31E7, 0x31E7, 0x31E7, 0x31E7, 0x31E7, 
0x31E7, 0x31E7, 0x31E7, 0x31E7, 0x31E7, 0x31E7, 0x31E7, 0x31E7, 0x34AD, 0x34AD, 0x34AD, 0x34AD, 
0x34AD, 0x34AD, 0x34AD, 0x34AD, 0x34AD, 0x34AD, 0x34AD, 0x34AD, 0x34AD, 0x34AD, 0x34AD, 0x34AD, 
0x34AD, 0x34AD, 0x34AD, 0x34AD, 0x34AD, 0x34AD, 0x34AD, 0x34AD, 0x34AD, 0x34AD, 0x34AD, 0x34AD, 
0x34AD, 0x34AD, 0x34AD, 0x34AD, 0x34AD, 0x34AD, 0x34AD, 0x34AD, 0x34AD, 0x34AD, 0x34AD, 0x34AD, 
0x34AD, 0x34AD, 0x34AD, 0x34AD, 0x34AD, 0x34AD, 0x34AD, 0x34AD, 0x34AD, 0x34AD, 0x34AD, 0x34AD, 
0x34AD, 0x34AD, 0x34AD, 0x34AD, 0x34AD, 0x34AD, 0x34AD, 0x34AD, 0x34AD, 0x34AD, 0x34AD, 0x34AD, 
0x34AD, 0x34AD, 0xDD0C, 0xDD0C, 0xDD0C, 0xDD0C, 0xDD0C, 0xDD0C, 0xDD0C, 0xDD0C, 0x34AD, 0x34AD, 
0x34AD, 0x34AD, 0x34AD, 0x34AD, 0x34AD, 0x34AD, 0x34AD, 0x34AD, 0x34AD, 0x34AD, 0x34AD, 0x34AD, 
0x34AD, 0x34AD, 0x34AD, 0x34AD, 0x34AD, 0x34AD, 0x34AD, 0x34AD, 0x34AD, 0x34AD, 0x31E7, 0x31E7, 
0x31E7, 0x31E7, 0x31E7, 0x31E7, 0x31E7, 0x31E7, 0x31E7, 0x31E7, 0x31E7, 0x31E7, 0x31E7, 0x31E7, 
0x31E7, 0x31E7, 0x31E7, 0x31E7, 0x31E7, 0x31E7, 0x31E7, 0x31E7, 0x31E7, 0x31E7, 0x31E7, 0x31E7, 
0x31E7, 0x31E7, 0x31E7, 0x31E7, 0x34AD, 0x34AD, 0x34AD, 0x34AD, 0x34AD, 0x34AD, 0x34AD, 0x34AD, 
0x34AD, 0x34AD, 0x34AD, 0x34AD, 0x34AD, 0x34AD, 0x34AD, 0x34AD, 0x34AD, 0x34AD, 0x34AD, 0x34AD, 
0x34AD, 0x34AD, 0x34AD, 0x34AD, 0x34AD, 0x34AD, 0x34AD, 0x34AD, 0x34AD, 0x34AD, 0x34AD, 0x34AD, 
0x34AD, 0x34AD, 0x34AD, 0x34AD, 0x34AD, 0x34AD, 0x34AD, 0x34AD, 0x34AD, 0x34AD, 0x34AD, 0x34AD, 
0x34AD, 0x34AD, 0x34AD, 0x34AD, 0x34AD, 0x34AD, 0x34AD, 0x34AD, 0x34AD, 0x34AD, 0x34AD, 0x34AD, 
0x34AD, 0x34AD, 0x34AD, 0x34AD, 0x34AD, 0x34AD, 0x34AD, 0x34AD, 0x34AD, 0x34AD, 0x34AD, 0x34AD, 
0x34AD, 0x34AD, 0x34AD, 0x34AD, 0x34AD, 0x34AD, 0x34AD, 0x34AD, 0x34AD, 0x34AD, 0x34AD, 0x34AD, 
0x34AD, 0x34AD, 0x34AD, 0x34AD, 0x34AD, 0x34AD, 0x34AD, 0x34AD, 0x34AD, 0x34AD, 0x34AD, 0x34AD, 
0x34AD, 0x34AD, 0x34AD, 0x34AD, 0x31E7, 0x31E7, 0x31E7, 0x31E7, 0x31E7, 0x31E7, 0x31E7, 0x31E7, 
0x31E7, 0x31E7, 0x31E7, 0x31E7, 0x31E7, 0x31E7, 0x31E7, 0x31E7, 0x31E7, 0x31E7, 0x31E7, 0x31E7, 
0x31E7, 0x31E7, 0x31E7, 0x31E7, 0x31E7, 0x31E7, 0x31E7, 0x31E7, 0x31E7, 0x31E7, 0x31E7, 0x31E7, 
0x34AD, 0x34AD, 0x34AD, 0x34AD, 0x34AD, 0x34AD, 0x34AD, 0x34AD, 0x34AD, 0x34AD, 0x34AD, 0x34AD, 
0x34AD, 0x34AD, 0x34AD, 0x34AD, 0x34AD, 0x34AD, 0x34AD, 0x34AD, 0x34AD, 0x34AD, 0x34AD, 0x34AD, 
0x34AD, 0x34AD, 0x34AD, 0x34AD, 0x34AD, 0x34AD, 0x34AD, 0x34AD, 0x34AD, 0x34AD, 0x34AD, 0x34AD, 
0x34AD, 0x34AD, 0x34AD, 0x34AD, 0x34AD, 0x34AD, 0x34AD, 0x34AD, 0x34AD, 0x34AD, 0x34AD, 0x34AD, 
0x34AD, 0x34AD, 0x34AD, 0x34AD, 0x34AD, 0x34AD, 0x34AD, 0x34AD, 0x34AD, 0x34AD, 0x34AD, 0x34AD, 
0x34AD, 0x34AD, 0x34AD, 0x34AD, 0x34AD, 0x34AD, 0x34AD, 0x34AD, 0x34AD, 0x34AD, 0x34AD, 0x34AD, 
0x34AD, 0x34AD, 0x34AD, 0x34AD, 0x34AD, 0x34AD, 0x34AD, 0x34AD, 0x34AD, 0x34AD, 0x34AD, 0x34AD, 
0x34AD, 0x34AD, 0x34AD, 0x34AD, 0x34AD, 0x34AD, 0x34AD, 0x34AD, 0x34AD, 0x34AD, 0x34AD, 0x34AD, 
0x31E7, 0x31E7, 0x31E7, 0x31E7, 0x31E7, 0x31E7, 0x31E7, 0x31E7, 0x31E7, 0x31E7, 0x31E7, 0x31E7, 
0x31E7, 0x31E7, 0x31E7, 0x31E7, 0x31E7, 0x31E7, 0x31E7, 0x31E7, 0x31E7, 0x31E7, 0x31E7, 0x31E7, 
0x31E7, 0x31E7, 0x31E7, 0x31E7, 0x31E7, 0x31E7, 0x31E7, 0x31E7, 0x34AD, 0x34AD, 0x34AD, 0x34AD, 
0x34AD, 0x34AD, 0x34AD, 0x34AD, 0x34AD, 0x34AD, 0x34AD, 0x34AD, 0x34AD, 0x34AD, 0x34AD, 0x34AD, 
0x34AD, 0x34AD, 0x34AD, 0x34AD, 0x34AD, 0x34AD, 0x34AD, 0x34AD, 0x34AD, 0x34AD, 0x34AD, 0x34AD, 
0x34AD, 0x34AD, 0x34AD, 0x34AD, 0x34AD, 0x34AD, 0x34AD, 0x34AD, 0x34AD, 0x34AD, 0x34AD, 0x34AD, 
0x34AD, 0x34AD, 0x34AD, 0x34AD, 0x34AD, 0x34AD, 0x34AD, 0x34AD, 0x34AD, 0x34AD, 0x34AD, 0x34AD, 
0x34AD, 0x34AD, 0x34AD, 0x34AD, 0x34AD, 0x34AD, 0x34AD, 0x34AD, 0x34AD, 0x34AD, 0x34AD, 0x34AD, 
0x34AD, 0x34AD, 0x34AD, 0x34AD, 0x34AD, 0x34AD, 0x34AD, 0x34AD, 0x34AD, 0x34AD, 0x34AD, 0x34AD, 
0x34AD, 0x34AD, 0x34AD, 0x34AD, 0x34AD, 0x34AD, 0x34AD, 0x34AD, 0x34AD, 0x34AD, 0x34AD, 0x34AD, 
0x34AD, 0x34AD, 0x34AD, 0x34AD, 0x34AD, 0x34AD, 0x34AD, 0x34AD, 0x31E7, 0x31E7, 0x31E7, 0x31E7, 
0x31E7, 0x31E7, 0x31E7, 0x31E7, 0x31E7, 0x31E7, 0x31E7, 0x31E7, 0x31E7, 0x31E7, 0x31E7, 0x31E7, 
0x31E7, 0x31E7, 0x31E7, 0x31E7, 0x31E7, 0x31E7, 0x31E7, 0x31E7, 0x31E7, 0x31E7, 0x31E7, 0x31E7, 
0x31E7, 0x31E7, 0x31E7, 0x31E7, 0x34AD, 0x34AD, 0x34AD, 0x34AD, 0x34AD, 0x34AD, 0x34AD, 0x34AD, 
0x34AD, 0x34AD, 0x34AD, 0x34AD, 0x34AD, 0x34AD, 0x34AD, 0x34AD, 0x34AD, 0x34AD, 0x34AD, 0x34AD, 
0x34AD, 0x34AD, 0x34AD, 0x34AD, 0x34AD, 0x34AD, 0x34AD, 0x34AD, 0x34AD, 0x34AD, 0x34AD, 0x34AD, 
0x34AD, 0x34AD, 0x34AD, 0x34AD, 0x34AD, 0x34AD, 0x34AD, 0x34AD, 0x34AD, 0x34AD, 0x34AD, 0x34AD, 
0x34AD, 0x34AD, 0x34AD, 0x34AD, 0x34AD, 0x34AD, 0x34AD, 0x34AD, 0x34AD, 0x34AD, 0x34AD, 0x34AD, 
0x34AD, 0x34AD, 0x34AD, 0x34AD, 0x34AD, 0x34AD, 0x34AD, 0x34AD, 0x34AD, 0x34AD, 0x34AD, 0x34AD, 
0x34AD, 0x34AD, 0x34AD, 0x34AD, 0x34AD, 0x34AD, 0x34AD, 0x34AD, 0x34AD, 0x34AD, 0x34AD, 0x34AD, 
0x34AD, 0x34AD, 0x34AD, 0x34AD, 0x34AD, 0x34AD, 0x34AD, 0x34AD, 0x34AD, 0x34AD, 0x34AD, 0x34AD, 
0x34AD, 0x34AD, 0x34AD, 0x34AD, 0x31E7, 0x31E7, 0x31E7, 0x31E7, 0x31E7, 0x31E7, 0x31E7, 0x31E7, 
0x31E7, 0x31E7, 0x31E7, 0x31E7, 0x31E7, 0x31E7, 0x31E7, 0x31E7, 0x31E7, 0x31E7, 0x31E7, 0x31E7, 
0x31E7, 0x31E7, 0x31E7, 0x31E7, 0x31E7, 0x31E7, 0x31E7, 0x31E7, 0x31E7, 0x31E7, 0x31E7, 0x31E7, 
0x34AD, 0x34AD, 0x34AD, 0x34AD, 0x34AD, 0x34AD, 0x34AD, 0x34AD, 0x34AD, 0x34AD, 0x34AD, 0x34AD, 
0x34AD, 0x34AD, 0x34AD, 0x34AD, 0x34AD, 0x34AD, 0x34AD, 0x34AD, 0x34AD, 0x34AD, 0x34AD, 0x34AD, 
0x34AD, 0x34AD, 0x34AD, 0x34AD, 0x34AD, 0x34AD, 0x34AD, 0x34AD, 0x34AD, 0x34AD, 0x34AD, 0x34AD, 
0x34AD, 0x34AD, 0x34AD, 0x34AD, 0x34AD, 0x34AD, 0x34AD, 0x34AD, 0x34AD, 0x34AD, 0x34AD, 0x34AD, 
0x34AD, 0x34AD, 0x34AD, 0x34AD, 0x34AD, 0x34AD, 0x34AD, 0x34AD, 0x34AD, 0x34AD, 0x34AD, 0x34AD, 
0x34AD, 0x34AD, 0x34AD, 0x34AD, 0x34AD, 0x34AD, 0x34AD, 0x34AD, 0x34AD, 0x34AD, 0x34AD, 0x34AD, 
0x34AD, 0x34AD, 0x34AD, 0x34AD, 0x34AD, 0x34AD, 0x34AD, 0x34AD, 0x34AD, 0x34AD, 0x34AD, 0x34AD, 
0x34AD, 0x34AD, 0x34AD, 0x34AD, 0x34AD, 0x34AD, 0x34AD, 0x34AD, 0x34AD, 0x34AD, 0x31E7, 0x31E7, 
0x31E7, 0x31E7, 0x31E7, 0x31E7, 0x31E7, 0x31E7, 0x31E7, 0x31E7, 0x31E7, 0x31E7, 0x31E7, 0x31E7, 
0x31E7, 0x31E7, 0x31E7, 0x31E7, 0x31E7, 0x31E7, 0x31E7, 0x31E7, 0x31E7, 0x31E7, 0x31E7, 0x31E7, 
0x31E7, 0x31E7, 0x31E7, 0x31E7, 0x31E7, 0x31E7, 0x31E7, 0x31E7, 0x34AD, 0x34AD, 0x34AD, 0x34AD, 
0x34AD, 0x34AD, 0x34AD, 0x34AD, 0x34AD, 0x34AD, 0x34AD, 0x34AD, 0x34AD, 0x34AD, 0x34AD, 0x34AD, 
0x34AD, 0x34AD, 0x34AD, 0x34AD, 0x34AD, 0x34AD, 0x34AD, 0x34AD, 0x34AD, 0x34AD, 0x34AD, 0x34AD, 
0x34AD, 0x34AD, 0x34AD, 0x34AD, 0x34AD, 0x34AD, 0x34AD, 0x34AD, 0x34AD, 0x34AD, 0x34AD, 0x34AD, 
0x34AD, 0x34AD, 0x34AD, 0x34AD, 0x34AD, 0x34AD, 0x34AD, 0x34AD, 0x34AD, 0x34AD, 0x34AD, 0x34AD, 
0x34AD, 0x34AD, 0x34AD, 0x34AD, 0x34AD, 0x34AD, 0x34AD, 0x34AD, 0x34AD, 0x34AD, 0x34AD, 0x34AD, 
0x34AD, 0x34AD, 0x34AD, 0x34AD, 0x34AD, 0x34AD, 0x34AD, 0x34AD, 0x34AD, 0x34AD, 0x34AD, 0x34AD, 
0x34AD, 0x34AD, 0x34AD, 0x34AD, 0x34AD, 0x34AD, 0x34AD, 0x34AD, 0x34AD, 0x34AD, 0x34AD, 0x34AD, 
0x34AD, 0x34AD, 0x34AD, 0x34AD, 0x34AD, 0x34AD, 0x31E7, 0x31E7, 0x31E7, 0x31E7, 0x31E7, 0x31E7, 
0x31E7, 0x31E7, 0x31E7, 0x31E7, 0x31E7, 0x31E7, 0x31E7, 0x31E7, 0x31E7, 0x31E7, 0x31E7, 0x31E7, 
0x31E7, 0x31E7, 0x31E7, 0x31E7, 0x31E7, 0x31E7, 0x31E7, 0x31E7, 0x31E7, 0x31E7, 0x31E7, 0x31E7, 
0x31E7, 0x31E7, 0x31E7, 0x31E7, 0x34AD, 0x34AD, 0x34AD, 0x34AD, 0x34AD, 0x34AD, 0x34AD, 0x34AD, 
0x34AD, 0x34AD, 0x34AD, 0x34AD, 0x34AD, 0x34AD, 0x34AD, 0x34AD, 0x34AD, 0x34AD, 0x34AD, 0x34AD, 
0x34AD, 0x34AD, 0x34AD, 0x34AD, 0x34AD, 0x34AD, 0x34AD, 0x34AD, 0x34AD, 0x34AD, 0x34AD, 0x34AD, 
0x34AD, 0x34AD, 0x34AD, 0x34AD, 0x34AD, 0x34AD, 0x34AD, 0x34AD, 0x34AD, 0x34AD, 0x34AD, 0x34AD, 
0x34AD, 0x34AD, 0x34AD, 0x34AD, 0x34AD, 0x34AD, 0x34AD, 0x34AD, 0x34AD, 0x34AD, 0x34AD, 0x34AD, 
0x34AD, 0x34AD, 0x34AD, 0x34AD, 0x34AD, 0x34AD, 0x34AD, 0x34AD, 0x34AD, 0x34AD, 0x34AD, 0x34AD, 
0x34AD, 0x34AD, 0x34AD, 0x34AD, 0x34AD, 0x34AD, 0x34AD, 0x34AD, 0x34AD, 0x34AD, 0x34AD, 0x34AD, 
0x34AD, 0x34AD, 0x34AD, 0x34AD, 0x34AD, 0x34AD, 0x34AD, 0x34AD, 0x34AD, 0x34AD, 0x34AD, 0x34AD, 
0x34AD, 0x34AD, 0x31E7, 0x31E7, 0x31E7, 0x31E7, 0x31E7, 0x31E7, 0x31E7, 0x31E7, 0x31E7, 0x31E7, 
0x31E7, 0x31E7, 0x31E7, 0x31E7, 0x31E7, 0x31E7, 0x31E7, 0x31E7, 0x31E7, 0x31E7, 0x31E7, 0x31E7, 
0x31E7, 0x31E7, 0x31E7, 0x31E7, 0x31E7, 0x31E7, 0x31E7, 0x31E7, 0x31E7, 0x31E7, 0x31E7, 0x31E7, 
0x34AD, 0x34AD, 0x34AD, 0x34AD, 0x34AD, 0x34AD, 0x34AD, 0x34AD, 0x34AD, 0x34AD, 0x34AD, 0x34AD, 
0x34AD, 0x34AD, 0x34AD, 0x34AD, 0x34AD, 0x34AD, 0x34AD, 0x34AD, 0x34AD, 0x34AD, 0x34AD, 0x34AD, 
0x34AD, 0x34AD, 0x34AD, 0x34AD, 0x34AD, 0x34AD, 0x34AD, 0x34AD, 0x34AD, 0x34AD, 0x34AD, 0x34AD, 
0x34AD, 0x34AD, 0x34AD, 0x34AD, 0x34AD, 0x34AD, 0x34AD, 0x34AD, 0x34AD, 0x34AD, 0x34AD, 0x34AD, 
0x34AD, 0x34AD, 0x34AD, 0x34AD, 0x34AD, 0x34AD, 0x34AD, 0x34AD, 0x34AD, 0x34AD, 0x34AD, 0x34AD, 
0x34AD, 0x34AD, 0x34AD, 0x34AD, 0x34AD, 0x34AD, 0x34AD, 0x34AD, 0x34AD, 0x34AD, 0x34AD, 0x34AD, 
0x34AD, 0x34AD, 0x34AD, 0x34AD, 0x34AD, 0x34AD, 0x34AD, 0x34AD, 0x34AD, 0x34AD, 0x34AD, 0x34AD, 
0x34AD, 0x34AD, 0x34AD, 0x34AD, 0x34AD, 0x34AD, 0x34AD, 0x34AD, 0x34AD, 0x34AD, 0x31E7, 0x31E7, 
0x31E7, 0x31E7, 0x31E7, 0x31E7, 0x31E7, 0x31E7, 0x31E7, 0x31E7, 0x31E7, 0x31E7, 0x31E7, 0x31E7, 
0x31E7, 0x31E7, 0x31E7, 0x31E7, 0x31E7, 0x31E7, 0x31E7, 0x31E7, 0x31E7, 0x31E7, 0x31E7, 0x31E7, 
0x31E7, 0x31E7, 0x31E7, 0x31E7, 0x31E7, 0x31E7, 0x31E7, 0x31E7, 0x34AD, 0x34AD, 0x34AD, 0x34AD, 
0x34AD, 0x34AD, 0x34AD, 0x34AD, 0x34AD, 0x34AD, 0x34AD, 0x34AD, 0x34AD, 0x34AD, 0x34AD, 0x34AD, 
0x34AD, 0x34AD, 0x34AD, 0x34AD, 0x34AD, 0x34AD, 0x34AD, 0x34AD, 0x34AD, 0x34AD, 0x34AD, 0x34AD, 
0x34AD, 0x34AD, 0x34AD, 0x34AD, 0x34AD, 0x34AD, 0x34AD, 0x34AD, 0x34AD, 0x34AD, 0x34AD, 0x34AD, 
0x34AD, 0x34AD, 0x34AD, 0x34AD, 0x34AD, 0x34AD, 0x34AD, 0x34AD, 0x34AD, 0x34AD, 0x34AD, 0x34AD, 
0x34AD, 0x34AD, 0x34AD, 0x34AD, 0x34AD, 0x34AD, 0x34AD, 0x34AD, 0x34AD, 0x34AD, 0x34AD, 0x34AD, 
0x34AD, 0x34AD, 0x34AD, 0x34AD, 0x34AD, 0x34AD, 0x34AD, 0x34AD, 0x34AD, 0x34AD, 0x34AD, 0x34AD, 
0x34AD, 0x34AD, 0x34AD, 0x34AD, 0x34AD, 0x34AD, 0x34AD, 0x34AD, 0x34AD, 0x34AD, 0x34AD, 0x34AD, 
0x34AD, 0x34AD, 0x34AD, 0x34AD, 0x31E7, 0x31E7, 0x31E7, 0x31E7, 0x31E7, 0x31E7, 0x31E7, 0x31E7, 
0x31E7, 0x31E7, 0x31E7, 0x31E7, 0x31E7, 0x31E7, 0x31E7, 0x31E7, 0x31E7, 0x31E7, 0x31E7, 0x31E7, 
0x31E7, 0x31E7, 0x31E7, 0x31E7, 0x31E7, 0x31E7, 0x31E7, 0x31E7, 0x31E7, 0x31E7, 0x31E7, 0x31E7, 
0x31E7, 0x31E7, 0x31E7, 0x31E7, 0x34AD, 0x34AD, 0x34AD, 0x34AD, 0x34AD, 0x34AD, 0x34AD, 0x34AD, 
0x34AD, 0x34AD, 0x34AD, 0x34AD, 0x34AD, 0x34AD, 0x34AD, 0x34AD, 0x34AD, 0x34AD, 0x34AD, 0x34AD, 
0x34AD, 0x34AD, 0x34AD, 0x34AD, 0x34AD, 0x34AD, 0x34AD, 0x34AD, 0x34AD, 0x34AD, 0x34AD, 0x34AD, 
0x34AD, 0x34AD, 0x34AD, 0x34AD, 0x34AD, 0x34AD, 0x34AD, 0x34AD, 0x34AD, 0x34AD, 0x34AD, 0x34AD, 
0x34AD, 0x34AD, 0x34AD, 0x34AD, 0x34AD, 0x34AD, 0x34AD, 0x34AD, 0x34AD, 0x34AD, 0x34AD, 0x34AD, 
0x34AD, 0x34AD, 0x34AD, 0x34AD, 0x34AD, 0x34AD, 0x34AD, 0x34AD, 0x34AD, 0x34AD, 0x34AD, 0x34AD, 
0x34AD, 0x34AD, 0x34AD, 0x34AD, 0x34AD, 0x34AD, 0x34AD, 0x34AD, 0x34AD, 0x34AD, 0x34AD, 0x34AD, 
0x34AD, 0x34AD, 0x34AD, 0x34AD, 0x34AD, 0x34AD, 0x34AD, 0x34AD, 0x34AD, 0x34AD, 0x34AD, 0x34AD, 
0x31E7, 0x31E7, 0x31E7, 0x31E7, 0x31E7, 0x31E7, 0x31E7, 0x31E7, 0x31E7, 0x31E7, 0x31E7, 0x31E7, 
0x31E7, 0x31E7, 0x31E7, 0x31E7, 0x31E7, 0x31E7, 0x31E7, 0x31E7, 0x31E7, 0x31E7, 0x31E7, 0x31E7, 
0x31E7, 0x31E7, 0x31E7, 0x31E7, 0x31E7, 0x31E7, 0x31E7, 0x31E7, 0x31E7, 0x31E7, 0x31E7, 0x31E7, 
0x34AD, 0x34AD, 0x34AD, 0x34AD, 0x34AD, 0x34AD, 0x34AD, 0x34AD, 0x34AD, 0x34AD, 0x34AD, 0x34AD, 
0x34AD, 0x34AD, 0x34AD, 0x34AD, 0x34AD, 0x34AD, 0x34AD, 0x34AD, 0x34AD, 0x34AD, 0x34AD, 0x34AD, 
0x34AD, 0x34AD, 0x34AD, 0x34AD, 0x34AD, 0x34AD, 0x34AD, 0x34AD, 0x34AD, 0x34AD, 0x34AD, 0x34AD, 
0x34AD, 0x34AD, 0x34AD, 0x34AD, 0x34AD, 0x34AD, 0x34AD, 0x34AD, 0x34AD, 0x34AD, 0x34AD, 0x34AD, 
0x34AD, 0x34AD, 0x34AD, 0x34AD, 0x34AD, 0x34AD, 0x34AD, 0x34AD, 0x34AD, 0x34AD, 0x34AD, 0x34AD, 
0x34AD, 0x34AD, 0x34AD, 0x34AD, 0x34AD, 0x34AD, 0x34AD, 0x34AD, 0x34AD, 0x34AD, 0x34AD, 0x34AD, 
0x34AD, 0x34AD, 0x34AD, 0x34AD, 0x34AD, 0x34AD, 0x34AD, 0x34AD, 0x34AD, 0x34AD, 0x34AD, 0x34AD, 
0x34AD, 0x34AD, 0x34AD, 0x34AD, 0x34AD, 0x34AD, 0x34AD, 0x34AD, 0x31E7, 0x31E7, 0x31E7, 0x31E7, 
0x31E7, 0x31E7, 0x31E7, 0x31E7, 0x31E7, 0x31E7, 0x31E7, 0x31E7, 0x31E7, 0x31E7, 0x31E7, 0x31E7, 
0x31E7, 0x31E7, 0x31E7, 0x31E7, 0x31E7, 0x31E7, 0x31E7, 0x31E7, 0x31E7, 0x31E7, 0x31E7, 0x31E7, 
0x31E7, 0x31E7, 0x31E7, 0x31E7, 0x31E7, 0x31E7, 0x31E7, 0x31E7, 0x34AD, 0x34AD, 0x34AD, 0x34AD, 
0x34AD, 0x34AD, 0x34AD, 0x34AD, 0x34AD, 0x34AD, 0x34AD, 0x34AD, 0x34AD, 0x34AD, 0x34AD, 0x34AD, 
0x34AD, 0x34AD, 0x34AD, 0x34AD, 0x34AD, 0x34AD, 0x34AD, 0x34AD, 0x34AD, 0x34AD, 0x34AD, 0x34AD, 
0x34AD, 0x34AD, 0x34AD, 0x34AD, 0x34AD, 0x34AD, 0x34AD, 0x34AD, 0x34AD, 0x34AD, 0x34AD, 0x34AD, 
0x34AD, 0x34AD, 0x34AD, 0x34AD, 0x34AD, 0x34AD, 0x34AD, 0x34AD, 0x34AD, 0x34AD, 0x34AD, 0x34AD, 
0x34AD, 0x34AD, 0x34AD, 0x34AD, 0x34AD, 0x34AD, 0x34AD, 0x34AD, 0x34AD, 0x34AD, 0x34AD, 0x34AD, 
0x34AD, 0x34AD, 0x34AD, 0x34AD, 0x34AD, 0x34AD, 0x34AD, 0x34AD, 0x34AD, 0x34AD, 0x34AD, 0x34AD, 
0x34AD, 0x34AD, 0x34AD, 0x34AD, 0x34AD, 0x34AD, 0x34AD, 0x34AD, 0x34AD, 0x34AD, 0x34AD, 0x34AD, 
0x34AD, 0x34AD, 0x34AD, 0x34AD, 0x31E7, 0x31E7, 0x31E7, 0x31E7, 0x31E7, 0x31E7, 0x31E7, 0x31E7, 
0x31E7, 0x31E7, 0x31E7, 0x31E7, 0x31E7, 0x31E7, 0x31E7, 0x31E7, 0x31E7, 0x31E7, 0x31E7, 0x31E7, 
0x31E7, 0x31E7, 0x31E7, 0x31E7, 0x31E7, 0x31E7, 0x31E7, 0x31E7, 0x31E7, 0x31E7, 0x31E7, 0x31E7, 
0x31E7, 0x31E7, 0x31E7, 0x31E7, 
};
