#include "assets.h"

const uint16_t loot_img_1[16384] = {
0xA986, 0xA986, 0xDAAC, 0xDAAC, 0xDAAC, 0xDAAC, 0xA986, 0xA986, 0xA986, 0xA986, 0xA986, 0xA986, 
0x61C6, 0x61C6, 0x61C6, 0x61C6, 0x61C6, 0x61C6, 0x61C6, 0x61C6, 0xA986, 0xA986, 0xA986, 0xA986, 
0x61C6, 0x61C6, 0x61C6, 0x61C6, 0xCEDF, 0xCEDF, 0xCEDF, 0xCEDF, 0xCEDF, 0xCEDF, 0xCEDF, 0xCEDF, 
0xCEDF, 0xCEDF, 0xCEDF, 0xCEDF, 0xCEDF, 0xCEDF, 0xCEDF, 0xCEDF, 0xCEDF, 0xCEDF, 0xCEDF, 0xCEDF, 
0xCEDF, 0xCEDF, 0xCEDF, 0xCEDF, 0xCEDF, 0xCEDF, 0xCEDF, 0xCEDF, 0xCEDF, 0xCEDF, 0xCEDF, 0xCEDF, 
0xCEDF, 0xCEDF, 0xCEDF, 0xCEDF, 0xCEDF, 0xCEDF, 0xCEDF, 0xCEDF, 0xCEDF, 0xCEDF, 0xCEDF, 0xCEDF, 
0xCEDF, 0xCEDF, 0xCEDF, 0xCEDF, 0xCEDF, 0xCEDF, 0xCEDF, 0xCEDF, 0xCEDF, 0xCEDF, 0xCEDF, 0xCEDF, 
0xCEDF, 0xCEDF, 0xCEDF, 0xCEDF, 0xCEDF, 0xCEDF, 0xCEDF, 0xCEDF, 0xCEDF, 0xCEDF, 0xCEDF, 0xCEDF, 
0xCEDF, 0xCEDF, 0xCEDF, 0xCEDF, 0xCEDF, 0xCEDF, 0xCEDF, 0xCEDF, 0xCEDF, 0xCEDF, 0xCEDF, 0xCEDF, 
0xCEDF, 0xCEDF, 0xCEDF, 0xCEDF, 0xCEDF, 0xCEDF, 0xCEDF, 0xCEDF, 0xCEDF, 0xCEDF, 0xCEDF, 0xCEDF, 
0xCEDF, 0xCEDF, 0xCEDF, 0xCEDF, 0xCEDF, 0xCEDF, 0xCEDF, 0xCEDF, 0xA986, 0xA986, 0xDAAC, 0xDAAC, 
0xDAAC, 0xDAAC, 0xA986, 0xA986, 0xA986, 0xA986, 0xA986, 0xA986, 0x61C6, 0x61C6, 0x61C6, 0x61C6, 
0x61C6, 0x61C6, 0x61C6, 0x61C6, 0xA986, 0xA986, 0xA986, 0xA986, 0x61C6, 0x61C6, 0x61C6, 0x61C6, 
0xCEDF, 0xCEDF, 0xCEDF, 0xCEDF, 0xCEDF, 0xCEDF, 0xCEDF, 0xCEDF, 0xCEDF, 0xCEDF, 0xCEDF, 0xCEDF, 
0xCEDF, 0xCEDF, 0xCEDF, 0xCEDF, 0xCEDF, 0xCEDF, 0xCEDF, 0xCEDF, 0xCEDF, 0xCEDF, 0xCEDF, 0xCEDF, 
0xCEDF, 0xCEDF, 0xCEDF, 0xCEDF, 0xCEDF, 0xCEDF, 0xCEDF, 0xCEDF, 0xCEDF, 0xCEDF, 0xCEDF, 0xCEDF, 
0xCEDF, 0xCEDF, 0xCEDF, 0xCEDF, 0xCEDF, 0xCEDF, 0xCEDF, 0xCEDF, 0xCEDF, 0xCEDF, 0xCEDF, 0xCEDF, 
0xCEDF, 0xCEDF, 0xCEDF, 0xCEDF, 0xCEDF, 0xCEDF, 0xCEDF, 0xCEDF, 0xCEDF, 0xCEDF, 0xCEDF, 0xCEDF, 
0xCEDF, 0xCEDF, 0xCEDF, 0xCEDF, 0xCEDF, 0xCEDF, 0xCEDF, 0xCEDF, 0xCEDF, 0xCEDF, 0xCEDF, 0xCEDF, 
0xCEDF, 0xCEDF, 0xCEDF, 0xCEDF, 0xCEDF, 0xCEDF, 0xCEDF, 0xCEDF, 0xCEDF, 0xCEDF, 0xCEDF, 0xCEDF, 
0xCEDF, 0xCEDF, 0xCEDF, 0xCEDF, 0xCEDF, 0xCEDF, 0xCEDF, 0xCEDF, 0xCEDF, 0xCEDF, 0xCEDF, 0xCEDF, 
0xCEDF, 0xCEDF, 0xCEDF, 0xCEDF, 0xA986, 0xA986, 0xDAAC, 0xDAAC, 0xDAAC, 0xDAAC, 0xA986, 0xA986, 
0x61C6, 0x61C6, 0x61C6, 0x61C6, 0x61C6, 0x61C6, 0x61C6, 0x61C6, 0x61C6, 0x61C6, 0xA986, 0xA986, 
0xA986, 0xA986, 0xA986, 0xA986, 0x61C6, 0x61C6, 0x61C6, 0x61C6, 0x61C6, 0x61C6, 0x61C6, 0x61C6, 
0xCEDF, 0xCEDF, 0xCEDF, 0xCEDF, 0xCEDF, 0xCEDF, 0xCEDF, 0xCEDF, 0xCEDF, 0xCEDF, 0xCEDF, 0xCEDF, 
0xCEDF, 0xCEDF, 0xCEDF, 0xCEDF, 0xCEDF, 0xCEDF, 0xCEDF, 0xCEDF, 0xCEDF, 0xCEDF, 0xCEDF, 0xCEDF, 
0xCEDF, 0xCEDF, 0xCEDF, 0xCEDF, 0xCEDF, 0xCEDF, 0xCEDF, 0xCEDF, 0xCEDF, 0xCEDF, 0xCEDF, 0xCEDF, 
0xCEDF, 0xCEDF, 0xCEDF, 0xCEDF, 0xCEDF, 0xCEDF, 0xCEDF, 0xCEDF, 0xCEDF, 0xCEDF, 0xCEDF, 0xCEDF, 
0xCEDF, 0xCEDF, 0xCEDF, 0xCEDF, 0xCEDF, 0xCEDF, 0xCEDF, 0xCEDF, 0xCEDF, 0xCEDF, 0xCEDF, 0xCEDF, 
0xCEDF, 0xCEDF, 0xCEDF, 0xCEDF, 0xCEDF, 0xCEDF, 0xCEDF, 0xCEDF, 0xCEDF, 0xCEDF, 0xCEDF, 0xCEDF, 
0xCEDF, 0xCEDF, 0xCEDF, 0xCEDF, 0xCEDF, 0xCEDF, 0xCEDF, 0xCEDF, 0xCEDF, 0xCEDF, 0xCEDF, 0xCEDF, 
0xCEDF, 0xCEDF, 0xCEDF, 0xCEDF, 0xCEDF, 0xCEDF, 0xCEDF, 0xCEDF, 0xCEDF, 0xCEDF, 0xCEDF, 0xCEDF, 
0xA986, 0xA986, 0xDAAC, 0xDAAC, 0xDAAC, 0xDAAC, 0xA986, 0xA986, 0x61C6, 0x61C6, 0x61C6, 0x61C6, 
0x61C6, 0x61C6, 0x61C6, 0x61C6, 0x61C6, 0x61C6, 0xA986, 0xA986, 0xA986, 0xA986, 0xA986, 0xA986, 
0x61C6, 0x61C6, 0x61C6, 0x61C6, 0x61C6, 0x61C6, 0x61C6, 0x61C6, 0xCEDF, 0xCEDF, 0xCEDF, 0xCEDF, 
0xCEDF, 0xCEDF, 0xCEDF, 0xCEDF, 0xCEDF, 0xCEDF, 0xCEDF, 0xCEDF, 0xCEDF, 0xCEDF, 0xCEDF, 0xCEDF, 
0xCEDF, 0xCEDF, 0xCEDF, 0xCEDF, 0xCEDF, 0xCEDF, 0xCEDF, 0xCEDF, 0xCEDF, 0xCEDF, 0xCEDF, 0xCEDF, 
0xCEDF, 0xCEDF, 0xCEDF, 0xCEDF, 0xCEDF, 0xCEDF, 0xCEDF, 0xCEDF, 0xCEDF, 0xCEDF, 0xCEDF, 0xCEDF, 
0xCEDF, 0xCEDF, 0xCEDF, 0xCEDF, 0xCEDF, 0xCEDF, 0xCEDF, 0xCEDF, 0xCEDF, 0xCEDF, 0xCEDF, 0xCEDF, 
0xCEDF, 0xCEDF, 0xCEDF, 0xCEDF, 0xCEDF, 0xCEDF, 0xCEDF, 0xCEDF, 0xCEDF, 0xCEDF, 0xCEDF, 0xCEDF, 
0xCEDF, 0xCEDF, 0xCEDF, 0xCEDF, 0xCEDF, 0xCEDF, 0xCEDF, 0xCEDF, 0xCEDF, 0xCEDF, 0xCEDF, 0xCEDF, 
0xCEDF, 0xCEDF, 0xCEDF, 0xCEDF, 0xCEDF, 0xCEDF, 0xCEDF, 0xCEDF, 0xCEDF, 0xCEDF, 0xCEDF, 0xCEDF, 
0xCEDF, 0xCEDF, 0xCEDF, 0xCEDF, 0xCEDF, 0xCEDF, 0xCEDF, 0xCEDF, 0xA986, 0xA986, 0xDAAC, 0xDAAC, 
0x61C6, 0x61C6, 0x61C6, 0x61C6, 0x61C6, 0x61C6, 0x61C6, 0x61C6, 0x61C6, 0x61C6, 0x61C6, 0x61C6, 
0xA986, 0xA986, 0xA986, 0xA986, 0xA986, 0xA986, 0xA986, 0xA986, 0xA986, 0xA986, 0x61C6, 0x61C6, 
0x61C6, 0x61C6, 0x61C6, 0x61C6, 0x61C6, 0x61C6, 0x61C6, 0x61C6, 0xCEDF, 0xCEDF, 0xCEDF, 0xCEDF, 
0xCEDF, 0xCEDF, 0xCEDF, 0xCEDF, 0xCEDF, 0xCEDF, 0xCEDF, 0xCEDF, 0xCEDF, 0xCEDF, 0xCEDF, 0xCEDF, 
0xCEDF, 0xCEDF, 0xCEDF, 0xCEDF, 0xCEDF, 0xCEDF, 0xCEDF, 0xCEDF, 0xCEDF, 0xCEDF, 0xCEDF, 0xCEDF, 
0xCEDF, 0xCEDF, 0xCEDF, 0xCEDF, 0xCEDF, 0xCEDF, 0xCEDF, 0xCEDF, 0xCEDF, 0xCEDF, 0xCEDF, 0xCEDF, 
0xCEDF, 0xCEDF, 0xCEDF, 0xCEDF, 0xCEDF, 0xCEDF, 0xCEDF, 0xCEDF, 0xCEDF, 0xCEDF, 0xCEDF, 0xCEDF, 
0xCEDF, 0xCEDF, 0xCEDF, 0xCEDF, 0xCEDF, 0xCEDF, 0xCEDF, 0xCEDF, 0xCEDF, 0xCEDF, 0xCEDF, 0xCEDF, 
0xCEDF, 0xCEDF, 0xCEDF, 0xCEDF, 0xCEDF, 0xCEDF, 0xCEDF, 0xCEDF, 0xCEDF, 0xCEDF, 0xCEDF, 0xCEDF, 
0xCEDF, 0xCEDF, 0xCEDF, 0xCEDF, 0xCEDF, 0xCEDF, 0xCEDF, 0xCEDF, 0xCEDF, 0xCEDF, 0xCEDF, 0xCEDF, 
0xCEDF, 0xCEDF, 0xCEDF, 0xCEDF, 0xA986, 0xA986, 0xDAAC, 0xDAAC, 0x61C6, 0x61C6, 0x61C6, 0x61C6, 
0x61C6, 0x61C6, 0x61C6, 0x61C6, 0x61C6, 0x61C6, 0x61C6, 0x61C6, 0xA986, 0xA986, 0xA986, 0xA986, 
0xA986, 0xA986, 0xA986, 0xA986, 0xA986, 0xA986, 0x61C6, 0x61C6, 0x61C6, 0x61C6, 0x61C6, 0x61C6, 
0x61C6, 0x61C6, 0x61C6, 0x61C6, 0xCEDF, 0xCEDF, 0xCEDF, 0xCEDF, 0xCEDF, 0xCEDF, 0xCEDF, 0xCEDF, 
0xCEDF, 0xCEDF, 0xCEDF, 0xCEDF, 0xCEDF, 0xCEDF, 0xCEDF, 0xCEDF, 0xCEDF, 0xCEDF, 0xCEDF, 0xCEDF, 
0xCEDF, 0xCEDF, 0xCEDF, 0xCEDF, 0xCEDF, 0xCEDF, 0xCEDF, 0xCEDF, 0xCEDF, 0xCEDF, 0xCEDF, 0xCEDF, 
0xCEDF, 0xCEDF, 0xCEDF, 0xCEDF, 0xCEDF, 0xCEDF, 0xCEDF, 0xCEDF, 0xCEDF, 0xCEDF, 0xCEDF, 0xCEDF, 
0xCEDF, 0xCEDF, 0xCEDF, 0xCEDF, 0xCEDF, 0xCEDF, 0xCEDF, 0xCEDF, 0xCEDF, 0xCEDF, 0xCEDF, 0xCEDF, 
0xCEDF, 0xCEDF, 0xCEDF, 0xCEDF, 0xCEDF, 0xCEDF, 0xCEDF, 0xCEDF, 0xCEDF, 0xCEDF, 0xCEDF, 0xCEDF, 
0xCEDF, 0xCEDF, 0xCEDF, 0xCEDF, 0xCEDF, 0xCEDF, 0xCEDF, 0xCEDF, 0xCEDF, 0xCEDF, 0xCEDF, 0xCEDF, 
0xCEDF, 0xCEDF, 0xCEDF, 0xCEDF, 0xCEDF, 0xCEDF, 0xCEDF, 0xCEDF, 0xCEDF, 0xCEDF, 0xCEDF, 0xCEDF, 
0x61C6, 0x61C6, 0x61C6, 0x61C6, 0x61C6, 0x61C6, 0x61C6, 0x61C6, 0x61C6, 0x61C6, 0x61C6, 0x61C6, 
0x61C6, 0x61C6, 0x61C6, 0x61C6, 0xA986, 0xA986, 0xA986, 0xA986, 0xA986, 0xA986, 0xA986, 0xA986, 
0xA986, 0xA986, 0x61C6, 0x61C6, 0x61C6, 0x61C6, 0x61C6, 0x61C6, 0x61C6, 0x61C6, 0x61C6, 0x61C6, 
0xCEDF, 0xCEDF, 0xCEDF, 0xCEDF, 0xCEDF, 0xCEDF, 0xCEDF, 0xCEDF, 0xCEDF, 0xCEDF, 0xCEDF, 0xCEDF, 
0xCEDF, 0xCEDF, 0xCEDF, 0xCEDF, 0xCEDF, 0xCEDF, 0xCEDF, 0xCEDF, 0xCEDF, 0xCEDF, 0xCEDF, 0xCEDF, 
0xCEDF, 0xCEDF, 0xCEDF, 0xCEDF, 0xCEDF, 0xCEDF, 0xCEDF, 0xCEDF, 0xCEDF, 0xCEDF, 0xCEDF, 0xCEDF, 
0xCEDF, 0xCEDF, 0xCEDF, 0xCEDF, 0xCEDF, 0xCEDF, 0xCEDF, 0xCEDF, 0xCEDF, 0xCEDF, 0xCEDF, 0xCEDF, 
0xCEDF, 0xCEDF, 0xCEDF, 0xCEDF, 0xCEDF, 0xCEDF, 0xCEDF, 0xCEDF, 0xCEDF, 0xCEDF, 0xCEDF, 0xCEDF, 
0xCEDF, 0xCEDF, 0xCEDF, 0xCEDF, 0xCEDF, 0xCEDF, 0xCEDF, 0xCEDF, 0xCEDF, 0xCEDF, 0xCEDF, 0xCEDF, 
0xCEDF, 0xCEDF, 0xCEDF, 0xCEDF, 0xCEDF, 0xCEDF, 0xCEDF, 0xCEDF, 0xCEDF, 0xCEDF, 0xCEDF, 0xCEDF, 
0xCEDF, 0xCEDF, 0xCEDF, 0xCEDF, 0xCEDF, 0xCEDF, 0xCEDF, 0xCEDF, 0x61C6, 0x61C6, 0x61C6, 0x61C6, 
0x61C6, 0x61C6, 0x61C6, 0x61C6, 0x61C6, 0x61C6, 0x61C6, 0x61C6, 0x61C6, 0x61C6, 0x61C6, 0x61C6, 
0xA986, 0xA986, 0xA986, 0xA986, 0xA986, 0xA986, 0xA986, 0xA986, 0xA986, 0xA986, 0x61C6, 0x61C6, 
0x61C6, 0x61C6, 0x61C6, 0x61C6, 0x61C6, 0x61C6, 0x61C6, 0x61C6, 0xCEDF, 0xCEDF, 0xCEDF, 0xCEDF, 
0xCEDF, 0xCEDF, 0xCEDF, 0xCEDF, 0xCEDF, 0xCEDF, 0xCEDF, 0xCEDF, 0xCEDF, 0xCEDF, 0xCEDF, 0xCEDF, 
0xCEDF, 0xCEDF, 0xCEDF, 0xCEDF, 0xCEDF, 0xCEDF, 0xCEDF, 0xCEDF, 0xCEDF, 0xCEDF, 0xCEDF, 0xCEDF, 
0xCEDF, 0xCEDF, 0xCEDF, 0xCEDF, 0xCEDF, 0xCEDF, 0xCEDF, 0xCEDF, 0xCEDF, 0xCEDF, 0xCEDF, 0xCEDF, 
0xCEDF, 0xCEDF, 0xCEDF, 0xCEDF, 0xCEDF, 0xCEDF, 0xCEDF, 0xCEDF, 0xCEDF, 0xCEDF, 0xCEDF, 0xCEDF, 
0xCEDF, 0xCEDF, 0xCEDF, 0xCEDF, 0xCEDF, 0xCEDF, 0xCEDF, 0xCEDF, 0xCEDF, 0xCEDF, 0xCEDF, 0xCEDF, 
0xCEDF, 0xCEDF, 0xCEDF, 0xCEDF, 0xCEDF, 0xCEDF, 0xCEDF, 0xCEDF, 0xCEDF, 0xCEDF, 0xCEDF, 0xCEDF, 
0xCEDF, 0xCEDF, 0xCEDF, 0xCEDF, 0xCEDF, 0xCEDF, 0xCEDF, 0xCEDF, 0xCEDF, 0xCEDF, 0xCEDF, 0xCEDF, 
0xCEDF, 0xCEDF, 0xCEDF, 0xCEDF, 0x61C6, 0x61C6, 0x61C6, 0x61C6, 0x61C6, 0x61C6, 0x61C6, 0x61C6, 
0x61C6, 0x61C6, 0x61C6, 0x61C6, 0x61C6, 0x61C6, 0xA986, 0xA986, 0xA986, 0xA986, 0xA986, 0xA986, 
0xDAAC, 0xDAAC, 0xA986, 0xA986, 0xA986, 0xA986, 0xA986, 0xA986, 0x61C6, 0x61C6, 0x61C6, 0x61C6, 
0x61C6, 0x61C6, 0x61C6, 0x61C6, 0x61C6, 0x61C6, 0x61C6, 0x61C6, 0xCEDF, 0xCEDF, 0xCEDF, 0xCEDF, 
0xCEDF, 0xCEDF, 0xCEDF, 0xCEDF, 0xCEDF, 0xCEDF, 0xCEDF, 0xCEDF, 0xCEDF, 0xCEDF, 0xCEDF, 0xCEDF, 
0xCEDF, 0xCEDF, 0xCEDF, 0xCEDF, 0xCEDF, 0xCEDF, 0xCEDF, 0xCEDF, 0xCEDF, 0xCEDF, 0xCEDF, 0xCEDF, 
0xCEDF, 0xCEDF, 0xCEDF, 0xCEDF, 0xCEDF, 0xCEDF, 0xCEDF, 0xCEDF, 0xCEDF, 0xCEDF, 0xCEDF, 0xCEDF, 
0xCEDF, 0xCEDF, 0xCEDF, 0xCEDF, 0xCEDF, 0xCEDF, 0xCEDF, 0xCEDF, 0xCEDF, 0xCEDF, 0xCEDF, 0xCEDF, 
0xCEDF, 0xCEDF, 0xCEDF, 0xCEDF, 0xCEDF, 0xCEDF, 0xCEDF, 0xCEDF, 0xCEDF, 0xCEDF, 0xCEDF, 0xCEDF, 
0xCEDF, 0xCEDF, 0xCEDF, 0xCEDF, 0xCEDF, 0xCEDF, 0xCEDF, 0xCEDF, 0xCEDF, 0xCEDF, 0xCEDF, 0xCEDF, 
0xCEDF, 0xCEDF, 0xCEDF, 0xCEDF, 0xCEDF, 0xCEDF, 0xCEDF, 0xCEDF, 0xCEDF, 0xCEDF, 0xCEDF, 0xCEDF, 
0x61C6, 0x61C6, 0x61C6, 0x61C6, 0x61C6, 0x61C6, 0x61C6, 0x61C6, 0x61C6, 0x61C6, 0x61C6, 0x61C6, 
0x61C6, 0x61C6, 0xA986, 0xA986, 0xA986, 0xA986, 0xA986, 0xA986, 0xDAAC, 0xDAAC, 0xA986, 0xA986, 
0xA986, 0xA986, 0xA986, 0xA986, 0x61C6, 0x61C6, 0x61C6, 0x61C6, 0x61C6, 0x61C6, 0x61C6, 0x61C6, 
0x61C6, 0x61C6, 0x61C6, 0x61C6, 0xCEDF, 0xCEDF, 0xCEDF, 0xCEDF, 0xCEDF, 0xCEDF, 0xCEDF, 0xCEDF, 
0xCEDF, 0xCEDF, 0xCEDF, 0xCEDF, 0xCEDF, 0xCEDF, 0xCEDF, 0xCEDF, 0xCEDF, 0xCEDF, 0xCEDF, 0xCEDF, 
0xCEDF, 0xCEDF, 0xCEDF, 0xCEDF, 0xCEDF, 0xCEDF, 0xCEDF, 0xCEDF, 0xCEDF, 0xCEDF, 0xCEDF, 0xCEDF, 
0xCEDF, 0xCEDF, 0xCEDF, 0xCEDF, 0xCEDF, 0xCEDF, 0xCEDF, 0xCEDF, 0xCEDF, 0xCEDF, 0xCEDF, 0xCEDF, 
0xCEDF, 0xCEDF, 0xCEDF, 0xCEDF, 0xCEDF, 0xCEDF, 0xCEDF, 0xCEDF, 0xCEDF, 0xCEDF, 0xCEDF, 0xCEDF, 
0xCEDF, 0xCEDF, 0xCEDF, 0xCEDF, 0xCEDF, 0xCEDF, 0xCEDF, 0xCEDF, 0xCEDF, 0xCEDF, 0xCEDF, 0xCEDF, 
0xCEDF, 0xCEDF, 0xCEDF, 0xCEDF, 0xCEDF, 0xCEDF, 0xCEDF, 0xCEDF, 0xCEDF, 0xCEDF, 0xCEDF, 0xCEDF, 
0xCEDF, 0xCEDF, 0xCEDF, 0xCEDF, 0xCEDF, 0xCEDF, 0xCEDF, 0xCEDF, 0x61C6, 0x61C6, 0x61C6, 0x61C6, 
0x61C6, 0x61C6, 0x61C6, 0x61C6, 0x61C6, 0x61C6, 0x61C6, 0x61C6, 0x61C6, 0x61C6, 0xA986, 0xA986, 
0xDAAC, 0xDAAC, 0xDAAC, 0xDAAC, 0xDAAC, 0xDAAC, 0xDAAC, 0xDAAC, 0xA986, 0xA986, 0xA986, 0xA986, 
0x61C6, 0x61C6, 0x61C6, 0x61C6, 0x61C6, 0x61C6, 0x61C6, 0x61C6, 0x61C6, 0x61C6, 0x61C6, 0x61C6, 
0x61C6, 0x61C6, 0xCEDF, 0xCEDF, 0xCEDF, 0xCEDF, 0xCEDF, 0xCEDF, 0xCEDF, 0xCEDF, 0xCEDF, 0xCEDF, 
0xCEDF, 0xCEDF, 0xCEDF, 0xCEDF, 0xCEDF, 0xCEDF, 0xCEDF, 0xCEDF, 0xCEDF, 0xCEDF, 0xCEDF, 0xCEDF, 
0xCEDF, 0xCEDF, 0xCEDF, 0xCEDF, 0xCEDF, 0xCEDF, 0xCEDF, 0xCEDF, 0xCEDF, 0xCEDF, 0xCEDF, 0xCEDF, 
0xCEDF, 0xCEDF, 0xCEDF, 0xCEDF, 0xCEDF, 0xCEDF, 0xCEDF, 0xCEDF, 0xCEDF, 0xCEDF, 0xCEDF, 0xCEDF, 
0xCEDF, 0xCEDF, 0xCEDF, 0xCEDF, 0xCEDF, 0xCEDF, 0xCEDF, 0xCEDF, 0xCEDF, 0xCEDF, 0xCEDF, 0xCEDF, 
0xCEDF, 0xCEDF, 0xCEDF, 0xCEDF, 0xCEDF, 0xCEDF, 0xCEDF, 0xCEDF, 0xCEDF, 0xCEDF, 0xCEDF, 0xCEDF, 
0xCEDF, 0xCEDF, 0xCEDF, 0xCEDF, 0xCEDF, 0xCEDF, 0xCEDF, 0xCEDF, 0xCEDF, 0xCEDF, 0xCEDF, 0xCEDF, 
0xCEDF, 0xCEDF, 0xCEDF, 0xCEDF, 0x61C6, 0x61C6, 0x61C6, 0x61C6, 0x61C6, 0x61C6, 0x61C6, 0x61C6, 
0x61C6, 0x61C6, 0x61C6, 0x61C6, 0x61C6, 0x61C6, 0xA986, 0xA986, 0xDAAC, 0xDAAC, 0xDAAC, 0xDAAC, 
0xDAAC, 0xDAAC, 0xDAAC, 0xDAAC, 0xA986, 0xA986, 0xA986, 0xA986, 0x61C6, 0x61C6, 0x61C6, 0x61C6, 
0x61C6, 0x61C6, 0x61C6, 0x61C6, 0x61C6, 0x61C6, 0x61C6, 0x61C6, 0x61C6, 0x61C6, 0xCEDF, 0xCEDF, 
0xCEDF, 0xCEDF, 0xCEDF, 0xCEDF, 0xCEDF, 0xCEDF, 0xCEDF, 0xCEDF, 0xCEDF, 0xCEDF, 0xCEDF, 0xCEDF, 
0xCEDF, 0xCEDF, 0xCEDF, 0xCEDF, 0xCEDF, 0xCEDF, 0xCEDF, 0xCEDF, 0xCEDF, 0xCEDF, 0xCEDF, 0xCEDF, 
0xCEDF, 0xCEDF, 0xCEDF, 0xCEDF, 0xCEDF, 0xCEDF, 0xCEDF, 0xCEDF, 0xCEDF, 0xCEDF, 0xCEDF, 0xCEDF, 
0xCEDF, 0xCEDF, 0xCEDF, 0xCEDF, 0xCEDF, 0xCEDF, 0xCEDF, 0xCEDF, 0xCEDF, 0xCEDF, 0xCEDF, 0xCEDF, 
0xCEDF, 0xCEDF, 0xCEDF, 0xCEDF, 0xCEDF, 0xCEDF, 0xCEDF, 0xCEDF, 0xCEDF, 0xCEDF, 0xCEDF, 0xCEDF, 
0xCEDF, 0xCEDF, 0xCEDF, 0xCEDF, 0xCEDF, 0xCEDF, 0xCEDF, 0xCEDF, 0xCEDF, 0xCEDF, 0xCEDF, 0xCEDF, 
0xCEDF, 0xCEDF, 0xCEDF, 0xCEDF, 0xCEDF, 0xCEDF, 0xCEDF, 0xCEDF, 0xCEDF, 0xCEDF, 0xCEDF, 0xCEDF, 
0x61C6, 0x61C6, 0x61C6, 0x61C6, 0x61C6, 0x61C6, 0x61C6, 0x61C6, 0x61C6, 0x61C6, 0x61C6, 0x61C6, 
0x61C6, 0x61C6, 0xDAAC, 0xDAAC, 0xDAAC, 0xDAAC, 0xDAAC, 0xDAAC, 0xDAAC, 0xDAAC, 0xDAAC, 0xDAAC, 
0xDAAC, 0xDAAC, 0xA986, 0xA986, 0x61C6, 0x61C6, 0x61C6, 0x61C6, 0x61C6, 0x61C6, 0x61C6, 0x61C6, 
0x61C6, 0x61C6, 0x61C6, 0x61C6, 0x61C6, 0x61C6, 0x61C6, 0x61C6, 0x61C6, 0x61C6, 0xCEDF, 0xCEDF, 
0xCEDF, 0xCEDF, 0xCEDF, 0xCEDF, 0xCEDF, 0xCEDF, 0xCEDF, 0xCEDF, 0xCEDF, 0xCEDF, 0xCEDF, 0xCEDF, 
0xCEDF, 0xCEDF, 0xCEDF, 0xCEDF, 0xCEDF, 0xCEDF, 0xCEDF, 0xCEDF, 0xCEDF, 0xCEDF, 0xCEDF, 0xCEDF, 
0xCEDF, 0xCEDF, 0xCEDF, 0xCEDF, 0xCEDF, 0xCEDF, 0xCEDF, 0xCEDF, 0xCEDF, 0xCEDF, 0xCEDF, 0xCEDF, 
0xCEDF, 0xCEDF, 0xCEDF, 0xCEDF, 0xCEDF, 0xCEDF, 0xCEDF, 0xCEDF, 0xCEDF, 0xCEDF, 0xCEDF, 0xCEDF, 
0xCEDF, 0xCEDF, 0xCEDF, 0xCEDF, 0xCEDF, 0xCEDF, 0xCEDF, 0xCEDF, 0xCEDF, 0xCEDF, 0xCEDF, 0xCEDF, 
0xCEDF, 0xCEDF, 0xCEDF, 0xCEDF, 0xCEDF, 0xCEDF, 0xCEDF, 0xCEDF, 0xCEDF, 0xCEDF, 0xCEDF, 0xCEDF, 
0xCEDF, 0xCEDF, 0xCEDF, 0xCEDF, 0xCEDF, 0xCEDF, 0xCEDF, 0xCEDF, 0x61C6, 0x61C6, 0x61C6, 0x61C6, 
0x61C6, 0x61C6, 0x61C6, 0x61C6, 0x61C6, 0x61C6, 0x61C6, 0x61C6, 0x61C6, 0x61C6, 0xDAAC, 0xDAAC, 
0xDAAC, 0xDAAC, 0xDAAC, 0xDAAC, 0xDAAC, 0xDAAC, 0xDAAC, 0xDAAC, 0xDAAC, 0xDAAC, 0xA986, 0xA986, 
0x61C6, 0x61C6, 0x61C6, 0x61C6, 0x61C6, 0x61C6, 0x61C6, 0x61C6, 0x61C6, 0x61C6, 0x61C6, 0x61C6, 
0x61C6, 0x61C6, 0x61C6, 0x61C6, 0x61C6, 0x61C6, 0xCEDF, 0xCEDF, 0xCEDF, 0xCEDF, 0xCEDF, 0xCEDF, 
0xCEDF, 0xCEDF, 0xCEDF, 0xCEDF, 0xCEDF, 0xCEDF, 0xCEDF, 0xCEDF, 0xCEDF, 0xCEDF, 0xCEDF, 0xCEDF, 
0xCEDF, 0xCEDF, 0xCEDF, 0xCEDF, 0xCEDF, 0xCEDF, 0xCEDF, 0xCEDF, 0xCEDF, 0xCEDF, 0xCEDF, 0xCEDF, 
0xCEDF, 0xCEDF, 0xCEDF, 0xCEDF, 0xCEDF, 0xCEDF, 0xCEDF, 0xCEDF, 0xCEDF, 0xCEDF, 0xCEDF, 0xCEDF, 
0xCEDF, 0xCEDF, 0xCEDF, 0xCEDF, 0xCEDF, 0xCEDF, 0xCEDF, 0xCEDF, 0xCEDF, 0xCEDF, 0xCEDF, 0xCEDF, 
0xCEDF, 0xCEDF, 0xCEDF, 0xCEDF, 0xCEDF, 0xCEDF, 0xCEDF, 0xCEDF, 0xCEDF, 0xCEDF, 0xCEDF, 0xCEDF, 
0xCEDF, 0xCEDF, 0xCEDF, 0xCEDF, 0xCEDF, 0xCEDF, 0xCEDF, 0xCEDF, 0xCEDF, 0xCEDF, 0xCEDF, 0xCEDF, 
0xCEDF, 0xCEDF, 0xCEDF, 0xCEDF, 0x61C6, 0x61C6, 0x61C6, 0x61C6, 0x61C6, 0x61C6, 0x61C6, 0x61C6, 
0x61C6, 0x61C6, 0x61C6, 0x61C6, 0x61C6, 0x61C6, 0xDAAC, 0xDAAC, 0xDAAC, 0xDAAC, 0xDAAC, 0xDAAC, 
0xDAAC, 0xDAAC, 0xDAAC, 0xDAAC, 0xDAAC, 0xDAAC, 0xA986, 0xA986, 0x61C6, 0x61C6, 0x61C6, 0x61C6, 
0x61C6, 0x61C6, 0x61C6, 0x61C6, 0x61C6, 0x61C6, 0x61C6, 0x61C6, 0x61C6, 0x61C6, 0xA986, 0xA986, 
0x61C6, 0x61C6, 0x61C6, 0x61C6, 0xCEDF, 0xCEDF, 0xCEDF, 0xCEDF, 0xCEDF, 0xCEDF, 0xCEDF, 0xCEDF, 
0xCEDF, 0xCEDF, 0xCEDF, 0xCEDF, 0xCEDF, 0xCEDF, 0xCEDF, 0xCEDF, 0xCEDF, 0xCEDF, 0xCEDF, 0xCEDF, 
0xCEDF, 0xCEDF, 0xCEDF, 0xCEDF, 0xCEDF, 0xCEDF, 0xCEDF, 0xCEDF, 0xCEDF, 0xCEDF, 0xCEDF, 0xCEDF, 
0xCEDF, 0xCEDF, 0xCEDF, 0xCEDF, 0xCEDF, 0xCEDF, 0xCEDF, 0xCEDF, 0xCEDF, 0xCEDF, 0xCEDF, 0xCEDF, 
0xCEDF, 0xCEDF, 0xCEDF, 0xCEDF, 0xCEDF, 0xCEDF, 0xCEDF, 0xCEDF, 0xCEDF, 0xCEDF, 0xCEDF, 0xCEDF, 
0xCEDF, 0xCEDF, 0xCEDF, 0xCEDF, 0xCEDF, 0xCEDF, 0xCEDF, 0xCEDF, 0xCEDF, 0xCEDF, 0xCEDF, 0xCEDF, 
0xCEDF, 0xCEDF, 0xCEDF, 0xCEDF, 0xCEDF, 0xCEDF, 0xCEDF, 0xCEDF, 0xCEDF, 0xCEDF, 0xCEDF, 0xCEDF, 
0x61C6, 0x61C6, 0x61C6, 0x61C6, 0x61C6, 0x61C6, 0x61C6, 0x61C6, 0x61C6, 0x61C6, 0x61C6, 0x61C6, 
0x61C6, 0x61C6, 0xDAAC, 0xDAAC, 0xDAAC, 0xDAAC, 0xDAAC, 0xDAAC, 0xDAAC, 0xDAAC, 0xDAAC, 0xDAAC, 
0xDAAC, 0xDAAC, 0xA986, 0xA986, 0x61C6, 0x61C6, 0x61C6, 0x61C6, 0x61C6, 0x61C6, 0x61C6, 0x61C6, 
0x61C6, 0x61C6, 0x61C6, 0x61C6, 0x61C6, 0x61C6, 0xA986, 0xA986, 0x61C6, 0x61C6, 0x61C6, 0x61C6, 
0xCEDF, 0xCEDF, 0xCEDF, 0xCEDF, 0xCEDF, 0xCEDF, 0xCEDF, 0xCEDF, 0xCEDF, 0xCEDF, 0xCEDF, 0xCEDF, 
0xCEDF, 0xCEDF, 0xCEDF, 0xCEDF, 0xCEDF, 0xCEDF, 0xCEDF, 0xCEDF, 0xCEDF, 0xCEDF, 0xCEDF, 0xCEDF, 
0xCEDF, 0xCEDF, 0xCEDF, 0xCEDF, 0xCEDF, 0xCEDF, 0xCEDF, 0xCEDF, 0xCEDF, 0xCEDF, 0xCEDF, 0xCEDF, 
0xCEDF, 0xCEDF, 0xCEDF, 0xCEDF, 0xCEDF, 0xCEDF, 0xCEDF, 0xCEDF, 0xCEDF, 0xCEDF, 0xCEDF, 0xCEDF, 
0xCEDF, 0xCEDF, 0xCEDF, 0xCEDF, 0xCEDF, 0xCEDF, 0xCEDF, 0xCEDF, 0xCEDF, 0xCEDF, 0xCEDF, 0xCEDF, 
0xCEDF, 0xCEDF, 0xCEDF, 0xCEDF, 0xCEDF, 0xCEDF, 0xCEDF, 0xCEDF, 0xCEDF, 0xCEDF, 0xCEDF, 0xCEDF, 
0xCEDF, 0xCEDF, 0xCEDF, 0xCEDF, 0xCEDF, 0xCEDF, 0xCEDF, 0xCEDF, 0x61C6, 0x61C6, 0x61C6, 0x61C6, 
0x61C6, 0x61C6, 0xA986, 0xA986, 0x61C6, 0x61C6, 0x61C6, 0x61C6, 0x61C6, 0x61C6, 0x61C6, 0x61C6, 
0x61C6, 0x61C6, 0x61C6, 0x61C6, 0x61C6, 0x61C6, 0x61C6, 0x61C6, 0x61C6, 0x61C6, 0x61C6, 0x61C6, 
0x61C6, 0x61C6, 0x61C6, 0x61C6, 0x61C6, 0x61C6, 0x61C6, 0x61C6, 0x61C6, 0x61C6, 0x61C6, 0x61C6, 
0xA986, 0xA986, 0xA986, 0xA986, 0xA986, 0xA986, 0x61C6, 0x61C6, 0xCEDF, 0xCEDF, 0xCEDF, 0xCEDF, 
0xCEDF, 0xCEDF, 0xCEDF, 0xCEDF, 0xCEDF, 0xCEDF, 0xCEDF, 0xCEDF, 0xCEDF, 0xCEDF, 0xCEDF, 0xCEDF, 
0xCEDF, 0xCEDF, 0xCEDF, 0xCEDF, 0xCEDF, 0xCEDF, 0xCEDF, 0xCEDF, 0xCEDF, 0xCEDF, 0xCEDF, 0xCEDF, 
0xCEDF, 0xCEDF, 0xCEDF, 0xCEDF, 0xCEDF, 0xCEDF, 0xCEDF, 0xCEDF, 0xCEDF, 0xCEDF, 0xCEDF, 0xCEDF, 
0xCEDF, 0xCEDF, 0xCEDF, 0xCEDF, 0xCEDF, 0xCEDF, 0xCEDF, 0xCEDF, 0xCEDF, 0xCEDF, 0xCEDF, 0xCEDF, 
0xCEDF, 0xCEDF, 0xCEDF, 0xCEDF, 0xCEDF, 0xCEDF, 0xCEDF, 0xCEDF, 0xCEDF, 0xCEDF, 0xCEDF, 0xCEDF, 
0xCEDF, 0xCEDF, 0xCEDF, 0xCEDF, 0xCEDF, 0xCEDF, 0xCEDF, 0xCEDF, 0xCEDF, 0xCEDF, 0xCEDF, 0xCEDF, 
0xCEDF, 0xCEDF, 0xCEDF, 0xCEDF, 0x61C6, 0x61C6, 0x61C6, 0x61C6, 0x61C6, 0x61C6, 0xA986, 0xA986, 
0x61C6, 0x61C6, 0x61C6, 0x61C6, 0x61C6, 0x61C6, 0x61C6, 0x61C6, 0x61C6, 0x61C6, 0x61C6, 0x61C6, 
0x61C6, 0x61C6, 0x61C6, 0x61C6, 0x61C6, 0x61C6, 0x61C6, 0x61C6, 0x61C6, 0x61C6, 0x61C6, 0x61C6, 
0x61C6, 0x61C6, 0x61C6, 0x61C6, 0x61C6, 0x61C6, 0x61C6, 0x61C6, 0xA986, 0xA986, 0xA986, 0xA986, 
0xA986, 0xA986, 0x61C6, 0x61C6, 0xCEDF, 0xCEDF, 0xCEDF, 0xCEDF, 0xCEDF, 0xCEDF, 0xCEDF, 0xCEDF, 
0xCEDF, 0xCEDF, 0xCEDF, 0xCEDF, 0xCEDF, 0xCEDF, 0xCEDF, 0xCEDF, 0xCEDF, 0xCEDF, 0xCEDF, 0xCEDF, 
0xCEDF, 0xCEDF, 0xCEDF, 0xCEDF, 0xCEDF, 0xCEDF, 0xCEDF, 0xCEDF, 0xCEDF, 0xCEDF, 0xCEDF, 0xCEDF, 
0xCEDF, 0xCEDF, 0xCEDF, 0xCEDF, 0xCEDF, 0xCEDF, 0xCEDF, 0xCEDF, 0xCEDF, 0xCEDF, 0xCEDF, 0xCEDF, 
0xCEDF, 0xCEDF, 0xCEDF, 0xCEDF, 0xCEDF, 0xCEDF, 0xCEDF, 0xCEDF, 0xCEDF, 0xCEDF, 0xCEDF, 0xCEDF, 
0xCEDF, 0xCEDF, 0xCEDF, 0xCEDF, 0xCEDF, 0xCEDF, 0xCEDF, 0xCEDF, 0xCEDF, 0xCEDF, 0xCEDF, 0xCEDF, 
0xCEDF, 0xCEDF, 0xCEDF, 0xCEDF, 0xCEDF, 0xCEDF, 0xCEDF, 0xCEDF, 0xCEDF, 0xCEDF, 0xCEDF, 0xCEDF, 
0x61C6, 0x61C6, 0x61C6, 0x61C6, 0x61C6, 0x61C6, 0xA986, 0xA986, 0x61C6, 0x61C6, 0x61C6, 0x61C6, 
0x61C6, 0x61C6, 0x61C6, 0x61C6, 0x61C6, 0x61C6, 0x61C6, 0x61C6, 0x61C6, 0x61C6, 0x61C6, 0x61C6, 
0x61C6, 0x61C6, 0x61C6, 0x61C6, 0x61C6, 0x61C6, 0x61C6, 0x61C6, 0x61C6, 0x61C6, 0x61C6, 0x61C6, 
0x61C6, 0x61C6, 0x61C6, 0x61C6, 0xA986, 0xA986, 0xA986, 0xA986, 0xA986, 0xA986, 0x61C6, 0x61C6, 
0x61C6, 0x61C6, 0xCEDF, 0xCEDF, 0xCEDF, 0xCEDF, 0xCEDF, 0xCEDF, 0xCEDF, 0xCEDF, 0xCEDF, 0xCEDF, 
0xCEDF, 0xCEDF, 0xCEDF, 0xCEDF, 0xCEDF, 0xCEDF, 0xCEDF, 0xCEDF, 0xCEDF, 0xCEDF, 0xCEDF, 0xCEDF, 
0xCEDF, 0xCEDF, 0xCEDF, 0xCEDF, 0xCEDF, 0xCEDF, 0xCEDF, 0xCEDF, 0xCEDF, 0xCEDF, 0xCEDF, 0xCEDF, 
0xCEDF, 0xCEDF, 0xCEDF, 0xCEDF, 0xCEDF, 0xCEDF, 0xCEDF, 0xCEDF, 0xCEDF, 0xCEDF, 0xCEDF, 0xCEDF, 
0xCEDF, 0xCEDF, 0xCEDF, 0xCEDF, 0xCEDF, 0xCEDF, 0xCEDF, 0xCEDF, 0xCEDF, 0xCEDF, 0xCEDF, 0xCEDF, 
0xCEDF, 0xCEDF, 0xCEDF, 0xCEDF, 0xCEDF, 0xCEDF, 0xCEDF, 0xCEDF, 0xCEDF, 0xCEDF, 0xCEDF, 0xCEDF, 
0xCEDF, 0xCEDF, 0xCEDF, 0xCEDF, 0xCEDF, 0xCEDF, 0xCEDF, 0xCEDF, 0x61C6, 0x61C6, 0x61C6, 0x61C6, 
0x61C6, 0x61C6, 0xA986, 0xA986, 0x61C6, 0x61C6, 0x61C6, 0x61C6, 0x61C6, 0x61C6, 0x61C6, 0x61C6, 
0x61C6, 0x61C6, 0x61C6, 0x61C6, 0x61C6, 0x61C6, 0x61C6, 0x61C6, 0x61C6, 0x61C6, 0x61C6, 0x61C6, 
0x61C6, 0x61C6, 0x61C6, 0x61C6, 0x61C6, 0x61C6, 0x61C6, 0x61C6, 0x61C6, 0x61C6, 0x61C6, 0x61C6, 
0xA986, 0xA986, 0xA986, 0xA986, 0xA986, 0xA986, 0x61C6, 0x61C6, 0x61C6, 0x61C6, 0xCEDF, 0xCEDF, 
0xCEDF, 0xCEDF, 0xCEDF, 0xCEDF, 0xCEDF, 0xCEDF, 0xCEDF, 0xCEDF, 0xCEDF, 0xCEDF, 0xCEDF, 0xCEDF, 
0xCEDF, 0xCEDF, 0xCEDF, 0xCEDF, 0xCEDF, 0xCEDF, 0xCEDF, 0xCEDF, 0xCEDF, 0xCEDF, 0xCEDF, 0xCEDF, 
0xCEDF, 0xCEDF, 0xCEDF, 0xCEDF, 0xCEDF, 0xCEDF, 0xCEDF, 0xCEDF, 0xCEDF, 0xCEDF, 0xCEDF, 0xCEDF, 
0xCEDF, 0xCEDF, 0xCEDF, 0xCEDF, 0xCEDF, 0xCEDF, 0xCEDF, 0xCEDF, 0xCEDF, 0xCEDF, 0xCEDF, 0xCEDF, 
0xCEDF, 0xCEDF, 0xCEDF, 0xCEDF, 0xCEDF, 0xCEDF, 0xCEDF, 0xCEDF, 0xCEDF, 0xCEDF, 0xCEDF, 0xCEDF, 
0xCEDF, 0xCEDF, 0xCEDF, 0xCEDF, 0xCEDF, 0xCEDF, 0xCEDF, 0xCEDF, 0xCEDF, 0xCEDF, 0xCEDF, 0xCEDF, 
0xCEDF, 0xCEDF, 0xCEDF, 0xCEDF, 0x61C6, 0x61C6, 0x61C6, 0x61C6, 0xA986, 0xA986, 0xA986, 0xA986, 
0x61C6, 0x61C6, 0x61C6, 0x61C6, 0x61C6, 0x61C6, 0x61C6, 0x61C6, 0x61C6, 0x61C6, 0x61C6, 0x61C6, 
0x61C6, 0x61C6, 0x61C6, 0x61C6, 0x61C6, 0x61C6, 0x61C6, 0x61C6, 0x61C6, 0x61C6, 0x61C6, 0x61C6, 
0x61C6, 0x61C6, 0x61C6, 0x61C6, 0x61C6, 0x61C6, 0xA986, 0xA986, 0xA986, 0xA986, 0xA986, 0xA986, 
0xA986, 0xA986, 0xA986, 0xA986, 0xDD0C, 0xDD0C, 0xCEDF, 0xCEDF, 0xCEDF, 0xCEDF, 0xCEDF, 0xCEDF, 
0xCEDF, 0xCEDF, 0xCEDF, 0xCEDF, 0xCEDF, 0xCEDF, 0xCEDF, 0xCEDF, 0xCEDF, 0xCEDF, 0xCEDF, 0xCEDF, 
0xCEDF, 0xCEDF, 0xCEDF, 0xCEDF, 0xCEDF, 0xCEDF, 0xCEDF, 0xCEDF, 0xCEDF, 0xCEDF, 0xCEDF, 0xCEDF, 
0xCEDF, 0xCEDF, 0xCEDF, 0xCEDF, 0xCEDF, 0xCEDF, 0xCEDF, 0xCEDF, 0xCEDF, 0xCEDF, 0xCEDF, 0xCEDF, 
0xCEDF, 0xCEDF, 0xCEDF, 0xCEDF, 0xCEDF, 0xCEDF, 0xCEDF, 0xCEDF, 0xCEDF, 0xCEDF, 0xCEDF, 0xCEDF, 
0xCEDF, 0xCEDF, 0xCEDF, 0xCEDF, 0xCEDF, 0xCEDF, 0xCEDF, 0xCEDF, 0xCEDF, 0xCEDF, 0xCEDF, 0xCEDF, 
0xCEDF, 0xCEDF, 0xCEDF, 0xCEDF, 0xCEDF, 0xCEDF, 0xCEDF, 0xCEDF, 0xCEDF, 0xCEDF, 0xCEDF, 0xCEDF, 
0x61C6, 0x61C6, 0x61C6, 0x61C6, 0xA986, 0xA986, 0xA986, 0xA986, 0x61C6, 0x61C6, 0x61C6, 0x61C6, 
0x61C6, 0x61C6, 0x61C6, 0x61C6, 0x61C6, 0x61C6, 0x61C6, 0x61C6, 0x61C6, 0x61C6, 0x61C6, 0x61C6, 
0x61C6, 0x61C6, 0x61C6, 0x61C6, 0x61C6, 0x61C6, 0x61C6, 0x61C6, 0x61C6, 0x61C6, 0x61C6, 0x61C6, 
0x61C6, 0x61C6, 0xA986, 0xA986, 0xA986, 0xA986, 0xA986, 0xA986, 0xA986, 0xA986, 0xA986, 0xA986, 
0xDD0C, 0xDD0C, 0xCEDF, 0xCEDF, 0xCEDF, 0xCEDF, 0xCEDF, 0xCEDF, 0xCEDF, 0xCEDF, 0xCEDF, 0xCEDF, 
0xCEDF, 0xCEDF, 0xCEDF, 0xCEDF, 0xCEDF, 0xCEDF, 0xCEDF, 0xCEDF, 0xCEDF, 0xCEDF, 0xCEDF, 0xCEDF, 
0xCEDF, 0xCEDF, 0xCEDF, 0xCEDF, 0xCEDF, 0xCEDF, 0xCEDF, 0xCEDF, 0xCEDF, 0xCEDF, 0xCEDF, 0xCEDF, 
0xCEDF, 0xCEDF, 0xCEDF, 0xCEDF, 0xCEDF, 0xCEDF, 0xCEDF, 0xCEDF, 0xCEDF, 0xCEDF, 0xCEDF, 0xCEDF, 
0xCEDF, 0xCEDF, 0xCEDF, 0xCEDF, 0xCEDF, 0xCEDF, 0xCEDF, 0xCEDF, 0xCEDF, 0xCEDF, 0xCEDF, 0xCEDF, 
0xCEDF, 0xCEDF, 0xCEDF, 0xCEDF, 0xCEDF, 0xCEDF, 0xCEDF, 0xCEDF, 0xCEDF, 0xCEDF, 0xCEDF, 0xCEDF, 
0xCEDF, 0xCEDF, 0xCEDF, 0xCEDF, 0xCEDF, 0xCEDF, 0xCEDF, 0xCEDF, 0x61C6, 0x61C6, 0x61C6, 0x61C6, 
0xA986, 0xA986, 0xA986, 0xA986, 0xA986, 0xA986, 0x61C6, 0x61C6, 0x61C6, 0x61C6, 0x61C6, 0x61C6, 
0x61C6, 0x61C6, 0x61C6, 0x61C6, 0x61C6, 0x61C6, 0x61C6, 0x61C6, 0x61C6, 0x61C6, 0xDD0C, 0xDD0C, 
0xDD0C, 0xDD0C, 0xDD0C, 0xDD0C, 0xDD0C, 0xDD0C, 0xDD0C, 0xDD0C, 0xDD0C, 0xDD0C, 0xA986, 0xA986, 
0xA986, 0xA986, 0xA986, 0xA986, 0xA986, 0xA986, 0xA986, 0xA986, 0xDD0C, 0xDD0C, 0xCEDF, 0xCEDF, 
0xCEDF, 0xCEDF, 0xCEDF, 0xCEDF, 0xCEDF, 0xCEDF, 0xCEDF, 0xCEDF, 0xCEDF, 0xCEDF, 0xCEDF, 0xCEDF, 
0xCEDF, 0xCEDF, 0xCEDF, 0xCEDF, 0xCEDF, 0xCEDF, 0xCEDF, 0xCEDF, 0xCEDF, 0xCEDF, 0xCEDF, 0xCEDF, 
0xCEDF, 0xCEDF, 0xCEDF, 0xCEDF, 0xCEDF, 0xCEDF, 0xCEDF, 0xCEDF, 0xCEDF, 0xCEDF, 0xCEDF, 0xCEDF, 
0xCEDF, 0xCEDF, 0xCEDF, 0xCEDF, 0xCEDF, 0xCEDF, 0xCEDF, 0xCEDF, 0xCEDF, 0xCEDF, 0xCEDF, 0xCEDF, 
0xCEDF, 0xCEDF, 0xCEDF, 0xCEDF, 0xCEDF, 0xCEDF, 0xCEDF, 0xCEDF, 0xCEDF, 0xCEDF, 0xCEDF, 0xCEDF, 
0xCEDF, 0xCEDF, 0xCEDF, 0xCEDF, 0xCEDF, 0xCEDF, 0xCEDF, 0xCEDF, 0xCEDF, 0xCEDF, 0xCEDF, 0xCEDF, 
0xCEDF, 0xCEDF, 0xCEDF, 0xCEDF, 0x61C6, 0x61C6, 0x61C6, 0x61C6, 0xA986, 0xA986, 0xA986, 0xA986, 
0xA986, 0xA986, 0x61C6, 0x61C6, 0x61C6, 0x61C6, 0x61C6, 0x61C6, 0x61C6, 0x61C6, 0x61C6, 0x61C6, 
0x61C6, 0x61C6, 0x61C6, 0x61C6, 0x61C6, 0x61C6, 0xDD0C, 0xDD0C, 0xDD0C, 0xDD0C, 0xDD0C, 0xDD0C, 
0xDD0C, 0xDD0C, 0xDD0C, 0xDD0C, 0xDD0C, 0xDD0C, 0xA986, 0xA986, 0xA986, 0xA986, 0xA986, 0xA986, 
0xA986, 0xA986, 0xA986, 0xA986, 0xDD0C, 0xDD0C, 0xCEDF, 0xCEDF, 0xCEDF, 0xCEDF, 0xCEDF, 0xCEDF, 
0xCEDF, 0xCEDF, 0xCEDF, 0xCEDF, 0xCEDF, 0xCEDF, 0xCEDF, 0xCEDF, 0xCEDF, 0xCEDF, 0xCEDF, 0xCEDF, 
0xCEDF, 0xCEDF, 0xCEDF, 0xCEDF, 0xCEDF, 0xCEDF, 0xCEDF, 0xCEDF, 0xCEDF, 0xCEDF, 0xCEDF, 0xCEDF, 
0xCEDF, 0xCEDF, 0xCEDF, 0xCEDF, 0xCEDF, 0xCEDF, 0xCEDF, 0xCEDF, 0xCEDF, 0xCEDF, 0xCEDF, 0xCEDF, 
0xCEDF, 0xCEDF, 0xCEDF, 0xCEDF, 0xCEDF, 0xCEDF, 0xCEDF, 0xCEDF, 0xCEDF, 0xCEDF, 0xCEDF, 0xCEDF, 
0xCEDF, 0xCEDF, 0xCEDF, 0xCEDF, 0xCEDF, 0xCEDF, 0xCEDF, 0xCEDF, 0xCEDF, 0xCEDF, 0xCEDF, 0xCEDF, 
0xCEDF, 0xCEDF, 0xCEDF, 0xCEDF, 0xCEDF, 0xCEDF, 0xCEDF, 0xCEDF, 0xCEDF, 0xCEDF, 0xCEDF, 0xCEDF, 
0x61C6, 0x61C6, 0xA986, 0xA986, 0xA986, 0xA986, 0xA986, 0xA986, 0xA986, 0xA986, 0xA986, 0xA986, 
0x61C6, 0x61C6, 0x61C6, 0x61C6, 0x61C6, 0x61C6, 0xDD0C, 0xDD0C, 0xDD0C, 0xDD0C, 0xDD0C, 0xDD0C, 
0xDD0C, 0xDD0C, 0xDD0C, 0xDD0C, 0xDD0C, 0xDD0C, 0xDD0C, 0xDD0C, 0xDD0C, 0xDD0C, 0xDD0C, 0xDD0C, 
0xA986, 0xA986, 0xA986, 0xA986, 0xA986, 0xA986, 0xA986, 0xA986, 0xA986, 0xA986, 0xA986, 0xA986, 
0xA986, 0xA986, 0xCEDF, 0xCEDF, 0xCEDF, 0xCEDF, 0xCEDF, 0xCEDF, 0xCEDF, 0xCEDF, 0xCEDF, 0xCEDF, 
0xCEDF, 0xCEDF, 0xCEDF, 0xCEDF, 0xCEDF, 0xCEDF, 0xCEDF, 0xCEDF, 0xCEDF, 0xCEDF, 0xCEDF, 0xCEDF, 
0xCEDF, 0xCEDF, 0xCEDF, 0xCEDF, 0xCEDF, 0xCEDF, 0xCEDF, 0xCEDF, 0xCEDF, 0xCEDF, 0xCEDF, 0xCEDF, 
0xCEDF, 0xCEDF, 0xCEDF, 0xCEDF, 0xCEDF, 0xCEDF, 0xCEDF, 0xCEDF, 0xCEDF, 0xCEDF, 0xCEDF, 0xCEDF, 
0xCEDF, 0xCEDF, 0xCEDF, 0xCEDF, 0xCEDF, 0xCEDF, 0xCEDF, 0xCEDF, 0xCEDF, 0xCEDF, 0xCEDF, 0xCEDF, 
0xCEDF, 0xCEDF, 0xCEDF, 0xCEDF, 0xCEDF, 0xCEDF, 0xCEDF, 0xCEDF, 0xCEDF, 0xCEDF, 0xCEDF, 0xCEDF, 
0xCEDF, 0xCEDF, 0xCEDF, 0xCEDF, 0xCEDF, 0xCEDF, 0xCEDF, 0xCEDF, 0x61C6, 0x61C6, 0xA986, 0xA986, 
0xA986, 0xA986, 0xA986, 0xA986, 0xA986, 0xA986, 0xA986, 0xA986, 0x61C6, 0x61C6, 0x61C6, 0x61C6, 
0x61C6, 0x61C6, 0xDD0C, 0xDD0C, 0xDD0C, 0xDD0C, 0xDD0C, 0xDD0C, 0xDD0C, 0xDD0C, 0xDD0C, 0xDD0C, 
0xDD0C, 0xDD0C, 0xDD0C, 0xDD0C, 0xDD0C, 0xDD0C, 0xDD0C, 0xDD0C, 0xA986, 0xA986, 0xA986, 0xA986, 
0xA986, 0xA986, 0xA986, 0xA986, 0xA986, 0xA986, 0xA986, 0xA986, 0xA986, 0xA986, 0xCEDF, 0xCEDF, 
0xCEDF, 0xCEDF, 0xCEDF, 0xCEDF, 0xCEDF, 0xCEDF, 0xCEDF, 0xCEDF, 0xCEDF, 0xCEDF, 0xCEDF, 0xCEDF, 
0xCEDF, 0xCEDF, 0xCEDF, 0xCEDF, 0xCEDF, 0xCEDF, 0xCEDF, 0xCEDF, 0xCEDF, 0xCEDF, 0xCEDF, 0xCEDF, 
0xCEDF, 0xCEDF, 0xCEDF, 0xCEDF, 0xCEDF, 0xCEDF, 0xCEDF, 0xCEDF, 0xCEDF, 0xCEDF, 0xCEDF, 0xCEDF, 
0xCEDF, 0xCEDF, 0xCEDF, 0xCEDF, 0xCEDF, 0xCEDF, 0xCEDF, 0xCEDF, 0xCEDF, 0xCEDF, 0xCEDF, 0xCEDF, 
0xCEDF, 0xCEDF, 0xCEDF, 0xCEDF, 0xCEDF, 0xCEDF, 0xCEDF, 0xCEDF, 0xCEDF, 0xCEDF, 0xCEDF, 0xCEDF, 
0xCEDF, 0xCEDF, 0xCEDF, 0xCEDF, 0xCEDF, 0xCEDF, 0xCEDF, 0xCEDF, 0xCEDF, 0xCEDF, 0xCEDF, 0xCEDF, 
0xCEDF, 0xCEDF, 0xCEDF, 0xCEDF, 0xDD0C, 0xDD0C, 0xA986, 0xA986, 0xA986, 0xA986, 0xA986, 0xA986, 
0xA986, 0xA986, 0xA986, 0xA986, 0xA986, 0xA986, 0xDD0C, 0xDD0C, 0xDD0C, 0xDD0C, 0xDD0C, 0xDD0C, 
0xDD0C, 0xDD0C, 0xDD0C, 0xDD0C, 0xDD0C, 0xDD0C, 0xDD0C, 0xDD0C, 0xDD0C, 0xDD0C, 0xDD0C, 0xDD0C, 
0xDD0C, 0xDD0C, 0xA986, 0xA986, 0xA986, 0xA986, 0xA986, 0xA986, 0xA986, 0xA986, 0xA986, 0xA986, 
0xA986, 0xA986, 0xA986, 0xA986, 0xA986, 0xA986, 0xCEDF, 0xCEDF, 0xCEDF, 0xCEDF, 0xCEDF, 0xCEDF, 
0xCEDF, 0xCEDF, 0xCEDF, 0xCEDF, 0xCEDF, 0xCEDF, 0xCEDF, 0xCEDF, 0xCEDF, 0xCEDF, 0xCEDF, 0xCEDF, 
0xCEDF, 0xCEDF, 0xCEDF, 0xCEDF, 0xCEDF, 0xCEDF, 0xCEDF, 0xCEDF, 0xCEDF, 0xCEDF, 0xCEDF, 0xCEDF, 
0xCEDF, 0xCEDF, 0xCEDF, 0xCEDF, 0xCEDF, 0xCEDF, 0xCEDF, 0xCEDF, 0xCEDF, 0xCEDF, 0xCEDF, 0xCEDF, 
0xCEDF, 0xCEDF, 0xCEDF, 0xCEDF, 0xCEDF, 0xCEDF, 0xCEDF, 0xCEDF, 0xCEDF, 0xCEDF, 0xCEDF, 0xCEDF, 
0xCEDF, 0xCEDF, 0xCEDF, 0xCEDF, 0xCEDF, 0xCEDF, 0xCEDF, 0xCEDF, 0xCEDF, 0xCEDF, 0xCEDF, 0xCEDF, 
0xCEDF, 0xCEDF, 0xCEDF, 0xCEDF, 0xCEDF, 0xCEDF, 0xCEDF, 0xCEDF, 0xCEDF, 0xCEDF, 0xCEDF, 0xCEDF, 
0xDD0C, 0xDD0C, 0xA986, 0xA986, 0xA986, 0xA986, 0xA986, 0xA986, 0xA986, 0xA986, 0xA986, 0xA986, 
0xA986, 0xA986, 0xDD0C, 0xDD0C, 0xDD0C, 0xDD0C, 0xDD0C, 0xDD0C, 0xDD0C, 0xDD0C, 0xDD0C, 0xDD0C, 
0xDD0C, 0xDD0C, 0xDD0C, 0xDD0C, 0xDD0C, 0xDD0C, 0xDD0C, 0xDD0C, 0xDD0C, 0xDD0C, 0xA986, 0xA986, 
0xA986, 0xA986, 0xA986, 0xA986, 0xA986, 0xA986, 0xA986, 0xA986, 0xA986, 0xA986, 0xA986, 0xA986, 
0xA986, 0xA986, 0xCEDF, 0xCEDF, 0xCEDF, 0xCEDF, 0xCEDF, 0xCEDF, 0xCEDF, 0xCEDF, 0xCEDF, 0xCEDF, 
0xCEDF, 0xCEDF, 0xCEDF, 0xCEDF, 0xCEDF, 0xCEDF, 0xCEDF, 0xCEDF, 0xCEDF, 0xCEDF, 0xCEDF, 0xCEDF, 
0xCEDF, 0xCEDF, 0xCEDF, 0xCEDF, 0xCEDF, 0xCEDF, 0xCEDF, 0xCEDF, 0xCEDF, 0xCEDF, 0xCEDF, 0xCEDF, 
0xCEDF, 0xCEDF, 0xCEDF, 0xCEDF, 0xCEDF, 0xCEDF, 0xCEDF, 0xCEDF, 0xCEDF, 0xCEDF, 0xCEDF, 0xCEDF, 
0xCEDF, 0xCEDF, 0xCEDF, 0xCEDF, 0xCEDF, 0xCEDF, 0xCEDF, 0xCEDF, 0xCEDF, 0xCEDF, 0xCEDF, 0xCEDF, 
0xCEDF, 0xCEDF, 0xCEDF, 0xCEDF, 0xCEDF, 0xCEDF, 0xCEDF, 0xCEDF, 0xCEDF, 0xCEDF, 0xCEDF, 0xCEDF, 
0xCEDF, 0xCEDF, 0xCEDF, 0xCEDF, 0xCEDF, 0xCEDF, 0xCEDF, 0xCEDF, 0xDD0C, 0xDD0C, 0xA986, 0xA986, 
0xA986, 0xA986, 0xA986, 0xA986, 0xA986, 0xA986, 0xA986, 0xA986, 0xA986, 0xA986, 0xDD0C, 0xDD0C, 
0xDD0C, 0xDD0C, 0xDD0C, 0xDD0C, 0xDD0C, 0xDD0C, 0xDD0C, 0xDD0C, 0xDD0C, 0xDD0C, 0xDD0C, 0xDD0C, 
0xDD0C, 0xDD0C, 0xDD0C, 0xDD0C, 0xDD0C, 0xDD0C, 0xA986, 0xA986, 0xA986, 0xA986, 0xA986, 0xA986, 
0xA986, 0xA986, 0xA986, 0xA986, 0xDAAC, 0xDAAC, 0xA986, 0xA986, 0xA986, 0xA986, 0xCEDF, 0xCEDF, 
0xCEDF, 0xCEDF, 0xCEDF, 0xCEDF, 0xCEDF, 0xCEDF, 0xCEDF, 0xCEDF, 0xCEDF, 0xCEDF, 0xCEDF, 0xCEDF, 
0xCEDF, 0xCEDF, 0xCEDF, 0xCEDF, 0xCEDF, 0xCEDF, 0xCEDF, 0xCEDF, 0xCEDF, 0xCEDF, 0xCEDF, 0xCEDF, 
0xCEDF, 0xCEDF, 0xCEDF, 0xCEDF, 0xCEDF, 0xCEDF, 0xCEDF, 0xCEDF, 0xCEDF, 0xCEDF, 0xCEDF, 0xCEDF, 
0xCEDF, 0xCEDF, 0xCEDF, 0xCEDF, 0xCEDF, 0xCEDF, 0xCEDF, 0xCEDF, 0xCEDF, 0xCEDF, 0xCEDF, 0xCEDF, 
0xCEDF, 0xCEDF, 0xCEDF, 0xCEDF, 0xCEDF, 0xCEDF, 0xCEDF, 0xCEDF, 0xCEDF, 0xCEDF, 0xCEDF, 0xCEDF, 
0xCEDF, 0xCEDF, 0xCEDF, 0xCEDF, 0xCEDF, 0xCEDF, 0xCEDF, 0xCEDF, 0xCEDF, 0xCEDF, 0xCEDF, 0xCEDF, 
0xCEDF, 0xCEDF, 0xCEDF, 0xCEDF, 0xDD0C, 0xDD0C, 0xA986, 0xA986, 0xA986, 0xA986, 0xA986, 0xA986, 
0xA986, 0xA986, 0xA986, 0xA986, 0xA986, 0xA986, 0xDD0C, 0xDD0C, 0xDD0C, 0xDD0C, 0xDD0C, 0xDD0C, 
0xDD0C, 0xDD0C, 0xDD0C, 0xDD0C, 0xDD0C, 0xDD0C, 0xDD0C, 0xDD0C, 0xDD0C, 0xDD0C, 0xDD0C, 0xDD0C, 
0xDD0C, 0xDD0C, 0xA986, 0xA986, 0xA986, 0xA986, 0xA986, 0xA986, 0xA986, 0xA986, 0xA986, 0xA986, 
0xDAAC, 0xDAAC, 0xA986, 0xA986, 0xA986, 0xA986, 0xCEDF, 0xCEDF, 0xCEDF, 0xCEDF, 0xCEDF, 0xCEDF, 
0xCEDF, 0xCEDF, 0xCEDF, 0xCEDF, 0xCEDF, 0xCEDF, 0xCEDF, 0xCEDF, 0xCEDF, 0xCEDF, 0xCEDF, 0xCEDF, 
0xCEDF, 0xCEDF, 0xCEDF, 0xCEDF, 0xCEDF, 0xCEDF, 0xCEDF, 0xCEDF, 0xCEDF, 0xCEDF, 0xCEDF, 0xCEDF, 
0xCEDF, 0xCEDF, 0xCEDF, 0xCEDF, 0xCEDF, 0xCEDF, 0xCEDF, 0xCEDF, 0xCEDF, 0xCEDF, 0xCEDF, 0xCEDF, 
0xCEDF, 0xCEDF, 0xCEDF, 0xCEDF, 0xCEDF, 0xCEDF, 0xCEDF, 0xCEDF, 0xCEDF, 0xCEDF, 0xCEDF, 0xCEDF, 
0xCEDF, 0xCEDF, 0xCEDF, 0xCEDF, 0xCEDF, 0xCEDF, 0xCEDF, 0xCEDF, 0xCEDF, 0xCEDF, 0xCEDF, 0xCEDF, 
0xCEDF, 0xCEDF, 0xCEDF, 0xCEDF, 0xCEDF, 0xCEDF, 0xCEDF, 0xCEDF, 0xCEDF, 0xCEDF, 0xCEDF, 0xCEDF, 
0xA986, 0xA986, 0xA986, 0xA986, 0xA986, 0xA986, 0xA986, 0xA986, 0xA986, 0xA986, 0xA986, 0xA986, 
0xA986, 0xA986, 0xA986, 0xA986, 0xDD0C, 0xDD0C, 0xDD0C, 0xDD0C, 0xDD0C, 0xDD0C, 0xDD0C, 0xDD0C, 
0xDD0C, 0xDD0C, 0xDD0C, 0xDD0C, 0xDD0C, 0xDD0C, 0xDD0C, 0xDD0C, 0xDD0C, 0xDD0C, 0xA986, 0xA986, 
0xA986, 0xA986, 0xA986, 0xA986, 0xA986, 0xA986, 0xDAAC, 0xDAAC, 0xDAAC, 0xDAAC, 0xA986, 0xA986, 
0xA986, 0xA986, 0xCEDF, 0xCEDF, 0xCEDF, 0xCEDF, 0xCEDF, 0xCEDF, 0xCEDF, 0xCEDF, 0xCEDF, 0xCEDF, 
0xCEDF, 0xCEDF, 0xCEDF, 0xCEDF, 0xCEDF, 0xCEDF, 0xCEDF, 0xCEDF, 0xCEDF, 0xCEDF, 0xCEDF, 0xCEDF, 
0xCEDF, 0xCEDF, 0xCEDF, 0xCEDF, 0xCEDF, 0xCEDF, 0xCEDF, 0xCEDF, 0xCEDF, 0xCEDF, 0xCEDF, 0xCEDF, 
0xCEDF, 0xCEDF, 0xCEDF, 0xCEDF, 0xCEDF, 0xCEDF, 0xCEDF, 0xCEDF, 0xCEDF, 0xCEDF, 0xCEDF, 0xCEDF, 
0xCEDF, 0xCEDF, 0xCEDF, 0xCEDF, 0xCEDF, 0xCEDF, 0xCEDF, 0xCEDF, 0xCEDF, 0xCEDF, 0xCEDF, 0xCEDF, 
0xCEDF, 0xCEDF, 0xCEDF, 0xCEDF, 0xCEDF, 0xCEDF, 0xCEDF, 0xCEDF, 0xCEDF, 0xCEDF, 0xCEDF, 0xCEDF, 
0xCEDF, 0xCEDF, 0xCEDF, 0xCEDF, 0xCEDF, 0xCEDF, 0xCEDF, 0xCEDF, 0xA986, 0xA986, 0xA986, 0xA986, 
0xA986, 0xA986, 0xA986, 0xA986, 0xA986, 0xA986, 0xA986, 0xA986, 0xA986, 0xA986, 0xA986, 0xA986, 
0xDD0C, 0xDD0C, 0xDD0C, 0xDD0C, 0xDD0C, 0xDD0C, 0xDD0C, 0xDD0C, 0xDD0C, 0xDD0C, 0xDD0C, 0xDD0C, 
0xDD0C, 0xDD0C, 0xDD0C, 0xDD0C, 0xDD0C, 0xDD0C, 0xA986, 0xA986, 0xA986, 0xA986, 0xA986, 0xA986, 
0xA986, 0xA986, 0xDAAC, 0xDAAC, 0xDAAC, 0xDAAC, 0xA986, 0xA986, 0xA986, 0xA986, 0xCEDF, 0xCEDF, 
0xCEDF, 0xCEDF, 0xCEDF, 0xCEDF, 0xCEDF, 0xCEDF, 0xCEDF, 0xCEDF, 0xCEDF, 0xCEDF, 0xCEDF, 0xCEDF, 
0xCEDF, 0xCEDF, 0xCEDF, 0xCEDF, 0xCEDF, 0xCEDF, 0xCEDF, 0xCEDF, 0xCEDF, 0xCEDF, 0xCEDF, 0xCEDF, 
0xCEDF, 0xCEDF, 0xCEDF, 0xCEDF, 0xCEDF, 0xCEDF, 0xCEDF, 0xCEDF, 0xCEDF, 0xCEDF, 0xCEDF, 0xCEDF, 
0xCEDF, 0xCEDF, 0xCEDF, 0xCEDF, 0xCEDF, 0xCEDF, 0xCEDF, 0xCEDF, 0xCEDF, 0xCEDF, 0xCEDF, 0xCEDF, 
0xCEDF, 0xCEDF, 0xCEDF, 0xCEDF, 0xCEDF, 0xCEDF, 0xCEDF, 0xCEDF, 0xCEDF, 0xCEDF, 0xCEDF, 0xCEDF, 
0xCEDF, 0xCEDF, 0xCEDF, 0xCEDF, 0xCEDF, 0xCEDF, 0xCEDF, 0xCEDF, 0xCEDF, 0xCEDF, 0xCEDF, 0xCEDF, 
0xCEDF, 0xCEDF, 0xCEDF, 0xCEDF, 0xA986, 0xA986, 0xA986, 0xA986, 0xA986, 0xA986, 0xA986, 0xA986, 
0xA986, 0xA986, 0xA986, 0xA986, 0xA986, 0xA986, 0xA986, 0xA986, 0xDD0C, 0xDD0C, 0xDD0C, 0xDD0C, 
0xDD0C, 0xDD0C, 0xDD0C, 0xDD0C, 0xDD0C, 0xDD0C, 0xDD0C, 0xDD0C, 0xDD0C, 0xDD0C, 0xDD0C, 0xDD0C, 
0xDD0C, 0xDD0C, 0xDD0C, 0xDD0C, 0xA986, 0xA986, 0xA986, 0xA986, 0xDAAC, 0xDAAC, 0xDAAC, 0xDAAC, 
0xDAAC, 0xDAAC, 0xDAAC, 0xDAAC, 0xA986, 0xA986, 0xCEDF, 0xCEDF, 0xCEDF, 0xCEDF, 0xCEDF, 0xCEDF, 
0xCEDF, 0xCEDF, 0xCEDF, 0xCEDF, 0xCEDF, 0xCEDF, 0xCEDF, 0xCEDF, 0xCEDF, 0xCEDF, 0xCEDF, 0xCEDF, 
0xCEDF, 0xCEDF, 0xCEDF, 0xCEDF, 0xCEDF, 0xCEDF, 0xCEDF, 0xCEDF, 0xCEDF, 0xCEDF, 0xCEDF, 0xCEDF, 
0xCEDF, 0xCEDF, 0xCEDF, 0xCEDF, 0xCEDF, 0xCEDF, 0xCEDF, 0xCEDF, 0xCEDF, 0xCEDF, 0xCEDF, 0xCEDF, 
0xCEDF, 0xCEDF, 0xCEDF, 0xCEDF, 0xCEDF, 0xCEDF, 0xCEDF, 0xCEDF, 0xCEDF, 0xCEDF, 0xCEDF, 0xCEDF, 
0xCEDF, 0xCEDF, 0xCEDF, 0xCEDF, 0xCEDF, 0xCEDF, 0xCEDF, 0xCEDF, 0xCEDF, 0xCEDF, 0xCEDF, 0xCEDF, 
0xCEDF, 0xCEDF, 0xCEDF, 0xCEDF, 0xCEDF, 0xCEDF, 0xCEDF, 0xCEDF, 0xCEDF, 0xCEDF, 0xCEDF, 0xCEDF, 
0xA986, 0xA986, 0xA986, 0xA986, 0xA986, 0xA986, 0xA986, 0xA986, 0xA986, 0xA986, 0xA986, 0xA986, 
0xA986, 0xA986, 0xA986, 0xA986, 0xDD0C, 0xDD0C, 0xDD0C, 0xDD0C, 0xDD0C, 0xDD0C, 0xDD0C, 0xDD0C, 
0xDD0C, 0xDD0C, 0xDD0C, 0xDD0C, 0xDD0C, 0xDD0C, 0xDD0C, 0xDD0C, 0xDD0C, 0xDD0C, 0xDD0C, 0xDD0C, 
0xA986, 0xA986, 0xA986, 0xA986, 0xDAAC, 0xDAAC, 0xDAAC, 0xDAAC, 0xDAAC, 0xDAAC, 0xDAAC, 0xDAAC, 
0xA986, 0xA986, 0xCEDF, 0xCEDF, 0xCEDF, 0xCEDF, 0xCEDF, 0xCEDF, 0xCEDF, 0xCEDF, 0xCEDF, 0xCEDF, 
0xCEDF, 0xCEDF, 0xCEDF, 0xCEDF, 0xCEDF, 0xCEDF, 0xCEDF, 0xCEDF, 0xCEDF, 0xCEDF, 0xCEDF, 0xCEDF, 
0xCEDF, 0xCEDF, 0xCEDF, 0xCEDF, 0xCEDF, 0xCEDF, 0xCEDF, 0xCEDF, 0xCEDF, 0xCEDF, 0xCEDF, 0xCEDF, 
0xCEDF, 0xCEDF, 0xCEDF, 0xCEDF, 0xCEDF, 0xCEDF, 0xCEDF, 0xCEDF, 0xCEDF, 0xCEDF, 0xCEDF, 0xCEDF, 
0xCEDF, 0xCEDF, 0xCEDF, 0xCEDF, 0xCEDF, 0xCEDF, 0xCEDF, 0xCEDF, 0xCEDF, 0xCEDF, 0xCEDF, 0xCEDF, 
0xCEDF, 0xCEDF, 0xCEDF, 0xCEDF, 0xCEDF, 0xCEDF, 0xCEDF, 0xCEDF, 0xCEDF, 0xCEDF, 0xCEDF, 0xCEDF, 
0xCEDF, 0xCEDF, 0xCEDF, 0xCEDF, 0xCEDF, 0xCEDF, 0xCEDF, 0xCEDF, 0xA986, 0xA986, 0xA986, 0xA986, 
0xA986, 0xA986, 0xA986, 0xA986, 0xA986, 0xA986, 0xA986, 0xA986, 0xA986, 0xA986, 0xA986, 0xA986, 
0xA986, 0xA986, 0xDD0C, 0xDD0C, 0xDD0C, 0xDD0C, 0xDD0C, 0xDD0C, 0xDD0C, 0xDD0C, 0xDD0C, 0xDD0C, 
0xDD0C, 0xDD0C, 0xDD0C, 0xDD0C, 0xDD0C, 0xDD0C, 0xDD0C, 0xDD0C, 0xDD0C, 0xDD0C, 0x61C6, 0x61C6, 
0xDAAC, 0xDAAC, 0xDAAC, 0xDAAC, 0xDAAC, 0xDAAC, 0xDAAC, 0xDAAC, 0xDD0C, 0xDD0C, 0xCEDF, 0xCEDF, 
0xCEDF, 0xCEDF, 0xCEDF, 0xCEDF, 0xCEDF, 0xCEDF, 0xCEDF, 0xCEDF, 0xCEDF, 0xCEDF, 0xCEDF, 0xCEDF, 
0xCEDF, 0xCEDF, 0xCEDF, 0xCEDF, 0xCEDF, 0xCEDF, 0xCEDF, 0xCEDF, 0xCEDF, 0xCEDF, 0xCEDF, 0xCEDF, 
0xCEDF, 0xCEDF, 0xCEDF, 0xCEDF, 0xCEDF, 0xCEDF, 0xCEDF, 0xCEDF, 0xCEDF, 0xCEDF, 0xCEDF, 0xCEDF, 
0xCEDF, 0xCEDF, 0xCEDF, 0xCEDF, 0xCEDF, 0xCEDF, 0xCEDF, 0xCEDF, 0xCEDF, 0xCEDF, 0xCEDF, 0xCEDF, 
0xCEDF, 0xCEDF, 0xCEDF, 0xCEDF, 0xCEDF, 0xCEDF, 0xCEDF, 0xCEDF, 0xCEDF, 0xCEDF, 0xCEDF, 0xCEDF, 
0xCEDF, 0xCEDF, 0xCEDF, 0xCEDF, 0xCEDF, 0xCEDF, 0xCEDF, 0xCEDF, 0xCEDF, 0xCEDF, 0xCEDF, 0xCEDF, 
0xCEDF, 0xCEDF, 0xCEDF, 0xCEDF, 0xA986, 0xA986, 0xA986, 0xA986, 0xA986, 0xA986, 0xA986, 0xA986, 
0xA986, 0xA986, 0xA986, 0xA986, 0xA986, 0xA986, 0xA986, 0xA986, 0xA986, 0xA986, 0xDD0C, 0xDD0C, 
0xDD0C, 0xDD0C, 0xDD0C, 0xDD0C, 0xDD0C, 0xDD0C, 0xDD0C, 0xDD0C, 0xDD0C, 0xDD0C, 0xDD0C, 0xDD0C, 
0xDD0C, 0xDD0C, 0xDD0C, 0xDD0C, 0xDD0C, 0xDD0C, 0x61C6, 0x61C6, 0xDAAC, 0xDAAC, 0xDAAC, 0xDAAC, 
0xDAAC, 0xDAAC, 0xDAAC, 0xDAAC, 0xDD0C, 0xDD0C, 0xCEDF, 0xCEDF, 0xCEDF, 0xCEDF, 0xCEDF, 0xCEDF, 
0xCEDF, 0xCEDF, 0xCEDF, 0xCEDF, 0xCEDF, 0xCEDF, 0xCEDF, 0xCEDF, 0xCEDF, 0xCEDF, 0xCEDF, 0xCEDF, 
0xCEDF, 0xCEDF, 0xCEDF, 0xCEDF, 0xCEDF, 0xCEDF, 0xCEDF, 0xCEDF, 0xCEDF, 0xCEDF, 0xCEDF, 0xCEDF, 
0xCEDF, 0xCEDF, 0xCEDF, 0xCEDF, 0xCEDF, 0xCEDF, 0xCEDF, 0xCEDF, 0xCEDF, 0xCEDF, 0xCEDF, 0xCEDF, 
0xCEDF, 0xCEDF, 0xCEDF, 0xCEDF, 0xCEDF, 0xCEDF, 0xCEDF, 0xCEDF, 0xCEDF, 0xCEDF, 0xCEDF, 0xCEDF, 
0xCEDF, 0xCEDF, 0xCEDF, 0xCEDF, 0xCEDF, 0xCEDF, 0xCEDF, 0xCEDF, 0xCEDF, 0xCEDF, 0xCEDF, 0xCEDF, 
0xCEDF, 0xCEDF, 0xCEDF, 0xCEDF, 0xCEDF, 0xCEDF, 0xCEDF, 0xCEDF, 0xCEDF, 0xCEDF, 0xCEDF, 0xCEDF, 
0xA986, 0xA986, 0xA986, 0xA986, 0xA986, 0xA986, 0xA986, 0xA986, 0xA986, 0xA986, 0xDAAC, 0xDAAC, 
0xDAAC, 0xDAAC, 0xA986, 0xA986, 0x61C6, 0x61C6, 0xDD0C, 0xDD0C, 0xDD0C, 0xDD0C, 0xDD0C, 0xDD0C, 
0xDD0C, 0xDD0C, 0xDD0C, 0xDD0C, 0xDD0C, 0xDD0C, 0xDD0C, 0xDD0C, 0xDD0C, 0xDD0C, 0xDD0C, 0xDD0C, 
0xDD0C, 0xDD0C, 0x61C6, 0x61C6, 0x61C6, 0x61C6, 0xA986, 0xA986, 0xDAAC, 0xDAAC, 0xDAAC, 0xDAAC, 
0xDD0C, 0xDD0C, 0xCEDF, 0xCEDF, 0xCEDF, 0xCEDF, 0xCEDF, 0xCEDF, 0xCEDF, 0xCEDF, 0xCEDF, 0xCEDF, 
0xCEDF, 0xCEDF, 0xCEDF, 0xCEDF, 0xCEDF, 0xCEDF, 0xCEDF, 0xCEDF, 0xCEDF, 0xCEDF, 0xCEDF, 0xCEDF, 
0xCEDF, 0xCEDF, 0xCEDF, 0xCEDF, 0xCEDF, 0xCEDF, 0xCEDF, 0xCEDF, 0xCEDF, 0xCEDF, 0xCEDF, 0xCEDF, 
0xCEDF, 0xCEDF, 0xCEDF, 0xCEDF, 0xCEDF, 0xCEDF, 0xCEDF, 0xCEDF, 0xCEDF, 0xCEDF, 0xCEDF, 0xCEDF, 
0xCEDF, 0xCEDF, 0xCEDF, 0xCEDF, 0xCEDF, 0xCEDF, 0xCEDF, 0xCEDF, 0xCEDF, 0xCEDF, 0xCEDF, 0xCEDF, 
0xCEDF, 0xCEDF, 0xCEDF, 0xCEDF, 0xCEDF, 0xCEDF, 0xCEDF, 0xCEDF, 0xCEDF, 0xCEDF, 0xCEDF, 0xCEDF, 
0xCEDF, 0xCEDF, 0xCEDF, 0xCEDF, 0xCEDF, 0xCEDF, 0xCEDF, 0xCEDF, 0xA986, 0xA986, 0xA986, 0xA986, 
0xA986, 0xA986, 0xA986, 0xA986, 0xA986, 0xA986, 0xDAAC, 0xDAAC, 0xDAAC, 0xDAAC, 0xA986, 0xA986, 
0x61C6, 0x61C6, 0xDD0C, 0xDD0C, 0xDD0C, 0xDD0C, 0xDD0C, 0xDD0C, 0xDD0C, 0xDD0C, 0xDD0C, 0xDD0C, 
0xDD0C, 0xDD0C, 0xDD0C, 0xDD0C, 0xDD0C, 0xDD0C, 0xDD0C, 0xDD0C, 0xDD0C, 0xDD0C, 0x61C6, 0x61C6, 
0x61C6, 0x61C6, 0xA986, 0xA986, 0xDAAC, 0xDAAC, 0xDAAC, 0xDAAC, 0xDD0C, 0xDD0C, 0xCEDF, 0xCEDF, 
0xCEDF, 0xCEDF, 0xCEDF, 0xCEDF, 0xCEDF, 0xCEDF, 0xCEDF, 0xCEDF, 0xCEDF, 0xCEDF, 0xCEDF, 0xCEDF, 
0xCEDF, 0xCEDF, 0xCEDF, 0xCEDF, 0xCEDF, 0xCEDF, 0xCEDF, 0xCEDF, 0xCEDF, 0xCEDF, 0xCEDF, 0xCEDF, 
0xCEDF, 0xCEDF, 0xCEDF, 0xCEDF, 0xCEDF, 0xCEDF, 0xCEDF, 0xCEDF, 0xCEDF, 0xCEDF, 0xCEDF, 0xCEDF, 
0xCEDF, 0xCEDF, 0xCEDF, 0xCEDF, 0xCEDF, 0xCEDF, 0xCEDF, 0xCEDF, 0xCEDF, 0xCEDF, 0xCEDF, 0xCEDF, 
0xCEDF, 0xCEDF, 0xCEDF, 0xCEDF, 0xCEDF, 0xCEDF, 0xCEDF, 0xCEDF, 0xCEDF, 0xCEDF, 0xCEDF, 0xCEDF, 
0xCEDF, 0xCEDF, 0xCEDF, 0xCEDF, 0xCEDF, 0xCEDF, 0xCEDF, 0xCEDF, 0xCEDF, 0xCEDF, 0xCEDF, 0xCEDF, 
0xCEDF, 0xCEDF, 0xCEDF, 0xCEDF, 0xA986, 0xA986, 0xA986, 0xA986, 0xA986, 0xA986, 0xA986, 0xA986, 
0xDAAC, 0xDAAC, 0xDAAC, 0xDAAC, 0xDAAC, 0xDAAC, 0xA986, 0xA986, 0x61C6, 0x61C6, 0xDD0C, 0xDD0C, 
0xDD0C, 0xDD0C, 0xDD0C, 0xDD0C, 0xDD0C, 0xDD0C, 0xDD0C, 0xDD0C, 0xDD0C, 0xDD0C, 0xDD0C, 0xDD0C, 
0xDD0C, 0xDD0C, 0xDD0C, 0xDD0C, 0xDD0C, 0xDD0C, 0x61C6, 0x61C6, 0x61C6, 0x61C6, 0x61C6, 0x61C6, 
0x61C6, 0x61C6, 0x61C6, 0x61C6, 0xDD0C, 0xDD0C, 0xCEDF, 0xCEDF, 0xCEDF, 0xCEDF, 0xCEDF, 0xCEDF, 
0xCEDF, 0xCEDF, 0xCEDF, 0xCEDF, 0xCEDF, 0xCEDF, 0xCEDF, 0xCEDF, 0xCEDF, 0xCEDF, 0xCEDF, 0xCEDF, 
0xCEDF, 0xCEDF, 0xCEDF, 0xCEDF, 0xCEDF, 0xCEDF, 0xCEDF, 0xCEDF, 0xCEDF, 0xCEDF, 0xCEDF, 0xCEDF, 
0xCEDF, 0xCEDF, 0xCEDF, 0xCEDF, 0xCEDF, 0xCEDF, 0xCEDF, 0xCEDF, 0xCEDF, 0xCEDF, 0xCEDF, 0xCEDF, 
0xCEDF, 0xCEDF, 0xCEDF, 0xCEDF, 0xCEDF, 0xCEDF, 0xCEDF, 0xCEDF, 0xCEDF, 0xCEDF, 0xCEDF, 0xCEDF, 
0xCEDF, 0xCEDF, 0xCEDF, 0xCEDF, 0xCEDF, 0xCEDF, 0xCEDF, 0xCEDF, 0xCEDF, 0xCEDF, 0xCEDF, 0xCEDF, 
0xCEDF, 0xCEDF, 0xCEDF, 0xCEDF, 0xCEDF, 0xCEDF, 0xCEDF, 0xCEDF, 0xCEDF, 0xCEDF, 0xCEDF, 0xCEDF, 
0xA986, 0xA986, 0xA986, 0xA986, 0xA986, 0xA986, 0xA986, 0xA986, 0xDAAC, 0xDAAC, 0xDAAC, 0xDAAC, 
0xDAAC, 0xDAAC, 0xA986, 0xA986, 0x61C6, 0x61C6, 0xDD0C, 0xDD0C, 0xDD0C, 0xDD0C, 0xDD0C, 0xDD0C, 
0xDD0C, 0xDD0C, 0xDD0C, 0xDD0C, 0xDD0C, 0xDD0C, 0xDD0C, 0xDD0C, 0xDD0C, 0xDD0C, 0xDD0C, 0xDD0C, 
0xDD0C, 0xDD0C, 0x61C6, 0x61C6, 0x61C6, 0x61C6, 0x61C6, 0x61C6, 0x61C6, 0x61C6, 0x61C6, 0x61C6, 
0xDD0C, 0xDD0C, 0xCEDF, 0xCEDF, 0xCEDF, 0xCEDF, 0xCEDF, 0xCEDF, 0xCEDF, 0xCEDF, 0xCEDF, 0xCEDF, 
0xCEDF, 0xCEDF, 0xCEDF, 0xCEDF, 0xCEDF, 0xCEDF, 0xCEDF, 0xCEDF, 0xCEDF, 0xCEDF, 0xCEDF, 0xCEDF, 
0xCEDF, 0xCEDF, 0xCEDF, 0xCEDF, 0xCEDF, 0xCEDF, 0xCEDF, 0xCEDF, 0xCEDF, 0xCEDF, 0xCEDF, 0xCEDF, 
0xCEDF, 0xCEDF, 0xCEDF, 0xCEDF, 0xCEDF, 0xCEDF, 0xCEDF, 0xCEDF, 0xCEDF, 0xCEDF, 0xCEDF, 0xCEDF, 
0xCEDF, 0xCEDF, 0xCEDF, 0xCEDF, 0xCEDF, 0xCEDF, 0xCEDF, 0xCEDF, 0xCEDF, 0xCEDF, 0xCEDF, 0xCEDF, 
0xCEDF, 0xCEDF, 0xCEDF, 0xCEDF, 0xCEDF, 0xCEDF, 0xCEDF, 0xCEDF, 0xCEDF, 0xCEDF, 0xCEDF, 0xCEDF, 
0xCEDF, 0xCEDF, 0xCEDF, 0xCEDF, 0xCEDF, 0xCEDF, 0xCEDF, 0xCEDF, 0xA986, 0xA986, 0xA986, 0xA986, 
0xA986, 0xA986, 0xA986, 0xA986, 0xDAAC, 0xDAAC, 0xDAAC, 0xDAAC, 0xDAAC, 0xDAAC, 0xA986, 0xA986, 
0x61C6, 0x61C6, 0xDD0C, 0xDD0C, 0xDD0C, 0xDD0C, 0xDD0C, 0xDD0C, 0xDD0C, 0xDD0C, 0xDD0C, 0xDD0C, 
0xDD0C, 0xDD0C, 0xDD0C, 0xDD0C, 0xDD0C, 0xDD0C, 0xDD0C, 0xDD0C, 0xDD0C, 0xDD0C, 0xDD0C, 0xDD0C, 
0x61C6, 0x61C6, 0x61C6, 0x61C6, 0x61C6, 0x61C6, 0x61C6, 0x61C6, 0xDD0C, 0xDD0C, 0xCEDF, 0xCEDF, 
0xCEDF, 0xCEDF, 0xCEDF, 0xCEDF, 0xCEDF, 0xCEDF, 0xCEDF, 0xCEDF, 0xCEDF, 0xCEDF, 0xCEDF, 0xCEDF, 
0xCEDF, 0xCEDF, 0xCEDF, 0xCEDF, 0xCEDF, 0xCEDF, 0xCEDF, 0xCEDF, 0xCEDF, 0xCEDF, 0xCEDF, 0xCEDF, 
0xCEDF, 0xCEDF, 0xCEDF, 0xCEDF, 0xCEDF, 0xCEDF, 0xCEDF, 0xCEDF, 0xCEDF, 0xCEDF, 0xCEDF, 0xCEDF, 
0xCEDF, 0xCEDF, 0xCEDF, 0xCEDF, 0xCEDF, 0xCEDF, 0xCEDF, 0xCEDF, 0xCEDF, 0xCEDF, 0xCEDF, 0xCEDF, 
0xCEDF, 0xCEDF, 0xCEDF, 0xCEDF, 0xCEDF, 0xCEDF, 0xCEDF, 0xCEDF, 0xCEDF, 0xCEDF, 0xCEDF, 0xCEDF, 
0xCEDF, 0xCEDF, 0xCEDF, 0xCEDF, 0xCEDF, 0xCEDF, 0xCEDF, 0xCEDF, 0xCEDF, 0xCEDF, 0xCEDF, 0xCEDF, 
0xCEDF, 0xCEDF, 0xCEDF, 0xCEDF, 0xA986, 0xA986, 0xA986, 0xA986, 0xA986, 0xA986, 0xA986, 0xA986, 
0xDAAC, 0xDAAC, 0xDAAC, 0xDAAC, 0xDAAC, 0xDAAC, 0xA986, 0xA986, 0x61C6, 0x61C6, 0xDD0C, 0xDD0C, 
0xDD0C, 0xDD0C, 0xDD0C, 0xDD0C, 0xDD0C, 0xDD0C, 0xDD0C, 0xDD0C, 0xDD0C, 0xDD0C, 0xDD0C, 0xDD0C, 
0xDD0C, 0xDD0C, 0xDD0C, 0xDD0C, 0xDD0C, 0xDD0C, 0xDD0C, 0xDD0C, 0x61C6, 0x61C6, 0x61C6, 0x61C6, 
0x61C6, 0x61C6, 0x61C6, 0x61C6, 0xDD0C, 0xDD0C, 0xCEDF, 0xCEDF, 0xCEDF, 0xCEDF, 0xCEDF, 0xCEDF, 
0xCEDF, 0xCEDF, 0xCEDF, 0xCEDF, 0xCEDF, 0xCEDF, 0xCEDF, 0xCEDF, 0xCEDF, 0xCEDF, 0xCEDF, 0xCEDF, 
0xCEDF, 0xCEDF, 0xCEDF, 0xCEDF, 0xCEDF, 0xCEDF, 0xCEDF, 0xCEDF, 0xCEDF, 0xCEDF, 0xCEDF, 0xCEDF, 
0xCEDF, 0xCEDF, 0xCEDF, 0xCEDF, 0xCEDF, 0xCEDF, 0xCEDF, 0xCEDF, 0xCEDF, 0xCEDF, 0xCEDF, 0xCEDF, 
0xCEDF, 0xCEDF, 0xCEDF, 0xCEDF, 0xCEDF, 0xCEDF, 0xCEDF, 0xCEDF, 0xCEDF, 0xCEDF, 0xCEDF, 0xCEDF, 
0xCEDF, 0xCEDF, 0xCEDF, 0xCEDF, 0xCEDF, 0xCEDF, 0xCEDF, 0xCEDF, 0xCEDF, 0xCEDF, 0xCEDF, 0xCEDF, 
0xCEDF, 0xCEDF, 0xCEDF, 0xCEDF, 0xCEDF, 0xCEDF, 0xCEDF, 0xCEDF, 0xCEDF, 0xCEDF, 0xCEDF, 0xCEDF, 
0xA986, 0xA986, 0xA986, 0xA986, 0xA986, 0xA986, 0xDAAC, 0xDAAC, 0xDAAC, 0xDAAC, 0xDAAC, 0xDAAC, 
0xDAAC, 0xDAAC, 0x61C6, 0x61C6, 0x61C6, 0x61C6, 0xDD0C, 0xDD0C, 0xDD0C, 0xDD0C, 0xDD0C, 0xDD0C, 
0xDD0C, 0xDD0C, 0xDD0C, 0xDD0C, 0xDD0C, 0xDD0C, 0xDD0C, 0xDD0C, 0xDD0C, 0xDD0C, 0xDD0C, 0xDD0C, 
0xDD0C, 0xDD0C, 0xDD0C, 0xDD0C, 0xDD0C, 0xDD0C, 0xDD0C, 0xDD0C, 0xDD0C, 0xDD0C, 0xDD0C, 0xDD0C, 
0xDD0C, 0xDD0C, 0xCEDF, 0xCEDF, 0xCEDF, 0xCEDF, 0xCEDF, 0xCEDF, 0xCEDF, 0xCEDF, 0xCEDF, 0xCEDF, 
0xCEDF, 0xCEDF, 0xCEDF, 0xCEDF, 0xCEDF, 0xCEDF, 0xCEDF, 0xCEDF, 0xCEDF, 0xCEDF, 0xCEDF, 0xCEDF, 
0xCEDF, 0xCEDF, 0xCEDF, 0xCEDF, 0xCEDF, 0xCEDF, 0xCEDF, 0xCEDF, 0xCEDF, 0xCEDF, 0xCEDF, 0xCEDF, 
0xCEDF, 0xCEDF, 0xCEDF, 0xCEDF, 0xCEDF, 0xCEDF, 0xCEDF, 0xCEDF, 0xCEDF, 0xCEDF, 0xCEDF, 0xCEDF, 
0xCEDF, 0xCEDF, 0xCEDF, 0xCEDF, 0xCEDF, 0xCEDF, 0xCEDF, 0xCEDF, 0xCEDF, 0xCEDF, 0xCEDF, 0xCEDF, 
0xCEDF, 0xCEDF, 0xCEDF, 0xCEDF, 0xCEDF, 0xCEDF, 0xCEDF, 0xCEDF, 0xCEDF, 0xCEDF, 0xCEDF, 0xCEDF, 
0xCEDF, 0xCEDF, 0xCEDF, 0xCEDF, 0xCEDF, 0xCEDF, 0xCEDF, 0xCEDF, 0xA986, 0xA986, 0xA986, 0xA986, 
0xA986, 0xA986, 0xDAAC, 0xDAAC, 0xDAAC, 0xDAAC, 0xDAAC, 0xDAAC, 0xDAAC, 0xDAAC, 0x61C6, 0x61C6, 
0x61C6, 0x61C6, 0xDD0C, 0xDD0C, 0xDD0C, 0xDD0C, 0xDD0C, 0xDD0C, 0xDD0C, 0xDD0C, 0xDD0C, 0xDD0C, 
0xDD0C, 0xDD0C, 0xDD0C, 0xDD0C, 0xDD0C, 0xDD0C, 0xDD0C, 0xDD0C, 0xDD0C, 0xDD0C, 0xDD0C, 0xDD0C, 
0xDD0C, 0xDD0C, 0xDD0C, 0xDD0C, 0xDD0C, 0xDD0C, 0xDD0C, 0xDD0C, 0xDD0C, 0xDD0C, 0xCEDF, 0xCEDF, 
0xCEDF, 0xCEDF, 0xCEDF, 0xCEDF, 0xCEDF, 0xCEDF, 0xCEDF, 0xCEDF, 0xCEDF, 0xCEDF, 0xCEDF, 0xCEDF, 
0xCEDF, 0xCEDF, 0xCEDF, 0xCEDF, 0xCEDF, 0xCEDF, 0xCEDF, 0xCEDF, 0xCEDF, 0xCEDF, 0xCEDF, 0xCEDF, 
0xCEDF, 0xCEDF, 0xCEDF, 0xCEDF, 0xCEDF, 0xCEDF, 0xCEDF, 0xCEDF, 0xCEDF, 0xCEDF, 0xCEDF, 0xCEDF, 
0xCEDF, 0xCEDF, 0xCEDF, 0xCEDF, 0xCEDF, 0xCEDF, 0xCEDF, 0xCEDF, 0xCEDF, 0xCEDF, 0xCEDF, 0xCEDF, 
0xCEDF, 0xCEDF, 0xCEDF, 0xCEDF, 0xCEDF, 0xCEDF, 0xCEDF, 0xCEDF, 0xCEDF, 0xCEDF, 0xCEDF, 0xCEDF, 
0xCEDF, 0xCEDF, 0xCEDF, 0xCEDF, 0xCEDF, 0xCEDF, 0xCEDF, 0xCEDF, 0xCEDF, 0xCEDF, 0xCEDF, 0xCEDF, 
0xCEDF, 0xCEDF, 0xCEDF, 0xCEDF, 0xA986, 0xA986, 0xA986, 0xA986, 0xA986, 0xA986, 0xDAAC, 0xDAAC, 
0xDAAC, 0xDAAC, 0x61C6, 0x61C6, 0x61C6, 0x61C6, 0x61C6, 0x61C6, 0x61C6, 0x61C6, 0xDD0C, 0xDD0C, 
0xDD0C, 0xDD0C, 0xDD0C, 0xDD0C, 0xDD0C, 0xDD0C, 0xDD0C, 0xDD0C, 0xDD0C, 0xDD0C, 0xDD0C, 0xDD0C, 
0xDD0C, 0xDD0C, 0xDD0C, 0xDD0C, 0xDD0C, 0xDD0C, 0xDD0C, 0xDD0C, 0xDD0C, 0xDD0C, 0xDD0C, 0xDD0C, 
0xDD0C, 0xDD0C, 0xDD0C, 0xDD0C, 0xDD0C, 0xDD0C, 0xCEDF, 0xCEDF, 0xCEDF, 0xCEDF, 0xCEDF, 0xCEDF, 
0xCEDF, 0xCEDF, 0xCEDF, 0xCEDF, 0xCEDF, 0xCEDF, 0xCEDF, 0xCEDF, 0xCEDF, 0xCEDF, 0xCEDF, 0xCEDF, 
0xCEDF, 0xCEDF, 0xCEDF, 0xCEDF, 0xCEDF, 0xCEDF, 0xCEDF, 0xCEDF, 0xCEDF, 0xCEDF, 0xCEDF, 0xCEDF, 
0xCEDF, 0xCEDF, 0xCEDF, 0xCEDF, 0xCEDF, 0xCEDF, 0xCEDF, 0xCEDF, 0xCEDF, 0xCEDF, 0xCEDF, 0xCEDF, 
0xCEDF, 0xCEDF, 0xCEDF, 0xCEDF, 0xCEDF, 0xCEDF, 0xCEDF, 0xCEDF, 0xCEDF, 0xCEDF, 0xCEDF, 0xCEDF, 
0xCEDF, 0xCEDF, 0xCEDF, 0xCEDF, 0xCEDF, 0xCEDF, 0xCEDF, 0xCEDF, 0xCEDF, 0xCEDF, 0xCEDF, 0xCEDF, 
0xCEDF, 0xCEDF, 0xCEDF, 0xCEDF, 0xCEDF, 0xCEDF, 0xCEDF, 0xCEDF, 0xCEDF, 0xCEDF, 0xCEDF, 0xCEDF, 
0xA986, 0xA986, 0xA986, 0xA986, 0xA986, 0xA986, 0xDAAC, 0xDAAC, 0xDAAC, 0xDAAC, 0x61C6, 0x61C6, 
0x61C6, 0x61C6, 0x61C6, 0x61C6, 0x61C6, 0x61C6, 0xDD0C, 0xDD0C, 0xDD0C, 0xDD0C, 0xDD0C, 0xDD0C, 
0xDD0C, 0xDD0C, 0xDD0C, 0xDD0C, 0xDD0C, 0xDD0C, 0xDD0C, 0xDD0C, 0xDD0C, 0xDD0C, 0xDD0C, 0xDD0C, 
0xDD0C, 0xDD0C, 0xDD0C, 0xDD0C, 0xDD0C, 0xDD0C, 0xDD0C, 0xDD0C, 0xDD0C, 0xDD0C, 0xDD0C, 0xDD0C, 
0xDD0C, 0xDD0C, 0xCEDF, 0xCEDF, 0xCEDF, 0xCEDF, 0xCEDF, 0xCEDF, 0xCEDF, 0xCEDF, 0xCEDF, 0xCEDF, 
0xCEDF, 0xCEDF, 0xCEDF, 0xCEDF, 0xCEDF, 0xCEDF, 0xCEDF, 0xCEDF, 0xCEDF, 0xCEDF, 0xCEDF, 0xCEDF, 
0xCEDF, 0xCEDF, 0xCEDF, 0xCEDF, 0xCEDF, 0xCEDF, 0xCEDF, 0xCEDF, 0xCEDF, 0xCEDF, 0xCEDF, 0xCEDF, 
0xCEDF, 0xCEDF, 0xCEDF, 0xCEDF, 0xCEDF, 0xCEDF, 0xCEDF, 0xCEDF, 0xCEDF, 0xCEDF, 0xCEDF, 0xCEDF, 
0xCEDF, 0xCEDF, 0xCEDF, 0xCEDF, 0xCEDF, 0xCEDF, 0xCEDF, 0xCEDF, 0xCEDF, 0xCEDF, 0xCEDF, 0xCEDF, 
0xCEDF, 0xCEDF, 0xCEDF, 0xCEDF, 0xCEDF, 0xCEDF, 0xCEDF, 0xCEDF, 0xCEDF, 0xCEDF, 0xCEDF, 0xCEDF, 
0xCEDF, 0xCEDF, 0xCEDF, 0xCEDF, 0xCEDF, 0xCEDF, 0xCEDF, 0xCEDF, 0xDD0C, 0xDD0C, 0xDD0C, 0xDD0C, 
0xDD0C, 0xDD0C, 0x61C6, 0x61C6, 0x61C6, 0x61C6, 0x61C6, 0x61C6, 0x61C6, 0x61C6, 0x61C6, 0x61C6, 
0x61C6, 0x61C6, 0xDD0C, 0xDD0C, 0xDD0C, 0xDD0C, 0xDD0C, 0xDD0C, 0xDD0C, 0xDD0C, 0xDD0C, 0xDD0C, 
0xDD0C, 0xDD0C, 0xDD0C, 0xDD0C, 0x61C6, 0x61C6, 0x61C6, 0x61C6, 0x61C6, 0x61C6, 0x61C6, 0x61C6, 
0xDD0C, 0xDD0C, 0xDD0C, 0xDD0C, 0xDD0C, 0xDD0C, 0xDD0C, 0xDD0C, 0xDD0C, 0xDD0C, 0xCEDF, 0xCEDF, 
0xCEDF, 0xCEDF, 0xCEDF, 0xCEDF, 0xCEDF, 0xCEDF, 0xCEDF, 0xCEDF, 0xCEDF, 0xCEDF, 0xCEDF, 0xCEDF, 
0xCEDF, 0xCEDF, 0xCEDF, 0xCEDF, 0xCEDF, 0xCEDF, 0xCEDF, 0xCEDF, 0xCEDF, 0xCEDF, 0xCEDF, 0xCEDF, 
0xCEDF, 0xCEDF, 0xCEDF, 0xCEDF, 0xCEDF, 0xCEDF, 0xCEDF, 0xCEDF, 0xCEDF, 0xCEDF, 0xCEDF, 0xCEDF, 
0xCEDF, 0xCEDF, 0xCEDF, 0xCEDF, 0xCEDF, 0xCEDF, 0xCEDF, 0xCEDF, 0xCEDF, 0xCEDF, 0xCEDF, 0xCEDF, 
0xCEDF, 0xCEDF, 0xCEDF, 0xCEDF, 0xCEDF, 0xCEDF, 0xCEDF, 0xCEDF, 0xCEDF, 0xCEDF, 0xCEDF, 0xCEDF, 
0xCEDF, 0xCEDF, 0xCEDF, 0xCEDF, 0xCEDF, 0xCEDF, 0xCEDF, 0xCEDF, 0xCEDF, 0xCEDF, 0xCEDF, 0xCEDF, 
0xCEDF, 0xCEDF, 0xCEDF, 0xCEDF, 0xDD0C, 0xDD0C, 0xDD0C, 0xDD0C, 0xDD0C, 0xDD0C, 0x61C6, 0x61C6, 
0x61C6, 0x61C6, 0x61C6, 0x61C6, 0x61C6, 0x61C6, 0x61C6, 0x61C6, 0x61C6, 0x61C6, 0xDD0C, 0xDD0C, 
0xDD0C, 0xDD0C, 0xDD0C, 0xDD0C, 0xDD0C, 0xDD0C, 0xDD0C, 0xDD0C, 0xDD0C, 0xDD0C, 0xDD0C, 0xDD0C, 
0x61C6, 0x61C6, 0x61C6, 0x61C6, 0x61C6, 0x61C6, 0x61C6, 0x61C6, 0xDD0C, 0xDD0C, 0xDD0C, 0xDD0C, 
0xDD0C, 0xDD0C, 0xDD0C, 0xDD0C, 0xDD0C, 0xDD0C, 0xCEDF, 0xCEDF, 0xCEDF, 0xCEDF, 0xCEDF, 0xCEDF, 
0xCEDF, 0xCEDF, 0xCEDF, 0xCEDF, 0xCEDF, 0xCEDF, 0xCEDF, 0xCEDF, 0xCEDF, 0xCEDF, 0xCEDF, 0xCEDF, 
0xCEDF, 0xCEDF, 0xCEDF, 0xCEDF, 0xCEDF, 0xCEDF, 0xCEDF, 0xCEDF, 0xCEDF, 0xCEDF, 0xCEDF, 0xCEDF, 
0xCEDF, 0xCEDF, 0xCEDF, 0xCEDF, 0xCEDF, 0xCEDF, 0xCEDF, 0xCEDF, 0xCEDF, 0xCEDF, 0xCEDF, 0xCEDF, 
0xCEDF, 0xCEDF, 0xCEDF, 0xCEDF, 0xCEDF, 0xCEDF, 0xCEDF, 0xCEDF, 0xCEDF, 0xCEDF, 0xCEDF, 0xCEDF, 
0xCEDF, 0xCEDF, 0xCEDF, 0xCEDF, 0xCEDF, 0xCEDF, 0xCEDF, 0xCEDF, 0xCEDF, 0xCEDF, 0xCEDF, 0xCEDF, 
0xCEDF, 0xCEDF, 0xCEDF, 0xCEDF, 0xCEDF, 0xCEDF, 0xCEDF, 0xCEDF, 0xCEDF, 0xCEDF, 0xCEDF, 0xCEDF, 
0xDD0C, 0xDD0C, 0xDD0C, 0xDD0C, 0xDD0C, 0xDD0C, 0x61C6, 0x61C6, 0x61C6, 0x61C6, 0x61C6, 0x61C6, 
0x61C6, 0x61C6, 0x61C6, 0x61C6, 0x61C6, 0x61C6, 0xDD0C, 0xDD0C, 0xDD0C, 0xDD0C, 0xDD0C, 0xDD0C, 
0xDD0C, 0xDD0C, 0xDD0C, 0xDD0C, 0xDD0C, 0xDD0C, 0xDD0C, 0xDD0C, 0x61C6, 0x61C6, 0x61C6, 0x61C6, 
0x61C6, 0x61C6, 0x61C6, 0x61C6, 0xDD0C, 0xDD0C, 0xDD0C, 0xDD0C, 0xDD0C, 0xDD0C, 0xDD0C, 0xDD0C, 
0xDD0C, 0xDD0C, 0xCEDF, 0xCEDF, 0xCEDF, 0xCEDF, 0xCEDF, 0xCEDF, 0xCEDF, 0xCEDF, 0xCEDF, 0xCEDF, 
0xCEDF, 0xCEDF, 0xCEDF, 0xCEDF, 0xCEDF, 0xCEDF, 0xCEDF, 0xCEDF, 0xCEDF, 0xCEDF, 0xCEDF, 0xCEDF, 
0xCEDF, 0xCEDF, 0xCEDF, 0xCEDF, 0xCEDF, 0xCEDF, 0xCEDF, 0xCEDF, 0xCEDF, 0xCEDF, 0xCEDF, 0xCEDF, 
0xCEDF, 0xCEDF, 0xCEDF, 0xCEDF, 0xCEDF, 0xCEDF, 0xCEDF, 0xCEDF, 0xCEDF, 0xCEDF, 0xCEDF, 0xCEDF, 
0xCEDF, 0xCEDF, 0xCEDF, 0xCEDF, 0xCEDF, 0xCEDF, 0xCEDF, 0xCEDF, 0xCEDF, 0xCEDF, 0xCEDF, 0xCEDF, 
0xCEDF, 0xCEDF, 0xCEDF, 0xCEDF, 0xCEDF, 0xCEDF, 0xCEDF, 0xCEDF, 0xCEDF, 0xCEDF, 0xCEDF, 0xCEDF, 
0xCEDF, 0xCEDF, 0xCEDF, 0xCEDF, 0xCEDF, 0xCEDF, 0xCEDF, 0xCEDF, 0xDD0C, 0xDD0C, 0xDD0C, 0xDD0C, 
0xDD0C, 0xDD0C, 0x61C6, 0x61C6, 0x61C6, 0x61C6, 0x61C6, 0x61C6, 0x61C6, 0x61C6, 0x61C6, 0x61C6, 
0x61C6, 0x61C6, 0xDD0C, 0xDD0C, 0xDD0C, 0xDD0C, 0xDD0C, 0xDD0C, 0xDD0C, 0xDD0C, 0xDD0C, 0xDD0C, 
0xDD0C, 0xDD0C, 0xDD0C, 0xDD0C, 0x61C6, 0x61C6, 0x61C6, 0x61C6, 0x61C6, 0x61C6, 0x61C6, 0x61C6, 
0xDD0C, 0xDD0C, 0xDD0C, 0xDD0C, 0xDD0C, 0xDD0C, 0xDD0C, 0xDD0C, 0xDD0C, 0xDD0C, 0xCEDF, 0xCEDF, 
0xCEDF, 0xCEDF, 0xCEDF, 0xCEDF, 0xCEDF, 0xCEDF, 0xCEDF, 0xCEDF, 0xCEDF, 0xCEDF, 0xCEDF, 0xCEDF, 
0xCEDF, 0xCEDF, 0xCEDF, 0xCEDF, 0xCEDF, 0xCEDF, 0xCEDF, 0xCEDF, 0xCEDF, 0xCEDF, 0xCEDF, 0xCEDF, 
0xCEDF, 0xCEDF, 0xCEDF, 0xCEDF, 0xCEDF, 0xCEDF, 0xCEDF, 0xCEDF, 0xCEDF, 0xCEDF, 0xCEDF, 0xCEDF, 
0xCEDF, 0xCEDF, 0xCEDF, 0xCEDF, 0xCEDF, 0xCEDF, 0xCEDF, 0xCEDF, 0xCEDF, 0xCEDF, 0xCEDF, 0xCEDF, 
0xCEDF, 0xCEDF, 0xCEDF, 0xCEDF, 0xCEDF, 0xCEDF, 0xCEDF, 0xCEDF, 0xCEDF, 0xCEDF, 0xCEDF, 0xCEDF, 
0xCEDF, 0xCEDF, 0xCEDF, 0xCEDF, 0xCEDF, 0xCEDF, 0xCEDF, 0xCEDF, 0xCEDF, 0xCEDF, 0xCEDF, 0xCEDF, 
0xCEDF, 0xCEDF, 0xCEDF, 0xCEDF, 0xDD0C, 0xDD0C, 0xDD0C, 0xDD0C, 0xDD0C, 0xDD0C, 0x61C6, 0x61C6, 
0x61C6, 0x61C6, 0x61C6, 0x61C6, 0x61C6, 0x61C6, 0xDD0C, 0xDD0C, 0xDD0C, 0xDD0C, 0xDD0C, 0xDD0C, 
0xDD0C, 0xDD0C, 0xDD0C, 0xDD0C, 0xDD0C, 0xDD0C, 0xDD0C, 0xDD0C, 0xDD0C, 0xDD0C, 0xDD0C, 0xDD0C, 
0x61C6, 0x61C6, 0x61C6, 0x61C6, 0x61C6, 0x61C6, 0x61C6, 0x61C6, 0xDD0C, 0xDD0C, 0xDD0C, 0xDD0C, 
0xDD0C, 0xDD0C, 0xDD0C, 0xDD0C, 0xDD0C, 0xDD0C, 0xCEDF, 0xCEDF, 0xCEDF, 0xCEDF, 0xCEDF, 0xCEDF, 
0xCEDF, 0xCEDF, 0xCEDF, 0xCEDF, 0xCEDF, 0xCEDF, 0xCEDF, 0xCEDF, 0xCEDF, 0xCEDF, 0xCEDF, 0xCEDF, 
0xCEDF, 0xCEDF, 0xCEDF, 0xCEDF, 0xCEDF, 0xCEDF, 0xCEDF, 0xCEDF, 0xCEDF, 0xCEDF, 0xCEDF, 0xCEDF, 
0xCEDF, 0xCEDF, 0xCEDF, 0xCEDF, 0xCEDF, 0xCEDF, 0xCEDF, 0xCEDF, 0xCEDF, 0xCEDF, 0xCEDF, 0xCEDF, 
0xCEDF, 0xCEDF, 0xCEDF, 0xCEDF, 0xCEDF, 0xCEDF, 0xCEDF, 0xCEDF, 0xCEDF, 0xCEDF, 0xCEDF, 0xCEDF, 
0xCEDF, 0xCEDF, 0xCEDF, 0xCEDF, 0xCEDF, 0xCEDF, 0xCEDF, 0xCEDF, 0xCEDF, 0xCEDF, 0xCEDF, 0xCEDF, 
0xCEDF, 0xCEDF, 0xCEDF, 0xCEDF, 0xCEDF, 0xCEDF, 0xCEDF, 0xCEDF, 0xCEDF, 0xCEDF, 0xCEDF, 0xCEDF, 
0xDD0C, 0xDD0C, 0xDD0C, 0xDD0C, 0xDD0C, 0xDD0C, 0x61C6, 0x61C6, 0x61C6, 0x61C6, 0x61C6, 0x61C6, 
0x61C6, 0x61C6, 0xDD0C, 0xDD0C, 0xDD0C, 0xDD0C, 0xDD0C, 0xDD0C, 0xDD0C, 0xDD0C, 0xDD0C, 0xDD0C, 
0xDD0C, 0xDD0C, 0xDD0C, 0xDD0C, 0xDD0C, 0xDD0C, 0xDD0C, 0xDD0C, 0x61C6, 0x61C6, 0x61C6, 0x61C6, 
0x61C6, 0x61C6, 0x61C6, 0x61C6, 0xDD0C, 0xDD0C, 0xDD0C, 0xDD0C, 0xDD0C, 0xDD0C, 0xDD0C, 0xDD0C, 
0xDD0C, 0xDD0C, 0xCEDF, 0xCEDF, 0xCEDF, 0xCEDF, 0xCEDF, 0xCEDF, 0xCEDF, 0xCEDF, 0xCEDF, 0xCEDF, 
0xCEDF, 0xCEDF, 0xCEDF, 0xCEDF, 0xCEDF, 0xCEDF, 0xCEDF, 0xCEDF, 0xCEDF, 0xCEDF, 0xCEDF, 0xCEDF, 
0xCEDF, 0xCEDF, 0xCEDF, 0xCEDF, 0xCEDF, 0xCEDF, 0xCEDF, 0xCEDF, 0xCEDF, 0xCEDF, 0xCEDF, 0xCEDF, 
0xCEDF, 0xCEDF, 0xCEDF, 0xCEDF, 0xCEDF, 0xCEDF, 0xCEDF, 0xCEDF, 0xCEDF, 0xCEDF, 0xCEDF, 0xCEDF, 
0xCEDF, 0xCEDF, 0xCEDF, 0xCEDF, 0xCEDF, 0xCEDF, 0xCEDF, 0xCEDF, 0xCEDF, 0xCEDF, 0xCEDF, 0xCEDF, 
0xCEDF, 0xCEDF, 0xCEDF, 0xCEDF, 0xCEDF, 0xCEDF, 0xCEDF, 0xCEDF, 0xCEDF, 0xCEDF, 0xCEDF, 0xCEDF, 
0xCEDF, 0xCEDF, 0xCEDF, 0xCEDF, 0xCEDF, 0xCEDF, 0xCEDF, 0xCEDF, 0xDD0C, 0xDD0C, 0xDD0C, 0xDD0C, 
0xDD0C, 0xDD0C, 0xDD0C, 0xDD0C, 0xDD0C, 0xDD0C, 0xDD0C, 0xDD0C, 0xDD0C, 0xDD0C, 0xDD0C, 0xDD0C, 
0xDD0C, 0xDD0C, 0xDD0C, 0xDD0C, 0xDD0C, 0xDD0C, 0xDD0C, 0xDD0C, 0xDD0C, 0xDD0C, 0xDD0C, 0xDD0C, 
0xDD0C, 0xDD0C, 0xDD0C, 0xDD0C, 0x61C6, 0x61C6, 0x61C6, 0x61C6, 0x61C6, 0x61C6, 0x61C6, 0x61C6, 
0xDD0C, 0xDD0C, 0xDD0C, 0xDD0C, 0xDD0C, 0xDD0C, 0xDD0C, 0xDD0C, 0xDD0C, 0xDD0C, 0xCEDF, 0xCEDF, 
0xCEDF, 0xCEDF, 0xCEDF, 0xCEDF, 0xCEDF, 0xCEDF, 0xCEDF, 0xCEDF, 0xCEDF, 0xCEDF, 0xCEDF, 0xCEDF, 
0xCEDF, 0xCEDF, 0xCEDF, 0xCEDF, 0xCEDF, 0xCEDF, 0xCEDF, 0xCEDF, 0xCEDF, 0xCEDF, 0xCEDF, 0xCEDF, 
0xCEDF, 0xCEDF, 0xCEDF, 0xCEDF, 0xCEDF, 0xCEDF, 0xCEDF, 0xCEDF, 0xCEDF, 0xCEDF, 0xCEDF, 0xCEDF, 
0xCEDF, 0xCEDF, 0xCEDF, 0xCEDF, 0xCEDF, 0xCEDF, 0xCEDF, 0xCEDF, 0xCEDF, 0xCEDF, 0xCEDF, 0xCEDF, 
0xCEDF, 0xCEDF, 0xCEDF, 0xCEDF, 0xCEDF, 0xCEDF, 0xCEDF, 0xCEDF, 0xCEDF, 0xCEDF, 0xCEDF, 0xCEDF, 
0xCEDF, 0xCEDF, 0xCEDF, 0xCEDF, 0xCEDF, 0xCEDF, 0xCEDF, 0xCEDF, 0xCEDF, 0xCEDF, 0xCEDF, 0xCEDF, 
0xCEDF, 0xCEDF, 0xCEDF, 0xCEDF, 0xDD0C, 0xDD0C, 0xDD0C, 0xDD0C, 0xDD0C, 0xDD0C, 0xDD0C, 0xDD0C, 
0xDD0C, 0xDD0C, 0xDD0C, 0xDD0C, 0xDD0C, 0xDD0C, 0xDD0C, 0xDD0C, 0xDD0C, 0xDD0C, 0xDD0C, 0xDD0C, 
0xDD0C, 0xDD0C, 0xDD0C, 0xDD0C, 0xDD0C, 0xDD0C, 0xDD0C, 0xDD0C, 0xDD0C, 0xDD0C, 0xDD0C, 0xDD0C, 
0x61C6, 0x61C6, 0x61C6, 0x61C6, 0x61C6, 0x61C6, 0x61C6, 0x61C6, 0xDD0C, 0xDD0C, 0xDD0C, 0xDD0C, 
0xDD0C, 0xDD0C, 0xDD0C, 0xDD0C, 0xDD0C, 0xDD0C, 0xCEDF, 0xCEDF, 0xCEDF, 0xCEDF, 0xCEDF, 0xCEDF, 
0xCEDF, 0xCEDF, 0xCEDF, 0xCEDF, 0xCEDF, 0xCEDF, 0xCEDF, 0xCEDF, 0xCEDF, 0xCEDF, 0xCEDF, 0xCEDF, 
0xCEDF, 0xCEDF, 0xCEDF, 0xCEDF, 0xCEDF, 0xCEDF, 0xCEDF, 0xCEDF, 0xCEDF, 0xCEDF, 0xCEDF, 0xCEDF, 
0xCEDF, 0xCEDF, 0xCEDF, 0xCEDF, 0xCEDF, 0xCEDF, 0xCEDF, 0xCEDF, 0xCEDF, 0xCEDF, 0xCEDF, 0xCEDF, 
0xCEDF, 0xCEDF, 0xCEDF, 0xCEDF, 0xCEDF, 0xCEDF, 0xCEDF, 0xCEDF, 0xCEDF, 0xCEDF, 0xCEDF, 0xCEDF, 
0xCEDF, 0xCEDF, 0xCEDF, 0xCEDF, 0xCEDF, 0xCEDF, 0xCEDF, 0xCEDF, 0xCEDF, 0xCEDF, 0xCEDF, 0xCEDF, 
0xCEDF, 0xCEDF, 0xCEDF, 0xCEDF, 0xCEDF, 0xCEDF, 0xCEDF, 0xCEDF, 0xCEDF, 0xCEDF, 0xCEDF, 0xCEDF, 
0xDD0C, 0xDD0C, 0xDD0C, 0xDD0C, 0xDD0C, 0xDD0C, 0xDD0C, 0xDD0C, 0xDD0C, 0xDD0C, 0xDD0C, 0xDD0C, 
0xDD0C, 0xDD0C, 0xDD0C, 0xDD0C, 0xDD0C, 0xDD0C, 0xDD0C, 0xDD0C, 0xDD0C, 0xDD0C, 0xDD0C, 0xDD0C, 
0xDD0C, 0xDD0C, 0xDD0C, 0xDD0C, 0xDD0C, 0xDD0C, 0xDD0C, 0xDD0C, 0x61C6, 0x61C6, 0x61C6, 0x61C6, 
0x61C6, 0x61C6, 0x61C6, 0x61C6, 0xDD0C, 0xDD0C, 0xDD0C, 0xDD0C, 0xDD0C, 0xDD0C, 0xDD0C, 0xDD0C, 
0xDD0C, 0xDD0C, 0xCEDF, 0xCEDF, 0xCEDF, 0xCEDF, 0xCEDF, 0xCEDF, 0xCEDF, 0xCEDF, 0xCEDF, 0xCEDF, 
0xCEDF, 0xCEDF, 0xCEDF, 0xCEDF, 0xCEDF, 0xCEDF, 0xCEDF, 0xCEDF, 0xCEDF, 0xCEDF, 0xCEDF, 0xCEDF, 
0xCEDF, 0xCEDF, 0xCEDF, 0xCEDF, 0xCEDF, 0xCEDF, 0xCEDF, 0xCEDF, 0xCEDF, 0xCEDF, 0xCEDF, 0xCEDF, 
0xCEDF, 0xCEDF, 0xCEDF, 0xCEDF, 0xCEDF, 0xCEDF, 0xCEDF, 0xCEDF, 0xCEDF, 0xCEDF, 0xCEDF, 0xCEDF, 
0xCEDF, 0xCEDF, 0xCEDF, 0xCEDF, 0xCEDF, 0xCEDF, 0xCEDF, 0xCEDF, 0xCEDF, 0xCEDF, 0xCEDF, 0xCEDF, 
0xCEDF, 0xCEDF, 0xCEDF, 0xCEDF, 0xCEDF, 0xCEDF, 0xCEDF, 0xCEDF, 0xCEDF, 0xCEDF, 0xCEDF, 0xCEDF, 
0xCEDF, 0xCEDF, 0xCEDF, 0xCEDF, 0xCEDF, 0xCEDF, 0xCEDF, 0xCEDF, 0xDD0C, 0xDD0C, 0xDD0C, 0xDD0C, 
0xDD0C, 0xDD0C, 0xDD0C, 0xDD0C, 0xDD0C, 0xDD0C, 0xDD0C, 0xDD0C, 0xDD0C, 0xDD0C, 0xDD0C, 0xDD0C, 
0xDD0C, 0xDD0C, 0xDD0C, 0xDD0C, 0xDD0C, 0xDD0C, 0xDD0C, 0xDD0C, 0xDD0C, 0xDD0C, 0xDD0C, 0xDD0C, 
0xDD0C, 0xDD0C, 0xDD0C, 0xDD0C, 0x61C6, 0x61C6, 0x61C6, 0x61C6, 0x61C6, 0x61C6, 0x61C6, 0x61C6, 
0xDD0C, 0xDD0C, 0xDD0C, 0xDD0C, 0xDD0C, 0xDD0C, 0xDD0C, 0xDD0C, 0xDD0C, 0xDD0C, 0xCEDF, 0xCEDF, 
0xCEDF, 0xCEDF, 0xCEDF, 0xCEDF, 0xCEDF, 0xCEDF, 0xCEDF, 0xCEDF, 0xCEDF, 0xCEDF, 0xCEDF, 0xCEDF, 
0xCEDF, 0xCEDF, 0xCEDF, 0xCEDF, 0xCEDF, 0xCEDF, 0xCEDF, 0xCEDF, 0xCEDF, 0xCEDF, 0xCEDF, 0xCEDF, 
0xCEDF, 0xCEDF, 0xCEDF, 0xCEDF, 0xCEDF, 0xCEDF, 0xCEDF, 0xCEDF, 0xCEDF, 0xCEDF, 0xCEDF, 0xCEDF, 
0xCEDF, 0xCEDF, 0xCEDF, 0xCEDF, 0xCEDF, 0xCEDF, 0xCEDF, 0xCEDF, 0xCEDF, 0xCEDF, 0xCEDF, 0xCEDF, 
0xCEDF, 0xCEDF, 0xCEDF, 0xCEDF, 0xCEDF, 0xCEDF, 0xCEDF, 0xCEDF, 0xCEDF, 0xCEDF, 0xCEDF, 0xCEDF, 
0xCEDF, 0xCEDF, 0xCEDF, 0xCEDF, 0xCEDF, 0xCEDF, 0xCEDF, 0xCEDF, 0xCEDF, 0xCEDF, 0xCEDF, 0xCEDF, 
0xCEDF, 0xCEDF, 0xCEDF, 0xCEDF, 0xDD0C, 0xDD0C, 0xDD0C, 0xDD0C, 0xDD0C, 0xDD0C, 0xDD0C, 0xDD0C, 
0xDD0C, 0xDD0C, 0x34AD, 0x34AD, 0x34AD, 0x34AD, 0x34AD, 0x34AD, 0x34AD, 0x34AD, 0x34AD, 0x34AD, 
0xDD0C, 0xDD0C, 0xDD0C, 0xDD0C, 0xDD0C, 0xDD0C, 0xDD0C, 0xDD0C, 0xDD0C, 0xDD0C, 0xDD0C, 0xDD0C, 
0x61C6, 0x61C6, 0x61C6, 0x61C6, 0x61C6, 0x61C6, 0x61C6, 0x61C6, 0xDD0C, 0xDD0C, 0xDD0C, 0xDD0C, 
0xDD0C, 0xDD0C, 0xDD0C, 0xDD0C, 0xDD0C, 0xDD0C, 0xCEDF, 0xCEDF, 0xCEDF, 0xCEDF, 0xCEDF, 0xCEDF, 
0xCEDF, 0xCEDF, 0xCEDF, 0xCEDF, 0x34AD, 0x34AD, 0x34AD, 0x34AD, 0x34AD, 0x34AD, 0x34AD, 0x34AD, 
0xCEDF, 0xCEDF, 0xCEDF, 0xCEDF, 0xCEDF, 0xCEDF, 0xCEDF, 0xCEDF, 0xCEDF, 0xCEDF, 0xCEDF, 0xCEDF, 
0xCEDF, 0xCEDF, 0xCEDF, 0xCEDF, 0xCEDF, 0xCEDF, 0xCEDF, 0xCEDF, 0xCEDF, 0xCEDF, 0xCEDF, 0xCEDF, 
0xCEDF, 0xCEDF, 0xCEDF, 0xCEDF, 0xCEDF, 0xCEDF, 0xCEDF, 0xCEDF, 0xCEDF, 0xCEDF, 0xCEDF, 0xCEDF, 
0xCEDF, 0xCEDF, 0xCEDF, 0xCEDF, 0xCEDF, 0xCEDF, 0xCEDF, 0xCEDF, 0xCEDF, 0xCEDF, 0xCEDF, 0xCEDF, 
0xCEDF, 0xCEDF, 0xCEDF, 0xCEDF, 0xCEDF, 0xCEDF, 0xCEDF, 0xCEDF, 0xCEDF, 0xCEDF, 0xCEDF, 0xCEDF, 
0xDD0C, 0xDD0C, 0xDD0C, 0xDD0C, 0xDD0C, 0xDD0C, 0xDD0C, 0xDD0C, 0xDD0C, 0xDD0C, 0x34AD, 0x34AD, 
0x34AD, 0x34AD, 0x34AD, 0x34AD, 0x34AD, 0x34AD, 0x34AD, 0x34AD, 0xDD0C, 0xDD0C, 0xDD0C, 0xDD0C, 
0xDD0C, 0xDD0C, 0xDD0C, 0xDD0C, 0xDD0C, 0xDD0C, 0xDD0C, 0xDD0C, 0x61C6, 0x61C6, 0x61C6, 0x61C6, 
0x61C6, 0x61C6, 0x61C6, 0x61C6, 0xDD0C, 0xDD0C, 0xDD0C, 0xDD0C, 0xDD0C, 0xDD0C, 0xDD0C, 0xDD0C, 
0xDD0C, 0xDD0C, 0xCEDF, 0xCEDF, 0xCEDF, 0xCEDF, 0xCEDF, 0xCEDF, 0xCEDF, 0xCEDF, 0xCEDF, 0xCEDF, 
0x34AD, 0x34AD, 0x34AD, 0x34AD, 0x34AD, 0x34AD, 0x34AD, 0x34AD, 0xCEDF, 0xCEDF, 0xCEDF, 0xCEDF, 
0xCEDF, 0xCEDF, 0xCEDF, 0xCEDF, 0xCEDF, 0xCEDF, 0xCEDF, 0xCEDF, 0xCEDF, 0xCEDF, 0xCEDF, 0xCEDF, 
0xCEDF, 0xCEDF, 0xCEDF, 0xCEDF, 0xCEDF, 0xCEDF, 0xCEDF, 0xCEDF, 0xCEDF, 0xCEDF, 0xCEDF, 0xCEDF, 
0xCEDF, 0xCEDF, 0xCEDF, 0xCEDF, 0xCEDF, 0xCEDF, 0xCEDF, 0xCEDF, 0xCEDF, 0xCEDF, 0xCEDF, 0xCEDF, 
0xCEDF, 0xCEDF, 0xCEDF, 0xCEDF, 0xCEDF, 0xCEDF, 0xCEDF, 0xCEDF, 0xCEDF, 0xCEDF, 0xCEDF, 0xCEDF, 
0xCEDF, 0xCEDF, 0xCEDF, 0xCEDF, 0xCEDF, 0xCEDF, 0xCEDF, 0xCEDF, 0xDD0C, 0xDD0C, 0xDD0C, 0xDD0C, 
0x34AD, 0x34AD, 0x34AD, 0x34AD, 0x34AD, 0x34AD, 0x34AD, 0x34AD, 0x34AD, 0x34AD, 0x34AD, 0x34AD, 
0x34AD, 0x34AD, 0x34AD, 0x34AD, 0x34AD, 0x34AD, 0xDD0C, 0xDD0C, 0xDD0C, 0xDD0C, 0xDD0C, 0xDD0C, 
0xDD0C, 0xDD0C, 0xDD0C, 0xDD0C, 0x61C6, 0x61C6, 0x61C6, 0x61C6, 0x61C6, 0x61C6, 0x61C6, 0x61C6, 
0xDD0C, 0xDD0C, 0xDD0C, 0xDD0C, 0xDD0C, 0xDD0C, 0xDD0C, 0xDD0C, 0xDD0C, 0xDD0C, 0xCEDF, 0xCEDF, 
0xCEDF, 0xCEDF, 0xCEDF, 0xCEDF, 0x34AD, 0x34AD, 0x34AD, 0x34AD, 0x34AD, 0x34AD, 0x34AD, 0x34AD, 
0x34AD, 0x34AD, 0x34AD, 0x34AD, 0x34AD, 0x34AD, 0x34AD, 0x34AD, 0xCEDF, 0xCEDF, 0xCEDF, 0xCEDF, 
0xCEDF, 0xCEDF, 0xCEDF, 0xCEDF, 0xCEDF, 0xCEDF, 0xCEDF, 0xCEDF, 0xCEDF, 0xCEDF, 0xCEDF, 0xCEDF, 
0xCEDF, 0xCEDF, 0xCEDF, 0xCEDF, 0xCEDF, 0xCEDF, 0xCEDF, 0xCEDF, 0xCEDF, 0xCEDF, 0xCEDF, 0xCEDF, 
0xCEDF, 0xCEDF, 0xCEDF, 0xCEDF, 0xCEDF, 0xCEDF, 0xCEDF, 0xCEDF, 0xCEDF, 0xCEDF, 0xCEDF, 0xCEDF, 
0xCEDF, 0xCEDF, 0xCEDF, 0xCEDF, 0xCEDF, 0xCEDF, 0xCEDF, 0xCEDF, 0xCEDF, 0xCEDF, 0xCEDF, 0xCEDF, 
0xCEDF, 0xCEDF, 0xCEDF, 0xCEDF, 0xDD0C, 0xDD0C, 0xDD0C, 0xDD0C, 0x34AD, 0x34AD, 0x34AD, 0x34AD, 
0x34AD, 0x34AD, 0x34AD, 0x34AD, 0x34AD, 0x34AD, 0x34AD, 0x34AD, 0x34AD, 0x34AD, 0x34AD, 0x34AD, 
0x34AD, 0x34AD, 0xDD0C, 0xDD0C, 0xDD0C, 0xDD0C, 0xDD0C, 0xDD0C, 0xDD0C, 0xDD0C, 0xDD0C, 0xDD0C, 
0x61C6, 0x61C6, 0x61C6, 0x61C6, 0x61C6, 0x61C6, 0x61C6, 0x61C6, 0xDD0C, 0xDD0C, 0xDD0C, 0xDD0C, 
0xDD0C, 0xDD0C, 0xDD0C, 0xDD0C, 0xDD0C, 0xDD0C, 0xCEDF, 0xCEDF, 0xCEDF, 0xCEDF, 0xCEDF, 0xCEDF, 
0x34AD, 0x34AD, 0x34AD, 0x34AD, 0x34AD, 0x34AD, 0x34AD, 0x34AD, 0x34AD, 0x34AD, 0x34AD, 0x34AD, 
0x34AD, 0x34AD, 0x34AD, 0x34AD, 0xCEDF, 0xCEDF, 0xCEDF, 0xCEDF, 0xCEDF, 0xCEDF, 0xCEDF, 0xCEDF, 
0xCEDF, 0xCEDF, 0xCEDF, 0xCEDF, 0xCEDF, 0xCEDF, 0xCEDF, 0xCEDF, 0xCEDF, 0xCEDF, 0xCEDF, 0xCEDF, 
0xCEDF, 0xCEDF, 0xCEDF, 0xCEDF, 0xCEDF, 0xCEDF, 0xCEDF, 0xCEDF, 0xCEDF, 0xCEDF, 0xCEDF, 0xCEDF, 
0xCEDF, 0xCEDF, 0xCEDF, 0xCEDF, 0xCEDF, 0xCEDF, 0xCEDF, 0xCEDF, 0xCEDF, 0xCEDF, 0xCEDF, 0xCEDF, 
0xCEDF, 0xCEDF, 0xCEDF, 0xCEDF, 0xCEDF, 0xCEDF, 0xCEDF, 0xCEDF, 0xCEDF, 0xCEDF, 0xCEDF, 0xCEDF, 
0xDD0C, 0xDD0C, 0x34AD, 0x34AD, 0x34AD, 0x34AD, 0x34AD, 0x34AD, 0x34AD, 0x34AD, 0x31E7, 0x31E7, 
0x31E7, 0x31E7, 0x31E7, 0x31E7, 0x31E7, 0x31E7, 0x34AD, 0x34AD, 0x34AD, 0x34AD, 0x34AD, 0x34AD, 
0xDD0C, 0xDD0C, 0xDD0C, 0xDD0C, 0xDD0C, 0xDD0C, 0xDD0C, 0xDD0C, 0x61C6, 0x61C6, 0x61C6, 0x61C6, 
0x61C6, 0x61C6, 0x61C6, 0x61C6, 0xDD0C, 0xDD0C, 0xDD0C, 0xDD0C, 0xDD0C, 0xDD0C, 0xDD0C, 0xDD0C, 
0xDD0C, 0xDD0C, 0xCEDF, 0xCEDF, 0xCEDF, 0xCEDF, 0x34AD, 0x34AD, 0x34AD, 0x34AD, 0x34AD, 0x34AD, 
0x34AD, 0x34AD, 0x34AD, 0x34AD, 0x34AD, 0x34AD, 0x34AD, 0x34AD, 0x34AD, 0x34AD, 0x34AD, 0x34AD, 
0x34AD, 0x34AD, 0xCEDF, 0xCEDF, 0xCEDF, 0xCEDF, 0xCEDF, 0xCEDF, 0xCEDF, 0xCEDF, 0xCEDF, 0xCEDF, 
0xCEDF, 0xCEDF, 0xCEDF, 0xCEDF, 0xCEDF, 0xCEDF, 0xCEDF, 0xCEDF, 0xCEDF, 0xCEDF, 0xCEDF, 0xCEDF, 
0xCEDF, 0xCEDF, 0xCEDF, 0xCEDF, 0xCEDF, 0xCEDF, 0xCEDF, 0xCEDF, 0xCEDF, 0xCEDF, 0xCEDF, 0xCEDF, 
0xCEDF, 0xCEDF, 0xCEDF, 0xCEDF, 0xCEDF, 0xCEDF, 0xCEDF, 0xCEDF, 0xCEDF, 0xCEDF, 0xCEDF, 0xCEDF, 
0xCEDF, 0xCEDF, 0xCEDF, 0xCEDF, 0xCEDF, 0xCEDF, 0xCEDF, 0xCEDF, 0xDD0C, 0xDD0C, 0x34AD, 0x34AD, 
0x34AD, 0x34AD, 0x34AD, 0x34AD, 0x34AD, 0x34AD, 0x31E7, 0x31E7, 0x31E7, 0x31E7, 0x31E7, 0x31E7, 
0x31E7, 0x31E7, 0x34AD, 0x34AD, 0x34AD, 0x34AD, 0x34AD, 0x34AD, 0xDD0C, 0xDD0C, 0xDD0C, 0xDD0C, 
0xDD0C, 0xDD0C, 0xDD0C, 0xDD0C, 0x61C6, 0x61C6, 0x61C6, 0x61C6, 0x61C6, 0x61C6, 0x61C6, 0x61C6, 
0xDD0C, 0xDD0C, 0xDD0C, 0xDD0C, 0xDD0C, 0xDD0C, 0xDD0C, 0xDD0C, 0xDD0C, 0xDD0C, 0xCEDF, 0xCEDF, 
0xCEDF, 0xCEDF, 0x34AD, 0x34AD, 0x34AD, 0x34AD, 0x34AD, 0x34AD, 0x34AD, 0x34AD, 0x34AD, 0x34AD, 
0x34AD, 0x34AD, 0x34AD, 0x34AD, 0x34AD, 0x34AD, 0x34AD, 0x34AD, 0x34AD, 0x34AD, 0xCEDF, 0xCEDF, 
0xCEDF, 0xCEDF, 0xCEDF, 0xCEDF, 0xCEDF, 0xCEDF, 0xCEDF, 0xCEDF, 0xCEDF, 0xCEDF, 0xCEDF, 0xCEDF, 
0xCEDF, 0xCEDF, 0xCEDF, 0xCEDF, 0xCEDF, 0xCEDF, 0xCEDF, 0xCEDF, 0xCEDF, 0xCEDF, 0xCEDF, 0xCEDF, 
0xCEDF, 0xCEDF, 0xCEDF, 0xCEDF, 0xCEDF, 0xCEDF, 0xCEDF, 0xCEDF, 0xCEDF, 0xCEDF, 0xCEDF, 0xCEDF, 
0xCEDF, 0xCEDF, 0xCEDF, 0xCEDF, 0xCEDF, 0xCEDF, 0xCEDF, 0xCEDF, 0xCEDF, 0xCEDF, 0xCEDF, 0xCEDF, 
0xCEDF, 0xCEDF, 0xCEDF, 0xCEDF, 0x34AD, 0x34AD, 0x34AD, 0x34AD, 0x34AD, 0x34AD, 0x31E7, 0x31E7, 
0x31E7, 0x31E7, 0x31E7, 0x31E7, 0xFFFF, 0xFFFF, 0xFFFF, 0xFFFF, 0xFFFF, 0xFFFF, 0x31E7, 0x31E7, 
0x34AD, 0x34AD, 0x34AD, 0x34AD, 0x34AD, 0x34AD, 0xDD0C, 0xDD0C, 0xDD0C, 0xDD0C, 0xDD0C, 0xDD0C, 
0x61C6, 0x61C6, 0x61C6, 0x61C6, 0x61C6, 0x61C6, 0x61C6, 0x61C6, 0xDD0C, 0xDD0C, 0xDD0C, 0xDD0C, 
0xDD0C, 0xDD0C, 0xDD0C, 0xDD0C, 0xDD0C, 0xDD0C, 0xCEDF, 0xCEDF, 0xCEDF, 0xCEDF, 0x34AD, 0x34AD, 
0x34AD, 0x34AD, 0x31E7, 0x31E7, 0x31E7, 0x31E7, 0x31E7, 0x31E7, 0x31E7, 0x31E7, 0x31E7, 0x31E7, 
0x31E7, 0x31E7, 0x34AD, 0x34AD, 0x34AD, 0x34AD, 0xCEDF, 0xCEDF, 0xCEDF, 0xCEDF, 0xCEDF, 0xCEDF, 
0xCEDF, 0xCEDF, 0xCEDF, 0xCEDF, 0xCEDF, 0xCEDF, 0xCEDF, 0xCEDF, 0xCEDF, 0xCEDF, 0xCEDF, 0xCEDF, 
0xCEDF, 0xCEDF, 0xCEDF, 0xCEDF, 0xCEDF, 0xCEDF, 0xCEDF, 0xCEDF, 0xCEDF, 0xCEDF, 0xCEDF, 0xCEDF, 
0xCEDF, 0xCEDF, 0xCEDF, 0xCEDF, 0xCEDF, 0xCEDF, 0xCEDF, 0xCEDF, 0xCEDF, 0xCEDF, 0xCEDF, 0xCEDF, 
0xCEDF, 0xCEDF, 0xCEDF, 0xCEDF, 0xCEDF, 0xCEDF, 0xCEDF, 0xCEDF, 0xCEDF, 0xCEDF, 0xCEDF, 0xCEDF, 
0x34AD, 0x34AD, 0x34AD, 0x34AD, 0x34AD, 0x34AD, 0x31E7, 0x31E7, 0x31E7, 0x31E7, 0x31E7, 0x31E7, 
0xFFFF, 0xFFFF, 0xFFFF, 0xFFFF, 0xFFFF, 0xFFFF, 0x31E7, 0x31E7, 0x34AD, 0x34AD, 0x34AD, 0x34AD, 
0x34AD, 0x34AD, 0xDD0C, 0xDD0C, 0xDD0C, 0xDD0C, 0xDD0C, 0xDD0C, 0x61C6, 0x61C6, 0x61C6, 0x61C6, 
0x61C6, 0x61C6, 0x61C6, 0x61C6, 0xDD0C, 0xDD0C, 0xDD0C, 0xDD0C, 0xDD0C, 0xDD0C, 0xDD0C, 0xDD0C, 
0xDD0C, 0xDD0C, 0xCEDF, 0xCEDF, 0xCEDF, 0xCEDF, 0x34AD, 0x34AD, 0x34AD, 0x34AD, 0x31E7, 0x31E7, 
0x31E7, 0x31E7, 0x31E7, 0x31E7, 0x31E7, 0x31E7, 0x31E7, 0x31E7, 0x31E7, 0x31E7, 0x34AD, 0x34AD, 
0x34AD, 0x34AD, 0xCEDF, 0xCEDF, 0xCEDF, 0xCEDF, 0xCEDF, 0xCEDF, 0xCEDF, 0xCEDF, 0xCEDF, 0xCEDF, 
0xCEDF, 0xCEDF, 0xCEDF, 0xCEDF, 0xCEDF, 0xCEDF, 0xCEDF, 0xCEDF, 0xCEDF, 0xCEDF, 0xCEDF, 0xCEDF, 
0xCEDF, 0xCEDF, 0xCEDF, 0xCEDF, 0xCEDF, 0xCEDF, 0xCEDF, 0xCEDF, 0xCEDF, 0xCEDF, 0xCEDF, 0xCEDF, 
0xCEDF, 0xCEDF, 0xCEDF, 0xCEDF, 0xCEDF, 0xCEDF, 0xCEDF, 0xCEDF, 0xCEDF, 0xCEDF, 0xCEDF, 0xCEDF, 
0xCEDF, 0xCEDF, 0xCEDF, 0xCEDF, 0xCEDF, 0xCEDF, 0xCEDF, 0xCEDF, 0x34AD, 0x34AD, 0x34AD, 0x34AD, 
0x34AD, 0x34AD, 0x31E7, 0x31E7, 0x31E7, 0x31E7, 0xFFFF, 0xFFFF, 0xFFFF, 0xFFFF, 0xFFFF, 0xFFFF, 
0xFFFF, 0xFFFF, 0x31E7, 0x31E7, 0x34AD, 0x34AD, 0x34AD, 0x34AD, 0x34AD, 0x34AD, 0xDD0C, 0xDD0C, 
0xDD0C, 0xDD0C, 0xDD0C, 0xDD0C, 0x61C6, 0x61C6, 0x61C6, 0x61C6, 0x61C6, 0x61C6, 0x61C6, 0x61C6, 
0xDD0C, 0xDD0C, 0xCEDF, 0xCEDF, 0xCEDF, 0xCEDF, 0xCEDF, 0xCEDF, 0xCEDF, 0xCEDF, 0xCEDF, 0xCEDF, 
0x34AD, 0x34AD, 0x34AD, 0x34AD, 0x31E7, 0x31E7, 0x31E7, 0x31E7, 0xFFFF, 0xFFFF, 0xFFFF, 0xFFFF, 
0xFFFF, 0xFFFF, 0x31E7, 0x31E7, 0x31E7, 0x31E7, 0x34AD, 0x34AD, 0x34AD, 0x34AD, 0x34AD, 0x34AD, 
0xCEDF, 0xCEDF, 0xCEDF, 0xCEDF, 0xCEDF, 0xCEDF, 0xCEDF, 0xCEDF, 0xCEDF, 0xCEDF, 0x8AA7, 0x8AA7, 
0x8AA7, 0x8AA7, 0x8AA7, 0x8AA7, 0x8AA7, 0x8AA7, 0x8AA7, 0x8AA7, 0x8AA7, 0x8AA7, 0x8AA7, 0x8AA7, 
0x8AA7, 0x8AA7, 0x8AA7, 0x8AA7, 0xCEDF, 0xCEDF, 0xCEDF, 0xCEDF, 0xCEDF, 0xCEDF, 0xCEDF, 0xCEDF, 
0xCEDF, 0xCEDF, 0xCEDF, 0xCEDF, 0xCEDF, 0xCEDF, 0xCEDF, 0xCEDF, 0xCEDF, 0xCEDF, 0xCEDF, 0xCEDF, 
0xCEDF, 0xCEDF, 0xCEDF, 0xCEDF, 0x34AD, 0x34AD, 0x34AD, 0x34AD, 0x34AD, 0x34AD, 0x31E7, 0x31E7, 
0x31E7, 0x31E7, 0xFFFF, 0xFFFF, 0xFFFF, 0xFFFF, 0xFFFF, 0xFFFF, 0xFFFF, 0xFFFF, 0x31E7, 0x31E7, 
0x34AD, 0x34AD, 0x34AD, 0x34AD, 0x34AD, 0x34AD, 0xDD0C, 0xDD0C, 0xDD0C, 0xDD0C, 0xDD0C, 0xDD0C, 
0x61C6, 0x61C6, 0x61C6, 0x61C6, 0x61C6, 0x61C6, 0x61C6, 0x61C6, 0xDD0C, 0xDD0C, 0xCEDF, 0xCEDF, 
0xCEDF, 0xCEDF, 0xCEDF, 0xCEDF, 0xCEDF, 0xCEDF, 0xCEDF, 0xCEDF, 0x34AD, 0x34AD, 0x34AD, 0x34AD, 
0x31E7, 0x31E7, 0x31E7, 0x31E7, 0xFFFF, 0xFFFF, 0xFFFF, 0xFFFF, 0xFFFF, 0xFFFF, 0x31E7, 0x31E7, 
0x31E7, 0x31E7, 0x34AD, 0x34AD, 0x34AD, 0x34AD, 0x34AD, 0x34AD, 0xCEDF, 0xCEDF, 0xCEDF, 0xCEDF, 
0xCEDF, 0xCEDF, 0xCEDF, 0xCEDF, 0xCEDF, 0xCEDF, 0x8AA7, 0x8AA7, 0x8AA7, 0x8AA7, 0x8AA7, 0x8AA7, 
0x8AA7, 0x8AA7, 0x8AA7, 0x8AA7, 0x8AA7, 0x8AA7, 0x8AA7, 0x8AA7, 0x8AA7, 0x8AA7, 0x8AA7, 0x8AA7, 
0xCEDF, 0xCEDF, 0xCEDF, 0xCEDF, 0xCEDF, 0xCEDF, 0xCEDF, 0xCEDF, 0xCEDF, 0xCEDF, 0xCEDF, 0xCEDF, 
0xCEDF, 0xCEDF, 0xCEDF, 0xCEDF, 0xCEDF, 0xCEDF, 0xCEDF, 0xCEDF, 0xCEDF, 0xCEDF, 0xCEDF, 0xCEDF, 
0x34AD, 0x34AD, 0x34AD, 0x34AD, 0x34AD, 0x34AD, 0x31E7, 0x31E7, 0xFFFF, 0xFFFF, 0x31E7, 0x31E7, 
0xFFFF, 0xFFFF, 0xFFFF, 0xFFFF, 0xFFFF, 0xFFFF, 0x31E7, 0x31E7, 0x34AD, 0x34AD, 0x34AD, 0x34AD, 
0x34AD, 0x34AD, 0x34AD, 0x34AD, 0xDD0C, 0xDD0C, 0xDD0C, 0xDD0C, 0x61C6, 0x61C6, 0x61C6, 0x61C6, 
0xDD0C, 0xDD0C, 0xCEDF, 0xCEDF, 0xCEDF, 0xCEDF, 0xCEDF, 0xCEDF, 0xCEDF, 0xCEDF, 0xCEDF, 0xCEDF, 
0xCEDF, 0xCEDF, 0xCEDF, 0xCEDF, 0x34AD, 0x34AD, 0x34AD, 0x34AD, 0x31E7, 0x31E7, 0xFFFF, 0xFFFF, 
0xFFFF, 0xFFFF, 0x31E7, 0x31E7, 0xFFFF, 0xFFFF, 0xFFFF, 0xFFFF, 0x31E7, 0x31E7, 0x34AD, 0x34AD, 
0x34AD, 0x34AD, 0x34AD, 0x34AD, 0xCEDF, 0xCEDF, 0xCEDF, 0xCEDF, 0x8AA7, 0x8AA7, 0x8AA7, 0x8AA7, 
0x8AA7, 0x8AA7, 0x8AA7, 0x8AA7, 0x8AA7, 0x8AA7, 0x8AA7, 0x8AA7, 0x8AA7, 0x8AA7, 0x8AA7, 0x8AA7, 
0x8AA7, 0x8AA7, 0x8AA7, 0x8AA7, 0x8AA7, 0x8AA7, 0x8AA7, 0x8AA7, 0x8AA7, 0x8AA7, 0x8AA7, 0x8AA7, 
0xCEDF, 0xCEDF, 0xCEDF, 0xCEDF, 0xCEDF, 0xCEDF, 0xCEDF, 0xCEDF, 0xCEDF, 0xCEDF, 0xCEDF, 0xCEDF, 
0xCEDF, 0xCEDF, 0xCEDF, 0xCEDF, 0xCEDF, 0xCEDF, 0xCEDF, 0xCEDF, 0x34AD, 0x34AD, 0x34AD, 0x34AD, 
0x34AD, 0x34AD, 0x31E7, 0x31E7, 0xFFFF, 0xFFFF, 0x31E7, 0x31E7, 0xFFFF, 0xFFFF, 0xFFFF, 0xFFFF, 
0xFFFF, 0xFFFF, 0x31E7, 0x31E7, 0x34AD, 0x34AD, 0x34AD, 0x34AD, 0x34AD, 0x34AD, 0x34AD, 0x34AD, 
0xDD0C, 0xDD0C, 0xDD0C, 0xDD0C, 0x61C6, 0x61C6, 0x61C6, 0x61C6, 0xDD0C, 0xDD0C, 0xCEDF, 0xCEDF, 
0xCEDF, 0xCEDF, 0xCEDF, 0xCEDF, 0xCEDF, 0xCEDF, 0xCEDF, 0xCEDF, 0xCEDF, 0xCEDF, 0xCEDF, 0xCEDF, 
0x34AD, 0x34AD, 0x34AD, 0x34AD, 0x31E7, 0x31E7, 0xFFFF, 0xFFFF, 0xFFFF, 0xFFFF, 0x31E7, 0x31E7, 
0xFFFF, 0xFFFF, 0xFFFF, 0xFFFF, 0x31E7, 0x31E7, 0x34AD, 0x34AD, 0x34AD, 0x34AD, 0x34AD, 0x34AD, 
0xCEDF, 0xCEDF, 0xCEDF, 0xCEDF, 0x8AA7, 0x8AA7, 0x8AA7, 0x8AA7, 0x8AA7, 0x8AA7, 0x8AA7, 0x8AA7, 
0x8AA7, 0x8AA7, 0x8AA7, 0x8AA7, 0x8AA7, 0x8AA7, 0x8AA7, 0x8AA7, 0x8AA7, 0x8AA7, 0x8AA7, 0x8AA7, 
0x8AA7, 0x8AA7, 0x8AA7, 0x8AA7, 0x8AA7, 0x8AA7, 0x8AA7, 0x8AA7, 0xCEDF, 0xCEDF, 0xCEDF, 0xCEDF, 
0xCEDF, 0xCEDF, 0xCEDF, 0xCEDF, 0xCEDF, 0xCEDF, 0xCEDF, 0xCEDF, 0xCEDF, 0xCEDF, 0xCEDF, 0xCEDF, 
0xCEDF, 0xCEDF, 0xCEDF, 0xCEDF, 0x34AD, 0x34AD, 0x34AD, 0x34AD, 0x34AD, 0x34AD, 0x31E7, 0x31E7, 
0x31E7, 0x31E7, 0xFFFF, 0xFFFF, 0xFFFF, 0xFFFF, 0xFFFF, 0xFFFF, 0x31E7, 0x31E7, 0x31E7, 0x31E7, 
0x34AD, 0x34AD, 0x34AD, 0x34AD, 0x34AD, 0x34AD, 0x34AD, 0x34AD, 0xDD0C, 0xDD0C, 0xDD0C, 0xDD0C, 
0xCEDF, 0xCEDF, 0xCEDF, 0xCEDF, 0xCEDF, 0xCEDF, 0xCEDF, 0xCEDF, 0xCEDF, 0xCEDF, 0xCEDF, 0xCEDF, 
0xCEDF, 0xCEDF, 0xCEDF, 0xCEDF, 0xCEDF, 0xCEDF, 0x34AD, 0x34AD, 0x34AD, 0x34AD, 0x34AD, 0x34AD, 
0x31E7, 0x31E7, 0xFFFF, 0xFFFF, 0x31E7, 0x31E7, 0xFFFF, 0xFFFF, 0xFFFF, 0xFFFF, 0xFFFF, 0xFFFF, 
0x31E7, 0x31E7, 0x34AD, 0x34AD, 0x34AD, 0x34AD, 0x34AD, 0x34AD, 0xCEDF, 0xCEDF, 0x8AA7, 0x8AA7, 
0x8AA7, 0x8AA7, 0x8AA7, 0x8AA7, 0x8AA7, 0x8AA7, 0x8AA7, 0x8AA7, 0x8AA7, 0x8AA7, 0x8AA7, 0x8AA7, 
0x8AA7, 0x8AA7, 0x8AA7, 0x8AA7, 0x8AA7, 0x8AA7, 0x8AA7, 0x8AA7, 0x8AA7, 0x8AA7, 0x8AA7, 0x8AA7, 
0x8AA7, 0x8AA7, 0x8AA7, 0x8AA7, 0x8AA7, 0x8AA7, 0x8AA7, 0x8AA7, 0xCEDF, 0xCEDF, 0xCEDF, 0xCEDF, 
0xCEDF, 0xCEDF, 0xCEDF, 0xCEDF, 0xCEDF, 0xCEDF, 0xCEDF, 0xCEDF, 0xCEDF, 0xCEDF, 0xCEDF, 0xCEDF, 
0x34AD, 0x34AD, 0x34AD, 0x34AD, 0x34AD, 0x34AD, 0x31E7, 0x31E7, 0x31E7, 0x31E7, 0xFFFF, 0xFFFF, 
0xFFFF, 0xFFFF, 0xFFFF, 0xFFFF, 0x31E7, 0x31E7, 0x31E7, 0x31E7, 0x34AD, 0x34AD, 0x34AD, 0x34AD, 
0x34AD, 0x34AD, 0x34AD, 0x34AD, 0xDD0C, 0xDD0C, 0xDD0C, 0xDD0C, 0xCEDF, 0xCEDF, 0xCEDF, 0xCEDF, 
0xCEDF, 0xCEDF, 0xCEDF, 0xCEDF, 0xCEDF, 0xCEDF, 0xCEDF, 0xCEDF, 0xCEDF, 0xCEDF, 0xCEDF, 0xCEDF, 
0xCEDF, 0xCEDF, 0x34AD, 0x34AD, 0x34AD, 0x34AD, 0x34AD, 0x34AD, 0x31E7, 0x31E7, 0xFFFF, 0xFFFF, 
0x31E7, 0x31E7, 0xFFFF, 0xFFFF, 0xFFFF, 0xFFFF, 0xFFFF, 0xFFFF, 0x31E7, 0x31E7, 0x34AD, 0x34AD, 
0x34AD, 0x34AD, 0x34AD, 0x34AD, 0xCEDF, 0xCEDF, 0x8AA7, 0x8AA7, 0x8AA7, 0x8AA7, 0x8AA7, 0x8AA7, 
0x8AA7, 0x8AA7, 0x8AA7, 0x8AA7, 0x8AA7, 0x8AA7, 0x8AA7, 0x8AA7, 0x8AA7, 0x8AA7, 0x8AA7, 0x8AA7, 
0x8AA7, 0x8AA7, 0x8AA7, 0x8AA7, 0x8AA7, 0x8AA7, 0x8AA7, 0x8AA7, 0x8AA7, 0x8AA7, 0x8AA7, 0x8AA7, 
0x8AA7, 0x8AA7, 0x8AA7, 0x8AA7, 0xCEDF, 0xCEDF, 0xCEDF, 0xCEDF, 0xCEDF, 0xCEDF, 0xCEDF, 0xCEDF, 
0xCEDF, 0xCEDF, 0xCEDF, 0xCEDF, 0xCEDF, 0xCEDF, 0xCEDF, 0xCEDF, 0x34AD, 0x34AD, 0x34AD, 0x34AD, 
0x34AD, 0x34AD, 0x31E7, 0x31E7, 0xFFFF, 0xFFFF, 0x31E7, 0x31E7, 0xFFFF, 0xFFFF, 0xFFFF, 0xFFFF, 
0xFFFF, 0xFFFF, 0x31E7, 0x31E7, 0x34AD, 0x34AD, 0x34AD, 0x34AD, 0x34AD, 0x34AD, 0x34AD, 0x34AD, 
0xDD0C, 0xDD0C, 0xDD0C, 0xDD0C, 0xCEDF, 0xCEDF, 0xCEDF, 0xCEDF, 0xCEDF, 0xCEDF, 0xCEDF, 0xCEDF, 
0xCEDF, 0xCEDF, 0xCEDF, 0xCEDF, 0xCEDF, 0xCEDF, 0xCEDF, 0xCEDF, 0xCEDF, 0xCEDF, 0x34AD, 0x34AD, 
0x34AD, 0x34AD, 0x34AD, 0x34AD, 0x31E7, 0x31E7, 0x31E7, 0x31E7, 0xFFFF, 0xFFFF, 0x31E7, 0x31E7, 
0xFFFF, 0xFFFF, 0xFFFF, 0xFFFF, 0x31E7, 0x31E7, 0x34AD, 0x34AD, 0x34AD, 0x34AD, 0x34AD, 0x34AD, 
0x8AA7, 0x8AA7, 0x8AA7, 0x8AA7, 0x8AA7, 0x8AA7, 0x8AA7, 0x8AA7, 0x8AA7, 0x8AA7, 0x8AA7, 0x8AA7, 
0x8AA7, 0x8AA7, 0x8AA7, 0x8AA7, 0x8AA7, 0x8AA7, 0x8AA7, 0x8AA7, 0x8AA7, 0x8AA7, 0x8AA7, 0x8AA7, 
0x8AA7, 0x8AA7, 0x8AA7, 0x8AA7, 0x8AA7, 0x8AA7, 0x8AA7, 0x8AA7, 0x8AA7, 0x8AA7, 0x8AA7, 0x8AA7, 
0x8AA7, 0x8AA7, 0xCEDF, 0xCEDF, 0xCEDF, 0xCEDF, 0xCEDF, 0xCEDF, 0xCEDF, 0xCEDF, 0xCEDF, 0xCEDF, 
0xCEDF, 0xCEDF, 0xCEDF, 0xCEDF, 0x34AD, 0x34AD, 0x34AD, 0x34AD, 0x34AD, 0x34AD, 0x31E7, 0x31E7, 
0xFFFF, 0xFFFF, 0x31E7, 0x31E7, 0xFFFF, 0xFFFF, 0xFFFF, 0xFFFF, 0xFFFF, 0xFFFF, 0x31E7, 0x31E7, 
0x34AD, 0x34AD, 0x34AD, 0x34AD, 0x34AD, 0x34AD, 0x34AD, 0x34AD, 0xDD0C, 0xDD0C, 0xDD0C, 0xDD0C, 
0xCEDF, 0xCEDF, 0xCEDF, 0xCEDF, 0xCEDF, 0xCEDF, 0xCEDF, 0xCEDF, 0xCEDF, 0xCEDF, 0xCEDF, 0xCEDF, 
0xCEDF, 0xCEDF, 0xCEDF, 0xCEDF, 0xCEDF, 0xCEDF, 0x34AD, 0x34AD, 0x34AD, 0x34AD, 0x34AD, 0x34AD, 
0x31E7, 0x31E7, 0x31E7, 0x31E7, 0xFFFF, 0xFFFF, 0x31E7, 0x31E7, 0xFFFF, 0xFFFF, 0xFFFF, 0xFFFF, 
0x31E7, 0x31E7, 0x34AD, 0x34AD, 0x34AD, 0x34AD, 0x34AD, 0x34AD, 0x8AA7, 0x8AA7, 0x8AA7, 0x8AA7, 
0x8AA7, 0x8AA7, 0x8AA7, 0x8AA7, 0x8AA7, 0x8AA7, 0x8AA7, 0x8AA7, 0x8AA7, 0x8AA7, 0x8AA7, 0x8AA7, 
0x8AA7, 0x8AA7, 0x8AA7, 0x8AA7, 0x8AA7, 0x8AA7, 0x8AA7, 0x8AA7, 0x8AA7, 0x8AA7, 0x8AA7, 0x8AA7, 
0x8AA7, 0x8AA7, 0x8AA7, 0x8AA7, 0x8AA7, 0x8AA7, 0x8AA7, 0x8AA7, 0x8AA7, 0x8AA7, 0xCEDF, 0xCEDF, 
0xCEDF, 0xCEDF, 0xCEDF, 0xCEDF, 0xCEDF, 0xCEDF, 0xCEDF, 0xCEDF, 0xCEDF, 0xCEDF, 0xCEDF, 0xCEDF, 
0x34AD, 0x34AD, 0x34AD, 0x34AD, 0x34AD, 0x34AD, 0x31E7, 0x31E7, 0x31E7, 0x31E7, 0x31E7, 0x31E7, 
0x31E7, 0x31E7, 0x31E7, 0x31E7, 0x31E7, 0x31E7, 0x31E7, 0x31E7, 0x34AD, 0x34AD, 0x34AD, 0x34AD, 
0x34AD, 0x34AD, 0x34AD, 0x34AD, 0x34AD, 0x34AD, 0x34AD, 0x34AD, 0x34AD, 0x34AD, 0x34AD, 0x34AD, 
0x34AD, 0x34AD, 0x34AD, 0x34AD, 0x34AD, 0x34AD, 0x34AD, 0x34AD, 0x34AD, 0x34AD, 0x34AD, 0x34AD, 
0x34AD, 0x34AD, 0x34AD, 0x34AD, 0x34AD, 0x34AD, 0x34AD, 0x34AD, 0x34AD, 0x34AD, 0x31E7, 0x31E7, 
0x31E7, 0x31E7, 0x31E7, 0x31E7, 0x31E7, 0x31E7, 0x31E7, 0x31E7, 0x31E7, 0x31E7, 0x34AD, 0x34AD, 
0x34AD, 0x34AD, 0x34AD, 0x34AD, 0x8AA7, 0x8AA7, 0x8AA7, 0x8AA7, 0x8AA7, 0x8AA7, 0x8AA7, 0x8AA7, 
0x8AA7, 0x8AA7, 0x8AA7, 0x8AA7, 0x8AA7, 0x8AA7, 0x8AA7, 0x8AA7, 0x8AA7, 0x8AA7, 0x8AA7, 0x8AA7, 
0x8AA7, 0x8AA7, 0x8AA7, 0x8AA7, 0x8AA7, 0x8AA7, 0x8AA7, 0x8AA7, 0x8AA7, 0x8AA7, 0x8AA7, 0x8AA7, 
0x8AA7, 0x8AA7, 0x8AA7, 0x8AA7, 0x8AA7, 0x8AA7, 0x8AA7, 0x8AA7, 0xCEDF, 0xCEDF, 0xCEDF, 0xCEDF, 
0xCEDF, 0xCEDF, 0xCEDF, 0xCEDF, 0xCEDF, 0xCEDF, 0xCEDF, 0xCEDF, 0x34AD, 0x34AD, 0x34AD, 0x34AD, 
0x34AD, 0x34AD, 0x31E7, 0x31E7, 0x31E7, 0x31E7, 0x31E7, 0x31E7, 0x31E7, 0x31E7, 0x31E7, 0x31E7, 
0x31E7, 0x31E7, 0x31E7, 0x31E7, 0x34AD, 0x34AD, 0x34AD, 0x34AD, 0x34AD, 0x34AD, 0x34AD, 0x34AD, 
0x34AD, 0x34AD, 0x34AD, 0x34AD, 0x34AD, 0x34AD, 0x34AD, 0x34AD, 0x34AD, 0x34AD, 0x34AD, 0x34AD, 
0x34AD, 0x34AD, 0x34AD, 0x34AD, 0x34AD, 0x34AD, 0x34AD, 0x34AD, 0x34AD, 0x34AD, 0x34AD, 0x34AD, 
0x34AD, 0x34AD, 0x34AD, 0x34AD, 0x34AD, 0x34AD, 0x31E7, 0x31E7, 0x31E7, 0x31E7, 0x31E7, 0x31E7, 
0x31E7, 0x31E7, 0x31E7, 0x31E7, 0x31E7, 0x31E7, 0x34AD, 0x34AD, 0x34AD, 0x34AD, 0x34AD, 0x34AD, 
0x8AA7, 0x8AA7, 0x8AA7, 0x8AA7, 0x8AA7, 0x8AA7, 0x8AA7, 0x8AA7, 0x8AA7, 0x8AA7, 0x8AA7, 0x8AA7, 
0x8AA7, 0x8AA7, 0x8AA7, 0x8AA7, 0x8AA7, 0x8AA7, 0x8AA7, 0x8AA7, 0x8AA7, 0x8AA7, 0x8AA7, 0x8AA7, 
0x8AA7, 0x8AA7, 0x8AA7, 0x8AA7, 0x8AA7, 0x8AA7, 0x8AA7, 0x8AA7, 0x8AA7, 0x8AA7, 0x8AA7, 0x8AA7, 
0x8AA7, 0x8AA7, 0x8AA7, 0x8AA7, 0xCEDF, 0xCEDF, 0xCEDF, 0xCEDF, 0xCEDF, 0xCEDF, 0xCEDF, 0xCEDF, 
0xCEDF, 0xCEDF, 0xCEDF, 0xCEDF, 0x34AD, 0x34AD, 0x34AD, 0x34AD, 0x34AD, 0x34AD, 0x34AD, 0x34AD, 
0x34AD, 0x34AD, 0x34AD, 0x34AD, 0x34AD, 0x34AD, 0x34AD, 0x34AD, 0x34AD, 0x34AD, 0x34AD, 0x34AD, 
0x34AD, 0x34AD, 0x34AD, 0x34AD, 0x34AD, 0x34AD, 0x34AD, 0x34AD, 0x34AD, 0x34AD, 0x34AD, 0x34AD, 
0x34AD, 0x34AD, 0x34AD, 0x34AD, 0x34AD, 0x34AD, 0x34AD, 0x34AD, 0x34AD, 0x34AD, 0x34AD, 0x34AD, 
0x34AD, 0x34AD, 0x34AD, 0x34AD, 0x34AD, 0x34AD, 0x34AD, 0x34AD, 0x34AD, 0x34AD, 0x34AD, 0x34AD, 
0x34AD, 0x34AD, 0x34AD, 0x34AD, 0x34AD, 0x34AD, 0x34AD, 0x34AD, 0x34AD, 0x34AD, 0x34AD, 0x34AD, 
0x34AD, 0x34AD, 0x34AD, 0x34AD, 0x34AD, 0x34AD, 0x34AD, 0x34AD, 0x34AD, 0x34AD, 0x8AA7, 0x8AA7, 
0x8AA7, 0x8AA7, 0x8AA7, 0x8AA7, 0x8AA7, 0x8AA7, 0x8AA7, 0x8AA7, 0x8AA7, 0x8AA7, 0x8AA7, 0x8AA7, 
0x8AA7, 0x8AA7, 0x8AA7, 0x8AA7, 0x8AA7, 0x8AA7, 0x8AA7, 0x8AA7, 0x8AA7, 0x8AA7, 0x8AA7, 0x8AA7, 
0x8AA7, 0x8AA7, 0x8AA7, 0x8AA7, 0x8AA7, 0x8AA7, 0x8AA7, 0x8AA7, 0x8AA7, 0x8AA7, 0x8AA7, 0x8AA7, 
0x8AA7, 0x8AA7, 0xCEDF, 0xCEDF, 0xCEDF, 0xCEDF, 0xCEDF, 0xCEDF, 0xCEDF, 0xCEDF, 0xCEDF, 0xCEDF, 
0x34AD, 0x34AD, 0x34AD, 0x34AD, 0x34AD, 0x34AD, 0x34AD, 0x34AD, 0x34AD, 0x34AD, 0x34AD, 0x34AD, 
0x34AD, 0x34AD, 0x34AD, 0x34AD, 0x34AD, 0x34AD, 0x34AD, 0x34AD, 0x34AD, 0x34AD, 0x34AD, 0x34AD, 
0x34AD, 0x34AD, 0x34AD, 0x34AD, 0x34AD, 0x34AD, 0x34AD, 0x34AD, 0x34AD, 0x34AD, 0x34AD, 0x34AD, 
0x34AD, 0x34AD, 0x34AD, 0x34AD, 0x34AD, 0x34AD, 0x34AD, 0x34AD, 0x34AD, 0x34AD, 0x34AD, 0x34AD, 
0x34AD, 0x34AD, 0x34AD, 0x34AD, 0x34AD, 0x34AD, 0x34AD, 0x34AD, 0x34AD, 0x34AD, 0x34AD, 0x34AD, 
0x34AD, 0x34AD, 0x34AD, 0x34AD, 0x34AD, 0x34AD, 0x34AD, 0x34AD, 0x34AD, 0x34AD, 0x34AD, 0x34AD, 
0x34AD, 0x34AD, 0x34AD, 0x34AD, 0x34AD, 0x34AD, 0x8AA7, 0x8AA7, 0x8AA7, 0x8AA7, 0x8AA7, 0x8AA7, 
0x8AA7, 0x8AA7, 0x8AA7, 0x8AA7, 0x8AA7, 0x8AA7, 0x8AA7, 0x8AA7, 0x8AA7, 0x8AA7, 0x8AA7, 0x8AA7, 
0x8AA7, 0x8AA7, 0x8AA7, 0x8AA7, 0x8AA7, 0x8AA7, 0x8AA7, 0x8AA7, 0x8AA7, 0x8AA7, 0x8AA7, 0x8AA7, 
0x8AA7, 0x8AA7, 0x8AA7, 0x8AA7, 0x8AA7, 0x8AA7, 0x8AA7, 0x8AA7, 0x8AA7, 0x8AA7, 0xCEDF, 0xCEDF, 
0xCEDF, 0xCEDF, 0xCEDF, 0xCEDF, 0xCEDF, 0xCEDF, 0xCEDF, 0xCEDF, 0x34AD, 0x34AD, 0x34AD, 0x34AD, 
0x34AD, 0x34AD, 0x34AD, 0x34AD, 0x34AD, 0x34AD, 0x34AD, 0x34AD, 0x34AD, 0x34AD, 0x34AD, 0x34AD, 
0x34AD, 0x34AD, 0x34AD, 0x34AD, 0x34AD, 0x34AD, 0x34AD, 0x34AD, 0x34AD, 0x34AD, 0x34AD, 0x34AD, 
0x34AD, 0x34AD, 0x34AD, 0x34AD, 0x34AD, 0x34AD, 0x34AD, 0x34AD, 0x34AD, 0x34AD, 0x34AD, 0x34AD, 
0x34AD, 0x34AD, 0x34AD, 0x34AD, 0x34AD, 0x34AD, 0x34AD, 0x34AD, 0x34AD, 0x34AD, 0x34AD, 0x34AD, 
0x34AD, 0x34AD, 0x34AD, 0x34AD, 0x34AD, 0x34AD, 0x34AD, 0x34AD, 0x34AD, 0x34AD, 0x34AD, 0x34AD, 
0x34AD, 0x34AD, 0x34AD, 0x34AD, 0x34AD, 0x34AD, 0x34AD, 0x34AD, 0x34AD, 0x34AD, 0x34AD, 0x34AD, 
0x8AA7, 0x8AA7, 0x8AA7, 0x8AA7, 0x8AA7, 0x8AA7, 0x8AA7, 0x8AA7, 0x8AA7, 0x8AA7, 0x8AA7, 0x8AA7, 
0x8AA7, 0x8AA7, 0x8AA7, 0x8AA7, 0x8AA7, 0x8AA7, 0x8AA7, 0x8AA7, 0x8AA7, 0x8AA7, 0x8AA7, 0x8AA7, 
0x8AA7, 0x8AA7, 0x8AA7, 0x8AA7, 0x8AA7, 0x8AA7, 0x8AA7, 0x8AA7, 0x8AA7, 0x8AA7, 0x8AA7, 0x8AA7, 
0x8AA7, 0x8AA7, 0x8AA7, 0x8AA7, 0x8AA7, 0x8AA7, 0x8AA7, 0x8AA7, 0xCEDF, 0xCEDF, 0xCEDF, 0xCEDF, 
0xCEDF, 0xCEDF, 0xCEDF, 0xCEDF, 0x34AD, 0x34AD, 0x34AD, 0x34AD, 0x34AD, 0x34AD, 0x34AD, 0x34AD, 
0x34AD, 0x34AD, 0x34AD, 0x34AD, 0x34AD, 0x34AD, 0x34AD, 0x34AD, 0x34AD, 0x34AD, 0x34AD, 0x34AD, 
0x34AD, 0x34AD, 0x34AD, 0x34AD, 0x34AD, 0x34AD, 0x34AD, 0x34AD, 0x34AD, 0x34AD, 0x34AD, 0x34AD, 
0x34AD, 0x34AD, 0x34AD, 0x34AD, 0x34AD, 0x34AD, 0x34AD, 0x34AD, 0x34AD, 0x34AD, 0x34AD, 0x34AD, 
0x34AD, 0x34AD, 0x34AD, 0x34AD, 0x34AD, 0x34AD, 0x34AD, 0x34AD, 0x34AD, 0x34AD, 0x34AD, 0x34AD, 
0x34AD, 0x34AD, 0x34AD, 0x34AD, 0x34AD, 0x34AD, 0x34AD, 0x34AD, 0x34AD, 0x34AD, 0x34AD, 0x34AD, 
0x34AD, 0x34AD, 0x34AD, 0x34AD, 0x34AD, 0x34AD, 0x34AD, 0x34AD, 0x8AA7, 0x8AA7, 0x8AA7, 0x8AA7, 
0x8AA7, 0x8AA7, 0x8AA7, 0x8AA7, 0x8AA7, 0x8AA7, 0x8AA7, 0x8AA7, 0x8AA7, 0x8AA7, 0x8AA7, 0x8AA7, 
0x8AA7, 0x8AA7, 0x8AA7, 0x8AA7, 0x8AA7, 0x8AA7, 0x8AA7, 0x8AA7, 0x8AA7, 0x8AA7, 0x8AA7, 0x8AA7, 
0x8AA7, 0x8AA7, 0x8AA7, 0x8AA7, 0x8AA7, 0x8AA7, 0x8AA7, 0x8AA7, 0x8AA7, 0x8AA7, 0x8AA7, 0x8AA7, 
0x8AA7, 0x8AA7, 0x8AA7, 0x8AA7, 0xCEDF, 0xCEDF, 0xCEDF, 0xCEDF, 0xCEDF, 0xCEDF, 0xCEDF, 0xCEDF, 
0x34AD, 0x34AD, 0x34AD, 0x34AD, 0x34AD, 0x34AD, 0x34AD, 0x34AD, 0x34AD, 0x34AD, 0x34AD, 0x34AD, 
0x34AD, 0x34AD, 0x34AD, 0x34AD, 0x34AD, 0x34AD, 0x34AD, 0x34AD, 0x34AD, 0x34AD, 0x34AD, 0x34AD, 
0x34AD, 0x34AD, 0x34AD, 0x34AD, 0x34AD, 0x34AD, 0x34AD, 0x34AD, 0x31E7, 0x31E7, 0x31E7, 0x31E7, 
0x31E7, 0x31E7, 0x31E7, 0x31E7, 0x31E7, 0x31E7, 0x34AD, 0x34AD, 0x34AD, 0x34AD, 0x34AD, 0x34AD, 
0x34AD, 0x34AD, 0x34AD, 0x34AD, 0x34AD, 0x34AD, 0x34AD, 0x34AD, 0x34AD, 0x34AD, 0x34AD, 0x34AD, 
0x34AD, 0x34AD, 0x34AD, 0x34AD, 0x34AD, 0x34AD, 0x34AD, 0x34AD, 0x34AD, 0x34AD, 0x34AD, 0x34AD, 
0x34AD, 0x34AD, 0x8AA7, 0x8AA7, 0x8AA7, 0x8AA7, 0x8AA7, 0x8AA7, 0x8AA7, 0x8AA7, 0x8AA7, 0x8AA7, 
0x8AA7, 0x8AA7, 0x8AA7, 0x8AA7, 0x8AA7, 0x8AA7, 0x8AA7, 0x8AA7, 0x8AA7, 0x8AA7, 0x8AA7, 0x8AA7, 
0x8AA7, 0x8AA7, 0x8AA7, 0x8AA7, 0x8AA7, 0x8AA7, 0x8AA7, 0x8AA7, 0x8AA7, 0x8AA7, 0x8AA7, 0x8AA7, 
0x8AA7, 0x8AA7, 0x8AA7, 0x8AA7, 0x8AA7, 0x8AA7, 0x8AA7, 0x8AA7, 0x8AA7, 0x8AA7, 0x8AA7, 0x8AA7, 
0x8AA7, 0x8AA7, 0xCEDF, 0xCEDF, 0xCEDF, 0xCEDF, 0xCEDF, 0xCEDF, 0x34AD, 0x34AD, 0x34AD, 0x34AD, 
0x34AD, 0x34AD, 0x34AD, 0x34AD, 0x34AD, 0x34AD, 0x34AD, 0x34AD, 0x34AD, 0x34AD, 0x34AD, 0x34AD, 
0x34AD, 0x34AD, 0x34AD, 0x34AD, 0x34AD, 0x34AD, 0x34AD, 0x34AD, 0x34AD, 0x34AD, 0x34AD, 0x34AD, 
0x34AD, 0x34AD, 0x34AD, 0x34AD, 0x31E7, 0x31E7, 0x31E7, 0x31E7, 0x31E7, 0x31E7, 0x31E7, 0x31E7, 
0x31E7, 0x31E7, 0x34AD, 0x34AD, 0x34AD, 0x34AD, 0x34AD, 0x34AD, 0x34AD, 0x34AD, 0x34AD, 0x34AD, 
0x34AD, 0x34AD, 0x34AD, 0x34AD, 0x34AD, 0x34AD, 0x34AD, 0x34AD, 0x34AD, 0x34AD, 0x34AD, 0x34AD, 
0x34AD, 0x34AD, 0x34AD, 0x34AD, 0x34AD, 0x34AD, 0x34AD, 0x34AD, 0x34AD, 0x34AD, 0x8AA7, 0x8AA7, 
0x8AA7, 0x8AA7, 0x8AA7, 0x8AA7, 0x8AA7, 0x8AA7, 0x8AA7, 0x8AA7, 0x8AA7, 0x8AA7, 0x8AA7, 0x8AA7, 
0x8AA7, 0x8AA7, 0x8AA7, 0x8AA7, 0x8AA7, 0x8AA7, 0x8AA7, 0x8AA7, 0x8AA7, 0x8AA7, 0x8AA7, 0x8AA7, 
0x8AA7, 0x8AA7, 0x8AA7, 0x8AA7, 0x8AA7, 0x8AA7, 0x8AA7, 0x8AA7, 0x8AA7, 0x8AA7, 0x8AA7, 0x8AA7, 
0x8AA7, 0x8AA7, 0x8AA7, 0x8AA7, 0x8AA7, 0x8AA7, 0x8AA7, 0x8AA7, 0x8AA7, 0x8AA7, 0xCEDF, 0xCEDF, 
0xCEDF, 0xCEDF, 0xCEDF, 0xCEDF, 0x34AD, 0x34AD, 0x34AD, 0x34AD, 0x34AD, 0x34AD, 0x34AD, 0x34AD, 
0x34AD, 0x34AD, 0x34AD, 0x34AD, 0x34AD, 0x34AD, 0x34AD, 0x34AD, 0x34AD, 0x34AD, 0x34AD, 0x34AD, 
0x34AD, 0x34AD, 0x34AD, 0x34AD, 0x34AD, 0x34AD, 0x34AD, 0x34AD, 0x34AD, 0x34AD, 0x34AD, 0x34AD, 
0x34AD, 0x34AD, 0x34AD, 0x34AD, 0x34AD, 0x34AD, 0x34AD, 0x34AD, 0x34AD, 0x34AD, 0x34AD, 0x34AD, 
0x34AD, 0x34AD, 0x34AD, 0x34AD, 0x34AD, 0x34AD, 0x34AD, 0x34AD, 0x34AD, 0x34AD, 0x34AD, 0x34AD, 
0x34AD, 0x34AD, 0x34AD, 0x34AD, 0x34AD, 0x34AD, 0x34AD, 0x34AD, 0x34AD, 0x34AD, 0x34AD, 0x34AD, 
0x34AD, 0x34AD, 0x34AD, 0x34AD, 0x8AA7, 0x8AA7, 0x8AA7, 0x8AA7, 0x8AA7, 0x8AA7, 0x8AA7, 0x8AA7, 
0x8AA7, 0x8AA7, 0x8AA7, 0x8AA7, 0x8AA7, 0x8AA7, 0x8AA7, 0x8AA7, 0x8AA7, 0x8AA7, 0x8AA7, 0x8AA7, 
0x8AA7, 0x8AA7, 0x8AA7, 0x8AA7, 0x8AA7, 0x8AA7, 0x8AA7, 0x8AA7, 0x8AA7, 0x8AA7, 0x8AA7, 0x8AA7, 
0x8AA7, 0x8AA7, 0x8AA7, 0x8AA7, 0x8AA7, 0x8AA7, 0x8AA7, 0x8AA7, 0x8AA7, 0x8AA7, 0x8AA7, 0x8AA7, 
0x8AA7, 0x8AA7, 0x8AA7, 0x8AA7, 0x8AA7, 0x8AA7, 0xCEDF, 0xCEDF, 0xCEDF, 0xCEDF, 0xCEDF, 0xCEDF, 
0x34AD, 0x34AD, 0x34AD, 0x34AD, 0x34AD, 0x34AD, 0x34AD, 0x34AD, 0x34AD, 0x34AD, 0x34AD, 0x34AD, 
0x34AD, 0x34AD, 0x34AD, 0x34AD, 0x34AD, 0x34AD, 0x34AD, 0x34AD, 0x34AD, 0x34AD, 0x34AD, 0x34AD, 
0x34AD, 0x34AD, 0x34AD, 0x34AD, 0x34AD, 0x34AD, 0x34AD, 0x34AD, 0x34AD, 0x34AD, 0x34AD, 0x34AD, 
0x34AD, 0x34AD, 0x34AD, 0x34AD, 0x34AD, 0x34AD, 0x34AD, 0x34AD, 0x34AD, 0x34AD, 0x34AD, 0x34AD, 
0x34AD, 0x34AD, 0x34AD, 0x34AD, 0x34AD, 0x34AD, 0x34AD, 0x34AD, 0x34AD, 0x34AD, 0x34AD, 0x34AD, 
0x34AD, 0x34AD, 0x34AD, 0x34AD, 0x34AD, 0x34AD, 0x34AD, 0x34AD, 0x34AD, 0x34AD, 0x34AD, 0x34AD, 
0x8AA7, 0x8AA7, 0x8AA7, 0x8AA7, 0x8AA7, 0x8AA7, 0x8AA7, 0x8AA7, 0x8AA7, 0x8AA7, 0x8AA7, 0x8AA7, 
0x8AA7, 0x8AA7, 0x8AA7, 0x8AA7, 0x8AA7, 0x8AA7, 0x8AA7, 0x8AA7, 0x8AA7, 0x8AA7, 0x8AA7, 0x8AA7, 
0x8AA7, 0x8AA7, 0x8AA7, 0x8AA7, 0x8AA7, 0x8AA7, 0x8AA7, 0x8AA7, 0x8AA7, 0x8AA7, 0x8AA7, 0x8AA7, 
0x8AA7, 0x8AA7, 0x8AA7, 0x8AA7, 0x8AA7, 0x8AA7, 0x8AA7, 0x8AA7, 0x8AA7, 0x8AA7, 0x8AA7, 0x8AA7, 
0x8AA7, 0x8AA7, 0xCEDF, 0xCEDF, 0xCEDF, 0xCEDF, 0xCEDF, 0xCEDF, 0x34AD, 0x34AD, 0x34AD, 0x34AD, 
0x34AD, 0x34AD, 0x34AD, 0x34AD, 0x34AD, 0x34AD, 0x34AD, 0x34AD, 0x34AD, 0x34AD, 0x34AD, 0x34AD, 
0x34AD, 0x34AD, 0x34AD, 0x34AD, 0x34AD, 0x34AD, 0x34AD, 0x34AD, 0x34AD, 0x34AD, 0x34AD, 0x34AD, 
0x34AD, 0x34AD, 0x34AD, 0x34AD, 0x34AD, 0x34AD, 0x34AD, 0x34AD, 0x34AD, 0x34AD, 0x34AD, 0x34AD, 
0x34AD, 0x34AD, 0x34AD, 0x34AD, 0x34AD, 0x34AD, 0x34AD, 0x34AD, 0x34AD, 0x34AD, 0x34AD, 0x34AD, 
0x34AD, 0x34AD, 0x34AD, 0x34AD, 0x34AD, 0x34AD, 0x34AD, 0x34AD, 0x34AD, 0x34AD, 0x34AD, 0x34AD, 
0x34AD, 0x34AD, 0x34AD, 0x34AD, 0x34AD, 0x34AD, 0x8AA7, 0x8AA7, 0x8AA7, 0x8AA7, 0x8AA7, 0x8AA7, 
0x8AA7, 0x8AA7, 0x8AA7, 0x8AA7, 0x8AA7, 0x8AA7, 0x8AA7, 0x8AA7, 0x8AA7, 0x8AA7, 0x8AA7, 0x8AA7, 
0x8AA7, 0x8AA7, 0x8AA7, 0x8AA7, 0x8AA7, 0x8AA7, 0x8AA7, 0x8AA7, 0x8AA7, 0x8AA7, 0x8AA7, 0x8AA7, 
0x8AA7, 0x8AA7, 0x8AA7, 0x8AA7, 0x8AA7, 0x8AA7, 0x8AA7, 0x8AA7, 0x8AA7, 0x8AA7, 0x8AA7, 0x8AA7, 
0x8AA7, 0x8AA7, 0x8AA7, 0x8AA7, 0x8AA7, 0x8AA7, 0x8AA7, 0x8AA7, 0x8AA7, 0x8AA7, 0xCEDF, 0xCEDF, 
0xCEDF, 0xCEDF, 0xCEDF, 0xCEDF, 0x34AD, 0x34AD, 0x34AD, 0x34AD, 0x34AD, 0x34AD, 0x34AD, 0x34AD, 
0x34AD, 0x34AD, 0x34AD, 0x34AD, 0x34AD, 0x34AD, 0x34AD, 0x34AD, 0x34AD, 0x34AD, 0x34AD, 0x34AD, 
0x34AD, 0x34AD, 0x34AD, 0x34AD, 0x34AD, 0x34AD, 0x34AD, 0x34AD, 0x34AD, 0x34AD, 0x34AD, 0x34AD, 
0x34AD, 0x34AD, 0x34AD, 0x34AD, 0x34AD, 0x34AD, 0x34AD, 0x34AD, 0x34AD, 0x34AD, 0x34AD, 0x34AD, 
0x34AD, 0x34AD, 0x34AD, 0x34AD, 0x34AD, 0x34AD, 0x34AD, 0x34AD, 0x34AD, 0x34AD, 0x34AD, 0x34AD, 
0x34AD, 0x34AD, 0x34AD, 0x34AD, 0x34AD, 0x34AD, 0x34AD, 0x34AD, 0x34AD, 0x34AD, 0x34AD, 0x34AD, 
0x34AD, 0x34AD, 0x8AA7, 0x8AA7, 0x8AA7, 0x8AA7, 0x8AA7, 0x8AA7, 0x8AA7, 0x8AA7, 0x8AA7, 0x8AA7, 
0x8AA7, 0x8AA7, 0x8AA7, 0x8AA7, 0x8AA7, 0x8AA7, 0x8AA7, 0x8AA7, 0x8AA7, 0x8AA7, 0x8AA7, 0x8AA7, 
0x8AA7, 0x8AA7, 0x8AA7, 0x8AA7, 0x8AA7, 0x8AA7, 0x8AA7, 0x8AA7, 0x8AA7, 0x8AA7, 0x8AA7, 0x8AA7, 
0x8AA7, 0x8AA7, 0x8AA7, 0x8AA7, 0x8AA7, 0x8AA7, 0x8AA7, 0x8AA7, 0x8AA7, 0x8AA7, 0x8AA7, 0x8AA7, 
0x8AA7, 0x8AA7, 0x8AA7, 0x8AA7, 0x8AA7, 0x8AA7, 0xCEDF, 0xCEDF, 0xCEDF, 0xCEDF, 0xCEDF, 0xCEDF, 
0x34AD, 0x34AD, 0x34AD, 0x34AD, 0x34AD, 0x34AD, 0x34AD, 0x34AD, 0x34AD, 0x34AD, 0x34AD, 0x34AD, 
0x34AD, 0x34AD, 0x34AD, 0x34AD, 0x34AD, 0x34AD, 0x34AD, 0x34AD, 0x34AD, 0x34AD, 0x34AD, 0x34AD, 
0x34AD, 0x34AD, 0x34AD, 0x34AD, 0x34AD, 0x34AD, 0x34AD, 0x34AD, 0x34AD, 0x34AD, 0x34AD, 0x34AD, 
0x34AD, 0x34AD, 0x34AD, 0x34AD, 0x34AD, 0x34AD, 0x34AD, 0x34AD, 0x34AD, 0x34AD, 0x34AD, 0x34AD, 
0x34AD, 0x34AD, 0x34AD, 0x34AD, 0x34AD, 0x34AD, 0x34AD, 0x34AD, 0x34AD, 0x34AD, 0x34AD, 0x34AD, 
0x34AD, 0x34AD, 0x34AD, 0x34AD, 0x34AD, 0x34AD, 0x34AD, 0x34AD, 0x34AD, 0x34AD, 0x8AA7, 0x8AA7, 
0x8AA7, 0x8AA7, 0x8AA7, 0x8AA7, 0x8AA7, 0x8AA7, 0x8AA7, 0x8AA7, 0x8AA7, 0x8AA7, 0x8AA7, 0x8AA7, 
0x8AA7, 0x8AA7, 0x8AA7, 0x8AA7, 0x8AA7, 0x8AA7, 0x8AA7, 0x8AA7, 0x8AA7, 0x8AA7, 0x8AA7, 0x8AA7, 
0x8AA7, 0x8AA7, 0x8AA7, 0x8AA7, 0x8AA7, 0x8AA7, 0x8AA7, 0x8AA7, 0x8AA7, 0x8AA7, 0x8AA7, 0x8AA7, 
0x8AA7, 0x8AA7, 0x8AA7, 0x8AA7, 0x8AA7, 0x8AA7, 0x8AA7, 0x8AA7, 0x8AA7, 0x8AA7, 0x8AA7, 0x8AA7, 
0x8AA7, 0x8AA7, 0x8AA7, 0x8AA7, 0xCEDF, 0xCEDF, 0xCEDF, 0xCEDF, 0x34AD, 0x34AD, 0x34AD, 0x34AD, 
0x34AD, 0x34AD, 0x34AD, 0x34AD, 0x34AD, 0x34AD, 0x34AD, 0x34AD, 0x34AD, 0x34AD, 0x34AD, 0x34AD, 
0x34AD, 0x34AD, 0x34AD, 0x34AD, 0x34AD, 0x34AD, 0x34AD, 0x34AD, 0x34AD, 0x34AD, 0x34AD, 0x34AD, 
0x34AD, 0x34AD, 0x34AD, 0x34AD, 0x34AD, 0x34AD, 0x34AD, 0x34AD, 0x34AD, 0x34AD, 0x34AD, 0x34AD, 
0x34AD, 0x34AD, 0x34AD, 0x34AD, 0x34AD, 0x34AD, 0x34AD, 0x34AD, 0x34AD, 0x34AD, 0x34AD, 0x34AD, 
0x34AD, 0x34AD, 0x34AD, 0x34AD, 0x34AD, 0x34AD, 0x34AD, 0x34AD, 0x34AD, 0x34AD, 0x34AD, 0x34AD, 
0x34AD, 0x34AD, 0x34AD, 0x34AD, 0x34AD, 0x34AD, 0x8AA7, 0x8AA7, 0x8AA7, 0x8AA7, 0x8AA7, 0x8AA7, 
0x8AA7, 0x8AA7, 0x8AA7, 0x8AA7, 0x8AA7, 0x8AA7, 0x8AA7, 0x8AA7, 0x8AA7, 0x8AA7, 0x8AA7, 0x8AA7, 
0x8AA7, 0x8AA7, 0x8AA7, 0x8AA7, 0x8AA7, 0x8AA7, 0x8AA7, 0x8AA7, 0x8AA7, 0x8AA7, 0x8AA7, 0x8AA7, 
0x8AA7, 0x8AA7, 0x8AA7, 0x8AA7, 0x8AA7, 0x8AA7, 0x8AA7, 0x8AA7, 0x8AA7, 0x8AA7, 0x8AA7, 0x8AA7, 
0x8AA7, 0x8AA7, 0x8AA7, 0x8AA7, 0x8AA7, 0x8AA7, 0x8AA7, 0x8AA7, 0x8AA7, 0x8AA7, 0x8AA7, 0x8AA7, 
0xCEDF, 0xCEDF, 0xCEDF, 0xCEDF, 0x34AD, 0x34AD, 0x34AD, 0x34AD, 0x34AD, 0x34AD, 0x34AD, 0x34AD, 
0x34AD, 0x34AD, 0x34AD, 0x34AD, 0x34AD, 0x34AD, 0x34AD, 0x34AD, 0x34AD, 0x34AD, 0x34AD, 0x34AD, 
0x34AD, 0x34AD, 0x34AD, 0x34AD, 0x34AD, 0x34AD, 0x34AD, 0x34AD, 0x34AD, 0x34AD, 0x34AD, 0x34AD, 
0x34AD, 0x34AD, 0x34AD, 0x34AD, 0x34AD, 0x34AD, 0x34AD, 0x34AD, 0x34AD, 0x34AD, 0x34AD, 0x34AD, 
0x34AD, 0x34AD, 0x34AD, 0x34AD, 0x34AD, 0x34AD, 0x34AD, 0x34AD, 0x34AD, 0x34AD, 0x34AD, 0x34AD, 
0x34AD, 0x34AD, 0x34AD, 0x34AD, 0x34AD, 0x34AD, 0x34AD, 0x34AD, 0x34AD, 0x34AD, 0x34AD, 0x34AD, 
0x8AA7, 0x8AA7, 0x8AA7, 0x8AA7, 0x8AA7, 0x8AA7, 0x8AA7, 0x8AA7, 0x8AA7, 0x8AA7, 0x8AA7, 0x8AA7, 
0x8AA7, 0x8AA7, 0x8AA7, 0x8AA7, 0x8AA7, 0x8AA7, 0x8AA7, 0x8AA7, 0x8AA7, 0x8AA7, 0x8AA7, 0x8AA7, 
0x8AA7, 0x8AA7, 0x8AA7, 0x8AA7, 0x8AA7, 0x8AA7, 0x8AA7, 0x8AA7, 0x8AA7, 0x8AA7, 0x8AA7, 0x8AA7, 
0x8AA7, 0x8AA7, 0x8AA7, 0x8AA7, 0x8AA7, 0x8AA7, 0x8AA7, 0x8AA7, 0x8AA7, 0x8AA7, 0x8AA7, 0x8AA7, 
0x8AA7, 0x8AA7, 0x8AA7, 0x8AA7, 0x8AA7, 0x8AA7, 0x8AA7, 0x8AA7, 0xCEDF, 0xCEDF, 0xCEDF, 0xCEDF, 
0x34AD, 0x34AD, 0x34AD, 0x34AD, 0x34AD, 0x34AD, 0x34AD, 0x34AD, 0x34AD, 0x34AD, 0x34AD, 0x34AD, 
0x34AD, 0x34AD, 0x34AD, 0x34AD, 0x34AD, 0x34AD, 0x34AD, 0x34AD, 0x34AD, 0x34AD, 0x34AD, 0x34AD, 
0x34AD, 0x34AD, 0x34AD, 0x34AD, 0x34AD, 0x34AD, 0x34AD, 0x34AD, 0x34AD, 0x34AD, 0x34AD, 0x34AD, 
0x34AD, 0x34AD, 0x34AD, 0x34AD, 0x34AD, 0x34AD, 0x34AD, 0x34AD, 0x34AD, 0x34AD, 0x34AD, 0x34AD, 
0x34AD, 0x34AD, 0x34AD, 0x34AD, 0x34AD, 0x34AD, 0x34AD, 0x34AD, 0x34AD, 0x34AD, 0x34AD, 0x34AD, 
0x34AD, 0x34AD, 0x34AD, 0x34AD, 0x34AD, 0x34AD, 0x34AD, 0x34AD, 0x8AA7, 0x8AA7, 0x8AA7, 0x8AA7, 
0x8AA7, 0x8AA7, 0x8AA7, 0x8AA7, 0x8AA7, 0x8AA7, 0x8AA7, 0x8AA7, 0x8AA7, 0x8AA7, 0x8AA7, 0x8AA7, 
0x8AA7, 0x8AA7, 0x8AA7, 0x8AA7, 0x8AA7, 0x8AA7, 0x8AA7, 0x8AA7, 0x8AA7, 0x8AA7, 0x8AA7, 0x8AA7, 
0x8AA7, 0x8AA7, 0x8AA7, 0x8AA7, 0x8AA7, 0x8AA7, 0x8AA7, 0x8AA7, 0x8AA7, 0x8AA7, 0x8AA7, 0x8AA7, 
0x8AA7, 0x8AA7, 0x8AA7, 0x8AA7, 0x8AA7, 0x8AA7, 0x8AA7, 0x8AA7, 0x8AA7, 0x8AA7, 0x8AA7, 0x8AA7, 
0x8AA7, 0x8AA7, 0x8AA7, 0x8AA7, 0xCEDF, 0xCEDF, 0xCEDF, 0xCEDF, 0x34AD, 0x34AD, 0x34AD, 0x34AD, 
0x34AD, 0x34AD, 0x34AD, 0x34AD, 0x34AD, 0x34AD, 0x34AD, 0x34AD, 0x34AD, 0x34AD, 0x34AD, 0x34AD, 
0x34AD, 0x34AD, 0x34AD, 0x34AD, 0x34AD, 0x34AD, 0x34AD, 0x34AD, 0x34AD, 0x34AD, 0x34AD, 0x34AD, 
0x34AD, 0x34AD, 0x34AD, 0x34AD, 0x34AD, 0x34AD, 0x34AD, 0x34AD, 0x34AD, 0x34AD, 0x34AD, 0x34AD, 
0x34AD, 0x34AD, 0x34AD, 0x34AD, 0x34AD, 0x34AD, 0x34AD, 0x34AD, 0x34AD, 0x34AD, 0x34AD, 0x34AD, 
0x34AD, 0x34AD, 0x34AD, 0x34AD, 0x34AD, 0x34AD, 0x34AD, 0x34AD, 0x34AD, 0x34AD, 0x34AD, 0x34AD, 
0x31E7, 0x31E7, 0x31E7, 0x31E7, 0x31E7, 0x31E7, 0x31E7, 0x31E7, 0x8AA7, 0x8AA7, 0x8AA7, 0x8AA7, 
0x8AA7, 0x8AA7, 0x8AA7, 0x8AA7, 0x8AA7, 0x8AA7, 0x8AA7, 0x8AA7, 0x8AA7, 0x8AA7, 0x8AA7, 0x8AA7, 
0x8AA7, 0x8AA7, 0x8AA7, 0x8AA7, 0x8AA7, 0x8AA7, 0x8AA7, 0x8AA7, 0x8AA7, 0x8AA7, 0x8AA7, 0x8AA7, 
0x8AA7, 0x8AA7, 0x8AA7, 0x8AA7, 0x8AA7, 0x8AA7, 0x8AA7, 0x8AA7, 0x8AA7, 0x8AA7, 0x8AA7, 0x8AA7, 
0x8AA7, 0x8AA7, 0x8AA7, 0x8AA7, 0x8AA7, 0x8AA7, 0x8AA7, 0x8AA7, 0x8AA7, 0x8AA7, 0x8AA7, 0x8AA7, 
0xCEDF, 0xCEDF, 0xCEDF, 0xCEDF, 0x34AD, 0x34AD, 0x34AD, 0x34AD, 0x34AD, 0x34AD, 0x34AD, 0x34AD, 
0x34AD, 0x34AD, 0x34AD, 0x34AD, 0x34AD, 0x34AD, 0x34AD, 0x34AD, 0x34AD, 0x34AD, 0x34AD, 0x34AD, 
0x34AD, 0x34AD, 0x34AD, 0x34AD, 0x34AD, 0x34AD, 0x34AD, 0x34AD, 0x34AD, 0x34AD, 0x34AD, 0x34AD, 
0x34AD, 0x34AD, 0x34AD, 0x34AD, 0x34AD, 0x34AD, 0x34AD, 0x34AD, 0x34AD, 0x34AD, 0x34AD, 0x34AD, 
0x34AD, 0x34AD, 0x34AD, 0x34AD, 0x34AD, 0x34AD, 0x34AD, 0x34AD, 0x34AD, 0x34AD, 0x34AD, 0x34AD, 
0x34AD, 0x34AD, 0x34AD, 0x34AD, 0x34AD, 0x34AD, 0x34AD, 0x34AD, 0x31E7, 0x31E7, 0x31E7, 0x31E7, 
0x31E7, 0x31E7, 0x31E7, 0x31E7, 0x8AA7, 0x8AA7, 0x8AA7, 0x8AA7, 0x8AA7, 0x8AA7, 0x8AA7, 0x8AA7, 
0x8AA7, 0x8AA7, 0x8AA7, 0x8AA7, 0x8AA7, 0x8AA7, 0x8AA7, 0x8AA7, 0x8AA7, 0x8AA7, 0x8AA7, 0x8AA7, 
0x8AA7, 0x8AA7, 0x8AA7, 0x8AA7, 0x8AA7, 0x8AA7, 0x8AA7, 0x8AA7, 0x8AA7, 0x8AA7, 0x8AA7, 0x8AA7, 
0x8AA7, 0x8AA7, 0x8AA7, 0x8AA7, 0x8AA7, 0x8AA7, 0x8AA7, 0x8AA7, 0x8AA7, 0x8AA7, 0x8AA7, 0x8AA7, 
0x8AA7, 0x8AA7, 0x8AA7, 0x8AA7, 0x8AA7, 0x8AA7, 0x8AA7, 0x8AA7, 0xCEDF, 0xCEDF, 0xCEDF, 0xCEDF, 
0x34AD, 0x34AD, 0x34AD, 0x34AD, 0x34AD, 0x34AD, 0x34AD, 0x34AD, 0x34AD, 0x34AD, 0x34AD, 0x34AD, 
0x34AD, 0x34AD, 0x34AD, 0x34AD, 0x34AD, 0x34AD, 0x34AD, 0x34AD, 0x34AD, 0x34AD, 0x34AD, 0x34AD, 
0x34AD, 0x34AD, 0x34AD, 0x34AD, 0x34AD, 0x34AD, 0x34AD, 0x34AD, 0x34AD, 0x34AD, 0x34AD, 0x34AD, 
0x34AD, 0x34AD, 0x34AD, 0x34AD, 0x34AD, 0x34AD, 0x34AD, 0x34AD, 0x34AD, 0x34AD, 0x34AD, 0x34AD, 
0x34AD, 0x34AD, 0x34AD, 0x34AD, 0x34AD, 0x34AD, 0x34AD, 0x34AD, 0x34AD, 0x34AD, 0x34AD, 0x34AD, 
0x34AD, 0x34AD, 0x31E7, 0x31E7, 0x31E7, 0x31E7, 0x34AD, 0x34AD, 0x34AD, 0x34AD, 0x34AD, 0x34AD, 
0x31E7, 0x31E7, 0x31E7, 0x31E7, 0x31E7, 0x31E7, 0x8AA7, 0x8AA7, 0x8AA7, 0x8AA7, 0x8AA7, 0x8AA7, 
0x8AA7, 0x8AA7, 0x8AA7, 0x8AA7, 0x8AA7, 0x8AA7, 0x8AA7, 0x8AA7, 0x8AA7, 0x8AA7, 0x8AA7, 0x8AA7, 
0x8AA7, 0x8AA7, 0x8AA7, 0x8AA7, 0x8AA7, 0x8AA7, 0x8AA7, 0x8AA7, 0x8AA7, 0x8AA7, 0x8AA7, 0x8AA7, 
0x8AA7, 0x8AA7, 0x8AA7, 0x8AA7, 0x8AA7, 0x8AA7, 0x8AA7, 0x8AA7, 0x8AA7, 0x8AA7, 0x8AA7, 0x8AA7, 
0x8AA7, 0x8AA7, 0x8AA7, 0x8AA7, 0xCEDF, 0xCEDF, 0xCEDF, 0xCEDF, 0x34AD, 0x34AD, 0x34AD, 0x34AD, 
0x34AD, 0x34AD, 0x34AD, 0x34AD, 0x34AD, 0x34AD, 0x34AD, 0x34AD, 0x34AD, 0x34AD, 0x34AD, 0x34AD, 
0x34AD, 0x34AD, 0x34AD, 0x34AD, 0x34AD, 0x34AD, 0x34AD, 0x34AD, 0x34AD, 0x34AD, 0x34AD, 0x34AD, 
0x34AD, 0x34AD, 0x34AD, 0x34AD, 0x34AD, 0x34AD, 0x34AD, 0x34AD, 0x34AD, 0x34AD, 0x34AD, 0x34AD, 
0x34AD, 0x34AD, 0x34AD, 0x34AD, 0x34AD, 0x34AD, 0x34AD, 0x34AD, 0x34AD, 0x34AD, 0x34AD, 0x34AD, 
0x34AD, 0x34AD, 0x34AD, 0x34AD, 0x34AD, 0x34AD, 0x34AD, 0x34AD, 0x34AD, 0x34AD, 0x31E7, 0x31E7, 
0x31E7, 0x31E7, 0x34AD, 0x34AD, 0x34AD, 0x34AD, 0x34AD, 0x34AD, 0x31E7, 0x31E7, 0x31E7, 0x31E7, 
0x31E7, 0x31E7, 0x8AA7, 0x8AA7, 0x8AA7, 0x8AA7, 0x8AA7, 0x8AA7, 0x8AA7, 0x8AA7, 0x8AA7, 0x8AA7, 
0x8AA7, 0x8AA7, 0x8AA7, 0x8AA7, 0x8AA7, 0x8AA7, 0x8AA7, 0x8AA7, 0x8AA7, 0x8AA7, 0x8AA7, 0x8AA7, 
0x8AA7, 0x8AA7, 0x8AA7, 0x8AA7, 0x8AA7, 0x8AA7, 0x8AA7, 0x8AA7, 0x8AA7, 0x8AA7, 0x8AA7, 0x8AA7, 
0x8AA7, 0x8AA7, 0x8AA7, 0x8AA7, 0x8AA7, 0x8AA7, 0x8AA7, 0x8AA7, 0x8AA7, 0x8AA7, 0x8AA7, 0x8AA7, 
0xCEDF, 0xCEDF, 0xCEDF, 0xCEDF, 0x34AD, 0x34AD, 0x34AD, 0x34AD, 0x34AD, 0x34AD, 0x34AD, 0x34AD, 
0x34AD, 0x34AD, 0x34AD, 0x34AD, 0x34AD, 0x34AD, 0x34AD, 0x34AD, 0x34AD, 0x34AD, 0x34AD, 0x34AD, 
0x34AD, 0x34AD, 0x34AD, 0x34AD, 0x34AD, 0x34AD, 0x34AD, 0x34AD, 0x34AD, 0x34AD, 0x34AD, 0x34AD, 
0x34AD, 0x34AD, 0x34AD, 0x34AD, 0x34AD, 0x34AD, 0x34AD, 0x34AD, 0x34AD, 0x34AD, 0x34AD, 0x34AD, 
0x34AD, 0x34AD, 0x34AD, 0x34AD, 0x34AD, 0x34AD, 0x34AD, 0x34AD, 0x34AD, 0x34AD, 0x34AD, 0x34AD, 
0x34AD, 0x34AD, 0x34AD, 0x34AD, 0x31E7, 0x31E7, 0x31E7, 0x31E7, 0x34AD, 0x34AD, 0x34AD, 0x34AD, 
0x34AD, 0x34AD, 0x34AD, 0x34AD, 0x34AD, 0x34AD, 0x34AD, 0x34AD, 0x31E7, 0x31E7, 0x8AA7, 0x8AA7, 
0x8AA7, 0x8AA7, 0x34AD, 0x34AD, 0x34AD, 0x34AD, 0x34AD, 0x34AD, 0x8AA7, 0x8AA7, 0x8AA7, 0x8AA7, 
0x8AA7, 0x8AA7, 0x8AA7, 0x8AA7, 0x8AA7, 0x8AA7, 0x8AA7, 0x8AA7, 0x8AA7, 0x8AA7, 0x8AA7, 0x8AA7, 
0x8AA7, 0x8AA7, 0x8AA7, 0x8AA7, 0x8AA7, 0x8AA7, 0x8AA7, 0x8AA7, 0x8AA7, 0x8AA7, 0x8AA7, 0x8AA7, 
0x8AA7, 0x8AA7, 0x8AA7, 0x8AA7, 0x8AA7, 0x8AA7, 0x8AA7, 0x8AA7, 0x8AA7, 0x8AA7, 0xCEDF, 0xCEDF, 
0x34AD, 0x34AD, 0x34AD, 0x34AD, 0x34AD, 0x34AD, 0x34AD, 0x34AD, 0x34AD, 0x34AD, 0x34AD, 0x34AD, 
0x34AD, 0x34AD, 0x34AD, 0x34AD, 0x34AD, 0x34AD, 0x34AD, 0x34AD, 0x34AD, 0x34AD, 0x34AD, 0x34AD, 
0x34AD, 0x34AD, 0x34AD, 0x34AD, 0x34AD, 0x34AD, 0x34AD, 0x34AD, 0x34AD, 0x34AD, 0x34AD, 0x34AD, 
0x34AD, 0x34AD, 0x34AD, 0x34AD, 0x34AD, 0x34AD, 0x34AD, 0x34AD, 0x34AD, 0x34AD, 0x34AD, 0x34AD, 
0x34AD, 0x34AD, 0x34AD, 0x34AD, 0x34AD, 0x34AD, 0x34AD, 0x34AD, 0x34AD, 0x34AD, 0x34AD, 0x34AD, 
0x31E7, 0x31E7, 0x31E7, 0x31E7, 0x34AD, 0x34AD, 0x34AD, 0x34AD, 0x34AD, 0x34AD, 0x34AD, 0x34AD, 
0x34AD, 0x34AD, 0x34AD, 0x34AD, 0x31E7, 0x31E7, 0x8AA7, 0x8AA7, 0x8AA7, 0x8AA7, 0x34AD, 0x34AD, 
0x34AD, 0x34AD, 0x34AD, 0x34AD, 0x8AA7, 0x8AA7, 0x8AA7, 0x8AA7, 0x8AA7, 0x8AA7, 0x8AA7, 0x8AA7, 
0x8AA7, 0x8AA7, 0x8AA7, 0x8AA7, 0x8AA7, 0x8AA7, 0x8AA7, 0x8AA7, 0x8AA7, 0x8AA7, 0x8AA7, 0x8AA7, 
0x8AA7, 0x8AA7, 0x8AA7, 0x8AA7, 0x8AA7, 0x8AA7, 0x8AA7, 0x8AA7, 0x8AA7, 0x8AA7, 0x8AA7, 0x8AA7, 
0x8AA7, 0x8AA7, 0x8AA7, 0x8AA7, 0x8AA7, 0x8AA7, 0xCEDF, 0xCEDF, 0x34AD, 0x34AD, 0x34AD, 0x34AD, 
0x34AD, 0x34AD, 0x34AD, 0x34AD, 0x34AD, 0x34AD, 0x34AD, 0x34AD, 0x34AD, 0x34AD, 0x34AD, 0x34AD, 
0x34AD, 0x34AD, 0x34AD, 0x34AD, 0x34AD, 0x34AD, 0x34AD, 0x34AD, 0x34AD, 0x34AD, 0x34AD, 0x34AD, 
0x34AD, 0x34AD, 0x34AD, 0x34AD, 0x34AD, 0x34AD, 0x34AD, 0x34AD, 0x34AD, 0x34AD, 0x34AD, 0x34AD, 
0x34AD, 0x34AD, 0x34AD, 0x34AD, 0x34AD, 0x34AD, 0x34AD, 0x34AD, 0x34AD, 0x34AD, 0x34AD, 0x34AD, 
0x34AD, 0x34AD, 0x34AD, 0x34AD, 0x34AD, 0x34AD, 0x34AD, 0x34AD, 0x31E7, 0x31E7, 0x34AD, 0x34AD, 
0x34AD, 0x34AD, 0x34AD, 0x34AD, 0x34AD, 0x34AD, 0x34AD, 0x34AD, 0x34AD, 0x34AD, 0x34AD, 0x34AD, 
0x34AD, 0x34AD, 0x31E7, 0x31E7, 0x31E7, 0x31E7, 0x34AD, 0x34AD, 0x34AD, 0x34AD, 0x34AD, 0x34AD, 
0x34AD, 0x34AD, 0x8AA7, 0x8AA7, 0x8AA7, 0x8AA7, 0x8AA7, 0x8AA7, 0x8AA7, 0x8AA7, 0x8AA7, 0x8AA7, 
0x8AA7, 0x8AA7, 0x8AA7, 0x8AA7, 0x8AA7, 0x8AA7, 0x8AA7, 0x8AA7, 0x8AA7, 0x8AA7, 0x8AA7, 0x8AA7, 
0x8AA7, 0x8AA7, 0x8AA7, 0x8AA7, 0x8AA7, 0x8AA7, 0x8AA7, 0x8AA7, 0x8AA7, 0x8AA7, 0x8AA7, 0x8AA7, 
0x8AA7, 0x8AA7, 0xCEDF, 0xCEDF, 0x34AD, 0x34AD, 0x34AD, 0x34AD, 0x34AD, 0x34AD, 0x34AD, 0x34AD, 
0x34AD, 0x34AD, 0x34AD, 0x34AD, 0x34AD, 0x34AD, 0x34AD, 0x34AD, 0x34AD, 0x34AD, 0x34AD, 0x34AD, 
0x34AD, 0x34AD, 0x34AD, 0x34AD, 0x34AD, 0x34AD, 0x34AD, 0x34AD, 0x34AD, 0x34AD, 0x34AD, 0x34AD, 
0x34AD, 0x34AD, 0x34AD, 0x34AD, 0x34AD, 0x34AD, 0x34AD, 0x34AD, 0x34AD, 0x34AD, 0x34AD, 0x34AD, 
0x34AD, 0x34AD, 0x34AD, 0x34AD, 0x34AD, 0x34AD, 0x34AD, 0x34AD, 0x34AD, 0x34AD, 0x34AD, 0x34AD, 
0x34AD, 0x34AD, 0x34AD, 0x34AD, 0x31E7, 0x31E7, 0x34AD, 0x34AD, 0x34AD, 0x34AD, 0x34AD, 0x34AD, 
0x34AD, 0x34AD, 0x34AD, 0x34AD, 0x34AD, 0x34AD, 0x34AD, 0x34AD, 0x34AD, 0x34AD, 0x31E7, 0x31E7, 
0x31E7, 0x31E7, 0x34AD, 0x34AD, 0x34AD, 0x34AD, 0x34AD, 0x34AD, 0x34AD, 0x34AD, 0x8AA7, 0x8AA7, 
0x8AA7, 0x8AA7, 0x8AA7, 0x8AA7, 0x8AA7, 0x8AA7, 0x8AA7, 0x8AA7, 0x8AA7, 0x8AA7, 0x8AA7, 0x8AA7, 
0x8AA7, 0x8AA7, 0x8AA7, 0x8AA7, 0x8AA7, 0x8AA7, 0x8AA7, 0x8AA7, 0x8AA7, 0x8AA7, 0x8AA7, 0x8AA7, 
0x8AA7, 0x8AA7, 0x8AA7, 0x8AA7, 0x8AA7, 0x8AA7, 0x8AA7, 0x8AA7, 0x8AA7, 0x8AA7, 0xCEDF, 0xCEDF, 
0x34AD, 0x34AD, 0x34AD, 0x34AD, 0x34AD, 0x34AD, 0x34AD, 0x34AD, 0x34AD, 0x34AD, 0x34AD, 0x34AD, 
0x34AD, 0x34AD, 0x34AD, 0x34AD, 0x34AD, 0x34AD, 0x34AD, 0x34AD, 0x34AD, 0x34AD, 0x34AD, 0x34AD, 
0x34AD, 0x34AD, 0x34AD, 0x34AD, 0x34AD, 0x34AD, 0x34AD, 0x34AD, 0x34AD, 0x34AD, 0x34AD, 0x34AD, 
0x34AD, 0x34AD, 0x34AD, 0x34AD, 0x34AD, 0x34AD, 0x34AD, 0x34AD, 0x34AD, 0x34AD, 0x34AD, 0x34AD, 
0x34AD, 0x34AD, 0x34AD, 0x34AD, 0x34AD, 0x34AD, 0x34AD, 0x34AD, 0x34AD, 0x34AD, 0x34AD, 0x34AD, 
0x31E7, 0x31E7, 0x34AD, 0x34AD, 0x34AD, 0x34AD, 0x34AD, 0x34AD, 0x34AD, 0x34AD, 0x34AD, 0x34AD, 
0x34AD, 0x34AD, 0x34AD, 0x34AD, 0x34AD, 0x34AD, 0x34AD, 0x34AD, 0x31E7, 0x31E7, 0x31E7, 0x31E7, 
0x34AD, 0x34AD, 0x34AD, 0x34AD, 0x34AD, 0x34AD, 0x8AA7, 0x8AA7, 0x8AA7, 0x8AA7, 0x8AA7, 0x8AA7, 
0x8AA7, 0x8AA7, 0x8AA7, 0x8AA7, 0x8AA7, 0x8AA7, 0x8AA7, 0x8AA7, 0x8AA7, 0x8AA7, 0x8AA7, 0x8AA7, 
0x8AA7, 0x8AA7, 0x8AA7, 0x8AA7, 0x8AA7, 0x8AA7, 0x8AA7, 0x8AA7, 0x8AA7, 0x8AA7, 0x8AA7, 0x8AA7, 
0x8AA7, 0x8AA7, 0x8AA7, 0x8AA7, 0x8AA7, 0x8AA7, 0xCEDF, 0xCEDF, 0x34AD, 0x34AD, 0x34AD, 0x34AD, 
0x34AD, 0x34AD, 0x34AD, 0x34AD, 0x34AD, 0x34AD, 0x34AD, 0x34AD, 0x34AD, 0x34AD, 0x34AD, 0x34AD, 
0x34AD, 0x34AD, 0x34AD, 0x34AD, 0x34AD, 0x34AD, 0x34AD, 0x34AD, 0x34AD, 0x34AD, 0x34AD, 0x34AD, 
0x34AD, 0x34AD, 0x34AD, 0x34AD, 0x34AD, 0x34AD, 0x34AD, 0x34AD, 0x34AD, 0x34AD, 0x34AD, 0x34AD, 
0x34AD, 0x34AD, 0x34AD, 0x34AD, 0x34AD, 0x34AD, 0x34AD, 0x34AD, 0x34AD, 0x34AD, 0x34AD, 0x34AD, 
0x34AD, 0x34AD, 0x34AD, 0x34AD, 0x34AD, 0x34AD, 0x34AD, 0x34AD, 0x31E7, 0x31E7, 0x34AD, 0x34AD, 
0x34AD, 0x34AD, 0x34AD, 0x34AD, 0x34AD, 0x34AD, 0x34AD, 0x34AD, 0x34AD, 0x34AD, 0x34AD, 0x34AD, 
0x34AD, 0x34AD, 0x34AD, 0x34AD, 0x31E7, 0x31E7, 0x31E7, 0x31E7, 0x34AD, 0x34AD, 0x34AD, 0x34AD, 
0x34AD, 0x34AD, 0x8AA7, 0x8AA7, 0x8AA7, 0x8AA7, 0x8AA7, 0x8AA7, 0x8AA7, 0x8AA7, 0x8AA7, 0x8AA7, 
0x8AA7, 0x8AA7, 0x8AA7, 0x8AA7, 0x8AA7, 0x8AA7, 0x8AA7, 0x8AA7, 0x8AA7, 0x8AA7, 0x8AA7, 0x8AA7, 
0x8AA7, 0x8AA7, 0x8AA7, 0x8AA7, 0x8AA7, 0x8AA7, 0x8AA7, 0x8AA7, 0x8AA7, 0x8AA7, 0x8AA7, 0x8AA7, 
0x8AA7, 0x8AA7, 0xCEDF, 0xCEDF, 0x34AD, 0x34AD, 0x34AD, 0x34AD, 0x34AD, 0x34AD, 0x34AD, 0x34AD, 
0x34AD, 0x34AD, 0x34AD, 0x34AD, 0x34AD, 0x34AD, 0x34AD, 0x34AD, 0x34AD, 0x34AD, 0x34AD, 0x34AD, 
0x34AD, 0x34AD, 0x34AD, 0x34AD, 0x34AD, 0x34AD, 0x34AD, 0x34AD, 0x34AD, 0x34AD, 0x34AD, 0x34AD, 
0x34AD, 0x34AD, 0x34AD, 0x34AD, 0x34AD, 0x34AD, 0x34AD, 0x34AD, 0x34AD, 0x34AD, 0x34AD, 0x34AD, 
0x34AD, 0x34AD, 0x34AD, 0x34AD, 0x34AD, 0x34AD, 0x34AD, 0x34AD, 0x34AD, 0x34AD, 0x34AD, 0x34AD, 
0x34AD, 0x34AD, 0x34AD, 0x34AD, 0x31E7, 0x31E7, 0x34AD, 0x34AD, 0x34AD, 0x34AD, 0x34AD, 0x34AD, 
0x34AD, 0x34AD, 0x34AD, 0x34AD, 0x34AD, 0x34AD, 0x34AD, 0x34AD, 0x34AD, 0x34AD, 0x34AD, 0x34AD, 
0x34AD, 0x34AD, 0x34AD, 0x34AD, 0x34AD, 0x34AD, 0x34AD, 0x34AD, 0x34AD, 0x34AD, 0x8AA7, 0x8AA7, 
0x8AA7, 0x8AA7, 0x8AA7, 0x8AA7, 0x8AA7, 0x8AA7, 0x8AA7, 0x8AA7, 0x8AA7, 0x8AA7, 0x8AA7, 0x8AA7, 
0x8AA7, 0x8AA7, 0x8AA7, 0x8AA7, 0x8AA7, 0x8AA7, 0x8AA7, 0x8AA7, 0x8AA7, 0x8AA7, 0x8AA7, 0x8AA7, 
0x8AA7, 0x8AA7, 0x8AA7, 0x8AA7, 0x8AA7, 0x8AA7, 0x8AA7, 0x8AA7, 0x8AA7, 0x8AA7, 0xCEDF, 0xCEDF, 
0x34AD, 0x34AD, 0x34AD, 0x34AD, 0x34AD, 0x34AD, 0x34AD, 0x34AD, 0x34AD, 0x34AD, 0x34AD, 0x34AD, 
0x34AD, 0x34AD, 0x34AD, 0x34AD, 0x34AD, 0x34AD, 0x34AD, 0x34AD, 0x34AD, 0x34AD, 0x34AD, 0x34AD, 
0x34AD, 0x34AD, 0x34AD, 0x34AD, 0x34AD, 0x34AD, 0x34AD, 0x34AD, 0x34AD, 0x34AD, 0x34AD, 0x34AD, 
0x34AD, 0x34AD, 0x34AD, 0x34AD, 0x34AD, 0x34AD, 0x34AD, 0x34AD, 0x34AD, 0x34AD, 0x34AD, 0x34AD, 
0x34AD, 0x34AD, 0x34AD, 0x34AD, 0x34AD, 0x34AD, 0x34AD, 0x34AD, 0x34AD, 0x34AD, 0x34AD, 0x34AD, 
0x31E7, 0x31E7, 0x34AD, 0x34AD, 0x34AD, 0x34AD, 0x34AD, 0x34AD, 0x34AD, 0x34AD, 0x34AD, 0x34AD, 
0x34AD, 0x34AD, 0x34AD, 0x34AD, 0x34AD, 0x34AD, 0x34AD, 0x34AD, 0x34AD, 0x34AD, 0x34AD, 0x34AD, 
0x34AD, 0x34AD, 0x34AD, 0x34AD, 0x34AD, 0x34AD, 0x8AA7, 0x8AA7, 0x8AA7, 0x8AA7, 0x8AA7, 0x8AA7, 
0x8AA7, 0x8AA7, 0x8AA7, 0x8AA7, 0x8AA7, 0x8AA7, 0x8AA7, 0x8AA7, 0x8AA7, 0x8AA7, 0x8AA7, 0x8AA7, 
0x8AA7, 0x8AA7, 0x8AA7, 0x8AA7, 0x8AA7, 0x8AA7, 0x8AA7, 0x8AA7, 0x8AA7, 0x8AA7, 0x8AA7, 0x8AA7, 
0x8AA7, 0x8AA7, 0x8AA7, 0x8AA7, 0x8AA7, 0x8AA7, 0xCEDF, 0xCEDF, 0x34AD, 0x34AD, 0x34AD, 0x34AD, 
0x34AD, 0x34AD, 0x34AD, 0x34AD, 0x34AD, 0x34AD, 0x34AD, 0x34AD, 0x34AD, 0x34AD, 0x34AD, 0x34AD, 
0x34AD, 0x34AD, 0x34AD, 0x34AD, 0x34AD, 0x34AD, 0x34AD, 0x34AD, 0x34AD, 0x34AD, 0x34AD, 0x34AD, 
0x34AD, 0x34AD, 0x34AD, 0x34AD, 0x34AD, 0x34AD, 0x34AD, 0x34AD, 0x34AD, 0x34AD, 0x34AD, 0x34AD, 
0x34AD, 0x34AD, 0x34AD, 0x34AD, 0x34AD, 0x34AD, 0x34AD, 0x34AD, 0x34AD, 0x34AD, 0x34AD, 0x34AD, 
0x34AD, 0x34AD, 0x34AD, 0x34AD, 0x34AD, 0x34AD, 0x34AD, 0x34AD, 0x31E7, 0x31E7, 0x34AD, 0x34AD, 
0x34AD, 0x34AD, 0x34AD, 0x34AD, 0x34AD, 0x34AD, 0x34AD, 0x34AD, 0x34AD, 0x34AD, 0x34AD, 0x34AD, 
0x34AD, 0x34AD, 0x34AD, 0x34AD, 0x34AD, 0x34AD, 0x34AD, 0x34AD, 0x34AD, 0x34AD, 0x34AD, 0x34AD, 
0x34AD, 0x34AD, 0x34AD, 0x34AD, 0x8AA7, 0x8AA7, 0x8AA7, 0x8AA7, 0x8AA7, 0x8AA7, 0x8AA7, 0x8AA7, 
0x8AA7, 0x8AA7, 0x8AA7, 0x8AA7, 0x8AA7, 0x8AA7, 0x8AA7, 0x8AA7, 0x8AA7, 0x8AA7, 0x8AA7, 0x8AA7, 
0x8AA7, 0x8AA7, 0x8AA7, 0x8AA7, 0x8AA7, 0x8AA7, 0x8AA7, 0x8AA7, 0x8AA7, 0x8AA7, 0x8AA7, 0x8AA7, 
0x8AA7, 0x8AA7, 0xCEDF, 0xCEDF, 0x34AD, 0x34AD, 0x34AD, 0x34AD, 0x34AD, 0x34AD, 0x34AD, 0x34AD, 
0x34AD, 0x34AD, 0x34AD, 0x34AD, 0x34AD, 0x34AD, 0x34AD, 0x34AD, 0x34AD, 0x34AD, 0x34AD, 0x34AD, 
0x34AD, 0x34AD, 0x34AD, 0x34AD, 0x34AD, 0x34AD, 0x34AD, 0x34AD, 0x34AD, 0x34AD, 0x34AD, 0x34AD, 
0x34AD, 0x34AD, 0x34AD, 0x34AD, 0x34AD, 0x34AD, 0x34AD, 0x34AD, 0x34AD, 0x34AD, 0x34AD, 0x34AD, 
0x34AD, 0x34AD, 0x34AD, 0x34AD, 0x34AD, 0x34AD, 0x34AD, 0x34AD, 0x34AD, 0x34AD, 0x34AD, 0x34AD, 
0x34AD, 0x34AD, 0x34AD, 0x34AD, 0x31E7, 0x31E7, 0x34AD, 0x34AD, 0x34AD, 0x34AD, 0x34AD, 0x34AD, 
0x34AD, 0x34AD, 0x34AD, 0x34AD, 0x34AD, 0x34AD, 0x34AD, 0x34AD, 0x34AD, 0x34AD, 0x34AD, 0x34AD, 
0x34AD, 0x34AD, 0x34AD, 0x34AD, 0x34AD, 0x34AD, 0x34AD, 0x34AD, 0x34AD, 0x34AD, 0x34AD, 0x34AD, 
0x8AA7, 0x8AA7, 0x8AA7, 0x8AA7, 0x8AA7, 0x8AA7, 0x8AA7, 0x8AA7, 0x8AA7, 0x8AA7, 0x8AA7, 0x8AA7, 
0x8AA7, 0x8AA7, 0x8AA7, 0x8AA7, 0x8AA7, 0x8AA7, 0x8AA7, 0x8AA7, 0x8AA7, 0x8AA7, 0x8AA7, 0x8AA7, 
0x8AA7, 0x8AA7, 0x8AA7, 0x8AA7, 0x8AA7, 0x8AA7, 0x8AA7, 0x8AA7, 0x8AA7, 0x8AA7, 0xCEDF, 0xCEDF, 
0x34AD, 0x34AD, 0x34AD, 0x34AD, 0x34AD, 0x34AD, 0x34AD, 0x34AD, 0x34AD, 0x34AD, 0x34AD, 0x34AD, 
0x34AD, 0x34AD, 0x34AD, 0x34AD, 0x34AD, 0x34AD, 0x34AD, 0x34AD, 0x34AD, 0x34AD, 0x34AD, 0x34AD, 
0x34AD, 0x34AD, 0x34AD, 0x34AD, 0x34AD, 0x34AD, 0x34AD, 0x34AD, 0x34AD, 0x34AD, 0x34AD, 0x34AD, 
0x34AD, 0x34AD, 0x34AD, 0x34AD, 0x34AD, 0x34AD, 0x34AD, 0x34AD, 0x34AD, 0x34AD, 0x34AD, 0x34AD, 
0x34AD, 0x34AD, 0x34AD, 0x34AD, 0x34AD, 0x34AD, 0x34AD, 0x34AD, 0x34AD, 0x34AD, 0x34AD, 0x34AD, 
0x34AD, 0x34AD, 0x31E7, 0x31E7, 0x34AD, 0x34AD, 0x34AD, 0x34AD, 0x34AD, 0x34AD, 0x34AD, 0x34AD, 
0x34AD, 0x34AD, 0x34AD, 0x34AD, 0x34AD, 0x34AD, 0x34AD, 0x34AD, 0x34AD, 0x34AD, 0x34AD, 0x34AD, 
0x34AD, 0x34AD, 0x34AD, 0x34AD, 0x34AD, 0x34AD, 0x34AD, 0x34AD, 0x8AA7, 0x8AA7, 0x8AA7, 0x8AA7, 
0x8AA7, 0x8AA7, 0x8AA7, 0x8AA7, 0x8AA7, 0x8AA7, 0x8AA7, 0x8AA7, 0x8AA7, 0x8AA7, 0x8AA7, 0x8AA7, 
0x8AA7, 0x8AA7, 0x8AA7, 0x8AA7, 0x8AA7, 0x8AA7, 0x8AA7, 0x8AA7, 0x8AA7, 0x8AA7, 0x8AA7, 0x8AA7, 
0x8AA7, 0x8AA7, 0x8AA7, 0x8AA7, 0x8AA7, 0x8AA7, 0xCEDF, 0xCEDF, 0x34AD, 0x34AD, 0x34AD, 0x34AD, 
0x34AD, 0x34AD, 0x34AD, 0x34AD, 0x34AD, 0x34AD, 0x34AD, 0x34AD, 0x34AD, 0x34AD, 0x34AD, 0x34AD, 
0x34AD, 0x34AD, 0x34AD, 0x34AD, 0x34AD, 0x34AD, 0x34AD, 0x34AD, 0x34AD, 0x34AD, 0x34AD, 0x34AD, 
0x34AD, 0x34AD, 0x34AD, 0x34AD, 0x34AD, 0x34AD, 0x34AD, 0x34AD, 0x34AD, 0x34AD, 0x34AD, 0x34AD, 
0x34AD, 0x34AD, 0x34AD, 0x34AD, 0x34AD, 0x34AD, 0x34AD, 0x34AD, 0x34AD, 0x34AD, 0x34AD, 0x34AD, 
0x34AD, 0x34AD, 0x34AD, 0x34AD, 0x34AD, 0x34AD, 0x34AD, 0x34AD, 0x34AD, 0x34AD, 0x31E7, 0x31E7, 
0x34AD, 0x34AD, 0x34AD, 0x34AD, 0x34AD, 0x34AD, 0x34AD, 0x34AD, 0x34AD, 0x34AD, 0x34AD, 0x34AD, 
0x34AD, 0x34AD, 0x34AD, 0x34AD, 0x34AD, 0x34AD, 0x34AD, 0x34AD, 0x34AD, 0x34AD, 0x34AD, 0x34AD, 
0x34AD, 0x34AD, 0x34AD, 0x34AD, 0x8AA7, 0x8AA7, 0x8AA7, 0x8AA7, 0x8AA7, 0x8AA7, 0x8AA7, 0x8AA7, 
0x8AA7, 0x8AA7, 0x8AA7, 0x8AA7, 0x8AA7, 0x8AA7, 0x8AA7, 0x8AA7, 0x8AA7, 0x8AA7, 0x8AA7, 0x8AA7, 
0x8AA7, 0x8AA7, 0x8AA7, 0x8AA7, 0x8AA7, 0x8AA7, 0x8AA7, 0x8AA7, 0x8AA7, 0x8AA7, 0x8AA7, 0x8AA7, 
0x8AA7, 0x8AA7, 0xCEDF, 0xCEDF, 0x34AD, 0x34AD, 0x34AD, 0x34AD, 0x34AD, 0x34AD, 0x34AD, 0x34AD, 
0x34AD, 0x34AD, 0x34AD, 0x34AD, 0x34AD, 0x34AD, 0x34AD, 0x34AD, 0x34AD, 0x34AD, 0x34AD, 0x34AD, 
0x34AD, 0x34AD, 0x34AD, 0x34AD, 0x34AD, 0x34AD, 0x34AD, 0x34AD, 0x34AD, 0x34AD, 0x34AD, 0x34AD, 
0x34AD, 0x34AD, 0x34AD, 0x34AD, 0x34AD, 0x34AD, 0x34AD, 0x34AD, 0x34AD, 0x34AD, 0x34AD, 0x34AD, 
0x34AD, 0x34AD, 0x34AD, 0x34AD, 0x34AD, 0x34AD, 0x34AD, 0x34AD, 0x34AD, 0x34AD, 0x34AD, 0x34AD, 
0x34AD, 0x34AD, 0x34AD, 0x34AD, 0x34AD, 0x34AD, 0x8AA7, 0x8AA7, 0x31E7, 0x31E7, 0x34AD, 0x34AD, 
0x34AD, 0x34AD, 0x34AD, 0x34AD, 0x34AD, 0x34AD, 0x34AD, 0x34AD, 0x34AD, 0x34AD, 0x34AD, 0x34AD, 
0x34AD, 0x34AD, 0x34AD, 0x34AD, 0x34AD, 0x34AD, 0x34AD, 0x34AD, 0x34AD, 0x34AD, 0x34AD, 0x34AD, 
0x34AD, 0x34AD, 0x8AA7, 0x8AA7, 0x8AA7, 0x8AA7, 0x8AA7, 0x8AA7, 0x8AA7, 0x8AA7, 0x8AA7, 0x8AA7, 
0x8AA7, 0x8AA7, 0x8AA7, 0x8AA7, 0x8AA7, 0x8AA7, 0x8AA7, 0x8AA7, 0x8AA7, 0x8AA7, 0x8AA7, 0x8AA7, 
0x8AA7, 0x8AA7, 0x8AA7, 0x8AA7, 0x8AA7, 0x8AA7, 0x8AA7, 0x8AA7, 0x8AA7, 0x8AA7, 0xCEDF, 0xCEDF, 
0x34AD, 0x34AD, 0x34AD, 0x34AD, 0x34AD, 0x34AD, 0x34AD, 0x34AD, 0x34AD, 0x34AD, 0x34AD, 0x34AD, 
0x34AD, 0x34AD, 0x34AD, 0x34AD, 0x34AD, 0x34AD, 0x34AD, 0x34AD, 0x34AD, 0x34AD, 0x34AD, 0x34AD, 
0x34AD, 0x34AD, 0x34AD, 0x34AD, 0x34AD, 0x34AD, 0x34AD, 0x34AD, 0x34AD, 0x34AD, 0x34AD, 0x34AD, 
0x34AD, 0x34AD, 0x34AD, 0x34AD, 0x34AD, 0x34AD, 0x34AD, 0x34AD, 0x34AD, 0x34AD, 0x34AD, 0x34AD, 
0x34AD, 0x34AD, 0x34AD, 0x34AD, 0x34AD, 0x34AD, 0x34AD, 0x34AD, 0x34AD, 0x34AD, 0x34AD, 0x34AD, 
0x34AD, 0x34AD, 0x8AA7, 0x8AA7, 0x31E7, 0x31E7, 0x34AD, 0x34AD, 0x34AD, 0x34AD, 0x34AD, 0x34AD, 
0x34AD, 0x34AD, 0x34AD, 0x34AD, 0x34AD, 0x34AD, 0x34AD, 0x34AD, 0x34AD, 0x34AD, 0x34AD, 0x34AD, 
0x34AD, 0x34AD, 0x34AD, 0x34AD, 0x34AD, 0x34AD, 0x34AD, 0x34AD, 0x34AD, 0x34AD, 0x8AA7, 0x8AA7, 
0x8AA7, 0x8AA7, 0x8AA7, 0x8AA7, 0x8AA7, 0x8AA7, 0x8AA7, 0x8AA7, 0x8AA7, 0x8AA7, 0x8AA7, 0x8AA7, 
0x8AA7, 0x8AA7, 0x8AA7, 0x8AA7, 0x8AA7, 0x8AA7, 0x8AA7, 0x8AA7, 0x8AA7, 0x8AA7, 0x8AA7, 0x8AA7, 
0x8AA7, 0x8AA7, 0x8AA7, 0x8AA7, 0x8AA7, 0x8AA7, 0xCEDF, 0xCEDF, 0x34AD, 0x34AD, 0x34AD, 0x34AD, 
0x34AD, 0x34AD, 0x34AD, 0x34AD, 0x34AD, 0x34AD, 0x34AD, 0x34AD, 0x34AD, 0x34AD, 0x34AD, 0x34AD, 
0x34AD, 0x34AD, 0x34AD, 0x34AD, 0x34AD, 0x34AD, 0x34AD, 0x34AD, 0x34AD, 0x34AD, 0x34AD, 0x34AD, 
0x34AD, 0x34AD, 0x34AD, 0x34AD, 0x34AD, 0x34AD, 0x34AD, 0x34AD, 0x34AD, 0x34AD, 0x34AD, 0x34AD, 
0x34AD, 0x34AD, 0x34AD, 0x34AD, 0x34AD, 0x34AD, 0x34AD, 0x34AD, 0x34AD, 0x34AD, 0x34AD, 0x34AD, 
0x34AD, 0x34AD, 0x34AD, 0x34AD, 0x34AD, 0x34AD, 0x34AD, 0x34AD, 0x34AD, 0x34AD, 0x8AA7, 0x8AA7, 
0x8AA7, 0x8AA7, 0x31E7, 0x31E7, 0x31E7, 0x31E7, 0x31E7, 0x31E7, 0x31E7, 0x31E7, 0x31E7, 0x31E7, 
0x31E7, 0x31E7, 0x31E7, 0x31E7, 0x34AD, 0x34AD, 0x34AD, 0x34AD, 0x34AD, 0x34AD, 0x34AD, 0x34AD, 
0x34AD, 0x34AD, 0x34AD, 0x34AD, 0x34AD, 0x34AD, 0x8AA7, 0x8AA7, 0x8AA7, 0x8AA7, 0x8AA7, 0x8AA7, 
0x8AA7, 0x8AA7, 0x8AA7, 0x8AA7, 0x8AA7, 0x8AA7, 0x8AA7, 0x8AA7, 0x8AA7, 0x8AA7, 0x8AA7, 0x8AA7, 
0x8AA7, 0x8AA7, 0x8AA7, 0x8AA7, 0x8AA7, 0x8AA7, 0x8AA7, 0x8AA7, 0x8AA7, 0x8AA7, 0x8AA7, 0x8AA7, 
0x8AA7, 0x8AA7, 0xCEDF, 0xCEDF, 0x34AD, 0x34AD, 0x34AD, 0x34AD, 0x34AD, 0x34AD, 0x34AD, 0x34AD, 
0x34AD, 0x34AD, 0x34AD, 0x34AD, 0x34AD, 0x34AD, 0x34AD, 0x34AD, 0x34AD, 0x34AD, 0x34AD, 0x34AD, 
0x34AD, 0x34AD, 0x34AD, 0x34AD, 0x34AD, 0x34AD, 0x34AD, 0x34AD, 0x34AD, 0x34AD, 0x34AD, 0x34AD, 
0x34AD, 0x34AD, 0x34AD, 0x34AD, 0x34AD, 0x34AD, 0x34AD, 0x34AD, 0x34AD, 0x34AD, 0x34AD, 0x34AD, 
0x34AD, 0x34AD, 0x34AD, 0x34AD, 0x34AD, 0x34AD, 0x34AD, 0x34AD, 0x34AD, 0x34AD, 0x34AD, 0x34AD, 
0x34AD, 0x34AD, 0x34AD, 0x34AD, 0x34AD, 0x34AD, 0x8AA7, 0x8AA7, 0x8AA7, 0x8AA7, 0x31E7, 0x31E7, 
0x31E7, 0x31E7, 0x31E7, 0x31E7, 0x31E7, 0x31E7, 0x31E7, 0x31E7, 0x31E7, 0x31E7, 0x31E7, 0x31E7, 
0x34AD, 0x34AD, 0x34AD, 0x34AD, 0x34AD, 0x34AD, 0x34AD, 0x34AD, 0x34AD, 0x34AD, 0x34AD, 0x34AD, 
0x34AD, 0x34AD, 0x8AA7, 0x8AA7, 0x8AA7, 0x8AA7, 0x8AA7, 0x8AA7, 0x8AA7, 0x8AA7, 0x8AA7, 0x8AA7, 
0x8AA7, 0x8AA7, 0x8AA7, 0x8AA7, 0x8AA7, 0x8AA7, 0x8AA7, 0x8AA7, 0x8AA7, 0x8AA7, 0x8AA7, 0x8AA7, 
0x8AA7, 0x8AA7, 0x8AA7, 0x8AA7, 0x8AA7, 0x8AA7, 0x8AA7, 0x8AA7, 0x8AA7, 0x8AA7, 0xCEDF, 0xCEDF, 
0x34AD, 0x34AD, 0x34AD, 0x34AD, 0x34AD, 0x34AD, 0x34AD, 0x34AD, 0x34AD, 0x34AD, 0x34AD, 0x34AD, 
0x34AD, 0x34AD, 0x34AD, 0x34AD, 0x34AD, 0x34AD, 0x34AD, 0x34AD, 0x34AD, 0x34AD, 0x34AD, 0x34AD, 
0x34AD, 0x34AD, 0x34AD, 0x34AD, 0x34AD, 0x34AD, 0x34AD, 0x34AD, 0x34AD, 0x34AD, 0x34AD, 0x34AD, 
0x34AD, 0x34AD, 0x34AD, 0x34AD, 0x34AD, 0x34AD, 0x34AD, 0x34AD, 0x34AD, 0x34AD, 0x34AD, 0x34AD, 
0x34AD, 0x34AD, 0x34AD, 0x34AD, 0x34AD, 0x34AD, 0x34AD, 0x34AD, 0x34AD, 0x34AD, 0x34AD, 0x34AD, 
0x34AD, 0x34AD, 0x8AA7, 0x8AA7, 0x8AA7, 0x8AA7, 0x8AA7, 0x8AA7, 0x8AA7, 0x8AA7, 0x8AA7, 0x8AA7, 
0x34AD, 0x34AD, 0x34AD, 0x34AD, 0x34AD, 0x34AD, 0x34AD, 0x34AD, 0x34AD, 0x34AD, 0x34AD, 0x34AD, 
0x34AD, 0x34AD, 0x34AD, 0x34AD, 0x34AD, 0x34AD, 0x34AD, 0x34AD, 0x34AD, 0x34AD, 0x34AD, 0x34AD, 
0x8AA7, 0x8AA7, 0x8AA7, 0x8AA7, 0x8AA7, 0x8AA7, 0x8AA7, 0x8AA7, 0x8AA7, 0x8AA7, 0x8AA7, 0x8AA7, 
0x8AA7, 0x8AA7, 0x8AA7, 0x8AA7, 0x8AA7, 0x8AA7, 0x8AA7, 0x8AA7, 0x8AA7, 0x8AA7, 0x8AA7, 0x8AA7, 
0x8AA7, 0x8AA7, 0x8AA7, 0x8AA7, 0xCEDF, 0xCEDF, 0xCEDF, 0xCEDF, 0x34AD, 0x34AD, 0x34AD, 0x34AD, 
0x34AD, 0x34AD, 0x34AD, 0x34AD, 0x34AD, 0x34AD, 0x34AD, 0x34AD, 0x34AD, 0x34AD, 0x34AD, 0x34AD, 
0x34AD, 0x34AD, 0x34AD, 0x34AD, 0x34AD, 0x34AD, 0x34AD, 0x34AD, 0x34AD, 0x34AD, 0x34AD, 0x34AD, 
0x34AD, 0x34AD, 0x34AD, 0x34AD, 0x34AD, 0x34AD, 0x34AD, 0x34AD, 0x34AD, 0x34AD, 0x34AD, 0x34AD, 
0x34AD, 0x34AD, 0x34AD, 0x34AD, 0x34AD, 0x34AD, 0x34AD, 0x34AD, 0x34AD, 0x34AD, 0x34AD, 0x34AD, 
0x34AD, 0x34AD, 0x34AD, 0x34AD, 0x34AD, 0x34AD, 0x34AD, 0x34AD, 0x34AD, 0x34AD, 0x8AA7, 0x8AA7, 
0x8AA7, 0x8AA7, 0x8AA7, 0x8AA7, 0x8AA7, 0x8AA7, 0x8AA7, 0x8AA7, 0x34AD, 0x34AD, 0x34AD, 0x34AD, 
0x34AD, 0x34AD, 0x34AD, 0x34AD, 0x34AD, 0x34AD, 0x34AD, 0x34AD, 0x34AD, 0x34AD, 0x34AD, 0x34AD, 
0x34AD, 0x34AD, 0x34AD, 0x34AD, 0x34AD, 0x34AD, 0x34AD, 0x34AD, 0x8AA7, 0x8AA7, 0x8AA7, 0x8AA7, 
0x8AA7, 0x8AA7, 0x8AA7, 0x8AA7, 0x8AA7, 0x8AA7, 0x8AA7, 0x8AA7, 0x8AA7, 0x8AA7, 0x8AA7, 0x8AA7, 
0x8AA7, 0x8AA7, 0x8AA7, 0x8AA7, 0x8AA7, 0x8AA7, 0x8AA7, 0x8AA7, 0x8AA7, 0x8AA7, 0x8AA7, 0x8AA7, 
0xCEDF, 0xCEDF, 0xCEDF, 0xCEDF, 0x34AD, 0x34AD, 0x34AD, 0x34AD, 0x34AD, 0x34AD, 0x34AD, 0x34AD, 
0x34AD, 0x34AD, 0x34AD, 0x34AD, 0x34AD, 0x34AD, 0x34AD, 0x34AD, 0x34AD, 0x34AD, 0x34AD, 0x34AD, 
0x34AD, 0x34AD, 0x34AD, 0x34AD, 0x34AD, 0x34AD, 0x34AD, 0x34AD, 0x34AD, 0x34AD, 0x34AD, 0x34AD, 
0x34AD, 0x34AD, 0x34AD, 0x34AD, 0x34AD, 0x34AD, 0x34AD, 0x34AD, 0x34AD, 0x34AD, 0x34AD, 0x34AD, 
0x34AD, 0x34AD, 0x34AD, 0x34AD, 0x34AD, 0x34AD, 0x34AD, 0x34AD, 0x34AD, 0x34AD, 0x34AD, 0x34AD, 
0x34AD, 0x34AD, 0x34AD, 0x34AD, 0x34AD, 0x34AD, 0x34AD, 0x34AD, 0x8AA7, 0x8AA7, 0x8AA7, 0x8AA7, 
0x8AA7, 0x8AA7, 0x34AD, 0x34AD, 0x34AD, 0x34AD, 0x34AD, 0x34AD, 0x34AD, 0x34AD, 0x34AD, 0x34AD, 
0x34AD, 0x34AD, 0x34AD, 0x34AD, 0x34AD, 0x34AD, 0x34AD, 0x34AD, 0x34AD, 0x34AD, 0x34AD, 0x34AD, 
0x34AD, 0x34AD, 0x34AD, 0x34AD, 0x8AA7, 0x8AA7, 0x8AA7, 0x8AA7, 0x8AA7, 0x8AA7, 0x8AA7, 0x8AA7, 
0x8AA7, 0x8AA7, 0x8AA7, 0x8AA7, 0x8AA7, 0x8AA7, 0x8AA7, 0x8AA7, 0x8AA7, 0x8AA7, 0x8AA7, 0x8AA7, 
0x8AA7, 0x8AA7, 0x8AA7, 0x8AA7, 0x8AA7, 0x8AA7, 0xCEDF, 0xCEDF, 0xCEDF, 0xCEDF, 0xCEDF, 0xCEDF, 
0x34AD, 0x34AD, 0x34AD, 0x34AD, 0x34AD, 0x34AD, 0x34AD, 0x34AD, 0x34AD, 0x34AD, 0x34AD, 0x34AD, 
0x34AD, 0x34AD, 0x34AD, 0x34AD, 0x34AD, 0x34AD, 0x34AD, 0x34AD, 0x34AD, 0x34AD, 0x34AD, 0x34AD, 
0x34AD, 0x34AD, 0x34AD, 0x34AD, 0x34AD, 0x34AD, 0x34AD, 0x34AD, 0x34AD, 0x34AD, 0x34AD, 0x34AD, 
0x34AD, 0x34AD, 0x34AD, 0x34AD, 0x34AD, 0x34AD, 0x34AD, 0x34AD, 0x34AD, 0x34AD, 0x34AD, 0x34AD, 
0x34AD, 0x34AD, 0x34AD, 0x34AD, 0x34AD, 0x34AD, 0x34AD, 0x34AD, 0x34AD, 0x34AD, 0x34AD, 0x34AD, 
0x34AD, 0x34AD, 0x34AD, 0x34AD, 0x8AA7, 0x8AA7, 0x8AA7, 0x8AA7, 0x8AA7, 0x8AA7, 0x34AD, 0x34AD, 
0x34AD, 0x34AD, 0x34AD, 0x34AD, 0x34AD, 0x34AD, 0x34AD, 0x34AD, 0x34AD, 0x34AD, 0x34AD, 0x34AD, 
0x34AD, 0x34AD, 0x34AD, 0x34AD, 0x34AD, 0x34AD, 0x34AD, 0x34AD, 0x34AD, 0x34AD, 0x34AD, 0x34AD, 
0x8AA7, 0x8AA7, 0x8AA7, 0x8AA7, 0x8AA7, 0x8AA7, 0x8AA7, 0x8AA7, 0x8AA7, 0x8AA7, 0x8AA7, 0x8AA7, 
0x8AA7, 0x8AA7, 0x8AA7, 0x8AA7, 0x8AA7, 0x8AA7, 0x8AA7, 0x8AA7, 0x8AA7, 0x8AA7, 0x8AA7, 0x8AA7, 
0x8AA7, 0x8AA7, 0xCEDF, 0xCEDF, 0xCEDF, 0xCEDF, 0xCEDF, 0xCEDF, 0x34AD, 0x34AD, 0x34AD, 0x34AD, 
0x34AD, 0x34AD, 0x34AD, 0x34AD, 0x34AD, 0x34AD, 0x34AD, 0x34AD, 0x34AD, 0x34AD, 0x34AD, 0x34AD, 
0x34AD, 0x34AD, 0x34AD, 0x34AD, 0x34AD, 0x34AD, 0x34AD, 0x34AD, 0x34AD, 0x34AD, 0x34AD, 0x34AD, 
0x34AD, 0x34AD, 0x34AD, 0x34AD, 0x34AD, 0x34AD, 0x34AD, 0x34AD, 0x34AD, 0x34AD, 0x34AD, 0x34AD, 
0x34AD, 0x34AD, 0x34AD, 0x34AD, 0x34AD, 0x34AD, 0x34AD, 0x34AD, 0x34AD, 0x34AD, 0x34AD, 0x34AD, 
0x34AD, 0x34AD, 0x34AD, 0x34AD, 0x34AD, 0x34AD, 0x34AD, 0x34AD, 0x34AD, 0x34AD, 0x34AD, 0x34AD, 
0x34AD, 0x34AD, 0x34AD, 0x34AD, 0x34AD, 0x34AD, 0x34AD, 0x34AD, 0x34AD, 0x34AD, 0x34AD, 0x34AD, 
0x34AD, 0x34AD, 0x34AD, 0x34AD, 0x34AD, 0x34AD, 0x34AD, 0x34AD, 0x34AD, 0x34AD, 0x34AD, 0x34AD, 
0x34AD, 0x34AD, 0x34AD, 0x34AD, 0x34AD, 0x34AD, 0x34AD, 0x34AD, 0x8AA7, 0x8AA7, 0x8AA7, 0x8AA7, 
0x8AA7, 0x8AA7, 0x8AA7, 0x8AA7, 0x8AA7, 0x8AA7, 0x8AA7, 0x8AA7, 0x8AA7, 0x8AA7, 0x8AA7, 0x8AA7, 
0x8AA7, 0x8AA7, 0x8AA7, 0x8AA7, 0xCEDF, 0xCEDF, 0xCEDF, 0xCEDF, 0xCEDF, 0xCEDF, 0xCEDF, 0xCEDF, 
0xCEDF, 0xCEDF, 0xCEDF, 0xCEDF, 0x34AD, 0x34AD, 0x34AD, 0x34AD, 0x34AD, 0x34AD, 0x34AD, 0x34AD, 
0x34AD, 0x34AD, 0x34AD, 0x34AD, 0x34AD, 0x34AD, 0x34AD, 0x34AD, 0x34AD, 0x34AD, 0x34AD, 0x34AD, 
0x34AD, 0x34AD, 0x34AD, 0x34AD, 0x34AD, 0x34AD, 0x34AD, 0x34AD, 0x34AD, 0x34AD, 0x34AD, 0x34AD, 
0x34AD, 0x34AD, 0x34AD, 0x34AD, 0x34AD, 0x34AD, 0x34AD, 0x34AD, 0x34AD, 0x34AD, 0x34AD, 0x34AD, 
0x34AD, 0x34AD, 0x34AD, 0x34AD, 0x34AD, 0x34AD, 0x34AD, 0x34AD, 0x34AD, 0x34AD, 0x34AD, 0x34AD, 
0x34AD, 0x34AD, 0x34AD, 0x34AD, 0x34AD, 0x34AD, 0x34AD, 0x34AD, 0x34AD, 0x34AD, 0x34AD, 0x34AD, 
0x34AD, 0x34AD, 0x34AD, 0x34AD, 0x34AD, 0x34AD, 0x34AD, 0x34AD, 0x34AD, 0x34AD, 0x34AD, 0x34AD, 
0x34AD, 0x34AD, 0x34AD, 0x34AD, 0x34AD, 0x34AD, 0x34AD, 0x34AD, 0x34AD, 0x34AD, 0x34AD, 0x34AD, 
0x34AD, 0x34AD, 0x34AD, 0x34AD, 0x8AA7, 0x8AA7, 0x8AA7, 0x8AA7, 0x8AA7, 0x8AA7, 0x8AA7, 0x8AA7, 
0x8AA7, 0x8AA7, 0x8AA7, 0x8AA7, 0x8AA7, 0x8AA7, 0x8AA7, 0x8AA7, 0x8AA7, 0x8AA7, 0x8AA7, 0x8AA7, 
0xCEDF, 0xCEDF, 0xCEDF, 0xCEDF, 0xCEDF, 0xCEDF, 0xCEDF, 0xCEDF, 0xCEDF, 0xCEDF, 0xCEDF, 0xCEDF, 
0x34AD, 0x34AD, 0x34AD, 0x34AD, 0x34AD, 0x34AD, 0x34AD, 0x34AD, 0x34AD, 0x34AD, 0x34AD, 0x34AD, 
0x34AD, 0x34AD, 0x34AD, 0x34AD, 0x34AD, 0x34AD, 0x34AD, 0x34AD, 0x34AD, 0x34AD, 0x34AD, 0x34AD, 
0x34AD, 0x34AD, 0x34AD, 0x34AD, 0x34AD, 0x34AD, 0x34AD, 0x34AD, 0x34AD, 0x34AD, 0x34AD, 0x34AD, 
0x34AD, 0x34AD, 0x34AD, 0x34AD, 0x34AD, 0x34AD, 0x34AD, 0x34AD, 0x34AD, 0x34AD, 0x34AD, 0x34AD, 
0x34AD, 0x34AD, 0x34AD, 0x34AD, 0x34AD, 0x34AD, 0x34AD, 0x34AD, 0x34AD, 0x34AD, 0x34AD, 0x34AD, 
0x34AD, 0x34AD, 0x34AD, 0x34AD, 0x34AD, 0x34AD, 0x34AD, 0x34AD, 0x34AD, 0x34AD, 0x34AD, 0x34AD, 
0x34AD, 0x34AD, 0x34AD, 0x34AD, 0x34AD, 0x34AD, 0x34AD, 0x34AD, 0x34AD, 0x34AD, 0x34AD, 0x34AD, 
0x34AD, 0x34AD, 0x34AD, 0x34AD, 0x34AD, 0x34AD, 0x34AD, 0x34AD, 0x34AD, 0x34AD, 0x34AD, 0x34AD, 
0x8AA7, 0x8AA7, 0x8AA7, 0x8AA7, 0x8AA7, 0x8AA7, 0x8AA7, 0x8AA7, 0x8AA7, 0x8AA7, 0x8AA7, 0x8AA7, 
0x8AA7, 0x8AA7, 0x8AA7, 0x8AA7, 0x8AA7, 0x8AA7, 0xCEDF, 0xCEDF, 0xCEDF, 0xCEDF, 0xCEDF, 0xCEDF, 
0xCEDF, 0xCEDF, 0xCEDF, 0xCEDF, 0xCEDF, 0xCEDF, 0xCEDF, 0xCEDF, 0x34AD, 0x34AD, 0x34AD, 0x34AD, 
0x34AD, 0x34AD, 0x34AD, 0x34AD, 0x34AD, 0x34AD, 0x34AD, 0x34AD, 0x34AD, 0x34AD, 0x34AD, 0x34AD, 
0x34AD, 0x34AD, 0x34AD, 0x34AD, 0x34AD, 0x34AD, 0x34AD, 0x34AD, 0x34AD, 0x34AD, 0x34AD, 0x34AD, 
0x34AD, 0x34AD, 0x34AD, 0x34AD, 0x34AD, 0x34AD, 0x34AD, 0x34AD, 0x34AD, 0x34AD, 0x34AD, 0x34AD, 
0x34AD, 0x34AD, 0x34AD, 0x34AD, 0x34AD, 0x34AD, 0x34AD, 0x34AD, 0x34AD, 0x34AD, 0x34AD, 0x34AD, 
0x34AD, 0x34AD, 0x34AD, 0x34AD, 0x34AD, 0x34AD, 0x34AD, 0x34AD, 0x34AD, 0x34AD, 0x34AD, 0x34AD, 
0x34AD, 0x34AD, 0x34AD, 0x34AD, 0x34AD, 0x34AD, 0x34AD, 0x34AD, 0x34AD, 0x34AD, 0x34AD, 0x34AD, 
0x34AD, 0x34AD, 0x34AD, 0x34AD, 0x34AD, 0x34AD, 0x34AD, 0x34AD, 0x34AD, 0x34AD, 0x34AD, 0x34AD, 
0x34AD, 0x34AD, 0x34AD, 0x34AD, 0x34AD, 0x34AD, 0x34AD, 0x34AD, 0x8AA7, 0x8AA7, 0x8AA7, 0x8AA7, 
0x8AA7, 0x8AA7, 0x8AA7, 0x8AA7, 0x8AA7, 0x8AA7, 0x8AA7, 0x8AA7, 0x8AA7, 0x8AA7, 0x8AA7, 0x8AA7, 
0x8AA7, 0x8AA7, 0xCEDF, 0xCEDF, 0xCEDF, 0xCEDF, 0xCEDF, 0xCEDF, 0xCEDF, 0xCEDF, 0xCEDF, 0xCEDF, 
0xCEDF, 0xCEDF, 0xCEDF, 0xCEDF, 0x34AD, 0x34AD, 0x34AD, 0x34AD, 0x34AD, 0x34AD, 0x34AD, 0x34AD, 
0x34AD, 0x34AD, 0x34AD, 0x34AD, 0x34AD, 0x34AD, 0x34AD, 0x34AD, 0x34AD, 0x34AD, 0x34AD, 0x34AD, 
0x34AD, 0x34AD, 0x34AD, 0x34AD, 0x34AD, 0x34AD, 0x34AD, 0x34AD, 0x34AD, 0x34AD, 0x34AD, 0x34AD, 
0x34AD, 0x34AD, 0x34AD, 0x34AD, 0x34AD, 0x34AD, 0x34AD, 0x34AD, 0x34AD, 0x34AD, 0x34AD, 0x34AD, 
0x34AD, 0x34AD, 0x34AD, 0x34AD, 0x34AD, 0x34AD, 0x34AD, 0x34AD, 0x34AD, 0x34AD, 0x34AD, 0x34AD, 
0x34AD, 0x34AD, 0x34AD, 0x34AD, 0x34AD, 0x34AD, 0x34AD, 0x34AD, 0x34AD, 0x34AD, 0x34AD, 0x34AD, 
0x34AD, 0x34AD, 0x34AD, 0x34AD, 0x34AD, 0x34AD, 0x34AD, 0x34AD, 0x34AD, 0x34AD, 0x34AD, 0x34AD, 
0x34AD, 0x34AD, 0x34AD, 0x34AD, 0x34AD, 0x34AD, 0x34AD, 0x34AD, 0x34AD, 0x34AD, 0x34AD, 0x34AD, 
0x34AD, 0x34AD, 0x34AD, 0x34AD, 0x8AA7, 0x8AA7, 0x8AA7, 0x8AA7, 0x8AA7, 0x8AA7, 0x8AA7, 0x8AA7, 
0x8AA7, 0x8AA7, 0xCEDF, 0xCEDF, 0xCEDF, 0xCEDF, 0xCEDF, 0xCEDF, 0xCEDF, 0xCEDF, 0xCEDF, 0xCEDF, 
0xCEDF, 0xCEDF, 0xCEDF, 0xCEDF, 0xCEDF, 0xCEDF, 0xCEDF, 0xCEDF, 0xCEDF, 0xCEDF, 0xCEDF, 0xCEDF, 
0x34AD, 0x34AD, 0x34AD, 0x34AD, 0x34AD, 0x34AD, 0x34AD, 0x34AD, 0x34AD, 0x34AD, 0x34AD, 0x34AD, 
0x34AD, 0x34AD, 0x34AD, 0x34AD, 0x34AD, 0x34AD, 0x34AD, 0x34AD, 0x34AD, 0x34AD, 0x34AD, 0x34AD, 
0x34AD, 0x34AD, 0x34AD, 0x34AD, 0x34AD, 0x34AD, 0x34AD, 0x34AD, 0x34AD, 0x34AD, 0x34AD, 0x34AD, 
0x34AD, 0x34AD, 0x34AD, 0x34AD, 0x34AD, 0x34AD, 0x34AD, 0x34AD, 0x34AD, 0x34AD, 0x34AD, 0x34AD, 
0x34AD, 0x34AD, 0x34AD, 0x34AD, 0x34AD, 0x34AD, 0x34AD, 0x34AD, 0x34AD, 0x34AD, 0x34AD, 0x34AD, 
0x34AD, 0x34AD, 0x34AD, 0x34AD, 0x34AD, 0x34AD, 0x34AD, 0x34AD, 0x34AD, 0x34AD, 0x34AD, 0x34AD, 
0x34AD, 0x34AD, 0x34AD, 0x34AD, 0x34AD, 0x34AD, 0x34AD, 0x34AD, 0x34AD, 0x34AD, 0x34AD, 0x34AD, 
0x34AD, 0x34AD, 0x34AD, 0x34AD, 0x34AD, 0x34AD, 0x34AD, 0x34AD, 0x34AD, 0x34AD, 0x34AD, 0x34AD, 
0x8AA7, 0x8AA7, 0x8AA7, 0x8AA7, 0x8AA7, 0x8AA7, 0x8AA7, 0x8AA7, 0x8AA7, 0x8AA7, 0xCEDF, 0xCEDF, 
0xCEDF, 0xCEDF, 0xCEDF, 0xCEDF, 0xCEDF, 0xCEDF, 0xCEDF, 0xCEDF, 0xCEDF, 0xCEDF, 0xCEDF, 0xCEDF, 
0xCEDF, 0xCEDF, 0xCEDF, 0xCEDF, 0xCEDF, 0xCEDF, 0xCEDF, 0xCEDF, 0x34AD, 0x34AD, 0x34AD, 0x34AD, 
0x34AD, 0x34AD, 0x34AD, 0x34AD, 0x34AD, 0x34AD, 0x34AD, 0x34AD, 0x34AD, 0x34AD, 0x34AD, 0x34AD, 
0x34AD, 0x34AD, 0x34AD, 0x34AD, 0x34AD, 0x34AD, 0x34AD, 0x34AD, 0x34AD, 0x34AD, 0x34AD, 0x34AD, 
0x34AD, 0x34AD, 0x34AD, 0x34AD, 0x34AD, 0x34AD, 0x34AD, 0x34AD, 0x34AD, 0x34AD, 0x34AD, 0x34AD, 
0x34AD, 0x34AD, 0x34AD, 0x34AD, 0x34AD, 0x34AD, 0x34AD, 0x34AD, 0x34AD, 0x34AD, 0x34AD, 0x34AD, 
0x34AD, 0x34AD, 0x34AD, 0x34AD, 0x34AD, 0x34AD, 0x34AD, 0x34AD, 0x34AD, 0x34AD, 0x34AD, 0x34AD, 
0x34AD, 0x34AD, 0x34AD, 0x34AD, 0x34AD, 0x34AD, 0x34AD, 0x34AD, 0x34AD, 0x34AD, 0x34AD, 0x34AD, 
0x34AD, 0x34AD, 0x34AD, 0x34AD, 0x34AD, 0x34AD, 0x34AD, 0x34AD, 0x34AD, 0x34AD, 0x34AD, 0x34AD, 
0x34AD, 0x34AD, 0x34AD, 0x34AD, 0x34AD, 0x34AD, 0x34AD, 0x34AD, 0xCEDF, 0xCEDF, 0xCEDF, 0xCEDF, 
0xCEDF, 0xCEDF, 0xCEDF, 0xCEDF, 0xCEDF, 0xCEDF, 0xCEDF, 0xCEDF, 0xCEDF, 0xCEDF, 0xCEDF, 0xCEDF, 
0xCEDF, 0xCEDF, 0xCEDF, 0xCEDF, 0xCEDF, 0xCEDF, 0xCEDF, 0xCEDF, 0xCEDF, 0xCEDF, 0xCEDF, 0xCEDF, 
0xCEDF, 0xCEDF, 0xCEDF, 0xCEDF, 0x34AD, 0x34AD, 0x34AD, 0x34AD, 0x34AD, 0x34AD, 0x34AD, 0x34AD, 
0x34AD, 0x34AD, 0x34AD, 0x34AD, 0x34AD, 0x34AD, 0x34AD, 0x34AD, 0x34AD, 0x34AD, 0x34AD, 0x34AD, 
0x34AD, 0x34AD, 0x34AD, 0x34AD, 0x34AD, 0x34AD, 0x34AD, 0x34AD, 0x34AD, 0x34AD, 0x34AD, 0x34AD, 
0x34AD, 0x34AD, 0x34AD, 0x34AD, 0x34AD, 0x34AD, 0x34AD, 0x34AD, 0x34AD, 0x34AD, 0x34AD, 0x34AD, 
0x34AD, 0x34AD, 0x34AD, 0x34AD, 0x34AD, 0x34AD, 0x34AD, 0x34AD, 0x34AD, 0x34AD, 0x34AD, 0x34AD, 
0x34AD, 0x34AD, 0x34AD, 0x34AD, 0x34AD, 0x34AD, 0x34AD, 0x34AD, 0x34AD, 0x34AD, 0x34AD, 0x34AD, 
0x34AD, 0x34AD, 0x34AD, 0x34AD, 0x34AD, 0x34AD, 0x34AD, 0x34AD, 0x34AD, 0x34AD, 0x34AD, 0x34AD, 
0x34AD, 0x34AD, 0x34AD, 0x34AD, 0x34AD, 0x34AD, 0x34AD, 0x34AD, 0x34AD, 0x34AD, 0x34AD, 0x34AD, 
0x34AD, 0x34AD, 0x34AD, 0x34AD, 0xCEDF, 0xCEDF, 0xCEDF, 0xCEDF, 0xCEDF, 0xCEDF, 0xCEDF, 0xCEDF, 
0xCEDF, 0xCEDF, 0xCEDF, 0xCEDF, 0xCEDF, 0xCEDF, 0xCEDF, 0xCEDF, 0xCEDF, 0xCEDF, 0xCEDF, 0xCEDF, 
0xCEDF, 0xCEDF, 0xCEDF, 0xCEDF, 0xCEDF, 0xCEDF, 0xCEDF, 0xCEDF, 0xCEDF, 0xCEDF, 0xCEDF, 0xCEDF, 
0x34AD, 0x34AD, 0x34AD, 0x34AD, 0x34AD, 0x34AD, 0x34AD, 0x34AD, 0x34AD, 0x34AD, 0x34AD, 0x34AD, 
0x34AD, 0x34AD, 0x34AD, 0x34AD, 0x34AD, 0x34AD, 0x34AD, 0x34AD, 0x34AD, 0x34AD, 0x34AD, 0x34AD, 
0x34AD, 0x34AD, 0x34AD, 0x34AD, 0x34AD, 0x34AD, 0x34AD, 0x34AD, 0x34AD, 0x34AD, 0x34AD, 0x34AD, 
0x34AD, 0x34AD, 0x34AD, 0x34AD, 0x34AD, 0x34AD, 0x34AD, 0x34AD, 0x34AD, 0x34AD, 0x34AD, 0x34AD, 
0x34AD, 0x34AD, 0x34AD, 0x34AD, 0x34AD, 0x34AD, 0x34AD, 0x34AD, 0x34AD, 0x34AD, 0x34AD, 0x34AD, 
0x34AD, 0x34AD, 0x34AD, 0x34AD, 0x34AD, 0x34AD, 0x34AD, 0x34AD, 0x34AD, 0x34AD, 0x34AD, 0x34AD, 
0x34AD, 0x34AD, 0x34AD, 0x34AD, 0x34AD, 0x34AD, 0x34AD, 0x34AD, 0x34AD, 0x34AD, 0x34AD, 0x34AD, 
0x34AD, 0x34AD, 0x34AD, 0x34AD, 0x34AD, 0x34AD, 0x34AD, 0x34AD, 0x34AD, 0x34AD, 0x34AD, 0x34AD, 
0xCEDF, 0xCEDF, 0xCEDF, 0xCEDF, 0xCEDF, 0xCEDF, 0xCEDF, 0xCEDF, 0xCEDF, 0xCEDF, 0xCEDF, 0xCEDF, 
0xCEDF, 0xCEDF, 0xCEDF, 0xCEDF, 0xCEDF, 0xCEDF, 0xCEDF, 0xCEDF, 0xCEDF, 0xCEDF, 0xCEDF, 0xCEDF, 
0xCEDF, 0xCEDF, 0xCEDF, 0xCEDF, 0xCEDF, 0xCEDF, 0xCEDF, 0xCEDF, 0x34AD, 0x34AD, 0x34AD, 0x34AD, 
0x34AD, 0x34AD, 0x34AD, 0x34AD, 0x34AD, 0x34AD, 0x34AD, 0x34AD, 0x34AD, 0x34AD, 0x34AD, 0x34AD, 
0x34AD, 0x34AD, 0x34AD, 0x34AD, 0x34AD, 0x34AD, 0x34AD, 0x34AD, 0x34AD, 0x34AD, 0x34AD, 0x34AD, 
0x34AD, 0x34AD, 0x34AD, 0x34AD, 0x34AD, 0x34AD, 0x34AD, 0x34AD, 0x34AD, 0x34AD, 0x34AD, 0x34AD, 
0x34AD, 0x34AD, 0x34AD, 0x34AD, 0x34AD, 0x34AD, 0x34AD, 0x34AD, 0x34AD, 0x34AD, 0x34AD, 0x34AD, 
0x34AD, 0x34AD, 0x34AD, 0x34AD, 0x34AD, 0x34AD, 0x34AD, 0x34AD, 0x34AD, 0x34AD, 0x34AD, 0x34AD, 
0x34AD, 0x34AD, 0x34AD, 0x34AD, 0x34AD, 0x34AD, 0x34AD, 0x34AD, 0x34AD, 0x34AD, 0x34AD, 0x34AD, 
0x34AD, 0x34AD, 0x34AD, 0x34AD, 0x34AD, 0x34AD, 0x34AD, 0x34AD, 0x34AD, 0x34AD, 0x34AD, 0x34AD, 
0x34AD, 0x34AD, 0x34AD, 0x34AD, 0x34AD, 0x34AD, 0x34AD, 0x34AD, 0xCEDF, 0xCEDF, 0xCEDF, 0xCEDF, 
0xCEDF, 0xCEDF, 0xCEDF, 0xCEDF, 0xCEDF, 0xCEDF, 0xCEDF, 0xCEDF, 0xCEDF, 0xCEDF, 0xCEDF, 0xCEDF, 
0xCEDF, 0xCEDF, 0xCEDF, 0xCEDF, 0xCEDF, 0xCEDF, 0xCEDF, 0xCEDF, 0xCEDF, 0xCEDF, 0xCEDF, 0xCEDF, 
0xCEDF, 0xCEDF, 0xCEDF, 0xCEDF, 0x34AD, 0x34AD, 0x34AD, 0x34AD, 0x34AD, 0x34AD, 0x34AD, 0x34AD, 
0x34AD, 0x34AD, 0x34AD, 0x34AD, 0x34AD, 0x34AD, 0x34AD, 0x34AD, 0x34AD, 0x34AD, 0x34AD, 0x34AD, 
0x34AD, 0x34AD, 0x34AD, 0x34AD, 0x34AD, 0x34AD, 0x34AD, 0x34AD, 0x34AD, 0x34AD, 0x34AD, 0x34AD, 
0x34AD, 0x34AD, 0x34AD, 0x34AD, 0x34AD, 0x34AD, 0x34AD, 0x34AD, 0x34AD, 0x34AD, 0x34AD, 0x34AD, 
0x34AD, 0x34AD, 0x34AD, 0x34AD, 0x34AD, 0x34AD, 0x34AD, 0x34AD, 0x34AD, 0x34AD, 0x34AD, 0x34AD, 
0x34AD, 0x34AD, 0x34AD, 0x34AD, 0x34AD, 0x34AD, 0x34AD, 0x34AD, 0x34AD, 0x34AD, 0x34AD, 0x34AD, 
0x34AD, 0x34AD, 0x34AD, 0x34AD, 0x34AD, 0x34AD, 0x34AD, 0x34AD, 0x34AD, 0x34AD, 0x34AD, 0x34AD, 
0x34AD, 0x34AD, 0x34AD, 0x34AD, 0x34AD, 0x34AD, 0x34AD, 0x34AD, 0x34AD, 0x34AD, 0x34AD, 0x34AD, 
0x34AD, 0x34AD, 0xCEDF, 0xCEDF, 0xCEDF, 0xCEDF, 0xCEDF, 0xCEDF, 0xCEDF, 0xCEDF, 0xCEDF, 0xCEDF, 
0xCEDF, 0xCEDF, 0xCEDF, 0xCEDF, 0xCEDF, 0xCEDF, 0xCEDF, 0xCEDF, 0xCEDF, 0xCEDF, 0xCEDF, 0xCEDF, 
0xCEDF, 0xCEDF, 0xCEDF, 0xCEDF, 0xCEDF, 0xCEDF, 0xCEDF, 0xCEDF, 0xCEDF, 0xCEDF, 0xCEDF, 0xCEDF, 
0x34AD, 0x34AD, 0x34AD, 0x34AD, 0x34AD, 0x34AD, 0x34AD, 0x34AD, 0x34AD, 0x34AD, 0x34AD, 0x34AD, 
0x34AD, 0x34AD, 0x34AD, 0x34AD, 0x34AD, 0x34AD, 0x34AD, 0x34AD, 0x34AD, 0x34AD, 0x34AD, 0x34AD, 
0x34AD, 0x34AD, 0x34AD, 0x34AD, 0x34AD, 0x34AD, 0x34AD, 0x34AD, 0x34AD, 0x34AD, 0x34AD, 0x34AD, 
0x34AD, 0x34AD, 0x34AD, 0x34AD, 0x34AD, 0x34AD, 0x34AD, 0x34AD, 0x34AD, 0x34AD, 0x34AD, 0x34AD, 
0x34AD, 0x34AD, 0x34AD, 0x34AD, 0x34AD, 0x34AD, 0x34AD, 0x34AD, 0x34AD, 0x34AD, 0x34AD, 0x34AD, 
0x34AD, 0x34AD, 0x34AD, 0x34AD, 0x34AD, 0x34AD, 0x34AD, 0x34AD, 0x34AD, 0x34AD, 0x34AD, 0x34AD, 
0x34AD, 0x34AD, 0x34AD, 0x34AD, 0x34AD, 0x34AD, 0x34AD, 0x34AD, 0x34AD, 0x34AD, 0x34AD, 0x34AD, 
0x34AD, 0x34AD, 0x34AD, 0x34AD, 0x34AD, 0x34AD, 0x34AD, 0x34AD, 0x34AD, 0x34AD, 0xCEDF, 0xCEDF, 
0xCEDF, 0xCEDF, 0xCEDF, 0xCEDF, 0xCEDF, 0xCEDF, 0xCEDF, 0xCEDF, 0xCEDF, 0xCEDF, 0xCEDF, 0xCEDF, 
0xCEDF, 0xCEDF, 0xCEDF, 0xCEDF, 0xCEDF, 0xCEDF, 0xCEDF, 0xCEDF, 0xCEDF, 0xCEDF, 0xCEDF, 0xCEDF, 
0xCEDF, 0xCEDF, 0xCEDF, 0xCEDF, 0xCEDF, 0xCEDF, 0xCEDF, 0xCEDF, 0x34AD, 0x34AD, 0x34AD, 0x34AD, 
0x34AD, 0x34AD, 0x34AD, 0x34AD, 0x34AD, 0x34AD, 0x34AD, 0x34AD, 0x34AD, 0x34AD, 0x34AD, 0x34AD, 
0x34AD, 0x34AD, 0x34AD, 0x34AD, 0x34AD, 0x34AD, 0x34AD, 0x34AD, 0x34AD, 0x34AD, 0x34AD, 0x34AD, 
0x34AD, 0x34AD, 0x34AD, 0x34AD, 0x34AD, 0x34AD, 0x34AD, 0x34AD, 0x34AD, 0x34AD, 0x34AD, 0x34AD, 
0x34AD, 0x34AD, 0x34AD, 0x34AD, 0x34AD, 0x34AD, 0x34AD, 0x34AD, 0x34AD, 0x34AD, 0x34AD, 0x34AD, 
0x34AD, 0x34AD, 0x34AD, 0x34AD, 0x34AD, 0x34AD, 0x34AD, 0x34AD, 0x34AD, 0x34AD, 0x34AD, 0x34AD, 
0x34AD, 0x34AD, 0x34AD, 0x34AD, 0x34AD, 0x34AD, 0x34AD, 0x34AD, 0x34AD, 0x34AD, 0x34AD, 0x34AD, 
0x34AD, 0x34AD, 0x34AD, 0x34AD, 0x34AD, 0x34AD, 0x34AD, 0x34AD, 0x34AD, 0x34AD, 0x34AD, 0x34AD, 
0x34AD, 0x34AD, 0x34AD, 0x34AD, 0x34AD, 0x34AD, 0xCEDF, 0xCEDF, 0xCEDF, 0xCEDF, 0xCEDF, 0xCEDF, 
0xCEDF, 0xCEDF, 0xCEDF, 0xCEDF, 0xCEDF, 0xCEDF, 0xCEDF, 0xCEDF, 0xCEDF, 0xCEDF, 0xCEDF, 0xCEDF, 
0xCEDF, 0xCEDF, 0xCEDF, 0xCEDF, 0xCEDF, 0xCEDF, 0xCEDF, 0xCEDF, 0xCEDF, 0xCEDF, 0xCEDF, 0xCEDF, 
0xCEDF, 0xCEDF, 0xCEDF, 0xCEDF, 0x34AD, 0x34AD, 0x34AD, 0x34AD, 0x34AD, 0x34AD, 0x34AD, 0x34AD, 
0x34AD, 0x34AD, 0x34AD, 0x34AD, 0x34AD, 0x34AD, 0x34AD, 0x34AD, 0x34AD, 0x34AD, 0x34AD, 0x34AD, 
0x34AD, 0x34AD, 0x34AD, 0x34AD, 0x34AD, 0x34AD, 0x34AD, 0x34AD, 0x34AD, 0x34AD, 0x34AD, 0x34AD, 
0x34AD, 0x34AD, 0x34AD, 0x34AD, 0x34AD, 0x34AD, 0x34AD, 0x34AD, 0x34AD, 0x34AD, 0x34AD, 0x34AD, 
0x34AD, 0x34AD, 0x34AD, 0x34AD, 0x34AD, 0x34AD, 0x34AD, 0x34AD, 0x34AD, 0x34AD, 0x34AD, 0x34AD, 
0x34AD, 0x34AD, 0x34AD, 0x34AD, 0x34AD, 0x34AD, 0x34AD, 0x34AD, 0x34AD, 0x34AD, 0x34AD, 0x34AD, 
0x34AD, 0x34AD, 0x34AD, 0x34AD, 0x34AD, 0x34AD, 0x34AD, 0x34AD, 0x34AD, 0x34AD, 0x34AD, 0x34AD, 
0x34AD, 0x34AD, 0x34AD, 0x34AD, 0x34AD, 0x34AD, 0x34AD, 0x34AD, 0x34AD, 0x34AD, 0x34AD, 0x34AD, 
0x34AD, 0x34AD, 0xCEDF, 0xCEDF, 0xCEDF, 0xCEDF, 0xCEDF, 0xCEDF, 0xCEDF, 0xCEDF, 0xCEDF, 0xCEDF, 
0xCEDF, 0xCEDF, 0xCEDF, 0xCEDF, 0xCEDF, 0xCEDF, 0xCEDF, 0xCEDF, 0xCEDF, 0xCEDF, 0xCEDF, 0xCEDF, 
0xCEDF, 0xCEDF, 0xCEDF, 0xCEDF, 0xCEDF, 0xCEDF, 0xCEDF, 0xCEDF, 0xCEDF, 0xCEDF, 0xCEDF, 0xCEDF, 
0x34AD, 0x34AD, 0x34AD, 0x34AD, 0x34AD, 0x34AD, 0x34AD, 0x34AD, 0x34AD, 0x34AD, 0x34AD, 0x34AD, 
0x34AD, 0x34AD, 0x34AD, 0x34AD, 0x34AD, 0x34AD, 0x34AD, 0x34AD, 0x34AD, 0x34AD, 0x34AD, 0x34AD, 
0x34AD, 0x34AD, 0x34AD, 0x34AD, 0x34AD, 0x34AD, 0x34AD, 0x34AD, 0x34AD, 0x34AD, 0x34AD, 0x34AD, 
0x34AD, 0x34AD, 0x34AD, 0x34AD, 0x34AD, 0x34AD, 0x34AD, 0x34AD, 0x34AD, 0x34AD, 0x34AD, 0x34AD, 
0x34AD, 0x34AD, 0x34AD, 0x34AD, 0x34AD, 0x34AD, 0x34AD, 0x34AD, 0x34AD, 0x34AD, 0x34AD, 0x34AD, 
0x34AD, 0x34AD, 0x34AD, 0x34AD, 0x34AD, 0x34AD, 0x34AD, 0x34AD, 0x34AD, 0x34AD, 0x34AD, 0x34AD, 
0x34AD, 0x34AD, 0x34AD, 0x34AD, 0x34AD, 0x34AD, 0x34AD, 0x34AD, 0x34AD, 0x34AD, 0x34AD, 0x34AD, 
0x34AD, 0x34AD, 0x34AD, 0x34AD, 0x34AD, 0x34AD, 0xCEDF, 0xCEDF, 0xCEDF, 0xCEDF, 0xCEDF, 0xCEDF, 
0xCEDF, 0xCEDF, 0xCEDF, 0xCEDF, 0xCEDF, 0xCEDF, 0xCEDF, 0xCEDF, 0xCEDF, 0xCEDF, 0xCEDF, 0xCEDF, 
0xCEDF, 0xCEDF, 0xCEDF, 0xCEDF, 0xCEDF, 0xCEDF, 0xCEDF, 0xCEDF, 0xCEDF, 0xCEDF, 0xCEDF, 0xCEDF, 
0xCEDF, 0xCEDF, 0xCEDF, 0xCEDF, 0xCEDF, 0xCEDF, 0xCEDF, 0xCEDF, 0x34AD, 0x34AD, 0x34AD, 0x34AD, 
0x34AD, 0x34AD, 0x34AD, 0x34AD, 0x34AD, 0x34AD, 0x34AD, 0x34AD, 0x34AD, 0x34AD, 0x34AD, 0x34AD, 
0x34AD, 0x34AD, 0x34AD, 0x34AD, 0x34AD, 0x34AD, 0x34AD, 0x34AD, 0x34AD, 0x34AD, 0x34AD, 0x34AD, 
0x34AD, 0x34AD, 0x34AD, 0x34AD, 0x34AD, 0x34AD, 0x34AD, 0x34AD, 0x34AD, 0x34AD, 0x34AD, 0x34AD, 
0x34AD, 0x34AD, 0x34AD, 0x34AD, 0x34AD, 0x34AD, 0x34AD, 0x34AD, 0x34AD, 0x34AD, 0x34AD, 0x34AD, 
0x34AD, 0x34AD, 0x34AD, 0x34AD, 0x34AD, 0x34AD, 0x34AD, 0x34AD, 0x34AD, 0x34AD, 0x34AD, 0x34AD, 
0x34AD, 0x34AD, 0x34AD, 0x34AD, 0x34AD, 0x34AD, 0x34AD, 0x34AD, 0x34AD, 0x34AD, 0x34AD, 0x34AD, 
0x34AD, 0x34AD, 0x34AD, 0x34AD, 0x34AD, 0x34AD, 0x34AD, 0x34AD, 0x34AD, 0x34AD, 0x34AD, 0x34AD, 
0x34AD, 0x34AD, 0xCEDF, 0xCEDF, 0xCEDF, 0xCEDF, 0xCEDF, 0xCEDF, 0xCEDF, 0xCEDF, 0xCEDF, 0xCEDF, 
0xCEDF, 0xCEDF, 0xCEDF, 0xCEDF, 0xCEDF, 0xCEDF, 0xCEDF, 0xCEDF, 0xCEDF, 0xCEDF, 0xCEDF, 0xCEDF, 
0xCEDF, 0xCEDF, 0xCEDF, 0xCEDF, 0xCEDF, 0xCEDF, 0xCEDF, 0xCEDF, 0xCEDF, 0xCEDF, 0xCEDF, 0xCEDF, 
0xCEDF, 0xCEDF, 0xCEDF, 0xCEDF, 
};
