#include "assets.h"

const uint16_t sleep_img[16384] = {
0x6DE6, 0x6DE6, 0x6DE6, 0x6DE6, 0x6DE6, 0x6DE6, 0x6DE6, 0x6DE6, 0x6DE6, 0x6DE6, 0x6DE6, 0x6DE6, 
0x6DE6, 0x6DE6, 0x6DE6, 0x6DE6, 0x6DE6, 0x6DE6, 0x6DE6, 0x6DE6, 0x6DE6, 0x6DE6, 0x6DE6, 0x6DE6, 
0x6DE6, 0x6DE6, 0x6DE6, 0x6DE6, 0x6DE6, 0x6DE6, 0x6DE6, 0x6DE6, 0x6DE6, 0x6DE6, 0x6DE6, 0x6DE6, 
0x6DE6, 0x6DE6, 0x6DE6, 0x6DE6, 0x6DE6, 0x6DE6, 0x6DE6, 0x6DE6, 0x6DE6, 0x6DE6, 0x6DE6, 0x6DE6, 
0x6DE6, 0x6DE6, 0x6DE6, 0x6DE6, 0x6DE6, 0x6DE6, 0x6DE6, 0x6DE6, 0x5244, 0x5244, 0x5244, 0x5244, 
0x5244, 0x5244, 0x5244, 0x5244, 0x5244, 0x5244, 0x5244, 0x5244, 0x5244, 0x5244, 0x5244, 0x5244, 
0x5244, 0x5244, 0x5244, 0x5244, 0x5244, 0x5244, 0x5244, 0x5244, 0x8B66, 0x8B66, 0x5244, 0x5244, 
0x5244, 0x5244, 0x5244, 0x5244, 0x5244, 0x5244, 0x5244, 0x5244, 0x5244, 0x5244, 0x5244, 0x5244, 
0x5244, 0x5244, 0x5244, 0x5244, 0x5244, 0x5244, 0x5244, 0x5244, 0x5244, 0x5244, 0x5244, 0x5244, 
0x31E7, 0x31E7, 0x31E7, 0x31E7, 0x31E7, 0x31E7, 0x31E7, 0x31E7, 0x31E7, 0x31E7, 0x31E7, 0x31E7, 
0x31E7, 0x31E7, 0x31E7, 0x31E7, 0x31E7, 0x31E7, 0x31E7, 0x31E7, 0x6DE6, 0x6DE6, 0x6DE6, 0x6DE6, 
0x6DE6, 0x6DE6, 0x6DE6, 0x6DE6, 0x6DE6, 0x6DE6, 0x6DE6, 0x6DE6, 0x6DE6, 0x6DE6, 0x6DE6, 0x6DE6, 
0x6DE6, 0x6DE6, 0x6DE6, 0x6DE6, 0x6DE6, 0x6DE6, 0x6DE6, 0x6DE6, 0x6DE6, 0x6DE6, 0x6DE6, 0x6DE6, 
0x6DE6, 0x6DE6, 0x6DE6, 0x6DE6, 0x6DE6, 0x6DE6, 0x6DE6, 0x6DE6, 0x6DE6, 0x6DE6, 0x6DE6, 0x6DE6, 
0x6DE6, 0x6DE6, 0x6DE6, 0x6DE6, 0x6DE6, 0x6DE6, 0x6DE6, 0x6DE6, 0x6DE6, 0x6DE6, 0x6DE6, 0x6DE6, 
0x6DE6, 0x6DE6, 0x6DE6, 0x6DE6, 0x5244, 0x5244, 0x5244, 0x5244, 0x5244, 0x5244, 0x5244, 0x5244, 
0x5244, 0x5244, 0x5244, 0x5244, 0x5244, 0x5244, 0x5244, 0x5244, 0x5244, 0x5244, 0x5244, 0x5244, 
0x5244, 0x5244, 0x5244, 0x5244, 0x8B66, 0x8B66, 0x5244, 0x5244, 0x5244, 0x5244, 0x5244, 0x5244, 
0x5244, 0x5244, 0x5244, 0x5244, 0x5244, 0x5244, 0x5244, 0x5244, 0x5244, 0x5244, 0x5244, 0x5244, 
0x5244, 0x5244, 0x5244, 0x5244, 0x5244, 0x5244, 0x5244, 0x5244, 0x31E7, 0x31E7, 0x31E7, 0x31E7, 
0x31E7, 0x31E7, 0x31E7, 0x31E7, 0x31E7, 0x31E7, 0x31E7, 0x31E7, 0x31E7, 0x31E7, 0x31E7, 0x31E7, 
0x31E7, 0x31E7, 0x31E7, 0x31E7, 0x6DE6, 0x6DE6, 0x6DE6, 0x6DE6, 0x6DE6, 0x6DE6, 0x6DE6, 0x6DE6, 
0x6DE6, 0x6DE6, 0x6DE6, 0x6DE6, 0x6DE6, 0x6DE6, 0x6DE6, 0x6DE6, 0x6DE6, 0x6DE6, 0x6DE6, 0x6DE6, 
0x6DE6, 0x6DE6, 0x6DE6, 0x6DE6, 0x6DE6, 0x6DE6, 0x6DE6, 0x6DE6, 0x6DE6, 0x6DE6, 0x6DE6, 0x6DE6, 
0x6DE6, 0x6DE6, 0x6DE6, 0x6DE6, 0x6DE6, 0x6DE6, 0x6DE6, 0x6DE6, 0x6DE6, 0x6DE6, 0x6DE6, 0x6DE6, 
0x6DE6, 0x6DE6, 0x6DE6, 0x6DE6, 0x6DE6, 0x6DE6, 0x6DE6, 0x6DE6, 0x6DE6, 0x6DE6, 0x6DE6, 0x6DE6, 
0x5244, 0x5244, 0x5244, 0x5244, 0x5244, 0x5244, 0x5244, 0x5244, 0x5244, 0x5244, 0x8B66, 0x8B66, 
0x8B66, 0x8B66, 0x8B66, 0x8B66, 0x8B66, 0x8B66, 0x8B66, 0x8B66, 0x8B66, 0x8B66, 0x8B66, 0x8B66, 
0x8B66, 0x8B66, 0x5244, 0x5244, 0x5244, 0x5244, 0x5244, 0x5244, 0x5244, 0x5244, 0x5244, 0x5244, 
0x5244, 0x5244, 0x5244, 0x5244, 0x5244, 0x5244, 0x5244, 0x5244, 0x5244, 0x5244, 0x5244, 0x5244, 
0x5244, 0x5244, 0x31E7, 0x31E7, 0x31E7, 0x31E7, 0x31E7, 0x31E7, 0x31E7, 0x31E7, 0x31E7, 0x31E7, 
0x31E7, 0x31E7, 0x31E7, 0x31E7, 0x31E7, 0x31E7, 0x31E7, 0x31E7, 0x31E7, 0x31E7, 0x31E7, 0x31E7, 
0x6DE6, 0x6DE6, 0x6DE6, 0x6DE6, 0x6DE6, 0x6DE6, 0x6DE6, 0x6DE6, 0x6DE6, 0x6DE6, 0x6DE6, 0x6DE6, 
0x6DE6, 0x6DE6, 0x6DE6, 0x6DE6, 0x6DE6, 0x6DE6, 0x6DE6, 0x6DE6, 0x6DE6, 0x6DE6, 0x6DE6, 0x6DE6, 
0x6DE6, 0x6DE6, 0x6DE6, 0x6DE6, 0x6DE6, 0x6DE6, 0x6DE6, 0x6DE6, 0x6DE6, 0x6DE6, 0x6DE6, 0x6DE6, 
0x6DE6, 0x6DE6, 0x6DE6, 0x6DE6, 0x6DE6, 0x6DE6, 0x6DE6, 0x6DE6, 0x6DE6, 0x6DE6, 0x6DE6, 0x6DE6, 
0x6DE6, 0x6DE6, 0x6DE6, 0x6DE6, 0x6DE6, 0x6DE6, 0x6DE6, 0x6DE6, 0x5244, 0x5244, 0x5244, 0x5244, 
0x5244, 0x5244, 0x5244, 0x5244, 0x5244, 0x5244, 0x8B66, 0x8B66, 0x8B66, 0x8B66, 0x8B66, 0x8B66, 
0x8B66, 0x8B66, 0x8B66, 0x8B66, 0x8B66, 0x8B66, 0x8B66, 0x8B66, 0x8B66, 0x8B66, 0x5244, 0x5244, 
0x5244, 0x5244, 0x5244, 0x5244, 0x5244, 0x5244, 0x5244, 0x5244, 0x5244, 0x5244, 0x5244, 0x5244, 
0x5244, 0x5244, 0x5244, 0x5244, 0x5244, 0x5244, 0x5244, 0x5244, 0x5244, 0x5244, 0x31E7, 0x31E7, 
0x31E7, 0x31E7, 0x31E7, 0x31E7, 0x31E7, 0x31E7, 0x31E7, 0x31E7, 0x31E7, 0x31E7, 0x31E7, 0x31E7, 
0x31E7, 0x31E7, 0x31E7, 0x31E7, 0x31E7, 0x31E7, 0x31E7, 0x31E7, 0x6DE6, 0x6DE6, 0x6DE6, 0x6DE6, 
0x6DE6, 0x6DE6, 0x6DE6, 0x6DE6, 0x6DE6, 0x6DE6, 0x6DE6, 0x6DE6, 0x6DE6, 0x6DE6, 0x6DE6, 0x6DE6, 
0x6DE6, 0x6DE6, 0x6DE6, 0x6DE6, 0x6DE6, 0x6DE6, 0x6DE6, 0x6DE6, 0x6DE6, 0x6DE6, 0x6DE6, 0x6DE6, 
0x6DE6, 0x6DE6, 0x6DE6, 0x6DE6, 0x6DE6, 0x6DE6, 0x6DE6, 0x6DE6, 0x6DE6, 0x6DE6, 0x6DE6, 0x6DE6, 
0x6DE6, 0x6DE6, 0x6DE6, 0x6DE6, 0x6DE6, 0x6DE6, 0x6DE6, 0x6DE6, 0x6DE6, 0x6DE6, 0x6DE6, 0x6DE6, 
0x6DE6, 0x6DE6, 0x6DE6, 0x6DE6, 0x5244, 0x5244, 0x5244, 0x5244, 0x5244, 0x5244, 0x5244, 0x5244, 
0x5244, 0x5244, 0x5244, 0x5244, 0x5244, 0x5244, 0x5244, 0x5244, 0x5244, 0x5244, 0x5244, 0x5244, 
0x5244, 0x5244, 0x8B66, 0x8B66, 0x8B66, 0x8B66, 0x5244, 0x5244, 0x5244, 0x5244, 0x5244, 0x5244, 
0x5244, 0x5244, 0x5244, 0x5244, 0x5244, 0x5244, 0x5244, 0x5244, 0x5244, 0x5244, 0x5244, 0x5244, 
0x5244, 0x5244, 0x5244, 0x5244, 0x5244, 0x5244, 0x31E7, 0x31E7, 0x31E7, 0x31E7, 0x31E7, 0x31E7, 
0x31E7, 0x31E7, 0x31E7, 0x31E7, 0x31E7, 0x31E7, 0x31E7, 0x31E7, 0x31E7, 0x31E7, 0x31E7, 0x31E7, 
0x31E7, 0x31E7, 0x31E7, 0x31E7, 0x6DE6, 0x6DE6, 0x6DE6, 0x6DE6, 0x6DE6, 0x6DE6, 0x6DE6, 0x6DE6, 
0x6DE6, 0x6DE6, 0x6DE6, 0x6DE6, 0x6DE6, 0x6DE6, 0x6DE6, 0x6DE6, 0x6DE6, 0x6DE6, 0x6DE6, 0x6DE6, 
0x6DE6, 0x6DE6, 0x6DE6, 0x6DE6, 0x6DE6, 0x6DE6, 0x6DE6, 0x6DE6, 0x6DE6, 0x6DE6, 0x6DE6, 0x6DE6, 
0x6DE6, 0x6DE6, 0x6DE6, 0x6DE6, 0x6DE6, 0x6DE6, 0x6DE6, 0x6DE6, 0x6DE6, 0x6DE6, 0x6DE6, 0x6DE6, 
0x6DE6, 0x6DE6, 0x6DE6, 0x6DE6, 0x6DE6, 0x6DE6, 0x6DE6, 0x6DE6, 0x6DE6, 0x6DE6, 0x6DE6, 0x6DE6, 
0x5244, 0x5244, 0x5244, 0x5244, 0x5244, 0x5244, 0x5244, 0x5244, 0x5244, 0x5244, 0x5244, 0x5244, 
0x5244, 0x5244, 0x5244, 0x5244, 0x5244, 0x5244, 0x5244, 0x5244, 0x5244, 0x5244, 0x8B66, 0x8B66, 
0x8B66, 0x8B66, 0x5244, 0x5244, 0x5244, 0x5244, 0x5244, 0x5244, 0x5244, 0x5244, 0x5244, 0x5244, 
0x5244, 0x5244, 0x5244, 0x5244, 0x5244, 0x5244, 0x5244, 0x5244, 0x5244, 0x5244, 0x5244, 0x5244, 
0x5244, 0x5244, 0x31E7, 0x31E7, 0x31E7, 0x31E7, 0x31E7, 0x31E7, 0x31E7, 0x31E7, 0x31E7, 0x31E7, 
0x31E7, 0x31E7, 0x31E7, 0x31E7, 0x31E7, 0x31E7, 0x31E7, 0x31E7, 0x31E7, 0x31E7, 0x31E7, 0x31E7, 
0x6DE6, 0x6DE6, 0x6DE6, 0x6DE6, 0x6DE6, 0x6DE6, 0x6DE6, 0x6DE6, 0x6DE6, 0x6DE6, 0x6DE6, 0x6DE6, 
0x6DE6, 0x6DE6, 0x6DE6, 0x6DE6, 0x6DE6, 0x6DE6, 0x6DE6, 0x6DE6, 0x6DE6, 0x6DE6, 0x6DE6, 0x6DE6, 
0x6DE6, 0x6DE6, 0x6DE6, 0x6DE6, 0x6DE6, 0x6DE6, 0x6DE6, 0x6DE6, 0x6DE6, 0x6DE6, 0x6DE6, 0x6DE6, 
0x6DE6, 0x6DE6, 0x6DE6, 0x6DE6, 0x6DE6, 0x6DE6, 0x6DE6, 0x6DE6, 0x6DE6, 0x6DE6, 0x6DE6, 0x6DE6, 
0x6DE6, 0x6DE6, 0x6DE6, 0x6DE6, 0x6DE6, 0x6DE6, 0x6DE6, 0x6DE6, 0x5244, 0x5244, 0x5244, 0x5244, 
0x5244, 0x5244, 0x5244, 0x5244, 0x5244, 0x5244, 0x5244, 0x5244, 0x5244, 0x5244, 0x5244, 0x5244, 
0x5244, 0x5244, 0x5244, 0x5244, 0x8B66, 0x8B66, 0x8B66, 0x8B66, 0x8B66, 0x8B66, 0x8B66, 0x8B66, 
0x5244, 0x5244, 0x5244, 0x5244, 0x5244, 0x5244, 0x5244, 0x5244, 0x5244, 0x5244, 0x5244, 0x5244, 
0x5244, 0x5244, 0x5244, 0x5244, 0x5244, 0x5244, 0x5244, 0x5244, 0x5244, 0x5244, 0x31E7, 0x31E7, 
0x31E7, 0x31E7, 0x31E7, 0x31E7, 0x31E7, 0x31E7, 0x31E7, 0x31E7, 0x31E7, 0x31E7, 0x31E7, 0x31E7, 
0x31E7, 0x31E7, 0x31E7, 0x31E7, 0x31E7, 0x31E7, 0x31E7, 0x31E7, 0x6DE6, 0x6DE6, 0x6DE6, 0x6DE6, 
0x6DE6, 0x6DE6, 0x6DE6, 0x6DE6, 0x6DE6, 0x6DE6, 0x6DE6, 0x6DE6, 0x6DE6, 0x6DE6, 0x6DE6, 0x6DE6, 
0x6DE6, 0x6DE6, 0x6DE6, 0x6DE6, 0x6DE6, 0x6DE6, 0x6DE6, 0x6DE6, 0x6DE6, 0x6DE6, 0x6DE6, 0x6DE6, 
0x6DE6, 0x6DE6, 0x6DE6, 0x6DE6, 0x6DE6, 0x6DE6, 0x6DE6, 0x6DE6, 0x6DE6, 0x6DE6, 0x6DE6, 0x6DE6, 
0x6DE6, 0x6DE6, 0x6DE6, 0x6DE6, 0x6DE6, 0x6DE6, 0x6DE6, 0x6DE6, 0x6DE6, 0x6DE6, 0x6DE6, 0x6DE6, 
0x6DE6, 0x6DE6, 0x6DE6, 0x6DE6, 0x5244, 0x5244, 0x5244, 0x5244, 0x5244, 0x5244, 0x5244, 0x5244, 
0x5244, 0x5244, 0x5244, 0x5244, 0x5244, 0x5244, 0x5244, 0x5244, 0x5244, 0x5244, 0x5244, 0x5244, 
0x8B66, 0x8B66, 0x8B66, 0x8B66, 0x8B66, 0x8B66, 0x8B66, 0x8B66, 0x5244, 0x5244, 0x5244, 0x5244, 
0x5244, 0x5244, 0x5244, 0x5244, 0x5244, 0x5244, 0x5244, 0x5244, 0x5244, 0x5244, 0x5244, 0x5244, 
0x5244, 0x5244, 0x5244, 0x5244, 0x5244, 0x5244, 0x31E7, 0x31E7, 0x31E7, 0x31E7, 0x31E7, 0x31E7, 
0x31E7, 0x31E7, 0x31E7, 0x31E7, 0x31E7, 0x31E7, 0x31E7, 0x31E7, 0x31E7, 0x31E7, 0x31E7, 0x31E7, 
0x31E7, 0x31E7, 0x31E7, 0x31E7, 0x6DE6, 0x6DE6, 0x6DE6, 0x6DE6, 0x6DE6, 0x6DE6, 0x6DE6, 0x6DE6, 
0x6DE6, 0x6DE6, 0x6DE6, 0x6DE6, 0x6DE6, 0x6DE6, 0x6DE6, 0x6DE6, 0x6DE6, 0x6DE6, 0x6DE6, 0x6DE6, 
0x6DE6, 0x6DE6, 0x6DE6, 0x6DE6, 0x6DE6, 0x6DE6, 0x6DE6, 0x6DE6, 0x6DE6, 0x6DE6, 0x6DE6, 0x6DE6, 
0x6DE6, 0x6DE6, 0x6DE6, 0x6DE6, 0x6DE6, 0x6DE6, 0x6DE6, 0x6DE6, 0x6DE6, 0x6DE6, 0x6DE6, 0x6DE6, 
0x6DE6, 0x6DE6, 0x6DE6, 0x6DE6, 0x6DE6, 0x6DE6, 0x6DE6, 0x6DE6, 0x6DE6, 0x6DE6, 0x6DE6, 0x6DE6, 
0x5244, 0x5244, 0x5244, 0x5244, 0x5244, 0x5244, 0x5244, 0x5244, 0x5244, 0x5244, 0x5244, 0x5244, 
0x5244, 0x5244, 0x5244, 0x5244, 0x5244, 0x5244, 0x8B66, 0x8B66, 0x8B66, 0x8B66, 0x5244, 0x5244, 
0x5244, 0x5244, 0x8B66, 0x8B66, 0x5244, 0x5244, 0x5244, 0x5244, 0x5244, 0x5244, 0x5244, 0x5244, 
0x5244, 0x5244, 0x5244, 0x5244, 0x5244, 0x5244, 0x5244, 0x5244, 0x5244, 0x5244, 0x5244, 0x5244, 
0x31E7, 0x31E7, 0x31E7, 0x31E7, 0x31E7, 0x31E7, 0x31E7, 0x31E7, 0x31E7, 0x31E7, 0x31E7, 0x31E7, 
0x31E7, 0x31E7, 0x31E7, 0x31E7, 0x31E7, 0x31E7, 0x31E7, 0x31E7, 0x31E7, 0x31E7, 0x31E7, 0x31E7, 
0x6DE6, 0x6DE6, 0x6DE6, 0x6DE6, 0x6DE6, 0x6DE6, 0x6DE6, 0x6DE6, 0x6DE6, 0x6DE6, 0x6DE6, 0x6DE6, 
0x6DE6, 0x6DE6, 0x6DE6, 0x6DE6, 0x6DE6, 0x6DE6, 0x6DE6, 0x6DE6, 0x6DE6, 0x6DE6, 0x6DE6, 0x6DE6, 
0x6DE6, 0x6DE6, 0x6DE6, 0x6DE6, 0x6DE6, 0x6DE6, 0x6DE6, 0x6DE6, 0x6DE6, 0x6DE6, 0x6DE6, 0x6DE6, 
0x6DE6, 0x6DE6, 0x6DE6, 0x6DE6, 0x6DE6, 0x6DE6, 0x6DE6, 0x6DE6, 0x6DE6, 0x6DE6, 0x6DE6, 0x6DE6, 
0x6DE6, 0x6DE6, 0x6DE6, 0x6DE6, 0x6DE6, 0x6DE6, 0x6DE6, 0x6DE6, 0x5244, 0x5244, 0x5244, 0x5244, 
0x5244, 0x5244, 0x5244, 0x5244, 0x5244, 0x5244, 0x5244, 0x5244, 0x5244, 0x5244, 0x5244, 0x5244, 
0x5244, 0x5244, 0x8B66, 0x8B66, 0x8B66, 0x8B66, 0x5244, 0x5244, 0x5244, 0x5244, 0x8B66, 0x8B66, 
0x5244, 0x5244, 0x5244, 0x5244, 0x5244, 0x5244, 0x5244, 0x5244, 0x5244, 0x5244, 0x5244, 0x5244, 
0x5244, 0x5244, 0x5244, 0x5244, 0x5244, 0x5244, 0x5244, 0x5244, 0x31E7, 0x31E7, 0x31E7, 0x31E7, 
0x31E7, 0x31E7, 0x31E7, 0x31E7, 0x31E7, 0x31E7, 0x31E7, 0x31E7, 0x31E7, 0x31E7, 0x31E7, 0x31E7, 
0x31E7, 0x31E7, 0x31E7, 0x31E7, 0x31E7, 0x31E7, 0x31E7, 0x31E7, 0x6DE6, 0x6DE6, 0x6DE6, 0x6DE6, 
0x6DE6, 0x6DE6, 0x6DE6, 0x6DE6, 0x6DE6, 0x6DE6, 0x6DE6, 0x6DE6, 0x6DE6, 0x6DE6, 0x6DE6, 0x6DE6, 
0x6DE6, 0x6DE6, 0x6DE6, 0x6DE6, 0x6DE6, 0x6DE6, 0x6DE6, 0x6DE6, 0x6DE6, 0x6DE6, 0x6DE6, 0x6DE6, 
0x6DE6, 0x6DE6, 0x6DE6, 0x6DE6, 0x6DE6, 0x6DE6, 0x6DE6, 0x6DE6, 0x6DE6, 0x6DE6, 0x6DE6, 0x6DE6, 
0x6DE6, 0x6DE6, 0x6DE6, 0x6DE6, 0x6DE6, 0x6DE6, 0x6DE6, 0x6DE6, 0x6DE6, 0x6DE6, 0x6DE6, 0x6DE6, 
0x6DE6, 0x6DE6, 0x31E7, 0x31E7, 0x31E7, 0x31E7, 0x5244, 0x5244, 0x5244, 0x5244, 0x5244, 0x5244, 
0x5244, 0x5244, 0x5244, 0x5244, 0x8B66, 0x8B66, 0x8B66, 0x8B66, 0x8B66, 0x8B66, 0x5244, 0x5244, 
0x5244, 0x5244, 0x8B66, 0x8B66, 0x5244, 0x5244, 0x5244, 0x5244, 0x5244, 0x5244, 0x5244, 0x5244, 
0x5244, 0x5244, 0x5244, 0x5244, 0x5244, 0x5244, 0x5244, 0x5244, 0x5244, 0x5244, 0x5244, 0x5244, 
0x5244, 0x5244, 0x5244, 0x5244, 0x31E7, 0x31E7, 0x31E7, 0x31E7, 0x31E7, 0x31E7, 0x31E7, 0x31E7, 
0x31E7, 0x31E7, 0x31E7, 0x31E7, 0x31E7, 0x31E7, 0x31E7, 0x31E7, 0x31E7, 0x31E7, 0x31E7, 0x31E7, 
0x31E7, 0x31E7, 0x31E7, 0x31E7, 0x6DE6, 0x6DE6, 0x6DE6, 0x6DE6, 0x6DE6, 0x6DE6, 0x6DE6, 0x6DE6, 
0x6DE6, 0x6DE6, 0x6DE6, 0x6DE6, 0x6DE6, 0x6DE6, 0x6DE6, 0x6DE6, 0x6DE6, 0x6DE6, 0x6DE6, 0x6DE6, 
0x6DE6, 0x6DE6, 0x6DE6, 0x6DE6, 0x6DE6, 0x6DE6, 0x6DE6, 0x6DE6, 0x6DE6, 0x6DE6, 0x6DE6, 0x6DE6, 
0x6DE6, 0x6DE6, 0x6DE6, 0x6DE6, 0x6DE6, 0x6DE6, 0x6DE6, 0x6DE6, 0x6DE6, 0x6DE6, 0x6DE6, 0x6DE6, 
0x6DE6, 0x6DE6, 0x6DE6, 0x6DE6, 0x6DE6, 0x6DE6, 0x6DE6, 0x6DE6, 0x6DE6, 0x6DE6, 0x31E7, 0x31E7, 
0x31E7, 0x31E7, 0x5244, 0x5244, 0x5244, 0x5244, 0x5244, 0x5244, 0x5244, 0x5244, 0x5244, 0x5244, 
0x8B66, 0x8B66, 0x8B66, 0x8B66, 0x8B66, 0x8B66, 0x5244, 0x5244, 0x5244, 0x5244, 0x8B66, 0x8B66, 
0x5244, 0x5244, 0x5244, 0x5244, 0x5244, 0x5244, 0x5244, 0x5244, 0x5244, 0x5244, 0x5244, 0x5244, 
0x5244, 0x5244, 0x5244, 0x5244, 0x5244, 0x5244, 0x5244, 0x5244, 0x5244, 0x5244, 0x5244, 0x5244, 
0x31E7, 0x31E7, 0x31E7, 0x31E7, 0x31E7, 0x31E7, 0x31E7, 0x31E7, 0x31E7, 0x31E7, 0x31E7, 0x31E7, 
0x31E7, 0x31E7, 0x31E7, 0x31E7, 0x31E7, 0x31E7, 0x31E7, 0x31E7, 0x31E7, 0x31E7, 0x31E7, 0x31E7, 
0x6DE6, 0x6DE6, 0x6DE6, 0x6DE6, 0x6DE6, 0x6DE6, 0x6DE6, 0x6DE6, 0x6DE6, 0x6DE6, 0x6DE6, 0x6DE6, 
0x6DE6, 0x6DE6, 0x6DE6, 0x6DE6, 0x6DE6, 0x6DE6, 0x6DE6, 0x6DE6, 0x6DE6, 0x6DE6, 0x6DE6, 0x6DE6, 
0x6DE6, 0x6DE6, 0x6DE6, 0x6DE6, 0x6DE6, 0x6DE6, 0x6DE6, 0x6DE6, 0x6DE6, 0x6DE6, 0x6DE6, 0x6DE6, 
0x6DE6, 0x6DE6, 0x6DE6, 0x6DE6, 0x6DE6, 0x6DE6, 0x6DE6, 0x6DE6, 0x6DE6, 0x6DE6, 0x6DE6, 0x6DE6, 
0x6DE6, 0x6DE6, 0x6DE6, 0x6DE6, 0x6DE6, 0x6DE6, 0x31E7, 0x31E7, 0x31E7, 0x31E7, 0x5244, 0x5244, 
0x5244, 0x5244, 0x5244, 0x5244, 0x5244, 0x5244, 0x8B66, 0x8B66, 0x8B66, 0x8B66, 0x5244, 0x5244, 
0x5244, 0x5244, 0x5244, 0x5244, 0x5244, 0x5244, 0x8B66, 0x8B66, 0x5244, 0x5244, 0x5244, 0x5244, 
0x5244, 0x5244, 0x5244, 0x5244, 0x5244, 0x5244, 0x5244, 0x5244, 0x5244, 0x5244, 0x5244, 0x5244, 
0x5244, 0x5244, 0x5244, 0x5244, 0x5244, 0x5244, 0x31E7, 0x31E7, 0x31E7, 0x31E7, 0x31E7, 0x31E7, 
0x31E7, 0x31E7, 0x31E7, 0x31E7, 0x31E7, 0x31E7, 0x31E7, 0x31E7, 0x31E7, 0x31E7, 0x31E7, 0x31E7, 
0x31E7, 0x31E7, 0x31E7, 0x31E7, 0x31E7, 0x31E7, 0x31E7, 0x31E7, 0x6DE6, 0x6DE6, 0x6DE6, 0x6DE6, 
0x6DE6, 0x6DE6, 0x6DE6, 0x6DE6, 0x6DE6, 0x6DE6, 0x6DE6, 0x6DE6, 0x6DE6, 0x6DE6, 0x6DE6, 0x6DE6, 
0x6DE6, 0x6DE6, 0x6DE6, 0x6DE6, 0x6DE6, 0x6DE6, 0x6DE6, 0x6DE6, 0x6DE6, 0x6DE6, 0x6DE6, 0x6DE6, 
0x6DE6, 0x6DE6, 0x6DE6, 0x6DE6, 0x6DE6, 0x6DE6, 0x6DE6, 0x6DE6, 0x6DE6, 0x6DE6, 0x6DE6, 0x6DE6, 
0x6DE6, 0x6DE6, 0x6DE6, 0x6DE6, 0x6DE6, 0x6DE6, 0x6DE6, 0x6DE6, 0x6DE6, 0x6DE6, 0x6DE6, 0x6DE6, 
0x6DE6, 0x6DE6, 0x31E7, 0x31E7, 0x31E7, 0x31E7, 0x5244, 0x5244, 0x5244, 0x5244, 0x5244, 0x5244, 
0x5244, 0x5244, 0x8B66, 0x8B66, 0x8B66, 0x8B66, 0x5244, 0x5244, 0x5244, 0x5244, 0x5244, 0x5244, 
0x5244, 0x5244, 0x8B66, 0x8B66, 0x5244, 0x5244, 0x5244, 0x5244, 0x5244, 0x5244, 0x5244, 0x5244, 
0x5244, 0x5244, 0x5244, 0x5244, 0x5244, 0x5244, 0x5244, 0x5244, 0x5244, 0x5244, 0x5244, 0x5244, 
0x5244, 0x5244, 0x31E7, 0x31E7, 0x31E7, 0x31E7, 0x31E7, 0x31E7, 0x31E7, 0x31E7, 0x31E7, 0x31E7, 
0x31E7, 0x31E7, 0x31E7, 0x31E7, 0x31E7, 0x31E7, 0x31E7, 0x31E7, 0x31E7, 0x31E7, 0x31E7, 0x31E7, 
0x31E7, 0x31E7, 0x31E7, 0x31E7, 0x6DE6, 0x6DE6, 0x6DE6, 0x6DE6, 0x6DE6, 0x6DE6, 0x6DE6, 0x6DE6, 
0x6DE6, 0x6DE6, 0x6DE6, 0x6DE6, 0x6DE6, 0x6DE6, 0x6DE6, 0x6DE6, 0x6DE6, 0x6DE6, 0x6DE6, 0x6DE6, 
0x6DE6, 0x6DE6, 0x6DE6, 0x6DE6, 0x6DE6, 0x6DE6, 0x6DE6, 0x6DE6, 0x6DE6, 0x6DE6, 0x6DE6, 0x6DE6, 
0x6DE6, 0x6DE6, 0x6DE6, 0x6DE6, 0x6DE6, 0x6DE6, 0x6DE6, 0x6DE6, 0x6DE6, 0x6DE6, 0x6DE6, 0x6DE6, 
0x6DE6, 0x6DE6, 0x6DE6, 0x6DE6, 0x6DE6, 0x6DE6, 0x6DE6, 0x6DE6, 0x6DE6, 0x6DE6, 0x31E7, 0x31E7, 
0x31E7, 0x31E7, 0x31E7, 0x31E7, 0x31E7, 0x31E7, 0x5244, 0x5244, 0x5244, 0x5244, 0x5244, 0x5244, 
0x5244, 0x5244, 0x5244, 0x5244, 0x5244, 0x5244, 0x5244, 0x5244, 0x5244, 0x5244, 0x5244, 0x5244, 
0x5244, 0x5244, 0x5244, 0x5244, 0x5244, 0x5244, 0x5244, 0x5244, 0x5244, 0x5244, 0x5244, 0x5244, 
0x5244, 0x5244, 0x5244, 0x5244, 0x5244, 0x5244, 0x5244, 0x5244, 0x31E7, 0x31E7, 0x31E7, 0x31E7, 
0x31E7, 0x31E7, 0x31E7, 0x31E7, 0x31E7, 0x31E7, 0x31E7, 0x31E7, 0x31E7, 0x31E7, 0x31E7, 0x31E7, 
0x31E7, 0x31E7, 0x31E7, 0x31E7, 0x31E7, 0x31E7, 0x31E7, 0x31E7, 0x31E7, 0x31E7, 0x31E7, 0x31E7, 
0x6DE6, 0x6DE6, 0x6DE6, 0x6DE6, 0x6DE6, 0x6DE6, 0x6DE6, 0x6DE6, 0x6DE6, 0x6DE6, 0x6DE6, 0x6DE6, 
0x6DE6, 0x6DE6, 0x6DE6, 0x6DE6, 0x6DE6, 0x6DE6, 0x6DE6, 0x6DE6, 0x6DE6, 0x6DE6, 0x6DE6, 0x6DE6, 
0x6DE6, 0x6DE6, 0x6DE6, 0x6DE6, 0x6DE6, 0x6DE6, 0x6DE6, 0x6DE6, 0x6DE6, 0x6DE6, 0x6DE6, 0x6DE6, 
0x6DE6, 0x6DE6, 0x6DE6, 0x6DE6, 0x6DE6, 0x6DE6, 0x6DE6, 0x6DE6, 0x6DE6, 0x6DE6, 0x6DE6, 0x6DE6, 
0x6DE6, 0x6DE6, 0x6DE6, 0x6DE6, 0x6DE6, 0x6DE6, 0x31E7, 0x31E7, 0x31E7, 0x31E7, 0x31E7, 0x31E7, 
0x31E7, 0x31E7, 0x5244, 0x5244, 0x5244, 0x5244, 0x5244, 0x5244, 0x5244, 0x5244, 0x5244, 0x5244, 
0x5244, 0x5244, 0x5244, 0x5244, 0x5244, 0x5244, 0x5244, 0x5244, 0x5244, 0x5244, 0x5244, 0x5244, 
0x5244, 0x5244, 0x5244, 0x5244, 0x5244, 0x5244, 0x5244, 0x5244, 0x5244, 0x5244, 0x5244, 0x5244, 
0x5244, 0x5244, 0x5244, 0x5244, 0x31E7, 0x31E7, 0x31E7, 0x31E7, 0x31E7, 0x31E7, 0x31E7, 0x31E7, 
0x31E7, 0x31E7, 0x31E7, 0x31E7, 0x31E7, 0x31E7, 0x31E7, 0x31E7, 0x31E7, 0x31E7, 0x31E7, 0x31E7, 
0x31E7, 0x31E7, 0x31E7, 0x31E7, 0x31E7, 0x31E7, 0x31E7, 0x31E7, 0x6DE6, 0x6DE6, 0x6DE6, 0x6DE6, 
0x6DE6, 0x6DE6, 0x6DE6, 0x6DE6, 0x6DE6, 0x6DE6, 0x6DE6, 0x6DE6, 0x6DE6, 0x6DE6, 0x6DE6, 0x6DE6, 
0x6DE6, 0x6DE6, 0x6DE6, 0x6DE6, 0x6DE6, 0x6DE6, 0x6DE6, 0x6DE6, 0x6DE6, 0x6DE6, 0x6DE6, 0x6DE6, 
0x6DE6, 0x6DE6, 0x6DE6, 0x6DE6, 0x6DE6, 0x6DE6, 0x6DE6, 0x6DE6, 0x6DE6, 0x6DE6, 0x6DE6, 0x6DE6, 
0x6DE6, 0x6DE6, 0x6DE6, 0x6DE6, 0x6DE6, 0x6DE6, 0x6DE6, 0x6DE6, 0x6DE6, 0x6DE6, 0x6DE6, 0x6DE6, 
0x6DE6, 0x6DE6, 0x31E7, 0x31E7, 0x31E7, 0x31E7, 0x31E7, 0x31E7, 0x31E7, 0x31E7, 0x31E7, 0x31E7, 
0x5244, 0x5244, 0x5244, 0x5244, 0x5244, 0x5244, 0x5244, 0x5244, 0x5244, 0x5244, 0x5244, 0x5244, 
0x5244, 0x5244, 0x5244, 0x5244, 0x5244, 0x5244, 0x5244, 0x5244, 0x5244, 0x5244, 0x5244, 0x5244, 
0x5244, 0x5244, 0x5244, 0x5244, 0x5244, 0x5244, 0x5244, 0x5244, 0x31E7, 0x31E7, 0x31E7, 0x31E7, 
0x31E7, 0x31E7, 0x31E7, 0x31E7, 0x31E7, 0x31E7, 0x31E7, 0x31E7, 0x31E7, 0x31E7, 0x31E7, 0x31E7, 
0x31E7, 0x31E7, 0x31E7, 0x31E7, 0x31E7, 0x31E7, 0x31E7, 0x31E7, 0x31E7, 0x31E7, 0x31E7, 0x31E7, 
0x31E7, 0x31E7, 0x31E7, 0x31E7, 0x6DE6, 0x6DE6, 0x6DE6, 0x6DE6, 0x6DE6, 0x6DE6, 0x6DE6, 0x6DE6, 
0x6DE6, 0x6DE6, 0x6DE6, 0x6DE6, 0x6DE6, 0x6DE6, 0x6DE6, 0x6DE6, 0x6DE6, 0x6DE6, 0x6DE6, 0x6DE6, 
0x6DE6, 0x6DE6, 0x6DE6, 0x6DE6, 0x6DE6, 0x6DE6, 0x6DE6, 0x6DE6, 0x6DE6, 0x6DE6, 0x6DE6, 0x6DE6, 
0x6DE6, 0x6DE6, 0x6DE6, 0x6DE6, 0x6DE6, 0x6DE6, 0x6DE6, 0x6DE6, 0x6DE6, 0x6DE6, 0x6DE6, 0x6DE6, 
0x6DE6, 0x6DE6, 0x6DE6, 0x6DE6, 0x6DE6, 0x6DE6, 0x6DE6, 0x6DE6, 0x6DE6, 0x6DE6, 0x31E7, 0x31E7, 
0x31E7, 0x31E7, 0x31E7, 0x31E7, 0x31E7, 0x31E7, 0x31E7, 0x31E7, 0x5244, 0x5244, 0x5244, 0x5244, 
0x5244, 0x5244, 0x5244, 0x5244, 0x5244, 0x5244, 0x5244, 0x5244, 0x5244, 0x5244, 0x5244, 0x5244, 
0x5244, 0x5244, 0x5244, 0x5244, 0x5244, 0x5244, 0x5244, 0x5244, 0x5244, 0x5244, 0x5244, 0x5244, 
0x5244, 0x5244, 0x5244, 0x5244, 0x31E7, 0x31E7, 0x31E7, 0x31E7, 0x31E7, 0x31E7, 0x31E7, 0x31E7, 
0x31E7, 0x31E7, 0x31E7, 0x31E7, 0x31E7, 0x31E7, 0x31E7, 0x31E7, 0x31E7, 0x31E7, 0x31E7, 0x31E7, 
0x31E7, 0x31E7, 0x31E7, 0x31E7, 0x31E7, 0x31E7, 0x31E7, 0x31E7, 0x31E7, 0x31E7, 0x31E7, 0x31E7, 
0x6DE6, 0x6DE6, 0x6DE6, 0x6DE6, 0x6DE6, 0x6DE6, 0x6DE6, 0x6DE6, 0x6DE6, 0x6DE6, 0x6DE6, 0x6DE6, 
0x6DE6, 0x6DE6, 0x6DE6, 0x6DE6, 0x6DE6, 0x6DE6, 0x6DE6, 0x6DE6, 0x6DE6, 0x6DE6, 0x6DE6, 0x6DE6, 
0x6DE6, 0x6DE6, 0x6DE6, 0x6DE6, 0x6DE6, 0x6DE6, 0x6DE6, 0x6DE6, 0x6DE6, 0x6DE6, 0x6DE6, 0x6DE6, 
0x6DE6, 0x6DE6, 0x6DE6, 0x6DE6, 0x6DE6, 0x6DE6, 0x6DE6, 0x6DE6, 0x6DE6, 0x6DE6, 0x6DE6, 0x6DE6, 
0x6DE6, 0x6DE6, 0x6DE6, 0x6DE6, 0x6DE6, 0x6DE6, 0x31E7, 0x31E7, 0x31E7, 0x31E7, 0x31E7, 0x31E7, 
0x31E7, 0x31E7, 0x31E7, 0x31E7, 0x31E7, 0x31E7, 0x5244, 0x5244, 0x5244, 0x5244, 0x5244, 0x5244, 
0x5244, 0x5244, 0x5244, 0x5244, 0x5244, 0x5244, 0x5244, 0x5244, 0x5244, 0x5244, 0x5244, 0x5244, 
0x5244, 0x5244, 0x5244, 0x5244, 0x5244, 0x5244, 0x31E7, 0x31E7, 0x31E7, 0x31E7, 0x31E7, 0x31E7, 
0x31E7, 0x31E7, 0x31E7, 0x31E7, 0x31E7, 0x31E7, 0x31E7, 0x31E7, 0x31E7, 0x31E7, 0x31E7, 0x31E7, 
0x31E7, 0x31E7, 0x31E7, 0x31E7, 0x31E7, 0x31E7, 0x31E7, 0x31E7, 0x31E7, 0x31E7, 0x31E7, 0x31E7, 
0x31E7, 0x31E7, 0x31E7, 0x31E7, 0x31E7, 0x31E7, 0x31E7, 0x31E7, 0x6DE6, 0x6DE6, 0x6DE6, 0x6DE6, 
0x6DE6, 0x6DE6, 0x6DE6, 0x6DE6, 0x6DE6, 0x6DE6, 0x6DE6, 0x6DE6, 0x6DE6, 0x6DE6, 0x6DE6, 0x6DE6, 
0x6DE6, 0x6DE6, 0x6DE6, 0x6DE6, 0x6DE6, 0x6DE6, 0x6DE6, 0x6DE6, 0x6DE6, 0x6DE6, 0x6DE6, 0x6DE6, 
0x6DE6, 0x6DE6, 0x6DE6, 0x6DE6, 0x6DE6, 0x6DE6, 0x6DE6, 0x6DE6, 0x6DE6, 0x6DE6, 0x6DE6, 0x6DE6, 
0x6DE6, 0x6DE6, 0x6DE6, 0x6DE6, 0x6DE6, 0x6DE6, 0x6DE6, 0x6DE6, 0x6DE6, 0x6DE6, 0x6DE6, 0x6DE6, 
0x6DE6, 0x6DE6, 0x31E7, 0x31E7, 0x31E7, 0x31E7, 0x31E7, 0x31E7, 0x31E7, 0x31E7, 0x31E7, 0x31E7, 
0x31E7, 0x31E7, 0x5244, 0x5244, 0x5244, 0x5244, 0x5244, 0x5244, 0x5244, 0x5244, 0x5244, 0x5244, 
0x5244, 0x5244, 0x5244, 0x5244, 0x5244, 0x5244, 0x5244, 0x5244, 0x5244, 0x5244, 0x5244, 0x5244, 
0x5244, 0x5244, 0x31E7, 0x31E7, 0x31E7, 0x31E7, 0x31E7, 0x31E7, 0x31E7, 0x31E7, 0x31E7, 0x31E7, 
0x31E7, 0x31E7, 0x31E7, 0x31E7, 0x31E7, 0x31E7, 0x31E7, 0x31E7, 0x31E7, 0x31E7, 0x31E7, 0x31E7, 
0x31E7, 0x31E7, 0x31E7, 0x31E7, 0x31E7, 0x31E7, 0x31E7, 0x31E7, 0x31E7, 0x31E7, 0x31E7, 0x31E7, 
0x31E7, 0x31E7, 0x31E7, 0x31E7, 0x6DE6, 0x6DE6, 0x6DE6, 0x6DE6, 0x6DE6, 0x6DE6, 0x6DE6, 0x6DE6, 
0x6DE6, 0x6DE6, 0x6DE6, 0x6DE6, 0x6DE6, 0x6DE6, 0x6DE6, 0x6DE6, 0x6DE6, 0x6DE6, 0x6DE6, 0x6DE6, 
0x6DE6, 0x6DE6, 0x6DE6, 0x6DE6, 0x6DE6, 0x6DE6, 0x6DE6, 0x6DE6, 0x6DE6, 0x6DE6, 0x6DE6, 0x6DE6, 
0x6DE6, 0x6DE6, 0x6DE6, 0x6DE6, 0x6DE6, 0x6DE6, 0x6DE6, 0x6DE6, 0x6DE6, 0x6DE6, 0x6DE6, 0x6DE6, 
0x6DE6, 0x6DE6, 0x6DE6, 0x6DE6, 0x6DE6, 0x6DE6, 0x6DE6, 0x6DE6, 0x6DE6, 0x6DE6, 0x31E7, 0x31E7, 
0x31E7, 0x31E7, 0x31E7, 0x31E7, 0x31E7, 0x31E7, 0x31E7, 0x31E7, 0x31E7, 0x31E7, 0x5244, 0x5244, 
0x5244, 0x5244, 0x5244, 0x5244, 0x5244, 0x5244, 0x5244, 0x5244, 0x5244, 0x5244, 0x5244, 0x5244, 
0x5244, 0x5244, 0x5244, 0x5244, 0x5244, 0x5244, 0x5244, 0x5244, 0x31E7, 0x31E7, 0x31E7, 0x31E7, 
0x31E7, 0x31E7, 0x31E7, 0x31E7, 0x31E7, 0x31E7, 0x31E7, 0x31E7, 0x31E7, 0x31E7, 0x31E7, 0x31E7, 
0x31E7, 0x31E7, 0x31E7, 0x31E7, 0x31E7, 0x31E7, 0x31E7, 0x31E7, 0x31E7, 0x31E7, 0x31E7, 0x31E7, 
0x31E7, 0x31E7, 0x31E7, 0x31E7, 0x31E7, 0x31E7, 0x31E7, 0x31E7, 0x31E7, 0x31E7, 0x31E7, 0x31E7, 
0x6DE6, 0x6DE6, 0x6DE6, 0x6DE6, 0x6DE6, 0x6DE6, 0x6DE6, 0x6DE6, 0x6DE6, 0x6DE6, 0x6DE6, 0x6DE6, 
0x6DE6, 0x6DE6, 0x6DE6, 0x6DE6, 0x6DE6, 0x6DE6, 0x6DE6, 0x6DE6, 0x6DE6, 0x6DE6, 0x6DE6, 0x6DE6, 
0x6DE6, 0x6DE6, 0x6DE6, 0x6DE6, 0x6DE6, 0x6DE6, 0x6DE6, 0x6DE6, 0x6DE6, 0x6DE6, 0x6DE6, 0x6DE6, 
0x6DE6, 0x6DE6, 0x6DE6, 0x6DE6, 0x6DE6, 0x6DE6, 0x6DE6, 0x6DE6, 0x6DE6, 0x6DE6, 0x6DE6, 0x6DE6, 
0x6DE6, 0x6DE6, 0x6DE6, 0x6DE6, 0x6DE6, 0x6DE6, 0x31E7, 0x31E7, 0x31E7, 0x31E7, 0x31E7, 0x31E7, 
0x31E7, 0x31E7, 0x31E7, 0x31E7, 0x31E7, 0x31E7, 0x5244, 0x5244, 0x5244, 0x5244, 0x5244, 0x5244, 
0x5244, 0x5244, 0x5244, 0x5244, 0x5244, 0x5244, 0x5244, 0x5244, 0x5244, 0x5244, 0x5244, 0x5244, 
0x5244, 0x5244, 0x5244, 0x5244, 0x31E7, 0x31E7, 0x31E7, 0x31E7, 0x31E7, 0x31E7, 0x31E7, 0x31E7, 
0x31E7, 0x31E7, 0x31E7, 0x31E7, 0x31E7, 0x31E7, 0x31E7, 0x31E7, 0x31E7, 0x31E7, 0x31E7, 0x31E7, 
0x31E7, 0x31E7, 0x31E7, 0x31E7, 0x31E7, 0x31E7, 0x31E7, 0x31E7, 0x31E7, 0x31E7, 0x31E7, 0x31E7, 
0x31E7, 0x31E7, 0x31E7, 0x31E7, 0x31E7, 0x31E7, 0x31E7, 0x31E7, 0x6DE6, 0x6DE6, 0x6DE6, 0x6DE6, 
0x6DE6, 0x6DE6, 0x6DE6, 0x6DE6, 0x6DE6, 0x6DE6, 0x6DE6, 0x6DE6, 0x6DE6, 0x6DE6, 0x6DE6, 0x6DE6, 
0x6DE6, 0x6DE6, 0x6DE6, 0x6DE6, 0x6DE6, 0x6DE6, 0x6DE6, 0x6DE6, 0x6DE6, 0x6DE6, 0x6DE6, 0x6DE6, 
0x6DE6, 0x6DE6, 0x6DE6, 0x6DE6, 0x6DE6, 0x6DE6, 0x6DE6, 0x6DE6, 0x6DE6, 0x6DE6, 0x6DE6, 0x6DE6, 
0x6DE6, 0x6DE6, 0x6DE6, 0x6DE6, 0x6DE6, 0x6DE6, 0x6DE6, 0x6DE6, 0x6DE6, 0x6DE6, 0x6DE6, 0x6DE6, 
0x31E7, 0x31E7, 0x31E7, 0x31E7, 0x31E7, 0x31E7, 0x31E7, 0x31E7, 0x31E7, 0x31E7, 0x31E7, 0x31E7, 
0x31E7, 0x31E7, 0x31E7, 0x31E7, 0x5244, 0x5244, 0x5244, 0x5244, 0x5244, 0x5244, 0x5244, 0x5244, 
0x5244, 0x5244, 0x5244, 0x5244, 0x5244, 0x5244, 0x5244, 0x5244, 0x31E7, 0x31E7, 0x31E7, 0x31E7, 
0x31E7, 0x31E7, 0x31E7, 0x31E7, 0x31E7, 0x31E7, 0x31E7, 0x31E7, 0x31E7, 0x31E7, 0x31E7, 0x31E7, 
0x31E7, 0x31E7, 0x31E7, 0x31E7, 0x31E7, 0x31E7, 0x31E7, 0x31E7, 0x31E7, 0x31E7, 0x31E7, 0x31E7, 
0xFFFF, 0xFFFF, 0xFFFF, 0xFFFF, 0xFFFF, 0xFFFF, 0xFFFF, 0xFFFF, 0xFFFF, 0xFFFF, 0x31E7, 0x31E7, 
0x31E7, 0x31E7, 0x31E7, 0x31E7, 0x6DE6, 0x6DE6, 0x6DE6, 0x6DE6, 0x6DE6, 0x6DE6, 0x6DE6, 0x6DE6, 
0x6DE6, 0x6DE6, 0x6DE6, 0x6DE6, 0x6DE6, 0x6DE6, 0x6DE6, 0x6DE6, 0x6DE6, 0x6DE6, 0x6DE6, 0x6DE6, 
0x6DE6, 0x6DE6, 0x6DE6, 0x6DE6, 0x6DE6, 0x6DE6, 0x6DE6, 0x6DE6, 0x6DE6, 0x6DE6, 0x6DE6, 0x6DE6, 
0x6DE6, 0x6DE6, 0x6DE6, 0x6DE6, 0x6DE6, 0x6DE6, 0x6DE6, 0x6DE6, 0x6DE6, 0x6DE6, 0x6DE6, 0x6DE6, 
0x6DE6, 0x6DE6, 0x6DE6, 0x6DE6, 0x6DE6, 0x6DE6, 0x6DE6, 0x6DE6, 0x31E7, 0x31E7, 0x31E7, 0x31E7, 
0x31E7, 0x31E7, 0x31E7, 0x31E7, 0x31E7, 0x31E7, 0x31E7, 0x31E7, 0x31E7, 0x31E7, 0x31E7, 0x31E7, 
0x5244, 0x5244, 0x5244, 0x5244, 0x5244, 0x5244, 0x5244, 0x5244, 0x5244, 0x5244, 0x5244, 0x5244, 
0x5244, 0x5244, 0x5244, 0x5244, 0x31E7, 0x31E7, 0x31E7, 0x31E7, 0x31E7, 0x31E7, 0x31E7, 0x31E7, 
0x31E7, 0x31E7, 0x31E7, 0x31E7, 0x31E7, 0x31E7, 0x31E7, 0x31E7, 0x31E7, 0x31E7, 0x31E7, 0x31E7, 
0x31E7, 0x31E7, 0x31E7, 0x31E7, 0x31E7, 0x31E7, 0x31E7, 0x31E7, 0xFFFF, 0xFFFF, 0xFFFF, 0xFFFF, 
0xFFFF, 0xFFFF, 0xFFFF, 0xFFFF, 0xFFFF, 0xFFFF, 0x31E7, 0x31E7, 0x31E7, 0x31E7, 0x31E7, 0x31E7, 
0x6DE6, 0x6DE6, 0x6DE6, 0x6DE6, 0x6DE6, 0x6DE6, 0x6DE6, 0x6DE6, 0x6DE6, 0x6DE6, 0x6DE6, 0x6DE6, 
0x6DE6, 0x6DE6, 0x6DE6, 0x6DE6, 0x6DE6, 0x6DE6, 0x6DE6, 0x6DE6, 0x6DE6, 0x6DE6, 0x6DE6, 0x6DE6, 
0x6DE6, 0x6DE6, 0x6DE6, 0x6DE6, 0x6DE6, 0x6DE6, 0x6DE6, 0x6DE6, 0x6DE6, 0x6DE6, 0x6DE6, 0x6DE6, 
0x6DE6, 0x6DE6, 0x6DE6, 0x6DE6, 0x6DE6, 0x6DE6, 0x6DE6, 0x6DE6, 0x6DE6, 0x6DE6, 0x6DE6, 0x6DE6, 
0x6DE6, 0x6DE6, 0x6DE6, 0x6DE6, 0x31E7, 0x31E7, 0x31E7, 0x31E7, 0x31E7, 0x31E7, 0x31E7, 0x31E7, 
0x31E7, 0x31E7, 0x31E7, 0x31E7, 0x31E7, 0x31E7, 0x31E7, 0x31E7, 0x31E7, 0x31E7, 0x5244, 0x5244, 
0x5244, 0x5244, 0x5244, 0x5244, 0x5244, 0x5244, 0x5244, 0x5244, 0x31E7, 0x31E7, 0x31E7, 0x31E7, 
0x31E7, 0x31E7, 0x31E7, 0x31E7, 0x31E7, 0x31E7, 0x31E7, 0x31E7, 0x31E7, 0x31E7, 0x31E7, 0x31E7, 
0x31E7, 0x31E7, 0x31E7, 0x31E7, 0x31E7, 0x31E7, 0x31E7, 0x31E7, 0x31E7, 0x31E7, 0x31E7, 0x31E7, 
0x31E7, 0x31E7, 0xFFFF, 0xFFFF, 0xFFFF, 0xFFFF, 0x31E7, 0x31E7, 0x31E7, 0x31E7, 0x31E7, 0x31E7, 
0xFFFF, 0xFFFF, 0x31E7, 0x31E7, 0x31E7, 0x31E7, 0x31E7, 0x31E7, 0x6DE6, 0x6DE6, 0x6DE6, 0x6DE6, 
0x6DE6, 0x6DE6, 0x6DE6, 0x6DE6, 0x6DE6, 0x6DE6, 0x6DE6, 0x6DE6, 0x6DE6, 0x6DE6, 0x6DE6, 0x6DE6, 
0x6DE6, 0x6DE6, 0x6DE6, 0x6DE6, 0x6DE6, 0x6DE6, 0x6DE6, 0x6DE6, 0x6DE6, 0x6DE6, 0x6DE6, 0x6DE6, 
0x6DE6, 0x6DE6, 0x6DE6, 0x6DE6, 0x6DE6, 0x6DE6, 0x6DE6, 0x6DE6, 0x6DE6, 0x6DE6, 0x6DE6, 0x6DE6, 
0x6DE6, 0x6DE6, 0x6DE6, 0x6DE6, 0x6DE6, 0x6DE6, 0x6DE6, 0x6DE6, 0x6DE6, 0x6DE6, 0x6DE6, 0x6DE6, 
0x31E7, 0x31E7, 0x31E7, 0x31E7, 0x31E7, 0x31E7, 0x31E7, 0x31E7, 0x31E7, 0x31E7, 0x31E7, 0x31E7, 
0x31E7, 0x31E7, 0x31E7, 0x31E7, 0x31E7, 0x31E7, 0x5244, 0x5244, 0x5244, 0x5244, 0x5244, 0x5244, 
0x5244, 0x5244, 0x5244, 0x5244, 0x31E7, 0x31E7, 0x31E7, 0x31E7, 0x31E7, 0x31E7, 0x31E7, 0x31E7, 
0x31E7, 0x31E7, 0x31E7, 0x31E7, 0x31E7, 0x31E7, 0x31E7, 0x31E7, 0x31E7, 0x31E7, 0x31E7, 0x31E7, 
0x31E7, 0x31E7, 0x31E7, 0x31E7, 0x31E7, 0x31E7, 0x31E7, 0x31E7, 0x31E7, 0x31E7, 0xFFFF, 0xFFFF, 
0xFFFF, 0xFFFF, 0x31E7, 0x31E7, 0x31E7, 0x31E7, 0x31E7, 0x31E7, 0xFFFF, 0xFFFF, 0x31E7, 0x31E7, 
0x31E7, 0x31E7, 0x31E7, 0x31E7, 0x6DE6, 0x6DE6, 0x6DE6, 0x6DE6, 0x6DE6, 0x6DE6, 0x6DE6, 0x6DE6, 
0x6DE6, 0x6DE6, 0x6DE6, 0x6DE6, 0x6DE6, 0x6DE6, 0x6DE6, 0x6DE6, 0x6DE6, 0x6DE6, 0x6DE6, 0x6DE6, 
0x6DE6, 0x6DE6, 0x6DE6, 0x6DE6, 0x6DE6, 0x6DE6, 0x6DE6, 0x6DE6, 0x6DE6, 0x6DE6, 0x6DE6, 0x6DE6, 
0x6DE6, 0x6DE6, 0x6DE6, 0x6DE6, 0x6DE6, 0x6DE6, 0x6DE6, 0x6DE6, 0x6DE6, 0x6DE6, 0x6DE6, 0x6DE6, 
0x6DE6, 0x6DE6, 0x6DE6, 0x6DE6, 0x6DE6, 0x6DE6, 0x31E7, 0x31E7, 0x31E7, 0x31E7, 0x31E7, 0x31E7, 
0x31E7, 0x31E7, 0x31E7, 0x31E7, 0x31E7, 0x31E7, 0x31E7, 0x31E7, 0x31E7, 0x31E7, 0x31E7, 0x31E7, 
0x31E7, 0x31E7, 0x5244, 0x5244, 0x5244, 0x5244, 0x5244, 0x5244, 0x5244, 0x5244, 0x31E7, 0x31E7, 
0x31E7, 0x31E7, 0x31E7, 0x31E7, 0x31E7, 0x31E7, 0x31E7, 0x31E7, 0x31E7, 0x31E7, 0x31E7, 0x31E7, 
0x31E7, 0x31E7, 0x31E7, 0x31E7, 0x31E7, 0x31E7, 0x31E7, 0x31E7, 0x31E7, 0x31E7, 0x31E7, 0x31E7, 
0x31E7, 0x31E7, 0x31E7, 0x31E7, 0x31E7, 0x31E7, 0xFFFF, 0xFFFF, 0x31E7, 0x31E7, 0x31E7, 0x31E7, 
0x31E7, 0x31E7, 0x31E7, 0x31E7, 0xFFFF, 0xFFFF, 0x31E7, 0x31E7, 0x31E7, 0x31E7, 0x31E7, 0x31E7, 
0x6DE6, 0x6DE6, 0x6DE6, 0x6DE6, 0x6DE6, 0x6DE6, 0x6DE6, 0x6DE6, 0x6DE6, 0x6DE6, 0x6DE6, 0x6DE6, 
0x6DE6, 0x6DE6, 0x6DE6, 0x6DE6, 0x6DE6, 0x6DE6, 0x6DE6, 0x6DE6, 0x6DE6, 0x6DE6, 0x6DE6, 0x6DE6, 
0x6DE6, 0x6DE6, 0x6DE6, 0x6DE6, 0x6DE6, 0x6DE6, 0x6DE6, 0x6DE6, 0x6DE6, 0x6DE6, 0x6DE6, 0x6DE6, 
0x6DE6, 0x6DE6, 0x6DE6, 0x6DE6, 0x6DE6, 0x6DE6, 0x6DE6, 0x6DE6, 0x6DE6, 0x6DE6, 0x6DE6, 0x6DE6, 
0x6DE6, 0x6DE6, 0x31E7, 0x31E7, 0x31E7, 0x31E7, 0x31E7, 0x31E7, 0x31E7, 0x31E7, 0x31E7, 0x31E7, 
0x31E7, 0x31E7, 0x31E7, 0x31E7, 0x31E7, 0x31E7, 0x31E7, 0x31E7, 0x31E7, 0x31E7, 0x5244, 0x5244, 
0x5244, 0x5244, 0x5244, 0x5244, 0x5244, 0x5244, 0x31E7, 0x31E7, 0x31E7, 0x31E7, 0x31E7, 0x31E7, 
0x31E7, 0x31E7, 0x31E7, 0x31E7, 0x31E7, 0x31E7, 0x31E7, 0x31E7, 0x31E7, 0x31E7, 0x31E7, 0x31E7, 
0x31E7, 0x31E7, 0x31E7, 0x31E7, 0x31E7, 0x31E7, 0x31E7, 0x31E7, 0x31E7, 0x31E7, 0x31E7, 0x31E7, 
0x31E7, 0x31E7, 0xFFFF, 0xFFFF, 0x31E7, 0x31E7, 0x31E7, 0x31E7, 0x31E7, 0x31E7, 0x31E7, 0x31E7, 
0xFFFF, 0xFFFF, 0x31E7, 0x31E7, 0x31E7, 0x31E7, 0x31E7, 0x31E7, 0x6DE6, 0x6DE6, 0x6DE6, 0x6DE6, 
0x6DE6, 0x6DE6, 0x6DE6, 0x6DE6, 0x6DE6, 0x6DE6, 0x6DE6, 0x6DE6, 0x6DE6, 0x6DE6, 0x6DE6, 0x6DE6, 
0x6DE6, 0x6DE6, 0x6DE6, 0x6DE6, 0x6DE6, 0x6DE6, 0x6DE6, 0x6DE6, 0x6DE6, 0x6DE6, 0x6DE6, 0x6DE6, 
0x6DE6, 0x6DE6, 0x6DE6, 0x6DE6, 0x6DE6, 0x6DE6, 0x6DE6, 0x6DE6, 0x6DE6, 0x6DE6, 0x6DE6, 0x6DE6, 
0x6DE6, 0x6DE6, 0x6DE6, 0x6DE6, 0x6DE6, 0x6DE6, 0x6DE6, 0x6DE6, 0x31E7, 0x31E7, 0x31E7, 0x31E7, 
0x31E7, 0x31E7, 0x31E7, 0x31E7, 0x31E7, 0x31E7, 0x31E7, 0x31E7, 0x31E7, 0x31E7, 0x31E7, 0x31E7, 
0x31E7, 0x31E7, 0x31E7, 0x31E7, 0x31E7, 0x31E7, 0x5244, 0x5244, 0x5244, 0x5244, 0x5244, 0x5244, 
0x31E7, 0x31E7, 0x31E7, 0x31E7, 0x31E7, 0x31E7, 0x31E7, 0x31E7, 0x31E7, 0x31E7, 0x31E7, 0x31E7, 
0x31E7, 0x31E7, 0x31E7, 0x31E7, 0x31E7, 0x31E7, 0x31E7, 0x31E7, 0x31E7, 0x31E7, 0x31E7, 0x31E7, 
0x31E7, 0x31E7, 0x31E7, 0x31E7, 0x31E7, 0x31E7, 0x31E7, 0x31E7, 0x31E7, 0x31E7, 0x31E7, 0x31E7, 
0x31E7, 0x31E7, 0x31E7, 0x31E7, 0xFFFF, 0xFFFF, 0xFFFF, 0xFFFF, 0x31E7, 0x31E7, 0x31E7, 0x31E7, 
0x31E7, 0x31E7, 0x31E7, 0x31E7, 0x6DE6, 0x6DE6, 0x6DE6, 0x6DE6, 0x6DE6, 0x6DE6, 0x6DE6, 0x6DE6, 
0x6DE6, 0x6DE6, 0x6DE6, 0x6DE6, 0x6DE6, 0x6DE6, 0x6DE6, 0x6DE6, 0x6DE6, 0x6DE6, 0x6DE6, 0x6DE6, 
0x6DE6, 0x6DE6, 0x6DE6, 0x6DE6, 0x6DE6, 0x6DE6, 0x6DE6, 0x6DE6, 0x6DE6, 0x6DE6, 0x6DE6, 0x6DE6, 
0x6DE6, 0x6DE6, 0x6DE6, 0x6DE6, 0x6DE6, 0x6DE6, 0x6DE6, 0x6DE6, 0x6DE6, 0x6DE6, 0x6DE6, 0x6DE6, 
0x6DE6, 0x6DE6, 0x6DE6, 0x6DE6, 0x31E7, 0x31E7, 0x31E7, 0x31E7, 0x31E7, 0x31E7, 0x31E7, 0x31E7, 
0x31E7, 0x31E7, 0x31E7, 0x31E7, 0x31E7, 0x31E7, 0x31E7, 0x31E7, 0x31E7, 0x31E7, 0x31E7, 0x31E7, 
0x31E7, 0x31E7, 0x5244, 0x5244, 0x5244, 0x5244, 0x5244, 0x5244, 0x31E7, 0x31E7, 0x31E7, 0x31E7, 
0x31E7, 0x31E7, 0x31E7, 0x31E7, 0x31E7, 0x31E7, 0x31E7, 0x31E7, 0x31E7, 0x31E7, 0x31E7, 0x31E7, 
0x31E7, 0x31E7, 0x31E7, 0x31E7, 0x31E7, 0x31E7, 0x31E7, 0x31E7, 0x31E7, 0x31E7, 0x31E7, 0x31E7, 
0x31E7, 0x31E7, 0x31E7, 0x31E7, 0x31E7, 0x31E7, 0x31E7, 0x31E7, 0x31E7, 0x31E7, 0x31E7, 0x31E7, 
0xFFFF, 0xFFFF, 0xFFFF, 0xFFFF, 0x31E7, 0x31E7, 0x31E7, 0x31E7, 0x31E7, 0x31E7, 0x31E7, 0x31E7, 
0x5244, 0x5244, 0x6DE6, 0x6DE6, 0x6DE6, 0x6DE6, 0x6DE6, 0x6DE6, 0x6DE6, 0x6DE6, 0x6DE6, 0x6DE6, 
0x6DE6, 0x6DE6, 0x6DE6, 0x6DE6, 0x6DE6, 0x6DE6, 0x6DE6, 0x6DE6, 0x6DE6, 0x6DE6, 0x6DE6, 0x6DE6, 
0x6DE6, 0x6DE6, 0x6DE6, 0x6DE6, 0x6DE6, 0x6DE6, 0x6DE6, 0x6DE6, 0x6DE6, 0x6DE6, 0x6DE6, 0x6DE6, 
0x6DE6, 0x6DE6, 0x6DE6, 0x6DE6, 0x6DE6, 0x6DE6, 0x6DE6, 0x6DE6, 0x6DE6, 0x6DE6, 0x31E7, 0x31E7, 
0x31E7, 0x31E7, 0x31E7, 0x31E7, 0x31E7, 0x31E7, 0x31E7, 0x31E7, 0x31E7, 0x31E7, 0x31E7, 0x31E7, 
0x31E7, 0x31E7, 0x31E7, 0x31E7, 0x31E7, 0x31E7, 0x31E7, 0x31E7, 0x31E7, 0x31E7, 0x5244, 0x5244, 
0x5244, 0x5244, 0x5244, 0x5244, 0x31E7, 0x31E7, 0x31E7, 0x31E7, 0x31E7, 0x31E7, 0x31E7, 0x31E7, 
0x31E7, 0x31E7, 0x31E7, 0x31E7, 0x31E7, 0x31E7, 0x31E7, 0x31E7, 0x31E7, 0x31E7, 0x31E7, 0x31E7, 
0x31E7, 0x31E7, 0x31E7, 0x31E7, 0x31E7, 0x31E7, 0x31E7, 0x31E7, 0x31E7, 0x31E7, 0x31E7, 0x31E7, 
0x31E7, 0x31E7, 0x31E7, 0x31E7, 0x31E7, 0x31E7, 0xFFFF, 0xFFFF, 0xFFFF, 0xFFFF, 0x31E7, 0x31E7, 
0x31E7, 0x31E7, 0x31E7, 0x31E7, 0x31E7, 0x31E7, 0x31E7, 0x31E7, 0x5244, 0x5244, 0x6DE6, 0x6DE6, 
0x6DE6, 0x6DE6, 0x6DE6, 0x6DE6, 0x6DE6, 0x6DE6, 0x6DE6, 0x6DE6, 0x6DE6, 0x6DE6, 0x6DE6, 0x6DE6, 
0x6DE6, 0x6DE6, 0x6DE6, 0x6DE6, 0x6DE6, 0x6DE6, 0x6DE6, 0x6DE6, 0x6DE6, 0x6DE6, 0x6DE6, 0x6DE6, 
0x6DE6, 0x6DE6, 0x6DE6, 0x6DE6, 0x6DE6, 0x6DE6, 0x6DE6, 0x6DE6, 0x6DE6, 0x6DE6, 0x6DE6, 0x6DE6, 
0x6DE6, 0x6DE6, 0x6DE6, 0x6DE6, 0x6DE6, 0x6DE6, 0x31E7, 0x31E7, 0x31E7, 0x31E7, 0x31E7, 0x31E7, 
0x31E7, 0x31E7, 0x31E7, 0x31E7, 0x31E7, 0x31E7, 0x31E7, 0x31E7, 0x31E7, 0x31E7, 0x31E7, 0x31E7, 
0x31E7, 0x31E7, 0x31E7, 0x31E7, 0x31E7, 0x31E7, 0x5244, 0x5244, 0x5244, 0x5244, 0x5244, 0x5244, 
0x31E7, 0x31E7, 0x31E7, 0x31E7, 0x31E7, 0x31E7, 0x31E7, 0x31E7, 0x31E7, 0x31E7, 0x31E7, 0x31E7, 
0x31E7, 0x31E7, 0x31E7, 0x31E7, 0x31E7, 0x31E7, 0x31E7, 0x31E7, 0x31E7, 0x31E7, 0x31E7, 0x31E7, 
0x31E7, 0x31E7, 0x31E7, 0x31E7, 0x31E7, 0x31E7, 0x31E7, 0x31E7, 0x31E7, 0x31E7, 0x31E7, 0x31E7, 
0x31E7, 0x31E7, 0xFFFF, 0xFFFF, 0xFFFF, 0xFFFF, 0x31E7, 0x31E7, 0x31E7, 0x31E7, 0x31E7, 0x31E7, 
0x31E7, 0x31E7, 0x31E7, 0x31E7, 0x5244, 0x5244, 0x5244, 0x5244, 0x5244, 0x5244, 0x5244, 0x5244, 
0x6DE6, 0x6DE6, 0x6DE6, 0x6DE6, 0x6DE6, 0x6DE6, 0x6DE6, 0x6DE6, 0x6DE6, 0x6DE6, 0x6DE6, 0x6DE6, 
0x6DE6, 0x6DE6, 0x6DE6, 0x6DE6, 0x6DE6, 0x6DE6, 0x6DE6, 0x6DE6, 0x6DE6, 0x6DE6, 0x6DE6, 0x6DE6, 
0x6DE6, 0x6DE6, 0x6DE6, 0x6DE6, 0x6DE6, 0x6DE6, 0x6DE6, 0x6DE6, 0x6DE6, 0x6DE6, 0x6DE6, 0x6DE6, 
0x31E7, 0x31E7, 0x31E7, 0x31E7, 0x31E7, 0x31E7, 0x31E7, 0x31E7, 0x31E7, 0x31E7, 0x31E7, 0x31E7, 
0x31E7, 0x31E7, 0x31E7, 0x31E7, 0x31E7, 0x31E7, 0x31E7, 0x31E7, 0x31E7, 0x31E7, 0x31E7, 0x31E7, 
0x31E7, 0x31E7, 0x31E7, 0x31E7, 0x5244, 0x5244, 0x31E7, 0x31E7, 0x31E7, 0x31E7, 0x31E7, 0x31E7, 
0x31E7, 0x31E7, 0x31E7, 0x31E7, 0x31E7, 0x31E7, 0x31E7, 0x31E7, 0x31E7, 0x31E7, 0x31E7, 0x31E7, 
0x31E7, 0x31E7, 0x31E7, 0x31E7, 0xFFFF, 0xFFFF, 0xFFFF, 0xFFFF, 0xFFFF, 0xFFFF, 0xFFFF, 0xFFFF, 
0xFFFF, 0xFFFF, 0x31E7, 0x31E7, 0x31E7, 0x31E7, 0x31E7, 0x31E7, 0xFFFF, 0xFFFF, 0xFFFF, 0xFFFF, 
0x31E7, 0x31E7, 0x31E7, 0x31E7, 0x31E7, 0x31E7, 0x31E7, 0x31E7, 0x31E7, 0x31E7, 0x31E7, 0x31E7, 
0x5244, 0x5244, 0x5244, 0x5244, 0x5244, 0x5244, 0x5244, 0x5244, 0x6DE6, 0x6DE6, 0x6DE6, 0x6DE6, 
0x6DE6, 0x6DE6, 0x6DE6, 0x6DE6, 0x6DE6, 0x6DE6, 0x6DE6, 0x6DE6, 0x6DE6, 0x6DE6, 0x6DE6, 0x6DE6, 
0x6DE6, 0x6DE6, 0x6DE6, 0x6DE6, 0x6DE6, 0x6DE6, 0x6DE6, 0x6DE6, 0x6DE6, 0x6DE6, 0x6DE6, 0x6DE6, 
0x6DE6, 0x6DE6, 0x6DE6, 0x6DE6, 0x6DE6, 0x6DE6, 0x6DE6, 0x6DE6, 0x31E7, 0x31E7, 0x31E7, 0x31E7, 
0x31E7, 0x31E7, 0x31E7, 0x31E7, 0x31E7, 0x31E7, 0x31E7, 0x31E7, 0x31E7, 0x31E7, 0x31E7, 0x31E7, 
0x31E7, 0x31E7, 0x31E7, 0x31E7, 0x31E7, 0x31E7, 0x31E7, 0x31E7, 0x31E7, 0x31E7, 0x31E7, 0x31E7, 
0x5244, 0x5244, 0x31E7, 0x31E7, 0x31E7, 0x31E7, 0x31E7, 0x31E7, 0x31E7, 0x31E7, 0x31E7, 0x31E7, 
0x31E7, 0x31E7, 0x31E7, 0x31E7, 0x31E7, 0x31E7, 0x31E7, 0x31E7, 0x31E7, 0x31E7, 0x31E7, 0x31E7, 
0xFFFF, 0xFFFF, 0xFFFF, 0xFFFF, 0xFFFF, 0xFFFF, 0xFFFF, 0xFFFF, 0xFFFF, 0xFFFF, 0x31E7, 0x31E7, 
0x31E7, 0x31E7, 0x31E7, 0x31E7, 0xFFFF, 0xFFFF, 0xFFFF, 0xFFFF, 0x31E7, 0x31E7, 0x31E7, 0x31E7, 
0x31E7, 0x31E7, 0x31E7, 0x31E7, 0x31E7, 0x31E7, 0x31E7, 0x31E7, 0x5244, 0x5244, 0x5244, 0x5244, 
0x5244, 0x5244, 0x5244, 0x5244, 0x5244, 0x5244, 0x5244, 0x5244, 0x5244, 0x5244, 0x6DE6, 0x6DE6, 
0x6DE6, 0x6DE6, 0x6DE6, 0x6DE6, 0x6DE6, 0x6DE6, 0x6DE6, 0x6DE6, 0x6DE6, 0x6DE6, 0x6DE6, 0x6DE6, 
0x6DE6, 0x6DE6, 0x6DE6, 0x6DE6, 0x6DE6, 0x6DE6, 0x6DE6, 0x6DE6, 0x6DE6, 0x6DE6, 0x6DE6, 0x6DE6, 
0x31E7, 0x31E7, 0x31E7, 0x31E7, 0x31E7, 0x31E7, 0x31E7, 0x31E7, 0x31E7, 0x31E7, 0x31E7, 0x31E7, 
0x31E7, 0x31E7, 0x31E7, 0x31E7, 0x31E7, 0x31E7, 0x31E7, 0x31E7, 0x31E7, 0x31E7, 0x31E7, 0x31E7, 
0x31E7, 0x31E7, 0x31E7, 0x31E7, 0x31E7, 0x31E7, 0x31E7, 0x31E7, 0x31E7, 0x31E7, 0x31E7, 0x31E7, 
0x31E7, 0x31E7, 0x31E7, 0x31E7, 0x31E7, 0x31E7, 0x31E7, 0x31E7, 0x31E7, 0x31E7, 0x31E7, 0x31E7, 
0x31E7, 0x31E7, 0x31E7, 0x31E7, 0x31E7, 0x31E7, 0x31E7, 0x31E7, 0x31E7, 0x31E7, 0x31E7, 0x31E7, 
0x31E7, 0x31E7, 0x31E7, 0x31E7, 0xFFFF, 0xFFFF, 0x31E7, 0x31E7, 0x31E7, 0x31E7, 0x31E7, 0x31E7, 
0x31E7, 0x31E7, 0x31E7, 0x31E7, 0x31E7, 0x31E7, 0x31E7, 0x31E7, 0x31E7, 0x31E7, 0x31E7, 0x31E7, 
0x31E7, 0x31E7, 0x31E7, 0x31E7, 0x5244, 0x5244, 0x5244, 0x5244, 0x5244, 0x5244, 0x5244, 0x5244, 
0x5244, 0x5244, 0x5244, 0x5244, 0x5244, 0x5244, 0x6DE6, 0x6DE6, 0x6DE6, 0x6DE6, 0x6DE6, 0x6DE6, 
0x6DE6, 0x6DE6, 0x6DE6, 0x6DE6, 0x6DE6, 0x6DE6, 0x6DE6, 0x6DE6, 0x6DE6, 0x6DE6, 0x6DE6, 0x6DE6, 
0x6DE6, 0x6DE6, 0x6DE6, 0x6DE6, 0x6DE6, 0x6DE6, 0x6DE6, 0x6DE6, 0x31E7, 0x31E7, 0x31E7, 0x31E7, 
0x31E7, 0x31E7, 0x31E7, 0x31E7, 0x31E7, 0x31E7, 0x31E7, 0x31E7, 0x31E7, 0x31E7, 0x31E7, 0x31E7, 
0x31E7, 0x31E7, 0x31E7, 0x31E7, 0x31E7, 0x31E7, 0x31E7, 0x31E7, 0x31E7, 0x31E7, 0x31E7, 0x31E7, 
0x31E7, 0x31E7, 0x31E7, 0x31E7, 0x31E7, 0x31E7, 0x31E7, 0x31E7, 0x31E7, 0x31E7, 0x31E7, 0x31E7, 
0x31E7, 0x31E7, 0x31E7, 0x31E7, 0x31E7, 0x31E7, 0x31E7, 0x31E7, 0x31E7, 0x31E7, 0x31E7, 0x31E7, 
0x31E7, 0x31E7, 0x31E7, 0x31E7, 0x31E7, 0x31E7, 0x31E7, 0x31E7, 0x31E7, 0x31E7, 0x31E7, 0x31E7, 
0xFFFF, 0xFFFF, 0x31E7, 0x31E7, 0x31E7, 0x31E7, 0x31E7, 0x31E7, 0x31E7, 0x31E7, 0x31E7, 0x31E7, 
0x31E7, 0x31E7, 0x31E7, 0x31E7, 0x31E7, 0x31E7, 0x31E7, 0x31E7, 0x31E7, 0x31E7, 0x31E7, 0x31E7, 
0x5244, 0x5244, 0x5244, 0x5244, 0x5244, 0x5244, 0x5244, 0x5244, 0x5244, 0x5244, 0x5244, 0x5244, 
0x5244, 0x5244, 0x5244, 0x5244, 0x6DE6, 0x6DE6, 0x6DE6, 0x6DE6, 0x6DE6, 0x6DE6, 0x6DE6, 0x6DE6, 
0x6DE6, 0x6DE6, 0x6DE6, 0x6DE6, 0x6DE6, 0x6DE6, 0x6DE6, 0x6DE6, 0x6DE6, 0x6DE6, 0x6DE6, 0x6DE6, 
0x6DE6, 0x6DE6, 0x31E7, 0x31E7, 0x31E7, 0x31E7, 0x31E7, 0x31E7, 0x31E7, 0x31E7, 0x31E7, 0x31E7, 
0x31E7, 0x31E7, 0x31E7, 0x31E7, 0x31E7, 0x31E7, 0x31E7, 0x31E7, 0x31E7, 0x31E7, 0x31E7, 0x31E7, 
0x31E7, 0x31E7, 0x31E7, 0x31E7, 0x31E7, 0x31E7, 0x31E7, 0x31E7, 0x31E7, 0x31E7, 0x31E7, 0x31E7, 
0x31E7, 0x31E7, 0x31E7, 0x31E7, 0x31E7, 0x31E7, 0x31E7, 0x31E7, 0x31E7, 0x31E7, 0x31E7, 0x31E7, 
0x31E7, 0x31E7, 0x31E7, 0x31E7, 0x31E7, 0x31E7, 0x31E7, 0x31E7, 0x31E7, 0x31E7, 0x31E7, 0x31E7, 
0x31E7, 0x31E7, 0x31E7, 0x31E7, 0x31E7, 0x31E7, 0x31E7, 0x31E7, 0xFFFF, 0xFFFF, 0x31E7, 0x31E7, 
0x31E7, 0x31E7, 0x31E7, 0x31E7, 0x31E7, 0x31E7, 0x31E7, 0x31E7, 0x31E7, 0x31E7, 0x31E7, 0x31E7, 
0x31E7, 0x31E7, 0x31E7, 0x31E7, 0x31E7, 0x31E7, 0x31E7, 0x31E7, 0x5244, 0x5244, 0x5244, 0x5244, 
0x5244, 0x5244, 0x5244, 0x5244, 0x5244, 0x5244, 0x5244, 0x5244, 0x5244, 0x5244, 0x5244, 0x5244, 
0x6DE6, 0x6DE6, 0x6DE6, 0x6DE6, 0x6DE6, 0x6DE6, 0x6DE6, 0x6DE6, 0x6DE6, 0x6DE6, 0x6DE6, 0x6DE6, 
0x6DE6, 0x6DE6, 0x6DE6, 0x6DE6, 0x6DE6, 0x6DE6, 0x6DE6, 0x6DE6, 0x6DE6, 0x6DE6, 0x31E7, 0x31E7, 
0x31E7, 0x31E7, 0x31E7, 0x31E7, 0x31E7, 0x31E7, 0x31E7, 0x31E7, 0x31E7, 0x31E7, 0x31E7, 0x31E7, 
0x31E7, 0x31E7, 0x31E7, 0x31E7, 0x31E7, 0x31E7, 0x31E7, 0x31E7, 0x31E7, 0x31E7, 0x31E7, 0x31E7, 
0x31E7, 0x31E7, 0x31E7, 0x31E7, 0x31E7, 0x31E7, 0x31E7, 0x31E7, 0x31E7, 0x31E7, 0x31E7, 0x31E7, 
0x31E7, 0x31E7, 0x31E7, 0x31E7, 0x31E7, 0x31E7, 0x31E7, 0x31E7, 0x31E7, 0x31E7, 0x31E7, 0x31E7, 
0x31E7, 0x31E7, 0x31E7, 0x31E7, 0x31E7, 0x31E7, 0x31E7, 0x31E7, 0x31E7, 0x31E7, 0x31E7, 0x31E7, 
0x31E7, 0x31E7, 0x31E7, 0x31E7, 0xFFFF, 0xFFFF, 0x31E7, 0x31E7, 0x31E7, 0x31E7, 0x31E7, 0x31E7, 
0x31E7, 0x31E7, 0x31E7, 0x31E7, 0x31E7, 0x31E7, 0x31E7, 0x31E7, 0x31E7, 0x31E7, 0x31E7, 0x31E7, 
0x31E7, 0x31E7, 0x31E7, 0x31E7, 0x5244, 0x5244, 0x5244, 0x5244, 0x5244, 0x5244, 0x5244, 0x5244, 
0x5244, 0x5244, 0x5244, 0x5244, 0x5244, 0x5244, 0x5244, 0x5244, 0x5244, 0x5244, 0x5244, 0x5244, 
0x6DE6, 0x6DE6, 0x6DE6, 0x6DE6, 0x6DE6, 0x6DE6, 0x6DE6, 0x6DE6, 0x6DE6, 0x6DE6, 0x6DE6, 0x6DE6, 
0x6DE6, 0x6DE6, 0x6DE6, 0x6DE6, 0x31E7, 0x31E7, 0x31E7, 0x31E7, 0x31E7, 0x31E7, 0x31E7, 0x31E7, 
0x31E7, 0x31E7, 0x31E7, 0x31E7, 0x31E7, 0x31E7, 0x31E7, 0x31E7, 0x31E7, 0x31E7, 0x31E7, 0x31E7, 
0x31E7, 0x31E7, 0x31E7, 0x31E7, 0x31E7, 0x31E7, 0x31E7, 0x31E7, 0x31E7, 0x31E7, 0x31E7, 0x31E7, 
0x31E7, 0x31E7, 0x31E7, 0x31E7, 0x31E7, 0x31E7, 0x31E7, 0x31E7, 0x31E7, 0x31E7, 0x31E7, 0x31E7, 
0x31E7, 0x31E7, 0x31E7, 0x31E7, 0x31E7, 0x31E7, 0x31E7, 0x31E7, 0x31E7, 0x31E7, 0x31E7, 0x31E7, 
0x31E7, 0x31E7, 0x31E7, 0x31E7, 0x31E7, 0x31E7, 0x31E7, 0x31E7, 0x31E7, 0x31E7, 0xFFFF, 0xFFFF, 
0xFFFF, 0xFFFF, 0x31E7, 0x31E7, 0x31E7, 0x31E7, 0x31E7, 0x31E7, 0x31E7, 0x31E7, 0xFFFF, 0xFFFF, 
0x31E7, 0x31E7, 0x31E7, 0x31E7, 0x31E7, 0x31E7, 0x31E7, 0x31E7, 0x31E7, 0x31E7, 0x31E7, 0x31E7, 
0x5244, 0x5244, 0x5244, 0x5244, 0x5244, 0x5244, 0x5244, 0x5244, 0x5244, 0x5244, 0x5244, 0x5244, 
0x5244, 0x5244, 0x5244, 0x5244, 0x5244, 0x5244, 0x5244, 0x5244, 0x6DE6, 0x6DE6, 0x6DE6, 0x6DE6, 
0x6DE6, 0x6DE6, 0x6DE6, 0x6DE6, 0x6DE6, 0x6DE6, 0x6DE6, 0x6DE6, 0x6DE6, 0x6DE6, 0x6DE6, 0x6DE6, 
0x31E7, 0x31E7, 0x31E7, 0x31E7, 0x31E7, 0x31E7, 0x31E7, 0x31E7, 0x31E7, 0x31E7, 0x31E7, 0x31E7, 
0x31E7, 0x31E7, 0x31E7, 0x31E7, 0x31E7, 0x31E7, 0x31E7, 0x31E7, 0x31E7, 0x31E7, 0x31E7, 0x31E7, 
0x31E7, 0x31E7, 0x31E7, 0x31E7, 0x31E7, 0x31E7, 0x31E7, 0x31E7, 0x31E7, 0x31E7, 0x31E7, 0x31E7, 
0x31E7, 0x31E7, 0x31E7, 0x31E7, 0x31E7, 0x31E7, 0x31E7, 0x31E7, 0x31E7, 0x31E7, 0x31E7, 0x31E7, 
0x31E7, 0x31E7, 0x31E7, 0x31E7, 0x31E7, 0x31E7, 0x31E7, 0x31E7, 0x31E7, 0x31E7, 0x31E7, 0x31E7, 
0x31E7, 0x31E7, 0x31E7, 0x31E7, 0x31E7, 0x31E7, 0xFFFF, 0xFFFF, 0xFFFF, 0xFFFF, 0x31E7, 0x31E7, 
0x31E7, 0x31E7, 0x31E7, 0x31E7, 0x31E7, 0x31E7, 0xFFFF, 0xFFFF, 0x31E7, 0x31E7, 0x31E7, 0x31E7, 
0x31E7, 0x31E7, 0x31E7, 0x31E7, 0x31E7, 0x31E7, 0x31E7, 0x31E7, 0x5244, 0x5244, 0x5244, 0x5244, 
0x5244, 0x5244, 0x5244, 0x5244, 0x5244, 0x5244, 0x5244, 0x5244, 0x5244, 0x5244, 0x5244, 0x5244, 
0x5244, 0x5244, 0x5244, 0x5244, 0x5244, 0x5244, 0x6DE6, 0x6DE6, 0x6DE6, 0x6DE6, 0x6DE6, 0x6DE6, 
0x6DE6, 0x6DE6, 0x6DE6, 0x6DE6, 0x6DE6, 0x6DE6, 0x31E7, 0x31E7, 0x31E7, 0x31E7, 0x31E7, 0x31E7, 
0x31E7, 0x31E7, 0x31E7, 0x31E7, 0x31E7, 0x31E7, 0x31E7, 0x31E7, 0x31E7, 0x31E7, 0x31E7, 0x31E7, 
0x31E7, 0x31E7, 0x31E7, 0x31E7, 0x31E7, 0x31E7, 0x31E7, 0x31E7, 0x31E7, 0x31E7, 0x31E7, 0x31E7, 
0x31E7, 0x31E7, 0x31E7, 0x31E7, 0x31E7, 0x31E7, 0x31E7, 0x31E7, 0x31E7, 0x31E7, 0x31E7, 0x31E7, 
0x31E7, 0x31E7, 0x31E7, 0x31E7, 0x31E7, 0x31E7, 0x31E7, 0x31E7, 0x31E7, 0x31E7, 0x31E7, 0x31E7, 
0x31E7, 0x31E7, 0x31E7, 0x31E7, 0x31E7, 0x31E7, 0x31E7, 0x31E7, 0x31E7, 0x31E7, 0xFFFF, 0xFFFF, 
0xFFFF, 0xFFFF, 0xFFFF, 0xFFFF, 0x31E7, 0x31E7, 0x31E7, 0x31E7, 0x31E7, 0x31E7, 0x31E7, 0x31E7, 
0x31E7, 0x31E7, 0x31E7, 0x31E7, 0x31E7, 0x31E7, 0x31E7, 0x31E7, 0x31E7, 0x31E7, 0x31E7, 0x31E7, 
0x31E7, 0x31E7, 0x31E7, 0x31E7, 0x5244, 0x5244, 0x5244, 0x5244, 0x5244, 0x5244, 0x5244, 0x5244, 
0x5244, 0x5244, 0x5244, 0x5244, 0x5244, 0x5244, 0x5244, 0x5244, 0x5244, 0x5244, 0x5244, 0x5244, 
0x5244, 0x5244, 0x6DE6, 0x6DE6, 0x6DE6, 0x6DE6, 0x6DE6, 0x6DE6, 0x6DE6, 0x6DE6, 0x6DE6, 0x6DE6, 
0x6DE6, 0x6DE6, 0x31E7, 0x31E7, 0x31E7, 0x31E7, 0x31E7, 0x31E7, 0x31E7, 0x31E7, 0x31E7, 0x31E7, 
0x31E7, 0x31E7, 0x31E7, 0x31E7, 0x31E7, 0x31E7, 0x31E7, 0x31E7, 0x31E7, 0x31E7, 0x31E7, 0x31E7, 
0x31E7, 0x31E7, 0x31E7, 0x31E7, 0x31E7, 0x31E7, 0x31E7, 0x31E7, 0x31E7, 0x31E7, 0x31E7, 0x31E7, 
0x31E7, 0x31E7, 0x31E7, 0x31E7, 0x31E7, 0x31E7, 0x31E7, 0x31E7, 0x31E7, 0x31E7, 0x31E7, 0x31E7, 
0x31E7, 0x31E7, 0x31E7, 0x31E7, 0x31E7, 0x31E7, 0x31E7, 0x31E7, 0x31E7, 0x31E7, 0x31E7, 0x31E7, 
0x31E7, 0x31E7, 0x31E7, 0x31E7, 0x31E7, 0x31E7, 0xFFFF, 0xFFFF, 0xFFFF, 0xFFFF, 0xFFFF, 0xFFFF, 
0x31E7, 0x31E7, 0x31E7, 0x31E7, 0x31E7, 0x31E7, 0x31E7, 0x31E7, 0x31E7, 0x31E7, 0x31E7, 0x31E7, 
0x31E7, 0x31E7, 0x31E7, 0x31E7, 0x31E7, 0x31E7, 0x31E7, 0x31E7, 0x31E7, 0x31E7, 0x31E7, 0x31E7, 
0x5244, 0x5244, 0x5244, 0x5244, 0x5244, 0x5244, 0x5244, 0x5244, 0x5244, 0x5244, 0x5244, 0x5244, 
0x5244, 0x5244, 0x5244, 0x5244, 0x5244, 0x5244, 0x5244, 0x5244, 0x5244, 0x5244, 0x5244, 0x5244, 
0x6DE6, 0x6DE6, 0x6DE6, 0x6DE6, 0x6DE6, 0x6DE6, 0x6DE6, 0x6DE6, 0x31E7, 0x31E7, 0x31E7, 0x31E7, 
0x31E7, 0x31E7, 0x31E7, 0x31E7, 0x31E7, 0x31E7, 0x31E7, 0x31E7, 0x31E7, 0x31E7, 0x31E7, 0x31E7, 
0x31E7, 0x31E7, 0x31E7, 0x31E7, 0x31E7, 0x31E7, 0x31E7, 0x31E7, 0x31E7, 0x31E7, 0x31E7, 0x31E7, 
0x31E7, 0x31E7, 0x31E7, 0x31E7, 0x31E7, 0x31E7, 0x31E7, 0x31E7, 0x31E7, 0x31E7, 0x31E7, 0x31E7, 
0x31E7, 0x31E7, 0x31E7, 0x31E7, 0x31E7, 0x31E7, 0x31E7, 0x31E7, 0x31E7, 0x31E7, 0x31E7, 0x31E7, 
0x31E7, 0x31E7, 0x31E7, 0x31E7, 0x31E7, 0x31E7, 0x31E7, 0x31E7, 0x31E7, 0x31E7, 0x31E7, 0x31E7, 
0x31E7, 0x31E7, 0x31E7, 0x31E7, 0x31E7, 0x31E7, 0x31E7, 0x31E7, 0x31E7, 0x31E7, 0x31E7, 0x31E7, 
0x31E7, 0x31E7, 0x31E7, 0x31E7, 0x31E7, 0x31E7, 0x31E7, 0x31E7, 0x31E7, 0x31E7, 0x31E7, 0x31E7, 
0x31E7, 0x31E7, 0x31E7, 0x31E7, 0x31E7, 0x31E7, 0x31E7, 0x31E7, 0x5244, 0x5244, 0x5244, 0x5244, 
0x5244, 0x5244, 0x5244, 0x5244, 0x5244, 0x5244, 0x5244, 0x5244, 0x5244, 0x5244, 0x5244, 0x5244, 
0x5244, 0x5244, 0x5244, 0x5244, 0x5244, 0x5244, 0x5244, 0x5244, 0x6DE6, 0x6DE6, 0x6DE6, 0x6DE6, 
0x6DE6, 0x6DE6, 0x6DE6, 0x6DE6, 0x31E7, 0x31E7, 0x31E7, 0x31E7, 0x31E7, 0x31E7, 0x31E7, 0x31E7, 
0x31E7, 0x31E7, 0x31E7, 0x31E7, 0x31E7, 0x31E7, 0x31E7, 0x31E7, 0x31E7, 0x31E7, 0x31E7, 0x31E7, 
0x31E7, 0x31E7, 0x31E7, 0x31E7, 0x31E7, 0x31E7, 0x31E7, 0x31E7, 0x31E7, 0x31E7, 0x31E7, 0x31E7, 
0x31E7, 0x31E7, 0x31E7, 0x31E7, 0x31E7, 0x31E7, 0x31E7, 0x31E7, 0x31E7, 0x31E7, 0x31E7, 0x31E7, 
0x31E7, 0x31E7, 0x31E7, 0x31E7, 0x31E7, 0x31E7, 0x31E7, 0x31E7, 0x31E7, 0x31E7, 0x31E7, 0x31E7, 
0x31E7, 0x31E7, 0x31E7, 0x31E7, 0x31E7, 0x31E7, 0x31E7, 0x31E7, 0x31E7, 0x31E7, 0x31E7, 0x31E7, 
0x31E7, 0x31E7, 0x31E7, 0x31E7, 0x31E7, 0x31E7, 0x31E7, 0x31E7, 0x31E7, 0x31E7, 0x31E7, 0x31E7, 
0x31E7, 0x31E7, 0x31E7, 0x31E7, 0x31E7, 0x31E7, 0x31E7, 0x31E7, 0x31E7, 0x31E7, 0x31E7, 0x31E7, 
0x31E7, 0x31E7, 0x31E7, 0x31E7, 0x5244, 0x5244, 0x5244, 0x5244, 0x5244, 0x5244, 0x5244, 0x5244, 
0x5244, 0x5244, 0x5244, 0x5244, 0x5244, 0x5244, 0x5244, 0x5244, 0x5244, 0x5244, 0x5244, 0x5244, 
0x5244, 0x5244, 0x5244, 0x5244, 0x5244, 0x5244, 0x6DE6, 0x6DE6, 0x6DE6, 0x6DE6, 0x31E7, 0x31E7, 
0x31E7, 0x31E7, 0x31E7, 0x31E7, 0x31E7, 0x31E7, 0x31E7, 0x31E7, 0x31E7, 0x31E7, 0x31E7, 0x31E7, 
0x31E7, 0x31E7, 0x31E7, 0x31E7, 0x31E7, 0x31E7, 0x31E7, 0x31E7, 0x31E7, 0x31E7, 0x31E7, 0x31E7, 
0x31E7, 0x31E7, 0x31E7, 0x31E7, 0x31E7, 0x31E7, 0x31E7, 0x31E7, 0x31E7, 0x31E7, 0x31E7, 0x31E7, 
0x31E7, 0x31E7, 0x31E7, 0x31E7, 0x31E7, 0x31E7, 0x31E7, 0x31E7, 0x31E7, 0x31E7, 0x31E7, 0x31E7, 
0x31E7, 0x31E7, 0x31E7, 0x31E7, 0x31E7, 0x31E7, 0x31E7, 0x31E7, 0x31E7, 0x31E7, 0x31E7, 0x31E7, 
0x31E7, 0x31E7, 0x31E7, 0x31E7, 0x31E7, 0x31E7, 0x31E7, 0x31E7, 0x31E7, 0x31E7, 0x31E7, 0x31E7, 
0x31E7, 0x31E7, 0x31E7, 0x31E7, 0x31E7, 0x31E7, 0x31E7, 0x31E7, 0x31E7, 0x31E7, 0x31E7, 0x31E7, 
0x31E7, 0x31E7, 0x31E7, 0x31E7, 0x31E7, 0x31E7, 0x31E7, 0x31E7, 0x31E7, 0x31E7, 0x31E7, 0x31E7, 
0x5244, 0x5244, 0x5244, 0x5244, 0x5244, 0x5244, 0x5244, 0x5244, 0x5244, 0x5244, 0x5244, 0x5244, 
0x5244, 0x5244, 0x5244, 0x5244, 0x5244, 0x5244, 0x5244, 0x5244, 0x5244, 0x5244, 0x5244, 0x5244, 
0x5244, 0x5244, 0x6DE6, 0x6DE6, 0x6DE6, 0x6DE6, 0x31E7, 0x31E7, 0x31E7, 0x31E7, 0x31E7, 0x31E7, 
0x31E7, 0x31E7, 0x31E7, 0x31E7, 0x31E7, 0x31E7, 0x31E7, 0x31E7, 0x31E7, 0x31E7, 0x31E7, 0x31E7, 
0x31E7, 0x31E7, 0x31E7, 0x31E7, 0x31E7, 0x31E7, 0x31E7, 0x31E7, 0x31E7, 0x31E7, 0x31E7, 0x31E7, 
0x31E7, 0x31E7, 0x31E7, 0x31E7, 0x31E7, 0x31E7, 0x31E7, 0x31E7, 0x31E7, 0x31E7, 0x31E7, 0x31E7, 
0x31E7, 0x31E7, 0x31E7, 0x31E7, 0x31E7, 0x31E7, 0x31E7, 0x31E7, 0x31E7, 0x31E7, 0x31E7, 0x31E7, 
0x31E7, 0x31E7, 0x31E7, 0x31E7, 0x31E7, 0x31E7, 0x31E7, 0x31E7, 0x31E7, 0x31E7, 0x31E7, 0x31E7, 
0x31E7, 0x31E7, 0x31E7, 0x31E7, 0x31E7, 0x31E7, 0x31E7, 0x31E7, 0x31E7, 0x31E7, 0x31E7, 0x31E7, 
0x31E7, 0x31E7, 0x31E7, 0x31E7, 0x31E7, 0x31E7, 0x31E7, 0x31E7, 0x31E7, 0x31E7, 0x31E7, 0x31E7, 
0x31E7, 0x31E7, 0x31E7, 0x31E7, 0x31E7, 0x31E7, 0x31E7, 0x31E7, 0x5244, 0x5244, 0x5244, 0x5244, 
0x5244, 0x5244, 0x5244, 0x5244, 0x5244, 0x5244, 0x5244, 0x5244, 0x5244, 0x5244, 0x5244, 0x5244, 
0x5244, 0x5244, 0x5244, 0x5244, 0x5244, 0x5244, 0x5244, 0x5244, 0x5244, 0x5244, 0x5244, 0x5244, 
0x6DE6, 0x6DE6, 0x31E7, 0x31E7, 0x31E7, 0x31E7, 0x31E7, 0x31E7, 0x31E7, 0x31E7, 0x31E7, 0x31E7, 
0x31E7, 0x31E7, 0x31E7, 0x31E7, 0x31E7, 0x31E7, 0x31E7, 0x31E7, 0x31E7, 0x31E7, 0x31E7, 0x31E7, 
0x31E7, 0x31E7, 0x31E7, 0x31E7, 0x31E7, 0x31E7, 0x31E7, 0x31E7, 0x31E7, 0x31E7, 0x31E7, 0x31E7, 
0x31E7, 0x31E7, 0x31E7, 0x31E7, 0x31E7, 0x31E7, 0x31E7, 0x31E7, 0x31E7, 0x31E7, 0x31E7, 0x31E7, 
0x31E7, 0x31E7, 0x31E7, 0x31E7, 0x31E7, 0x31E7, 0x31E7, 0x31E7, 0x31E7, 0x31E7, 0x31E7, 0x31E7, 
0x31E7, 0x31E7, 0x31E7, 0x31E7, 0x31E7, 0x31E7, 0x31E7, 0x31E7, 0x31E7, 0x31E7, 0xFFFF, 0xFFFF, 
0x31E7, 0x31E7, 0x31E7, 0x31E7, 0x31E7, 0x31E7, 0x31E7, 0x31E7, 0x31E7, 0x31E7, 0x31E7, 0x31E7, 
0x31E7, 0x31E7, 0x31E7, 0x31E7, 0x31E7, 0x31E7, 0x31E7, 0x31E7, 0x31E7, 0x31E7, 0x31E7, 0x31E7, 
0x31E7, 0x31E7, 0x31E7, 0x31E7, 0x5244, 0x5244, 0x5244, 0x5244, 0x5244, 0x5244, 0x5244, 0x5244, 
0x5244, 0x5244, 0x5244, 0x5244, 0x5244, 0x5244, 0x5244, 0x5244, 0x5244, 0x5244, 0x5244, 0x5244, 
0x5244, 0x5244, 0x5244, 0x5244, 0x5244, 0x5244, 0x5244, 0x5244, 0x6DE6, 0x6DE6, 0x31E7, 0x31E7, 
0x31E7, 0x31E7, 0x31E7, 0x31E7, 0x31E7, 0x31E7, 0x31E7, 0x31E7, 0x31E7, 0x31E7, 0x31E7, 0x31E7, 
0x31E7, 0x31E7, 0x31E7, 0x31E7, 0x31E7, 0x31E7, 0x31E7, 0x31E7, 0x31E7, 0x31E7, 0x31E7, 0x31E7, 
0x31E7, 0x31E7, 0x31E7, 0x31E7, 0x31E7, 0x31E7, 0x31E7, 0x31E7, 0x31E7, 0x31E7, 0x31E7, 0x31E7, 
0x31E7, 0x31E7, 0x31E7, 0x31E7, 0x31E7, 0x31E7, 0x31E7, 0x31E7, 0x31E7, 0x31E7, 0x31E7, 0x31E7, 
0x31E7, 0x31E7, 0x31E7, 0x31E7, 0x31E7, 0x31E7, 0x31E7, 0x31E7, 0x31E7, 0x31E7, 0x31E7, 0x31E7, 
0x31E7, 0x31E7, 0x31E7, 0x31E7, 0x31E7, 0x31E7, 0xFFFF, 0xFFFF, 0x31E7, 0x31E7, 0x31E7, 0x31E7, 
0x31E7, 0x31E7, 0x31E7, 0x31E7, 0x31E7, 0x31E7, 0x31E7, 0x31E7, 0x31E7, 0x31E7, 0x31E7, 0x31E7, 
0x31E7, 0x31E7, 0x31E7, 0x31E7, 0x31E7, 0x31E7, 0x31E7, 0x31E7, 0x31E7, 0x31E7, 0x31E7, 0x31E7, 
0x5244, 0x5244, 0x5244, 0x5244, 0x5244, 0x5244, 0x5244, 0x5244, 0x5244, 0x5244, 0x5244, 0x5244, 
0x5244, 0x5244, 0x5244, 0x5244, 0x5244, 0x5244, 0x5244, 0x5244, 0x5244, 0x5244, 0x5244, 0x5244, 
0x5244, 0x5244, 0x5244, 0x5244, 0x5244, 0x5244, 0x31E7, 0x31E7, 0x31E7, 0x31E7, 0x31E7, 0x31E7, 
0x31E7, 0x31E7, 0x31E7, 0x31E7, 0x31E7, 0x31E7, 0x31E7, 0x31E7, 0x31E7, 0x31E7, 0x31E7, 0x31E7, 
0x31E7, 0x31E7, 0x31E7, 0x31E7, 0x31E7, 0x31E7, 0x31E7, 0x31E7, 0x31E7, 0x31E7, 0x31E7, 0x31E7, 
0x31E7, 0x31E7, 0x31E7, 0x31E7, 0x31E7, 0x31E7, 0x31E7, 0x31E7, 0x31E7, 0x31E7, 0x31E7, 0x31E7, 
0x31E7, 0x31E7, 0x31E7, 0x31E7, 0x31E7, 0x31E7, 0x31E7, 0x31E7, 0x34AD, 0x34AD, 0x34AD, 0x34AD, 
0x34AD, 0x34AD, 0x34AD, 0x34AD, 0x34AD, 0x34AD, 0x34AD, 0x34AD, 0x31E7, 0x31E7, 0x31E7, 0x31E7, 
0x31E7, 0x31E7, 0x31E7, 0x31E7, 0x31E7, 0x31E7, 0x31E7, 0x31E7, 0x31E7, 0x31E7, 0x31E7, 0x31E7, 
0x31E7, 0x31E7, 0x31E7, 0x31E7, 0x31E7, 0x31E7, 0x31E7, 0x31E7, 0x31E7, 0x31E7, 0x31E7, 0x31E7, 
0x31E7, 0x31E7, 0x31E7, 0x31E7, 0x31E7, 0x31E7, 0x31E7, 0x31E7, 0x5244, 0x5244, 0x5244, 0x5244, 
0x5244, 0x5244, 0x5244, 0x5244, 0x5244, 0x5244, 0x5244, 0x5244, 0x5244, 0x5244, 0x5244, 0x5244, 
0x5244, 0x5244, 0x5244, 0x5244, 0x5244, 0x5244, 0x5244, 0x5244, 0x5244, 0x5244, 0x5244, 0x5244, 
0x5244, 0x5244, 0x31E7, 0x31E7, 0x31E7, 0x31E7, 0x31E7, 0x31E7, 0x31E7, 0x31E7, 0x31E7, 0x31E7, 
0x31E7, 0x31E7, 0x31E7, 0x31E7, 0x31E7, 0x31E7, 0x31E7, 0x31E7, 0x31E7, 0x31E7, 0x31E7, 0x31E7, 
0x31E7, 0x31E7, 0x31E7, 0x31E7, 0x31E7, 0x31E7, 0x31E7, 0x31E7, 0x31E7, 0x31E7, 0x31E7, 0x31E7, 
0x31E7, 0x31E7, 0x31E7, 0x31E7, 0x31E7, 0x31E7, 0x31E7, 0x31E7, 0x31E7, 0x31E7, 0x31E7, 0x31E7, 
0x31E7, 0x31E7, 0x31E7, 0x31E7, 0x34AD, 0x34AD, 0x34AD, 0x34AD, 0x34AD, 0x34AD, 0x34AD, 0x34AD, 
0x34AD, 0x34AD, 0x34AD, 0x34AD, 0x31E7, 0x31E7, 0x31E7, 0x31E7, 0x31E7, 0x31E7, 0x31E7, 0x31E7, 
0x31E7, 0x31E7, 0x31E7, 0x31E7, 0x31E7, 0x31E7, 0x31E7, 0x31E7, 0x31E7, 0x31E7, 0x31E7, 0x31E7, 
0x31E7, 0x31E7, 0x31E7, 0x31E7, 0x31E7, 0x31E7, 0x31E7, 0x31E7, 0x31E7, 0x31E7, 0x31E7, 0x31E7, 
0x31E7, 0x31E7, 0x31E7, 0x31E7, 0x5244, 0x5244, 0x5244, 0x5244, 0x5244, 0x5244, 0x5244, 0x5244, 
0x5244, 0x5244, 0x5244, 0x5244, 0x5244, 0x5244, 0x5244, 0x5244, 0x5244, 0x5244, 0x5244, 0x5244, 
0x5244, 0x5244, 0x5244, 0x5244, 0x5244, 0x5244, 0x5244, 0x5244, 0x5244, 0x5244, 0x5244, 0x5244, 
0x31E7, 0x31E7, 0x31E7, 0x31E7, 0x31E7, 0x31E7, 0x31E7, 0x31E7, 0x31E7, 0x31E7, 0x31E7, 0x31E7, 
0x31E7, 0x31E7, 0x34AD, 0x34AD, 0x34AD, 0x34AD, 0x34AD, 0x34AD, 0x34AD, 0x34AD, 0x34AD, 0x34AD, 
0x34AD, 0x34AD, 0x31E7, 0x31E7, 0x31E7, 0x31E7, 0x31E7, 0x31E7, 0x31E7, 0x31E7, 0x31E7, 0x31E7, 
0x31E7, 0x31E7, 0x31E7, 0x31E7, 0x31E7, 0x31E7, 0x31E7, 0x31E7, 0x31E7, 0x31E7, 0x34AD, 0x34AD, 
0x34AD, 0x34AD, 0x34AD, 0x34AD, 0x34AD, 0x34AD, 0x34AD, 0x34AD, 0x34AD, 0x34AD, 0x34AD, 0x34AD, 
0x34AD, 0x34AD, 0x31E7, 0x31E7, 0x31E7, 0x31E7, 0x31E7, 0x31E7, 0x31E7, 0x31E7, 0x31E7, 0x31E7, 
0x31E7, 0x31E7, 0x31E7, 0x31E7, 0x31E7, 0x31E7, 0x31E7, 0x31E7, 0x31E7, 0x31E7, 0x31E7, 0x31E7, 
0x31E7, 0x31E7, 0x31E7, 0x31E7, 0x31E7, 0x31E7, 0x31E7, 0x31E7, 0x31E7, 0x31E7, 0x31E7, 0x31E7, 
0x5244, 0x5244, 0x5244, 0x5244, 0x5244, 0x5244, 0x5244, 0x5244, 0x5244, 0x5244, 0x5244, 0x5244, 
0x5244, 0x5244, 0x5244, 0x5244, 0x5244, 0x5244, 0x5244, 0x5244, 0x5244, 0x5244, 0x5244, 0x5244, 
0x5244, 0x5244, 0x5244, 0x5244, 0x5244, 0x5244, 0x5244, 0x5244, 0x31E7, 0x31E7, 0x31E7, 0x31E7, 
0x31E7, 0x31E7, 0x31E7, 0x31E7, 0x31E7, 0x31E7, 0x31E7, 0x31E7, 0x31E7, 0x31E7, 0x34AD, 0x34AD, 
0x34AD, 0x34AD, 0x34AD, 0x34AD, 0x34AD, 0x34AD, 0x34AD, 0x34AD, 0x34AD, 0x34AD, 0x31E7, 0x31E7, 
0x31E7, 0x31E7, 0x31E7, 0x31E7, 0x31E7, 0x31E7, 0x31E7, 0x31E7, 0x31E7, 0x31E7, 0x31E7, 0x31E7, 
0x31E7, 0x31E7, 0x31E7, 0x31E7, 0x31E7, 0x31E7, 0x34AD, 0x34AD, 0x34AD, 0x34AD, 0x34AD, 0x34AD, 
0x34AD, 0x34AD, 0x34AD, 0x34AD, 0x34AD, 0x34AD, 0x34AD, 0x34AD, 0x34AD, 0x34AD, 0x31E7, 0x31E7, 
0x31E7, 0x31E7, 0x31E7, 0x31E7, 0x31E7, 0x31E7, 0x31E7, 0x31E7, 0x31E7, 0x31E7, 0x31E7, 0x31E7, 
0x31E7, 0x31E7, 0x31E7, 0x31E7, 0x31E7, 0x31E7, 0x31E7, 0x31E7, 0x31E7, 0x31E7, 0x31E7, 0x31E7, 
0x31E7, 0x31E7, 0x31E7, 0x31E7, 0x31E7, 0x31E7, 0x31E7, 0x31E7, 0x5244, 0x5244, 0x5244, 0x5244, 
0x5244, 0x5244, 0x5244, 0x5244, 0x5244, 0x5244, 0x5244, 0x5244, 0x5244, 0x5244, 0x5244, 0x5244, 
0x5244, 0x5244, 0x5244, 0x5244, 0x5244, 0x5244, 0x5244, 0x5244, 0x5244, 0x5244, 0x5244, 0x5244, 
0x5244, 0x5244, 0x5244, 0x5244, 0x5244, 0x5244, 0x31E7, 0x31E7, 0x31E7, 0x31E7, 0x31E7, 0x31E7, 
0x31E7, 0x31E7, 0x31E7, 0x31E7, 0x34AD, 0x34AD, 0x34AD, 0x34AD, 0x34AD, 0x34AD, 0x34AD, 0x34AD, 
0x34AD, 0x34AD, 0x34AD, 0x34AD, 0x34AD, 0x34AD, 0x34AD, 0x34AD, 0x31E7, 0x31E7, 0x31E7, 0x31E7, 
0x31E7, 0x31E7, 0x31E7, 0x31E7, 0x31E7, 0x31E7, 0x31E7, 0x31E7, 0x31E7, 0x31E7, 0x31E7, 0x31E7, 
0x34AD, 0x34AD, 0x34AD, 0x34AD, 0x34AD, 0x34AD, 0x34AD, 0x34AD, 0x31E7, 0x31E7, 0x31E7, 0x31E7, 
0x34AD, 0x34AD, 0x34AD, 0x34AD, 0x34AD, 0x34AD, 0x34AD, 0x34AD, 0x31E7, 0x31E7, 0x31E7, 0x31E7, 
0x31E7, 0x31E7, 0x31E7, 0x31E7, 0x31E7, 0x31E7, 0x31E7, 0x31E7, 0x31E7, 0x31E7, 0x31E7, 0x31E7, 
0x31E7, 0x31E7, 0x31E7, 0x31E7, 0x31E7, 0x31E7, 0x31E7, 0x31E7, 0x31E7, 0x31E7, 0x31E7, 0x31E7, 
0x31E7, 0x31E7, 0x31E7, 0x31E7, 0x5244, 0x5244, 0x5244, 0x5244, 0x5244, 0x5244, 0x5244, 0x5244, 
0x5244, 0x5244, 0x5244, 0x5244, 0x5244, 0x5244, 0x5244, 0x5244, 0x5244, 0x5244, 0x5244, 0x5244, 
0x5244, 0x5244, 0x5244, 0x5244, 0x5244, 0x5244, 0x5244, 0x5244, 0x5244, 0x5244, 0x5244, 0x5244, 
0x5244, 0x5244, 0x31E7, 0x31E7, 0x31E7, 0x31E7, 0x31E7, 0x31E7, 0x31E7, 0x31E7, 0x31E7, 0x31E7, 
0x34AD, 0x34AD, 0x34AD, 0x34AD, 0x34AD, 0x34AD, 0x34AD, 0x34AD, 0x34AD, 0x34AD, 0x34AD, 0x34AD, 
0x34AD, 0x34AD, 0x34AD, 0x34AD, 0x31E7, 0x31E7, 0x31E7, 0x31E7, 0x31E7, 0x31E7, 0x31E7, 0x31E7, 
0x31E7, 0x31E7, 0x31E7, 0x31E7, 0x31E7, 0x31E7, 0x31E7, 0x31E7, 0x34AD, 0x34AD, 0x34AD, 0x34AD, 
0x34AD, 0x34AD, 0x34AD, 0x34AD, 0x31E7, 0x31E7, 0x31E7, 0x31E7, 0x34AD, 0x34AD, 0x34AD, 0x34AD, 
0x34AD, 0x34AD, 0x34AD, 0x34AD, 0x31E7, 0x31E7, 0x31E7, 0x31E7, 0x31E7, 0x31E7, 0x31E7, 0x31E7, 
0x31E7, 0x31E7, 0x31E7, 0x31E7, 0x31E7, 0x31E7, 0x31E7, 0x31E7, 0x31E7, 0x31E7, 0x31E7, 0x31E7, 
0x31E7, 0x31E7, 0x31E7, 0x31E7, 0x31E7, 0x31E7, 0x31E7, 0x31E7, 0x31E7, 0x31E7, 0x31E7, 0x31E7, 
0x5244, 0x5244, 0x5244, 0x5244, 0x5244, 0x5244, 0x5244, 0x5244, 0x5244, 0x5244, 0x5244, 0x5244, 
0x5244, 0x5244, 0x5244, 0x5244, 0x5244, 0x5244, 0x5244, 0x5244, 0x5244, 0x5244, 0x5244, 0x5244, 
0x5244, 0x5244, 0x5244, 0x5244, 0x5244, 0x5244, 0x5244, 0x5244, 0x5244, 0x5244, 0x5244, 0x5244, 
0x31E7, 0x31E7, 0x31E7, 0x31E7, 0x31E7, 0x31E7, 0x31E7, 0x31E7, 0x34AD, 0x34AD, 0x34AD, 0x34AD, 
0x34AD, 0x34AD, 0x31E7, 0x31E7, 0x31E7, 0x31E7, 0x31E7, 0x31E7, 0x34AD, 0x34AD, 0x34AD, 0x34AD, 
0x31E7, 0x31E7, 0x31E7, 0x31E7, 0x31E7, 0x31E7, 0x31E7, 0x31E7, 0x31E7, 0x31E7, 0x31E7, 0x31E7, 
0x31E7, 0x31E7, 0x31E7, 0x31E7, 0x34AD, 0x34AD, 0x34AD, 0x34AD, 0x34AD, 0x34AD, 0x31E7, 0x31E7, 
0x31E7, 0x31E7, 0x31E7, 0x31E7, 0x31E7, 0x31E7, 0x34AD, 0x34AD, 0x34AD, 0x34AD, 0x34AD, 0x34AD, 
0x31E7, 0x31E7, 0x31E7, 0x31E7, 0x31E7, 0x31E7, 0x31E7, 0x31E7, 0x31E7, 0x31E7, 0x31E7, 0x31E7, 
0x31E7, 0x31E7, 0x31E7, 0x31E7, 0x31E7, 0x31E7, 0x31E7, 0x31E7, 0x31E7, 0x31E7, 0x31E7, 0x31E7, 
0x31E7, 0x31E7, 0x31E7, 0x31E7, 0x31E7, 0x31E7, 0x31E7, 0x31E7, 0x5244, 0x5244, 0x5244, 0x5244, 
0x5244, 0x5244, 0x5244, 0x5244, 0x5244, 0x5244, 0x5244, 0x5244, 0x5244, 0x5244, 0x5244, 0x5244, 
0x5244, 0x5244, 0x5244, 0x5244, 0x5244, 0x5244, 0x5244, 0x5244, 0x5244, 0x5244, 0x5244, 0x5244, 
0x5244, 0x5244, 0x5244, 0x5244, 0x5244, 0x5244, 0x5244, 0x5244, 0x31E7, 0x31E7, 0x31E7, 0x31E7, 
0x31E7, 0x31E7, 0x31E7, 0x31E7, 0x34AD, 0x34AD, 0x34AD, 0x34AD, 0x34AD, 0x34AD, 0x31E7, 0x31E7, 
0x31E7, 0x31E7, 0x31E7, 0x31E7, 0x34AD, 0x34AD, 0x34AD, 0x34AD, 0x31E7, 0x31E7, 0x31E7, 0x31E7, 
0x31E7, 0x31E7, 0x31E7, 0x31E7, 0x31E7, 0x31E7, 0x31E7, 0x31E7, 0x31E7, 0x31E7, 0x31E7, 0x31E7, 
0x34AD, 0x34AD, 0x34AD, 0x34AD, 0x34AD, 0x34AD, 0x31E7, 0x31E7, 0x31E7, 0x31E7, 0x31E7, 0x31E7, 
0x31E7, 0x31E7, 0x34AD, 0x34AD, 0x34AD, 0x34AD, 0x34AD, 0x34AD, 0x31E7, 0x31E7, 0x31E7, 0x31E7, 
0x31E7, 0x31E7, 0x31E7, 0x31E7, 0x31E7, 0x31E7, 0x31E7, 0x31E7, 0x31E7, 0x31E7, 0x31E7, 0x31E7, 
0x31E7, 0x31E7, 0x31E7, 0x31E7, 0x31E7, 0x31E7, 0x31E7, 0x31E7, 0x31E7, 0x31E7, 0x31E7, 0x31E7, 
0x31E7, 0x31E7, 0x31E7, 0x31E7, 0x5244, 0x5244, 0x5244, 0x5244, 0x5244, 0x5244, 0x5244, 0x5244, 
0x5244, 0x5244, 0x5244, 0x5244, 0x5244, 0x5244, 0x5244, 0x5244, 0x5244, 0x5244, 0x5244, 0x5244, 
0x5244, 0x5244, 0x5244, 0x5244, 0x5244, 0x5244, 0x5244, 0x5244, 0x5244, 0x5244, 0x5244, 0x5244, 
0x5244, 0x5244, 0x5244, 0x5244, 0x5244, 0x5244, 0x31E7, 0x31E7, 0x31E7, 0x31E7, 0x31E7, 0x31E7, 
0x34AD, 0x34AD, 0x34AD, 0x34AD, 0x34AD, 0x34AD, 0x31E7, 0x31E7, 0x31E7, 0x31E7, 0x31E7, 0x31E7, 
0x34AD, 0x34AD, 0x34AD, 0x34AD, 0x34AD, 0x34AD, 0x31E7, 0x31E7, 0x31E7, 0x31E7, 0x31E7, 0x31E7, 
0x31E7, 0x31E7, 0x31E7, 0x31E7, 0x34AD, 0x34AD, 0x34AD, 0x34AD, 0x34AD, 0x34AD, 0x34AD, 0x34AD, 
0x34AD, 0x34AD, 0x31E7, 0x31E7, 0x31E7, 0x31E7, 0x31E7, 0x31E7, 0x31E7, 0x31E7, 0x34AD, 0x34AD, 
0x34AD, 0x34AD, 0x34AD, 0x34AD, 0x31E7, 0x31E7, 0x31E7, 0x31E7, 0x31E7, 0x31E7, 0x31E7, 0x31E7, 
0x31E7, 0x31E7, 0x31E7, 0x31E7, 0x31E7, 0x31E7, 0x31E7, 0x31E7, 0x31E7, 0x31E7, 0x31E7, 0x31E7, 
0x31E7, 0x31E7, 0x31E7, 0x31E7, 0x31E7, 0x31E7, 0x31E7, 0x31E7, 0x31E7, 0x31E7, 0x31E7, 0x31E7, 
0x5244, 0x5244, 0x5244, 0x5244, 0x5244, 0x5244, 0x5244, 0x5244, 0x5244, 0x5244, 0x5244, 0x5244, 
0x5244, 0x5244, 0x5244, 0x5244, 0x5244, 0x5244, 0x5244, 0x5244, 0x5244, 0x5244, 0x5244, 0x5244, 
0x5244, 0x5244, 0x5244, 0x5244, 0x5244, 0x5244, 0x5244, 0x5244, 0x5244, 0x5244, 0x5244, 0x5244, 
0x5244, 0x5244, 0x31E7, 0x31E7, 0x31E7, 0x31E7, 0x31E7, 0x31E7, 0x34AD, 0x34AD, 0x34AD, 0x34AD, 
0x34AD, 0x34AD, 0x31E7, 0x31E7, 0x31E7, 0x31E7, 0x31E7, 0x31E7, 0x34AD, 0x34AD, 0x34AD, 0x34AD, 
0x34AD, 0x34AD, 0x31E7, 0x31E7, 0x31E7, 0x31E7, 0x31E7, 0x31E7, 0x31E7, 0x31E7, 0x31E7, 0x31E7, 
0x34AD, 0x34AD, 0x34AD, 0x34AD, 0x34AD, 0x34AD, 0x34AD, 0x34AD, 0x34AD, 0x34AD, 0x31E7, 0x31E7, 
0x31E7, 0x31E7, 0x31E7, 0x31E7, 0x31E7, 0x31E7, 0x34AD, 0x34AD, 0x34AD, 0x34AD, 0x34AD, 0x34AD, 
0x31E7, 0x31E7, 0x31E7, 0x31E7, 0x31E7, 0x31E7, 0x31E7, 0x31E7, 0x31E7, 0x31E7, 0x31E7, 0x31E7, 
0x31E7, 0x31E7, 0x31E7, 0x31E7, 0x31E7, 0x31E7, 0x31E7, 0x31E7, 0x31E7, 0x31E7, 0x31E7, 0x31E7, 
0x31E7, 0x31E7, 0x31E7, 0x31E7, 0x31E7, 0x31E7, 0x31E7, 0x31E7, 0x5244, 0x5244, 0x5244, 0x5244, 
0x5244, 0x5244, 0x5244, 0x5244, 0x5244, 0x5244, 0x5244, 0x5244, 0x5244, 0x5244, 0x5244, 0x5244, 
0x5244, 0x5244, 0x5244, 0x5244, 0x5244, 0x5244, 0x5244, 0x5244, 0x5244, 0x5244, 0x5244, 0x5244, 
0x5244, 0x5244, 0x5244, 0x5244, 0x5244, 0x5244, 0x5244, 0x5244, 0x5244, 0x5244, 0x5244, 0x5244, 
0x31E7, 0x31E7, 0x31E7, 0x31E7, 0x34AD, 0x34AD, 0x34AD, 0x34AD, 0x34AD, 0x34AD, 0x31E7, 0x31E7, 
0x31E7, 0x31E7, 0x31E7, 0x31E7, 0x34AD, 0x34AD, 0x34AD, 0x34AD, 0x34AD, 0x34AD, 0x34AD, 0x34AD, 
0x34AD, 0x34AD, 0x34AD, 0x34AD, 0x34AD, 0x34AD, 0x34AD, 0x34AD, 0x34AD, 0x34AD, 0x34AD, 0x34AD, 
0x34AD, 0x34AD, 0x34AD, 0x34AD, 0x34AD, 0x34AD, 0x34AD, 0x34AD, 0x34AD, 0x34AD, 0x34AD, 0x34AD, 
0x34AD, 0x34AD, 0x34AD, 0x34AD, 0x34AD, 0x34AD, 0x34AD, 0x34AD, 0x34AD, 0x34AD, 0x31E7, 0x31E7, 
0x31E7, 0x31E7, 0x31E7, 0x31E7, 0x31E7, 0x31E7, 0x31E7, 0x31E7, 0x31E7, 0x31E7, 0x31E7, 0x31E7, 
0x31E7, 0x31E7, 0x31E7, 0x31E7, 0x31E7, 0x31E7, 0x31E7, 0x31E7, 0x31E7, 0x31E7, 0x31E7, 0x31E7, 
0x31E7, 0x31E7, 0x31E7, 0x31E7, 0x5244, 0x5244, 0x5244, 0x5244, 0x5244, 0x5244, 0x5244, 0x5244, 
0x5244, 0x5244, 0x5244, 0x5244, 0x5244, 0x5244, 0x5244, 0x5244, 0x5244, 0x5244, 0x5244, 0x5244, 
0x5244, 0x5244, 0x5244, 0x5244, 0x5244, 0x5244, 0x5244, 0x5244, 0x5244, 0x5244, 0x5244, 0x5244, 
0x5244, 0x5244, 0x5244, 0x5244, 0x5244, 0x5244, 0x5244, 0x5244, 0x31E7, 0x31E7, 0x31E7, 0x31E7, 
0x34AD, 0x34AD, 0x34AD, 0x34AD, 0x34AD, 0x34AD, 0x31E7, 0x31E7, 0x31E7, 0x31E7, 0x31E7, 0x31E7, 
0x34AD, 0x34AD, 0x34AD, 0x34AD, 0x34AD, 0x34AD, 0x34AD, 0x34AD, 0x34AD, 0x34AD, 0x34AD, 0x34AD, 
0x34AD, 0x34AD, 0x34AD, 0x34AD, 0x34AD, 0x34AD, 0x34AD, 0x34AD, 0x34AD, 0x34AD, 0x34AD, 0x34AD, 
0x34AD, 0x34AD, 0x34AD, 0x34AD, 0x34AD, 0x34AD, 0x34AD, 0x34AD, 0x34AD, 0x34AD, 0x34AD, 0x34AD, 
0x34AD, 0x34AD, 0x34AD, 0x34AD, 0x34AD, 0x34AD, 0x31E7, 0x31E7, 0x31E7, 0x31E7, 0x31E7, 0x31E7, 
0x31E7, 0x31E7, 0x31E7, 0x31E7, 0x31E7, 0x31E7, 0x31E7, 0x31E7, 0x31E7, 0x31E7, 0x31E7, 0x31E7, 
0x31E7, 0x31E7, 0x31E7, 0x31E7, 0x31E7, 0x31E7, 0x31E7, 0x31E7, 0x31E7, 0x31E7, 0x31E7, 0x31E7, 
0x5244, 0x5244, 0x5244, 0x5244, 0x5244, 0x5244, 0x5244, 0x5244, 0x5244, 0x5244, 0x5244, 0x5244, 
0x5244, 0x5244, 0x5244, 0x5244, 0x5244, 0x5244, 0x5244, 0x5244, 0x5244, 0x5244, 0x5244, 0x5244, 
0x5244, 0x5244, 0x5244, 0x5244, 0x5244, 0x5244, 0x5244, 0x5244, 0x5244, 0x5244, 0x5244, 0x5244, 
0x5244, 0x5244, 0x31E7, 0x31E7, 0x31E7, 0x31E7, 0x31E7, 0x31E7, 0x34AD, 0x34AD, 0x34AD, 0x34AD, 
0x34AD, 0x34AD, 0x34AD, 0x34AD, 0x34AD, 0x34AD, 0x34AD, 0x34AD, 0x34AD, 0x34AD, 0x34AD, 0x34AD, 
0x34AD, 0x34AD, 0x34AD, 0x34AD, 0x34AD, 0x34AD, 0x34AD, 0x34AD, 0x34AD, 0x34AD, 0x34AD, 0x34AD, 
0x34AD, 0x34AD, 0x34AD, 0x34AD, 0x34AD, 0x34AD, 0x34AD, 0x34AD, 0x34AD, 0x34AD, 0x34AD, 0x34AD, 
0x34AD, 0x34AD, 0x34AD, 0x34AD, 0x34AD, 0x34AD, 0x34AD, 0x34AD, 0x34AD, 0x34AD, 0x34AD, 0x34AD, 
0x34AD, 0x34AD, 0x34AD, 0x34AD, 0x34AD, 0x34AD, 0x31E7, 0x31E7, 0x31E7, 0x31E7, 0x31E7, 0x31E7, 
0x31E7, 0x31E7, 0x31E7, 0x31E7, 0x31E7, 0x31E7, 0x31E7, 0x31E7, 0x31E7, 0x31E7, 0x31E7, 0x31E7, 
0x31E7, 0x31E7, 0x31E7, 0x31E7, 0x31E7, 0x31E7, 0x31E7, 0x31E7, 0x5244, 0x5244, 0x5244, 0x5244, 
0x5244, 0x5244, 0x5244, 0x5244, 0x5244, 0x5244, 0x5244, 0x5244, 0x5244, 0x5244, 0x5244, 0x5244, 
0x5244, 0x5244, 0x5244, 0x5244, 0x5244, 0x5244, 0x5244, 0x5244, 0x5244, 0x5244, 0x5244, 0x5244, 
0x5244, 0x5244, 0x5244, 0x5244, 0x5244, 0x5244, 0x5244, 0x5244, 0x5244, 0x5244, 0x31E7, 0x31E7, 
0x31E7, 0x31E7, 0x31E7, 0x31E7, 0x34AD, 0x34AD, 0x34AD, 0x34AD, 0x34AD, 0x34AD, 0x34AD, 0x34AD, 
0x34AD, 0x34AD, 0x34AD, 0x34AD, 0x34AD, 0x34AD, 0x34AD, 0x34AD, 0x34AD, 0x34AD, 0x34AD, 0x34AD, 
0x34AD, 0x34AD, 0x34AD, 0x34AD, 0x34AD, 0x34AD, 0x34AD, 0x34AD, 0x34AD, 0x34AD, 0x34AD, 0x34AD, 
0x34AD, 0x34AD, 0x34AD, 0x34AD, 0x34AD, 0x34AD, 0x34AD, 0x34AD, 0x34AD, 0x34AD, 0x34AD, 0x34AD, 
0x34AD, 0x34AD, 0x34AD, 0x34AD, 0x34AD, 0x34AD, 0x34AD, 0x34AD, 0x34AD, 0x34AD, 0x34AD, 0x34AD, 
0x34AD, 0x34AD, 0x31E7, 0x31E7, 0x31E7, 0x31E7, 0x31E7, 0x31E7, 0x31E7, 0x31E7, 0x31E7, 0x31E7, 
0x31E7, 0x31E7, 0x31E7, 0x31E7, 0x31E7, 0x31E7, 0x31E7, 0x31E7, 0x31E7, 0x31E7, 0x31E7, 0x31E7, 
0x31E7, 0x31E7, 0x31E7, 0x31E7, 0x5244, 0x5244, 0x5244, 0x5244, 0x5244, 0x5244, 0x5244, 0x5244, 
0x5244, 0x5244, 0x5244, 0x5244, 0x5244, 0x5244, 0x5244, 0x5244, 0x5244, 0x5244, 0x5244, 0x5244, 
0x5244, 0x5244, 0x5244, 0x5244, 0x5244, 0x5244, 0x5244, 0x5244, 0x5244, 0x5244, 0x5244, 0x5244, 
0x5244, 0x5244, 0x5244, 0x5244, 0x31E7, 0x31E7, 0x31E7, 0x31E7, 0x31E7, 0x31E7, 0x34AD, 0x34AD, 
0x34AD, 0x34AD, 0x34AD, 0x34AD, 0x34AD, 0x34AD, 0x34AD, 0x34AD, 0x34AD, 0x34AD, 0x34AD, 0x34AD, 
0x34AD, 0x34AD, 0x34AD, 0x34AD, 0x34AD, 0x34AD, 0x34AD, 0x34AD, 0x34AD, 0x34AD, 0x34AD, 0x34AD, 
0x34AD, 0x34AD, 0x34AD, 0x34AD, 0x34AD, 0x34AD, 0x34AD, 0x34AD, 0x34AD, 0x34AD, 0x34AD, 0x34AD, 
0x34AD, 0x34AD, 0x34AD, 0x34AD, 0x34AD, 0x34AD, 0x34AD, 0x34AD, 0x34AD, 0x34AD, 0x34AD, 0x34AD, 
0x34AD, 0x34AD, 0x34AD, 0x34AD, 0x34AD, 0x34AD, 0x34AD, 0x34AD, 0x34AD, 0x34AD, 0x34AD, 0x34AD, 
0x31E7, 0x31E7, 0x31E7, 0x31E7, 0x31E7, 0x31E7, 0x31E7, 0x31E7, 0x31E7, 0x31E7, 0x31E7, 0x31E7, 
0x31E7, 0x31E7, 0x31E7, 0x31E7, 0x31E7, 0x31E7, 0x31E7, 0x31E7, 0x31E7, 0x31E7, 0x31E7, 0x31E7, 
0x5244, 0x5244, 0x5244, 0x5244, 0x5244, 0x5244, 0x5244, 0x5244, 0x5244, 0x5244, 0x5244, 0x5244, 
0x5244, 0x5244, 0x5244, 0x5244, 0x5244, 0x5244, 0x5244, 0x5244, 0x5244, 0x5244, 0x5244, 0x5244, 
0x5244, 0x5244, 0x5244, 0x5244, 0x5244, 0x5244, 0x5244, 0x5244, 0x5244, 0x5244, 0x5244, 0x5244, 
0x31E7, 0x31E7, 0x31E7, 0x31E7, 0x31E7, 0x31E7, 0x34AD, 0x34AD, 0x34AD, 0x34AD, 0x34AD, 0x34AD, 
0x34AD, 0x34AD, 0x34AD, 0x34AD, 0x34AD, 0x34AD, 0x34AD, 0x34AD, 0x34AD, 0x34AD, 0x34AD, 0x34AD, 
0x34AD, 0x34AD, 0x34AD, 0x34AD, 0x34AD, 0x34AD, 0x34AD, 0x34AD, 0x34AD, 0x34AD, 0x34AD, 0x34AD, 
0x34AD, 0x34AD, 0x34AD, 0x34AD, 0x34AD, 0x34AD, 0x34AD, 0x34AD, 0x34AD, 0x34AD, 0x34AD, 0x34AD, 
0x34AD, 0x34AD, 0x34AD, 0x34AD, 0x34AD, 0x34AD, 0x34AD, 0x34AD, 0x34AD, 0x34AD, 0x34AD, 0x34AD, 
0x34AD, 0x34AD, 0x34AD, 0x34AD, 0x34AD, 0x34AD, 0x34AD, 0x34AD, 0x31E7, 0x31E7, 0x31E7, 0x31E7, 
0x31E7, 0x31E7, 0x31E7, 0x31E7, 0x31E7, 0x31E7, 0x31E7, 0x31E7, 0x31E7, 0x31E7, 0x31E7, 0x31E7, 
0x31E7, 0x31E7, 0x31E7, 0x31E7, 0x31E7, 0x31E7, 0x31E7, 0x31E7, 0x5244, 0x5244, 0x5244, 0x5244, 
0x5244, 0x5244, 0x5244, 0x5244, 0x5244, 0x5244, 0x5244, 0x5244, 0x5244, 0x5244, 0x5244, 0x5244, 
0x5244, 0x5244, 0x5244, 0x5244, 0x5244, 0x5244, 0x5244, 0x5244, 0x5244, 0x5244, 0x5244, 0x5244, 
0x5244, 0x5244, 0x5244, 0x5244, 0x5244, 0x5244, 0x31E7, 0x31E7, 0x31E7, 0x31E7, 0x31E7, 0x31E7, 
0x34AD, 0x34AD, 0x34AD, 0x34AD, 0x34AD, 0x34AD, 0x34AD, 0x34AD, 0x34AD, 0x34AD, 0x34AD, 0x34AD, 
0x34AD, 0x34AD, 0x34AD, 0x34AD, 0x34AD, 0x34AD, 0x34AD, 0x34AD, 0x34AD, 0x34AD, 0x34AD, 0x34AD, 
0x31E7, 0x31E7, 0x31E7, 0x31E7, 0x31E7, 0x31E7, 0x31E7, 0x31E7, 0x31E7, 0x31E7, 0x34AD, 0x34AD, 
0x34AD, 0x34AD, 0x34AD, 0x34AD, 0x34AD, 0x34AD, 0x34AD, 0x34AD, 0x34AD, 0x34AD, 0x34AD, 0x34AD, 
0x34AD, 0x34AD, 0x34AD, 0x34AD, 0x34AD, 0x34AD, 0x34AD, 0x34AD, 0x34AD, 0x34AD, 0x34AD, 0x34AD, 
0x34AD, 0x34AD, 0x34AD, 0x34AD, 0x34AD, 0x34AD, 0x31E7, 0x31E7, 0x31E7, 0x31E7, 0x31E7, 0x31E7, 
0x31E7, 0x31E7, 0x31E7, 0x31E7, 0x31E7, 0x31E7, 0x31E7, 0x31E7, 0x31E7, 0x31E7, 0x31E7, 0x31E7, 
0x31E7, 0x31E7, 0x31E7, 0x31E7, 0x5244, 0x5244, 0x5244, 0x5244, 0x5244, 0x5244, 0x5244, 0x5244, 
0x5244, 0x5244, 0x5244, 0x5244, 0x5244, 0x5244, 0x5244, 0x5244, 0x5244, 0x5244, 0x5244, 0x5244, 
0x5244, 0x5244, 0x5244, 0x5244, 0x5244, 0x5244, 0x5244, 0x5244, 0x5244, 0x5244, 0x5244, 0x5244, 
0x5244, 0x5244, 0x31E7, 0x31E7, 0x31E7, 0x31E7, 0x31E7, 0x31E7, 0x34AD, 0x34AD, 0x34AD, 0x34AD, 
0x34AD, 0x34AD, 0x34AD, 0x34AD, 0x34AD, 0x34AD, 0x34AD, 0x34AD, 0x34AD, 0x34AD, 0x34AD, 0x34AD, 
0x34AD, 0x34AD, 0x34AD, 0x34AD, 0x34AD, 0x34AD, 0x34AD, 0x34AD, 0x31E7, 0x31E7, 0x31E7, 0x31E7, 
0x31E7, 0x31E7, 0x31E7, 0x31E7, 0x31E7, 0x31E7, 0x34AD, 0x34AD, 0x34AD, 0x34AD, 0x34AD, 0x34AD, 
0x34AD, 0x34AD, 0x34AD, 0x34AD, 0x34AD, 0x34AD, 0x34AD, 0x34AD, 0x34AD, 0x34AD, 0x34AD, 0x34AD, 
0x34AD, 0x34AD, 0x34AD, 0x34AD, 0x34AD, 0x34AD, 0x34AD, 0x34AD, 0x34AD, 0x34AD, 0x34AD, 0x34AD, 
0x34AD, 0x34AD, 0x31E7, 0x31E7, 0x31E7, 0x31E7, 0x31E7, 0x31E7, 0x31E7, 0x31E7, 0x31E7, 0x31E7, 
0x31E7, 0x31E7, 0x31E7, 0x31E7, 0x31E7, 0x31E7, 0x31E7, 0x31E7, 0x31E7, 0x31E7, 0x31E7, 0x31E7, 
0x5244, 0x5244, 0x5244, 0x5244, 0x5244, 0x5244, 0x5244, 0x5244, 0x5244, 0x5244, 0x5244, 0x5244, 
0x5244, 0x5244, 0x5244, 0x5244, 0x5244, 0x5244, 0x5244, 0x5244, 0x5244, 0x5244, 0x5244, 0x5244, 
0x5244, 0x5244, 0x5244, 0x5244, 0x5244, 0x5244, 0x5244, 0x5244, 0x5244, 0x5244, 0x31E7, 0x31E7, 
0x31E7, 0x31E7, 0x34AD, 0x34AD, 0x34AD, 0x34AD, 0x34AD, 0x34AD, 0x34AD, 0x34AD, 0x34AD, 0x34AD, 
0x34AD, 0x34AD, 0x34AD, 0x34AD, 0x34AD, 0x34AD, 0x34AD, 0x34AD, 0x34AD, 0x34AD, 0x34AD, 0x34AD, 
0x34AD, 0x34AD, 0x34AD, 0x34AD, 0x34AD, 0x34AD, 0x34AD, 0x34AD, 0x34AD, 0x34AD, 0x34AD, 0x34AD, 
0x34AD, 0x34AD, 0x34AD, 0x34AD, 0x34AD, 0x34AD, 0x34AD, 0x34AD, 0x34AD, 0x34AD, 0x34AD, 0x34AD, 
0x34AD, 0x34AD, 0x34AD, 0x34AD, 0x34AD, 0x34AD, 0x34AD, 0x34AD, 0x34AD, 0x34AD, 0x34AD, 0x34AD, 
0x34AD, 0x34AD, 0x34AD, 0x34AD, 0x34AD, 0x34AD, 0x34AD, 0x34AD, 0x34AD, 0x34AD, 0x31E7, 0x31E7, 
0x31E7, 0x31E7, 0x31E7, 0x31E7, 0x31E7, 0x31E7, 0x31E7, 0x31E7, 0x31E7, 0x31E7, 0x31E7, 0x31E7, 
0x31E7, 0x31E7, 0x31E7, 0x31E7, 0x31E7, 0x31E7, 0x31E7, 0x31E7, 0x5244, 0x5244, 0x5244, 0x5244, 
0x5244, 0x5244, 0x5244, 0x5244, 0x5244, 0x5244, 0x5244, 0x5244, 0x5244, 0x5244, 0x5244, 0x5244, 
0x5244, 0x5244, 0x5244, 0x5244, 0x5244, 0x5244, 0x5244, 0x5244, 0x5244, 0x5244, 0x5244, 0x5244, 
0x5244, 0x5244, 0x5244, 0x5244, 0x5244, 0x5244, 0x31E7, 0x31E7, 0x31E7, 0x31E7, 0x34AD, 0x34AD, 
0x34AD, 0x34AD, 0x34AD, 0x34AD, 0x34AD, 0x34AD, 0x34AD, 0x34AD, 0x34AD, 0x34AD, 0x34AD, 0x34AD, 
0x34AD, 0x34AD, 0x34AD, 0x34AD, 0x34AD, 0x34AD, 0x34AD, 0x34AD, 0x34AD, 0x34AD, 0x34AD, 0x34AD, 
0x34AD, 0x34AD, 0x34AD, 0x34AD, 0x34AD, 0x34AD, 0x34AD, 0x34AD, 0x34AD, 0x34AD, 0x34AD, 0x34AD, 
0x34AD, 0x34AD, 0x34AD, 0x34AD, 0x34AD, 0x34AD, 0x34AD, 0x34AD, 0x34AD, 0x34AD, 0x34AD, 0x34AD, 
0x34AD, 0x34AD, 0x34AD, 0x34AD, 0x34AD, 0x34AD, 0x34AD, 0x34AD, 0x34AD, 0x34AD, 0x34AD, 0x34AD, 
0x34AD, 0x34AD, 0x34AD, 0x34AD, 0x34AD, 0x34AD, 0x31E7, 0x31E7, 0x31E7, 0x31E7, 0x31E7, 0x31E7, 
0x31E7, 0x31E7, 0x31E7, 0x31E7, 0x31E7, 0x31E7, 0x31E7, 0x31E7, 0x31E7, 0x31E7, 0x31E7, 0x31E7, 
0x31E7, 0x31E7, 0x31E7, 0x31E7, 0x5244, 0x5244, 0x5244, 0x5244, 0x5244, 0x5244, 0x5244, 0x5244, 
0x5244, 0x5244, 0x5244, 0x5244, 0x5244, 0x5244, 0x5244, 0x5244, 0x5244, 0x5244, 0x5244, 0x5244, 
0x5244, 0x5244, 0x5244, 0x5244, 0x5244, 0x5244, 0x5244, 0x5244, 0x5244, 0x5244, 0x5244, 0x5244, 
0x5244, 0x5244, 0x31E7, 0x31E7, 0x34AD, 0x34AD, 0x34AD, 0x34AD, 0x34AD, 0x34AD, 0x34AD, 0x34AD, 
0x34AD, 0x34AD, 0x34AD, 0x34AD, 0x34AD, 0x34AD, 0x34AD, 0x34AD, 0x34AD, 0x34AD, 0x34AD, 0x34AD, 
0x34AD, 0x34AD, 0x34AD, 0x34AD, 0x34AD, 0x34AD, 0x34AD, 0x34AD, 0x34AD, 0x34AD, 0x34AD, 0x34AD, 
0x34AD, 0x34AD, 0x34AD, 0x34AD, 0x34AD, 0x34AD, 0x34AD, 0x34AD, 0x34AD, 0x34AD, 0x34AD, 0x34AD, 
0x34AD, 0x34AD, 0x34AD, 0x34AD, 0x34AD, 0x34AD, 0x34AD, 0x34AD, 0x34AD, 0x34AD, 0x34AD, 0x34AD, 
0x34AD, 0x34AD, 0x34AD, 0x34AD, 0x34AD, 0x34AD, 0x34AD, 0x34AD, 0x34AD, 0x34AD, 0x34AD, 0x34AD, 
0x34AD, 0x34AD, 0x31E7, 0x31E7, 0x31E7, 0x31E7, 0x31E7, 0x31E7, 0x31E7, 0x31E7, 0x31E7, 0x31E7, 
0x31E7, 0x31E7, 0x31E7, 0x31E7, 0x31E7, 0x31E7, 0x31E7, 0x31E7, 0x31E7, 0x31E7, 0x31E7, 0x31E7, 
0x5244, 0x5244, 0x5244, 0x5244, 0x5244, 0x5244, 0x5244, 0x5244, 0x5244, 0x5244, 0x5244, 0x5244, 
0x5244, 0x5244, 0x5244, 0x5244, 0x5244, 0x5244, 0x5244, 0x5244, 0x5244, 0x5244, 0x5244, 0x5244, 
0x5244, 0x5244, 0x5244, 0x5244, 0x5244, 0x5244, 0x5244, 0x5244, 0x5244, 0x5244, 0x31E7, 0x31E7, 
0x34AD, 0x34AD, 0x34AD, 0x34AD, 0x34AD, 0x34AD, 0x34AD, 0x34AD, 0x34AD, 0x34AD, 0x34AD, 0x34AD, 
0x34AD, 0x34AD, 0x34AD, 0x34AD, 0x34AD, 0x34AD, 0x34AD, 0x34AD, 0x34AD, 0x34AD, 0x34AD, 0x34AD, 
0x34AD, 0x34AD, 0x34AD, 0x34AD, 0x34AD, 0x34AD, 0x34AD, 0x34AD, 0x34AD, 0x34AD, 0x34AD, 0x34AD, 
0x34AD, 0x34AD, 0x34AD, 0x34AD, 0x34AD, 0x34AD, 0x34AD, 0x34AD, 0x34AD, 0x34AD, 0x34AD, 0x34AD, 
0x34AD, 0x34AD, 0x34AD, 0x34AD, 0x34AD, 0x34AD, 0x34AD, 0x34AD, 0x34AD, 0x34AD, 0x34AD, 0x34AD, 
0x34AD, 0x34AD, 0x34AD, 0x34AD, 0x34AD, 0x34AD, 0x34AD, 0x34AD, 0x34AD, 0x34AD, 0x31E7, 0x31E7, 
0x31E7, 0x31E7, 0x31E7, 0x31E7, 0x31E7, 0x31E7, 0x31E7, 0x31E7, 0x31E7, 0x31E7, 0x31E7, 0x31E7, 
0x31E7, 0x31E7, 0x31E7, 0x31E7, 0x31E7, 0x31E7, 0x31E7, 0x31E7, 0x5244, 0x5244, 0x5244, 0x5244, 
0x5244, 0x5244, 0x5244, 0x5244, 0x5244, 0x5244, 0x5244, 0x5244, 0x5244, 0x5244, 0x5244, 0x5244, 
0x5244, 0x5244, 0x5244, 0x5244, 0x5244, 0x5244, 0x5244, 0x5244, 0x5244, 0x5244, 0x5244, 0x5244, 
0x5244, 0x5244, 0x5244, 0x5244, 0x5244, 0x5244, 0x31E7, 0x31E7, 0x34AD, 0x34AD, 0x34AD, 0x34AD, 
0x34AD, 0x34AD, 0x34AD, 0x34AD, 0x34AD, 0x34AD, 0x34AD, 0x34AD, 0x34AD, 0x34AD, 0x34AD, 0x34AD, 
0x34AD, 0x34AD, 0x34AD, 0x34AD, 0x34AD, 0x34AD, 0x34AD, 0x34AD, 0x34AD, 0x34AD, 0x34AD, 0x34AD, 
0x34AD, 0x34AD, 0x34AD, 0x34AD, 0x34AD, 0x34AD, 0x34AD, 0x34AD, 0x34AD, 0x34AD, 0x34AD, 0x34AD, 
0x34AD, 0x34AD, 0x34AD, 0x34AD, 0x34AD, 0x34AD, 0x34AD, 0x34AD, 0x34AD, 0x34AD, 0x34AD, 0x34AD, 
0x34AD, 0x34AD, 0x34AD, 0x34AD, 0x34AD, 0x34AD, 0x34AD, 0x34AD, 0x34AD, 0x34AD, 0x34AD, 0x34AD, 
0x34AD, 0x34AD, 0x34AD, 0x34AD, 0x34AD, 0x34AD, 0x34AD, 0x34AD, 0x31E7, 0x31E7, 0x31E7, 0x31E7, 
0x31E7, 0x31E7, 0x31E7, 0x31E7, 0x31E7, 0x31E7, 0x31E7, 0x31E7, 0x31E7, 0x31E7, 0x31E7, 0x31E7, 
0x31E7, 0x31E7, 0x31E7, 0x31E7, 0x5244, 0x5244, 0x5244, 0x5244, 0x5244, 0x5244, 0x5244, 0x5244, 
0x5244, 0x5244, 0x5244, 0x5244, 0x5244, 0x5244, 0x5244, 0x5244, 0x5244, 0x5244, 0x5244, 0x5244, 
0x5244, 0x5244, 0x5244, 0x5244, 0x5244, 0x5244, 0x5244, 0x5244, 0x5244, 0x5244, 0x5244, 0x5244, 
0x5244, 0x5244, 0x31E7, 0x31E7, 0x34AD, 0x34AD, 0x34AD, 0x34AD, 0x34AD, 0x34AD, 0x34AD, 0x34AD, 
0x34AD, 0x34AD, 0x34AD, 0x34AD, 0x34AD, 0x34AD, 0x34AD, 0x34AD, 0x34AD, 0x34AD, 0x34AD, 0x34AD, 
0x34AD, 0x34AD, 0x34AD, 0x34AD, 0x34AD, 0x34AD, 0x34AD, 0x34AD, 0x34AD, 0x34AD, 0x34AD, 0x34AD, 
0x34AD, 0x34AD, 0x34AD, 0x34AD, 0x34AD, 0x34AD, 0x34AD, 0x34AD, 0x34AD, 0x34AD, 0x34AD, 0x34AD, 
0x34AD, 0x34AD, 0x34AD, 0x34AD, 0x34AD, 0x34AD, 0x34AD, 0x34AD, 0x34AD, 0x34AD, 0x34AD, 0x34AD, 
0x34AD, 0x34AD, 0x34AD, 0x34AD, 0x34AD, 0x34AD, 0x34AD, 0x34AD, 0x34AD, 0x34AD, 0x34AD, 0x34AD, 
0x34AD, 0x34AD, 0x34AD, 0x34AD, 0x31E7, 0x31E7, 0x31E7, 0x31E7, 0x31E7, 0x31E7, 0x31E7, 0x31E7, 
0x31E7, 0x31E7, 0x31E7, 0x31E7, 0x31E7, 0x31E7, 0x31E7, 0x31E7, 0x31E7, 0x31E7, 0x31E7, 0x31E7, 
0x5244, 0x5244, 0x5244, 0x5244, 0x5244, 0x5244, 0x5244, 0x5244, 0x5244, 0x5244, 0x5244, 0x5244, 
0x5244, 0x5244, 0x5244, 0x5244, 0x5244, 0x5244, 0x5244, 0x5244, 0x5244, 0x5244, 0x5244, 0x5244, 
0x5244, 0x5244, 0x5244, 0x5244, 0x5244, 0x5244, 0x5244, 0x5244, 0x31E7, 0x31E7, 0x31E7, 0x31E7, 
0x34AD, 0x34AD, 0x34AD, 0x34AD, 0x34AD, 0x34AD, 0x34AD, 0x34AD, 0x34AD, 0x34AD, 0x34AD, 0x34AD, 
0x6DE6, 0x6DE6, 0x34AD, 0x34AD, 0x34AD, 0x34AD, 0x34AD, 0x34AD, 0x34AD, 0x34AD, 0x34AD, 0x34AD, 
0x34AD, 0x34AD, 0x34AD, 0x34AD, 0x34AD, 0x34AD, 0x34AD, 0x34AD, 0x34AD, 0x34AD, 0x34AD, 0x34AD, 
0x34AD, 0x34AD, 0x34AD, 0x34AD, 0x34AD, 0x34AD, 0x34AD, 0x34AD, 0x34AD, 0x34AD, 0x34AD, 0x34AD, 
0x34AD, 0x34AD, 0x34AD, 0x34AD, 0x34AD, 0x34AD, 0x34AD, 0x34AD, 0x34AD, 0x34AD, 0x34AD, 0x34AD, 
0x34AD, 0x34AD, 0x34AD, 0x34AD, 0x34AD, 0x34AD, 0x34AD, 0x34AD, 0x34AD, 0x34AD, 0x34AD, 0x34AD, 
0x31E7, 0x31E7, 0x31E7, 0x31E7, 0x31E7, 0x31E7, 0x31E7, 0x31E7, 0x31E7, 0x31E7, 0x31E7, 0x31E7, 
0x31E7, 0x31E7, 0x31E7, 0x31E7, 0x31E7, 0x31E7, 0x31E7, 0x31E7, 0x5244, 0x5244, 0x5244, 0x5244, 
0x5244, 0x5244, 0x5244, 0x5244, 0x5244, 0x5244, 0x5244, 0x5244, 0x5244, 0x5244, 0x5244, 0x5244, 
0x5244, 0x5244, 0x5244, 0x5244, 0x5244, 0x5244, 0x5244, 0x5244, 0x5244, 0x5244, 0x5244, 0x5244, 
0x5244, 0x5244, 0x5244, 0x5244, 0x31E7, 0x31E7, 0x31E7, 0x31E7, 0x34AD, 0x34AD, 0x34AD, 0x34AD, 
0x34AD, 0x34AD, 0x34AD, 0x34AD, 0x34AD, 0x34AD, 0x34AD, 0x34AD, 0x6DE6, 0x6DE6, 0x34AD, 0x34AD, 
0x34AD, 0x34AD, 0x34AD, 0x34AD, 0x34AD, 0x34AD, 0x34AD, 0x34AD, 0x34AD, 0x34AD, 0x34AD, 0x34AD, 
0x34AD, 0x34AD, 0x34AD, 0x34AD, 0x34AD, 0x34AD, 0x34AD, 0x34AD, 0x34AD, 0x34AD, 0x34AD, 0x34AD, 
0x34AD, 0x34AD, 0x34AD, 0x34AD, 0x34AD, 0x34AD, 0x34AD, 0x34AD, 0x34AD, 0x34AD, 0x34AD, 0x34AD, 
0x34AD, 0x34AD, 0x34AD, 0x34AD, 0x34AD, 0x34AD, 0x34AD, 0x34AD, 0x34AD, 0x34AD, 0x34AD, 0x34AD, 
0x34AD, 0x34AD, 0x34AD, 0x34AD, 0x34AD, 0x34AD, 0x34AD, 0x34AD, 0x31E7, 0x31E7, 0x31E7, 0x31E7, 
0x31E7, 0x31E7, 0x31E7, 0x31E7, 0x31E7, 0x31E7, 0x31E7, 0x31E7, 0x31E7, 0x31E7, 0x31E7, 0x31E7, 
0x31E7, 0x31E7, 0x31E7, 0x31E7, 0x5244, 0x5244, 0x5244, 0x5244, 0x5244, 0x5244, 0x5244, 0x5244, 
0x5244, 0x5244, 0x5244, 0x5244, 0x5244, 0x5244, 0x5244, 0x5244, 0x5244, 0x5244, 0x5244, 0x5244, 
0x5244, 0x5244, 0x5244, 0x5244, 0x5244, 0x5244, 0x5244, 0x5244, 0x5244, 0x5244, 0x5244, 0x5244, 
0x31E7, 0x31E7, 0x31E7, 0x31E7, 0x34AD, 0x34AD, 0x34AD, 0x34AD, 0x34AD, 0x34AD, 0x34AD, 0x34AD, 
0x6DE6, 0x6DE6, 0x6DE6, 0x6DE6, 0x6DE6, 0x6DE6, 0x34AD, 0x34AD, 0x34AD, 0x34AD, 0x34AD, 0x34AD, 
0x34AD, 0x34AD, 0x34AD, 0x34AD, 0x34AD, 0x34AD, 0x34AD, 0x34AD, 0x34AD, 0x34AD, 0x34AD, 0x34AD, 
0x34AD, 0x34AD, 0x34AD, 0x34AD, 0x34AD, 0x34AD, 0x34AD, 0x34AD, 0x34AD, 0x34AD, 0x34AD, 0x34AD, 
0x34AD, 0x34AD, 0x34AD, 0x34AD, 0x34AD, 0x34AD, 0x34AD, 0x34AD, 0x34AD, 0x34AD, 0x34AD, 0x34AD, 
0x34AD, 0x34AD, 0x34AD, 0x34AD, 0x34AD, 0x34AD, 0x34AD, 0x34AD, 0x34AD, 0x34AD, 0x34AD, 0x34AD, 
0x34AD, 0x34AD, 0x34AD, 0x34AD, 0x31E7, 0x31E7, 0x31E7, 0x31E7, 0x31E7, 0x31E7, 0x31E7, 0x31E7, 
0x31E7, 0x31E7, 0x31E7, 0x31E7, 0x31E7, 0x31E7, 0x31E7, 0x31E7, 0x31E7, 0x31E7, 0x31E7, 0x31E7, 
0x5244, 0x5244, 0x5244, 0x5244, 0x5244, 0x5244, 0x5244, 0x5244, 0x5244, 0x5244, 0x5244, 0x5244, 
0x5244, 0x5244, 0x5244, 0x5244, 0x5244, 0x5244, 0x5244, 0x5244, 0x5244, 0x5244, 0x5244, 0x5244, 
0x5244, 0x5244, 0x5244, 0x5244, 0x5244, 0x5244, 0x5244, 0x5244, 0x31E7, 0x31E7, 0x31E7, 0x31E7, 
0x34AD, 0x34AD, 0x34AD, 0x34AD, 0x34AD, 0x34AD, 0x34AD, 0x34AD, 0x6DE6, 0x6DE6, 0x6DE6, 0x6DE6, 
0x6DE6, 0x6DE6, 0x34AD, 0x34AD, 0x34AD, 0x34AD, 0x34AD, 0x34AD, 0x34AD, 0x34AD, 0x34AD, 0x34AD, 
0x34AD, 0x34AD, 0x34AD, 0x34AD, 0x34AD, 0x34AD, 0x34AD, 0x34AD, 0x34AD, 0x34AD, 0x34AD, 0x34AD, 
0x34AD, 0x34AD, 0x34AD, 0x34AD, 0x34AD, 0x34AD, 0x34AD, 0x34AD, 0x34AD, 0x34AD, 0x34AD, 0x34AD, 
0x34AD, 0x34AD, 0x34AD, 0x34AD, 0x34AD, 0x34AD, 0x34AD, 0x34AD, 0x34AD, 0x34AD, 0x34AD, 0x34AD, 
0x34AD, 0x34AD, 0x34AD, 0x34AD, 0x34AD, 0x34AD, 0x34AD, 0x34AD, 0x34AD, 0x34AD, 0x34AD, 0x34AD, 
0x31E7, 0x31E7, 0x31E7, 0x31E7, 0x31E7, 0x31E7, 0x31E7, 0x31E7, 0x31E7, 0x31E7, 0x31E7, 0x31E7, 
0x31E7, 0x31E7, 0x31E7, 0x31E7, 0x31E7, 0x31E7, 0x31E7, 0x31E7, 0x5244, 0x5244, 0x5244, 0x5244, 
0x5244, 0x5244, 0x5244, 0x5244, 0x5244, 0x5244, 0x5244, 0x5244, 0x5244, 0x5244, 0x5244, 0x5244, 
0x5244, 0x5244, 0x5244, 0x5244, 0x5244, 0x5244, 0x5244, 0x5244, 0x5244, 0x5244, 0x5244, 0x5244, 
0x5244, 0x5244, 0x31E7, 0x31E7, 0x31E7, 0x31E7, 0x31E7, 0x31E7, 0x34AD, 0x34AD, 0x6DE6, 0x6DE6, 
0x6DE6, 0x6DE6, 0x6DE6, 0x6DE6, 0x6DE6, 0x6DE6, 0x6DE6, 0x6DE6, 0x6DE6, 0x6DE6, 0x34AD, 0x34AD, 
0x34AD, 0x34AD, 0x34AD, 0x34AD, 0x34AD, 0x34AD, 0x34AD, 0x34AD, 0x34AD, 0x34AD, 0x34AD, 0x34AD, 
0x34AD, 0x34AD, 0x34AD, 0x34AD, 0x34AD, 0x34AD, 0x34AD, 0x34AD, 0x34AD, 0x34AD, 0x34AD, 0x34AD, 
0x34AD, 0x34AD, 0x34AD, 0x34AD, 0x34AD, 0x34AD, 0x34AD, 0x34AD, 0x34AD, 0x34AD, 0x34AD, 0x34AD, 
0x34AD, 0x34AD, 0x34AD, 0x34AD, 0x34AD, 0x34AD, 0x34AD, 0x34AD, 0x34AD, 0x34AD, 0x34AD, 0x34AD, 
0x34AD, 0x34AD, 0x34AD, 0x34AD, 0x34AD, 0x34AD, 0x34AD, 0x34AD, 0x34AD, 0x34AD, 0x31E7, 0x31E7, 
0x31E7, 0x31E7, 0x31E7, 0x31E7, 0x31E7, 0x31E7, 0x31E7, 0x31E7, 0x31E7, 0x31E7, 0x31E7, 0x31E7, 
0x31E7, 0x31E7, 0x31E7, 0x31E7, 0x5244, 0x5244, 0x5244, 0x5244, 0x5244, 0x5244, 0x5244, 0x5244, 
0x5244, 0x5244, 0x5244, 0x5244, 0x5244, 0x5244, 0x5244, 0x5244, 0x5244, 0x5244, 0x5244, 0x5244, 
0x5244, 0x5244, 0x5244, 0x5244, 0x5244, 0x5244, 0x5244, 0x5244, 0x5244, 0x5244, 0x31E7, 0x31E7, 
0x31E7, 0x31E7, 0x31E7, 0x31E7, 0x34AD, 0x34AD, 0x6DE6, 0x6DE6, 0x6DE6, 0x6DE6, 0x6DE6, 0x6DE6, 
0x6DE6, 0x6DE6, 0x6DE6, 0x6DE6, 0x6DE6, 0x6DE6, 0x34AD, 0x34AD, 0x34AD, 0x34AD, 0x34AD, 0x34AD, 
0x34AD, 0x34AD, 0x34AD, 0x34AD, 0x34AD, 0x34AD, 0x34AD, 0x34AD, 0x34AD, 0x34AD, 0x34AD, 0x34AD, 
0x34AD, 0x34AD, 0x34AD, 0x34AD, 0x34AD, 0x34AD, 0x34AD, 0x34AD, 0x34AD, 0x34AD, 0x34AD, 0x34AD, 
0x34AD, 0x34AD, 0x34AD, 0x34AD, 0x34AD, 0x34AD, 0x34AD, 0x34AD, 0x34AD, 0x34AD, 0x34AD, 0x34AD, 
0x34AD, 0x34AD, 0x34AD, 0x34AD, 0x34AD, 0x34AD, 0x34AD, 0x34AD, 0x34AD, 0x34AD, 0x34AD, 0x34AD, 
0x34AD, 0x34AD, 0x34AD, 0x34AD, 0x34AD, 0x34AD, 0x31E7, 0x31E7, 0x31E7, 0x31E7, 0x31E7, 0x31E7, 
0x31E7, 0x31E7, 0x31E7, 0x31E7, 0x31E7, 0x31E7, 0x31E7, 0x31E7, 0x31E7, 0x31E7, 0x31E7, 0x31E7, 
0x5244, 0x5244, 0x5244, 0x5244, 0x5244, 0x5244, 0x5244, 0x5244, 0x5244, 0x5244, 0x5244, 0x5244, 
0x5244, 0x5244, 0x5244, 0x5244, 0x5244, 0x5244, 0x5244, 0x5244, 0x5244, 0x5244, 0x5244, 0x5244, 
0x5244, 0x5244, 0x5244, 0x5244, 0x6DE6, 0x6DE6, 0x6DE6, 0x6DE6, 0x6DE6, 0x6DE6, 0x6DE6, 0x6DE6, 
0x6DE6, 0x6DE6, 0x6DE6, 0x6DE6, 0x6DE6, 0x6DE6, 0x6DE6, 0x6DE6, 0x6DE6, 0x6DE6, 0x6DE6, 0x6DE6, 
0x6DE6, 0x6DE6, 0x34AD, 0x34AD, 0x34AD, 0x34AD, 0x34AD, 0x34AD, 0x34AD, 0x34AD, 0x34AD, 0x34AD, 
0x34AD, 0x34AD, 0x34AD, 0x34AD, 0x34AD, 0x34AD, 0x34AD, 0x34AD, 0x34AD, 0x34AD, 0x34AD, 0x34AD, 
0x34AD, 0x34AD, 0x34AD, 0x34AD, 0x34AD, 0x34AD, 0x34AD, 0x34AD, 0x34AD, 0x34AD, 0x34AD, 0x34AD, 
0x34AD, 0x34AD, 0x34AD, 0x34AD, 0x34AD, 0x34AD, 0x34AD, 0x34AD, 0x34AD, 0x34AD, 0x34AD, 0x34AD, 
0x34AD, 0x34AD, 0x34AD, 0x34AD, 0x34AD, 0x34AD, 0x34AD, 0x34AD, 0x34AD, 0x34AD, 0x34AD, 0x34AD, 
0x34AD, 0x34AD, 0x31E7, 0x31E7, 0x31E7, 0x31E7, 0x31E7, 0x31E7, 0x31E7, 0x31E7, 0x31E7, 0x31E7, 
0x31E7, 0x31E7, 0x31E7, 0x31E7, 0x31E7, 0x31E7, 0x31E7, 0x31E7, 0x5244, 0x5244, 0x5244, 0x5244, 
0x5244, 0x5244, 0x5244, 0x5244, 0x5244, 0x5244, 0x5244, 0x5244, 0x5244, 0x5244, 0x5244, 0x5244, 
0x5244, 0x5244, 0x5244, 0x5244, 0x5244, 0x5244, 0x5244, 0x5244, 0x5244, 0x5244, 0x5244, 0x5244, 
0x6DE6, 0x6DE6, 0x6DE6, 0x6DE6, 0x6DE6, 0x6DE6, 0x6DE6, 0x6DE6, 0x6DE6, 0x6DE6, 0x6DE6, 0x6DE6, 
0x6DE6, 0x6DE6, 0x6DE6, 0x6DE6, 0x6DE6, 0x6DE6, 0x6DE6, 0x6DE6, 0x6DE6, 0x6DE6, 0x34AD, 0x34AD, 
0x34AD, 0x34AD, 0x34AD, 0x34AD, 0x34AD, 0x34AD, 0x34AD, 0x34AD, 0x34AD, 0x34AD, 0x34AD, 0x34AD, 
0x34AD, 0x34AD, 0x34AD, 0x34AD, 0x34AD, 0x34AD, 0x34AD, 0x34AD, 0x34AD, 0x34AD, 0x34AD, 0x34AD, 
0x34AD, 0x34AD, 0x34AD, 0x34AD, 0x34AD, 0x34AD, 0x34AD, 0x34AD, 0x34AD, 0x34AD, 0x34AD, 0x34AD, 
0x34AD, 0x34AD, 0x34AD, 0x34AD, 0x34AD, 0x34AD, 0x34AD, 0x34AD, 0x34AD, 0x34AD, 0x34AD, 0x34AD, 
0x34AD, 0x34AD, 0x34AD, 0x34AD, 0x34AD, 0x34AD, 0x34AD, 0x34AD, 0x34AD, 0x34AD, 0x31E7, 0x31E7, 
0x31E7, 0x31E7, 0x31E7, 0x31E7, 0x31E7, 0x31E7, 0x31E7, 0x31E7, 0x31E7, 0x31E7, 0x31E7, 0x31E7, 
0x31E7, 0x31E7, 0x31E7, 0x31E7, 0x5244, 0x5244, 0x5244, 0x5244, 0x5244, 0x5244, 0x5244, 0x5244, 
0x5244, 0x5244, 0x5244, 0x5244, 0x5244, 0x5244, 0x5244, 0x5244, 0x5244, 0x5244, 0x5244, 0x5244, 
0x5244, 0x5244, 0x5244, 0x5244, 0x5244, 0x5244, 0x5244, 0x5244, 0x6DE6, 0x6DE6, 0x6DE6, 0x6DE6, 
0x6DE6, 0x6DE6, 0x6DE6, 0x6DE6, 0x6DE6, 0x6DE6, 0x6DE6, 0x6DE6, 0x6DE6, 0x6DE6, 0x6DE6, 0x6DE6, 
0x6DE6, 0x6DE6, 0x6DE6, 0x6DE6, 0x6DE6, 0x6DE6, 0x34AD, 0x34AD, 0x34AD, 0x34AD, 0x34AD, 0x34AD, 
0x34AD, 0x34AD, 0x34AD, 0x34AD, 0x34AD, 0x34AD, 0x34AD, 0x34AD, 0x34AD, 0x34AD, 0x34AD, 0x34AD, 
0x34AD, 0x34AD, 0x34AD, 0x34AD, 0x34AD, 0x34AD, 0x34AD, 0x34AD, 0x34AD, 0x34AD, 0x34AD, 0x34AD, 
0x34AD, 0x34AD, 0x34AD, 0x34AD, 0x34AD, 0x34AD, 0x34AD, 0x34AD, 0x34AD, 0x34AD, 0x34AD, 0x34AD, 
0x34AD, 0x34AD, 0x34AD, 0x34AD, 0x31E7, 0x31E7, 0x31E7, 0x31E7, 0x34AD, 0x34AD, 0x34AD, 0x34AD, 
0x34AD, 0x34AD, 0x5244, 0x5244, 0x5244, 0x5244, 0x31E7, 0x31E7, 0x31E7, 0x31E7, 0x31E7, 0x31E7, 
0x31E7, 0x31E7, 0x31E7, 0x31E7, 0x31E7, 0x31E7, 0x31E7, 0x31E7, 0x31E7, 0x31E7, 0x31E7, 0x31E7, 
0x5244, 0x5244, 0x5244, 0x5244, 0x5244, 0x5244, 0x5244, 0x5244, 0x5244, 0x5244, 0x5244, 0x5244, 
0x5244, 0x5244, 0x5244, 0x5244, 0x5244, 0x5244, 0x5244, 0x5244, 0x5244, 0x5244, 0x5244, 0x5244, 
0x5244, 0x5244, 0x5244, 0x5244, 0x6DE6, 0x6DE6, 0x6DE6, 0x6DE6, 0x6DE6, 0x6DE6, 0x6DE6, 0x6DE6, 
0x6DE6, 0x6DE6, 0x6DE6, 0x6DE6, 0x6DE6, 0x6DE6, 0x6DE6, 0x6DE6, 0x6DE6, 0x6DE6, 0x6DE6, 0x6DE6, 
0x6DE6, 0x6DE6, 0x34AD, 0x34AD, 0x34AD, 0x34AD, 0x34AD, 0x34AD, 0x34AD, 0x34AD, 0x34AD, 0x34AD, 
0x34AD, 0x34AD, 0x34AD, 0x34AD, 0x34AD, 0x34AD, 0x34AD, 0x34AD, 0x34AD, 0x34AD, 0x34AD, 0x34AD, 
0x34AD, 0x34AD, 0x34AD, 0x34AD, 0x34AD, 0x34AD, 0x34AD, 0x34AD, 0x34AD, 0x34AD, 0x34AD, 0x34AD, 
0x34AD, 0x34AD, 0x34AD, 0x34AD, 0x34AD, 0x34AD, 0x34AD, 0x34AD, 0x34AD, 0x34AD, 0x34AD, 0x34AD, 
0x31E7, 0x31E7, 0x31E7, 0x31E7, 0x34AD, 0x34AD, 0x34AD, 0x34AD, 0x34AD, 0x34AD, 0x5244, 0x5244, 
0x5244, 0x5244, 0x31E7, 0x31E7, 0x31E7, 0x31E7, 0x31E7, 0x31E7, 0x31E7, 0x31E7, 0x31E7, 0x31E7, 
0x31E7, 0x31E7, 0x31E7, 0x31E7, 0x31E7, 0x31E7, 0x31E7, 0x31E7, 0x5244, 0x5244, 0x5244, 0x5244, 
0x5244, 0x5244, 0x5244, 0x5244, 0x5244, 0x5244, 0x5244, 0x5244, 0x5244, 0x5244, 0x5244, 0x5244, 
0x5244, 0x5244, 0x5244, 0x5244, 0x5244, 0x5244, 0x5244, 0x5244, 0x6DE6, 0x6DE6, 0x6DE6, 0x6DE6, 
0x6DE6, 0x6DE6, 0x6DE6, 0x6DE6, 0x6DE6, 0x6DE6, 0x6DE6, 0x6DE6, 0x6DE6, 0x6DE6, 0x6DE6, 0x6DE6, 
0x6DE6, 0x6DE6, 0x6DE6, 0x6DE6, 0x6DE6, 0x6DE6, 0x6DE6, 0x6DE6, 0x6DE6, 0x6DE6, 0x34AD, 0x34AD, 
0x34AD, 0x34AD, 0x34AD, 0x34AD, 0x34AD, 0x34AD, 0x34AD, 0x34AD, 0x34AD, 0x34AD, 0x34AD, 0x34AD, 
0x34AD, 0x34AD, 0x34AD, 0x34AD, 0x34AD, 0x34AD, 0x34AD, 0x34AD, 0x34AD, 0x34AD, 0x34AD, 0x34AD, 
0x34AD, 0x34AD, 0x34AD, 0x34AD, 0x34AD, 0x34AD, 0x34AD, 0x34AD, 0x34AD, 0x34AD, 0x34AD, 0x34AD, 
0x34AD, 0x34AD, 0x34AD, 0x34AD, 0x34AD, 0x34AD, 0x34AD, 0x34AD, 0x31E7, 0x31E7, 0x34AD, 0x34AD, 
0x34AD, 0x34AD, 0x34AD, 0x34AD, 0x34AD, 0x34AD, 0x5244, 0x5244, 0x5244, 0x5244, 0x5244, 0x5244, 
0x31E7, 0x31E7, 0x31E7, 0x31E7, 0x31E7, 0x31E7, 0x31E7, 0x31E7, 0x31E7, 0x31E7, 0x31E7, 0x31E7, 
0x31E7, 0x31E7, 0x31E7, 0x31E7, 0x5244, 0x5244, 0x5244, 0x5244, 0x5244, 0x5244, 0x5244, 0x5244, 
0x5244, 0x5244, 0x5244, 0x5244, 0x5244, 0x5244, 0x5244, 0x5244, 0x5244, 0x5244, 0x5244, 0x5244, 
0x5244, 0x5244, 0x5244, 0x5244, 0x6DE6, 0x6DE6, 0x6DE6, 0x6DE6, 0x6DE6, 0x6DE6, 0x6DE6, 0x6DE6, 
0x6DE6, 0x6DE6, 0x6DE6, 0x6DE6, 0x6DE6, 0x6DE6, 0x6DE6, 0x6DE6, 0x6DE6, 0x6DE6, 0x6DE6, 0x6DE6, 
0x6DE6, 0x6DE6, 0x6DE6, 0x6DE6, 0x6DE6, 0x6DE6, 0x34AD, 0x34AD, 0x34AD, 0x34AD, 0x34AD, 0x34AD, 
0x34AD, 0x34AD, 0x34AD, 0x34AD, 0x34AD, 0x34AD, 0x34AD, 0x34AD, 0x34AD, 0x34AD, 0x34AD, 0x34AD, 
0x34AD, 0x34AD, 0x34AD, 0x34AD, 0x34AD, 0x34AD, 0x34AD, 0x34AD, 0x34AD, 0x34AD, 0x34AD, 0x34AD, 
0x34AD, 0x34AD, 0x34AD, 0x34AD, 0x34AD, 0x34AD, 0x34AD, 0x34AD, 0x34AD, 0x34AD, 0x34AD, 0x34AD, 
0x34AD, 0x34AD, 0x34AD, 0x34AD, 0x31E7, 0x31E7, 0x34AD, 0x34AD, 0x34AD, 0x34AD, 0x34AD, 0x34AD, 
0x34AD, 0x34AD, 0x5244, 0x5244, 0x5244, 0x5244, 0x5244, 0x5244, 0x31E7, 0x31E7, 0x31E7, 0x31E7, 
0x31E7, 0x31E7, 0x31E7, 0x31E7, 0x31E7, 0x31E7, 0x31E7, 0x31E7, 0x31E7, 0x31E7, 0x31E7, 0x31E7, 
0x5244, 0x5244, 0x5244, 0x5244, 0x5244, 0x5244, 0x5244, 0x5244, 0x5244, 0x5244, 0x5244, 0x5244, 
0x5244, 0x5244, 0x5244, 0x5244, 0x5244, 0x5244, 0x5244, 0x5244, 0x6DE6, 0x6DE6, 0x6DE6, 0x6DE6, 
0x6DE6, 0x6DE6, 0x6DE6, 0x6DE6, 0x6DE6, 0x6DE6, 0x6DE6, 0x6DE6, 0x6DE6, 0x6DE6, 0x6DE6, 0x6DE6, 
0x6DE6, 0x6DE6, 0x6DE6, 0x6DE6, 0x6DE6, 0x6DE6, 0x6DE6, 0x6DE6, 0x6DE6, 0x6DE6, 0x6DE6, 0x6DE6, 
0x6DE6, 0x6DE6, 0x6DE6, 0x6DE6, 0x34AD, 0x34AD, 0x34AD, 0x34AD, 0x34AD, 0x34AD, 0x34AD, 0x34AD, 
0x34AD, 0x34AD, 0x34AD, 0x34AD, 0x34AD, 0x34AD, 0x34AD, 0x34AD, 0x34AD, 0x34AD, 0x34AD, 0x34AD, 
0x34AD, 0x34AD, 0x34AD, 0x34AD, 0x34AD, 0x34AD, 0x34AD, 0x34AD, 0x34AD, 0x34AD, 0x34AD, 0x34AD, 
0x34AD, 0x34AD, 0x34AD, 0x34AD, 0x34AD, 0x34AD, 0x34AD, 0x34AD, 0x34AD, 0x34AD, 0x34AD, 0x34AD, 
0x31E7, 0x31E7, 0x34AD, 0x34AD, 0x34AD, 0x34AD, 0x34AD, 0x34AD, 0x5244, 0x5244, 0x5244, 0x5244, 
0x5244, 0x5244, 0x5244, 0x5244, 0x5244, 0x5244, 0x31E7, 0x31E7, 0x31E7, 0x31E7, 0x31E7, 0x31E7, 
0x31E7, 0x31E7, 0x31E7, 0x31E7, 0x31E7, 0x31E7, 0x31E7, 0x31E7, 0x5244, 0x5244, 0x5244, 0x5244, 
0x5244, 0x5244, 0x5244, 0x5244, 0x5244, 0x5244, 0x5244, 0x5244, 0x5244, 0x5244, 0x5244, 0x5244, 
0x5244, 0x5244, 0x5244, 0x5244, 0x6DE6, 0x6DE6, 0x6DE6, 0x6DE6, 0x6DE6, 0x6DE6, 0x6DE6, 0x6DE6, 
0x6DE6, 0x6DE6, 0x6DE6, 0x6DE6, 0x6DE6, 0x6DE6, 0x6DE6, 0x6DE6, 0x6DE6, 0x6DE6, 0x6DE6, 0x6DE6, 
0x6DE6, 0x6DE6, 0x6DE6, 0x6DE6, 0x6DE6, 0x6DE6, 0x6DE6, 0x6DE6, 0x6DE6, 0x6DE6, 0x6DE6, 0x6DE6, 
0x34AD, 0x34AD, 0x34AD, 0x34AD, 0x34AD, 0x34AD, 0x34AD, 0x34AD, 0x34AD, 0x34AD, 0x34AD, 0x34AD, 
0x34AD, 0x34AD, 0x34AD, 0x34AD, 0x34AD, 0x34AD, 0x34AD, 0x34AD, 0x34AD, 0x34AD, 0x34AD, 0x34AD, 
0x34AD, 0x34AD, 0x34AD, 0x34AD, 0x34AD, 0x34AD, 0x34AD, 0x34AD, 0x34AD, 0x34AD, 0x34AD, 0x34AD, 
0x34AD, 0x34AD, 0x34AD, 0x34AD, 0x34AD, 0x34AD, 0x34AD, 0x34AD, 0x31E7, 0x31E7, 0x34AD, 0x34AD, 
0x34AD, 0x34AD, 0x34AD, 0x34AD, 0x5244, 0x5244, 0x5244, 0x5244, 0x5244, 0x5244, 0x5244, 0x5244, 
0x5244, 0x5244, 0x31E7, 0x31E7, 0x31E7, 0x31E7, 0x31E7, 0x31E7, 0x31E7, 0x31E7, 0x31E7, 0x31E7, 
0x31E7, 0x31E7, 0x31E7, 0x31E7, 0x5244, 0x5244, 0x5244, 0x5244, 0x5244, 0x5244, 0x5244, 0x5244, 
0x5244, 0x5244, 0x5244, 0x5244, 0x5244, 0x5244, 0x6DE6, 0x6DE6, 0x6DE6, 0x6DE6, 0x6DE6, 0x6DE6, 
0x6DE6, 0x6DE6, 0x6DE6, 0x6DE6, 0x6DE6, 0x6DE6, 0x6DE6, 0x6DE6, 0x6DE6, 0x6DE6, 0x6DE6, 0x6DE6, 
0x6DE6, 0x6DE6, 0x6DE6, 0x6DE6, 0x6DE6, 0x6DE6, 0x6DE6, 0x6DE6, 0x6DE6, 0x6DE6, 0x6DE6, 0x6DE6, 
0x6DE6, 0x6DE6, 0x6DE6, 0x6DE6, 0x6DE6, 0x6DE6, 0x6DE6, 0x6DE6, 0x34AD, 0x34AD, 0x34AD, 0x34AD, 
0x34AD, 0x34AD, 0x34AD, 0x34AD, 0x34AD, 0x34AD, 0x34AD, 0x34AD, 0x34AD, 0x34AD, 0x34AD, 0x34AD, 
0x34AD, 0x34AD, 0x34AD, 0x34AD, 0x34AD, 0x34AD, 0x34AD, 0x34AD, 0x34AD, 0x34AD, 0x34AD, 0x34AD, 
0x34AD, 0x34AD, 0x34AD, 0x34AD, 0x34AD, 0x34AD, 0x34AD, 0x34AD, 0x34AD, 0x34AD, 0x34AD, 0x34AD, 
0x34AD, 0x34AD, 0x34AD, 0x34AD, 0x31E7, 0x31E7, 0x34AD, 0x34AD, 0x34AD, 0x34AD, 0x34AD, 0x34AD, 
0x5244, 0x5244, 0x5244, 0x5244, 0x5244, 0x5244, 0x5244, 0x5244, 0x5244, 0x5244, 0x5244, 0x5244, 
0x31E7, 0x31E7, 0x31E7, 0x31E7, 0x31E7, 0x31E7, 0x31E7, 0x31E7, 0x31E7, 0x31E7, 0x31E7, 0x31E7, 
0x5244, 0x5244, 0x5244, 0x5244, 0x5244, 0x5244, 0x5244, 0x5244, 0x5244, 0x5244, 0x5244, 0x5244, 
0x5244, 0x5244, 0x6DE6, 0x6DE6, 0x6DE6, 0x6DE6, 0x6DE6, 0x6DE6, 0x6DE6, 0x6DE6, 0x6DE6, 0x6DE6, 
0x6DE6, 0x6DE6, 0x6DE6, 0x6DE6, 0x6DE6, 0x6DE6, 0x6DE6, 0x6DE6, 0x6DE6, 0x6DE6, 0x6DE6, 0x6DE6, 
0x6DE6, 0x6DE6, 0x6DE6, 0x6DE6, 0x6DE6, 0x6DE6, 0x6DE6, 0x6DE6, 0x6DE6, 0x6DE6, 0x6DE6, 0x6DE6, 
0x6DE6, 0x6DE6, 0x6DE6, 0x6DE6, 0x34AD, 0x34AD, 0x34AD, 0x34AD, 0x34AD, 0x34AD, 0x34AD, 0x34AD, 
0x34AD, 0x34AD, 0x34AD, 0x34AD, 0x34AD, 0x34AD, 0x34AD, 0x34AD, 0x34AD, 0x34AD, 0x34AD, 0x34AD, 
0x34AD, 0x34AD, 0x34AD, 0x34AD, 0x34AD, 0x34AD, 0x34AD, 0x34AD, 0x34AD, 0x34AD, 0x34AD, 0x34AD, 
0x34AD, 0x34AD, 0x34AD, 0x34AD, 0x34AD, 0x34AD, 0x34AD, 0x34AD, 0x34AD, 0x34AD, 0x34AD, 0x34AD, 
0x31E7, 0x31E7, 0x34AD, 0x34AD, 0x34AD, 0x34AD, 0x34AD, 0x34AD, 0x5244, 0x5244, 0x5244, 0x5244, 
0x5244, 0x5244, 0x5244, 0x5244, 0x5244, 0x5244, 0x5244, 0x5244, 0x31E7, 0x31E7, 0x31E7, 0x31E7, 
0x31E7, 0x31E7, 0x31E7, 0x31E7, 0x31E7, 0x31E7, 0x31E7, 0x31E7, 0x5244, 0x5244, 0x6DE6, 0x6DE6, 
0x6DE6, 0x6DE6, 0x6DE6, 0x6DE6, 0x6DE6, 0x6DE6, 0x6DE6, 0x6DE6, 0x6DE6, 0x6DE6, 0x6DE6, 0x6DE6, 
0x6DE6, 0x6DE6, 0x6DE6, 0x6DE6, 0x6DE6, 0x6DE6, 0x6DE6, 0x6DE6, 0x6DE6, 0x6DE6, 0x6DE6, 0x6DE6, 
0x6DE6, 0x6DE6, 0x6DE6, 0x6DE6, 0x6DE6, 0x6DE6, 0x6DE6, 0x6DE6, 0x6DE6, 0x6DE6, 0x6DE6, 0x6DE6, 
0x6DE6, 0x6DE6, 0x6DE6, 0x6DE6, 0x6DE6, 0x6DE6, 0x6DE6, 0x6DE6, 0x6DE6, 0x6DE6, 0x6DE6, 0x6DE6, 
0x34AD, 0x34AD, 0x34AD, 0x34AD, 0x34AD, 0x34AD, 0x34AD, 0x34AD, 0x34AD, 0x34AD, 0x34AD, 0x34AD, 
0x34AD, 0x34AD, 0x34AD, 0x34AD, 0x34AD, 0x34AD, 0x34AD, 0x34AD, 0x34AD, 0x34AD, 0x3C00, 0x3C00, 
0x34AD, 0x34AD, 0x34AD, 0x34AD, 0x34AD, 0x34AD, 0x34AD, 0x34AD, 0x34AD, 0x34AD, 0x34AD, 0x34AD, 
0x34AD, 0x34AD, 0x34AD, 0x34AD, 0x34AD, 0x34AD, 0x34AD, 0x34AD, 0x34AD, 0x34AD, 0x31E7, 0x31E7, 
0x34AD, 0x34AD, 0x34AD, 0x34AD, 0x5244, 0x5244, 0x5244, 0x5244, 0x5244, 0x5244, 0x5244, 0x5244, 
0x5244, 0x5244, 0x5244, 0x5244, 0x5244, 0x5244, 0x5244, 0x5244, 0x31E7, 0x31E7, 0x31E7, 0x31E7, 
0x31E7, 0x31E7, 0x31E7, 0x31E7, 0x5244, 0x5244, 0x6DE6, 0x6DE6, 0x6DE6, 0x6DE6, 0x6DE6, 0x6DE6, 
0x6DE6, 0x6DE6, 0x6DE6, 0x6DE6, 0x6DE6, 0x6DE6, 0x6DE6, 0x6DE6, 0x6DE6, 0x6DE6, 0x6DE6, 0x6DE6, 
0x6DE6, 0x6DE6, 0x6DE6, 0x6DE6, 0x6DE6, 0x6DE6, 0x6DE6, 0x6DE6, 0x6DE6, 0x6DE6, 0x6DE6, 0x6DE6, 
0x6DE6, 0x6DE6, 0x6DE6, 0x6DE6, 0x6DE6, 0x6DE6, 0x6DE6, 0x6DE6, 0x6DE6, 0x6DE6, 0x6DE6, 0x6DE6, 
0x6DE6, 0x6DE6, 0x6DE6, 0x6DE6, 0x6DE6, 0x6DE6, 0x6DE6, 0x6DE6, 0x34AD, 0x34AD, 0x34AD, 0x34AD, 
0x34AD, 0x34AD, 0x34AD, 0x34AD, 0x34AD, 0x34AD, 0x34AD, 0x34AD, 0x34AD, 0x34AD, 0x34AD, 0x34AD, 
0x34AD, 0x34AD, 0x34AD, 0x34AD, 0x34AD, 0x34AD, 0x3C00, 0x3C00, 0x34AD, 0x34AD, 0x34AD, 0x34AD, 
0x34AD, 0x34AD, 0x34AD, 0x34AD, 0x34AD, 0x34AD, 0x34AD, 0x34AD, 0x34AD, 0x34AD, 0x34AD, 0x34AD, 
0x34AD, 0x34AD, 0x34AD, 0x34AD, 0x34AD, 0x34AD, 0x31E7, 0x31E7, 0x34AD, 0x34AD, 0x34AD, 0x34AD, 
0x5244, 0x5244, 0x5244, 0x5244, 0x5244, 0x5244, 0x5244, 0x5244, 0x5244, 0x5244, 0x5244, 0x5244, 
0x5244, 0x5244, 0x5244, 0x5244, 0x31E7, 0x31E7, 0x31E7, 0x31E7, 0x31E7, 0x31E7, 0x31E7, 0x31E7, 
0x5244, 0x5244, 0x6DE6, 0x6DE6, 0x6DE6, 0x6DE6, 0x6DE6, 0x6DE6, 0x6DE6, 0x6DE6, 0x6DE6, 0x6DE6, 
0x6DE6, 0x6DE6, 0x6DE6, 0x6DE6, 0x6DE6, 0x6DE6, 0x6DE6, 0x6DE6, 0x6DE6, 0x6DE6, 0x6DE6, 0x6DE6, 
0x6DE6, 0x6DE6, 0x6DE6, 0x6DE6, 0x6DE6, 0x6DE6, 0x6DE6, 0x6DE6, 0x6DE6, 0x6DE6, 0x6DE6, 0x6DE6, 
0x6DE6, 0x6DE6, 0x9F2A, 0x9F2A, 0x6DE6, 0x6DE6, 0x6DE6, 0x6DE6, 0x6DE6, 0x6DE6, 0x6DE6, 0x6DE6, 
0x6DE6, 0x6DE6, 0x6DE6, 0x6DE6, 0x6DE6, 0x6DE6, 0x34AD, 0x34AD, 0x34AD, 0x34AD, 0x34AD, 0x34AD, 
0x34AD, 0x34AD, 0x34AD, 0x34AD, 0x34AD, 0x34AD, 0x34AD, 0x34AD, 0x34AD, 0x34AD, 0x34AD, 0x34AD, 
0x3C00, 0x3C00, 0x3C00, 0x3C00, 0x34AD, 0x34AD, 0x34AD, 0x34AD, 0x34AD, 0x34AD, 0x34AD, 0x34AD, 
0x34AD, 0x34AD, 0x34AD, 0x34AD, 0x34AD, 0x34AD, 0x34AD, 0x34AD, 0x34AD, 0x34AD, 0x34AD, 0x34AD, 
0x34AD, 0x34AD, 0x31E7, 0x31E7, 0x31E7, 0x31E7, 0x31E7, 0x31E7, 0x5244, 0x5244, 0x5244, 0x5244, 
0x5244, 0x5244, 0x5244, 0x5244, 0x5244, 0x5244, 0x5244, 0x5244, 0x5244, 0x5244, 0x5244, 0x5244, 
0x5244, 0x5244, 0x5244, 0x5244, 0x31E7, 0x31E7, 0x31E7, 0x31E7, 0x5244, 0x5244, 0x6DE6, 0x6DE6, 
0x6DE6, 0x6DE6, 0x6DE6, 0x6DE6, 0x6DE6, 0x6DE6, 0x6DE6, 0x6DE6, 0x6DE6, 0x6DE6, 0x6DE6, 0x6DE6, 
0x6DE6, 0x6DE6, 0x6DE6, 0x6DE6, 0x6DE6, 0x6DE6, 0x6DE6, 0x6DE6, 0x6DE6, 0x6DE6, 0x6DE6, 0x6DE6, 
0x6DE6, 0x6DE6, 0x6DE6, 0x6DE6, 0x6DE6, 0x6DE6, 0x6DE6, 0x6DE6, 0x6DE6, 0x6DE6, 0x9F2A, 0x9F2A, 
0x6DE6, 0x6DE6, 0x6DE6, 0x6DE6, 0x6DE6, 0x6DE6, 0x6DE6, 0x6DE6, 0x6DE6, 0x6DE6, 0x6DE6, 0x6DE6, 
0x6DE6, 0x6DE6, 0x34AD, 0x34AD, 0x34AD, 0x34AD, 0x34AD, 0x34AD, 0x34AD, 0x34AD, 0x34AD, 0x34AD, 
0x34AD, 0x34AD, 0x34AD, 0x34AD, 0x34AD, 0x34AD, 0x34AD, 0x34AD, 0x3C00, 0x3C00, 0x3C00, 0x3C00, 
0x34AD, 0x34AD, 0x34AD, 0x34AD, 0x34AD, 0x34AD, 0x34AD, 0x34AD, 0x34AD, 0x34AD, 0x34AD, 0x34AD, 
0x34AD, 0x34AD, 0x34AD, 0x34AD, 0x34AD, 0x34AD, 0x34AD, 0x34AD, 0x34AD, 0x34AD, 0x31E7, 0x31E7, 
0x31E7, 0x31E7, 0x31E7, 0x31E7, 0x5244, 0x5244, 0x5244, 0x5244, 0x5244, 0x5244, 0x5244, 0x5244, 
0x5244, 0x5244, 0x5244, 0x5244, 0x5244, 0x5244, 0x5244, 0x5244, 0x5244, 0x5244, 0x5244, 0x5244, 
0x31E7, 0x31E7, 0x31E7, 0x31E7, 0x6DE6, 0x6DE6, 0x6DE6, 0x6DE6, 0x6DE6, 0x6DE6, 0x6DE6, 0x6DE6, 
0x6DE6, 0x6DE6, 0x6DE6, 0x6DE6, 0x6DE6, 0x6DE6, 0x6DE6, 0x6DE6, 0x6DE6, 0x6DE6, 0x6DE6, 0x6DE6, 
0x6DE6, 0x6DE6, 0x6DE6, 0x6DE6, 0x6DE6, 0x6DE6, 0x6DE6, 0x6DE6, 0x6DE6, 0x6DE6, 0x6DE6, 0x6DE6, 
0x6DE6, 0x6DE6, 0x6DE6, 0x6DE6, 0x9F2A, 0x9F2A, 0x9F2A, 0x9F2A, 0x6DE6, 0x6DE6, 0x6DE6, 0x6DE6, 
0x6DE6, 0x6DE6, 0x6DE6, 0x6DE6, 0x6DE6, 0x6DE6, 0x6DE6, 0x6DE6, 0x6DE6, 0x6DE6, 0x34AD, 0x34AD, 
0x34AD, 0x34AD, 0x34AD, 0x34AD, 0x34AD, 0x34AD, 0x34AD, 0x34AD, 0x34AD, 0x34AD, 0x34AD, 0x34AD, 
0x34AD, 0x34AD, 0x3C00, 0x3C00, 0x3C00, 0x3C00, 0x3C00, 0x3C00, 0x3C00, 0x3C00, 0x34AD, 0x34AD, 
0x34AD, 0x34AD, 0x34AD, 0x34AD, 0x34AD, 0x34AD, 0x34AD, 0x34AD, 0x34AD, 0x34AD, 0x34AD, 0x34AD, 
0x34AD, 0x34AD, 0x34AD, 0x34AD, 0x34AD, 0x34AD, 0x34AD, 0x34AD, 0x34AD, 0x34AD, 0x5244, 0x5244, 
0x5244, 0x5244, 0x5244, 0x5244, 0x5244, 0x5244, 0x5244, 0x5244, 0x5244, 0x5244, 0x5244, 0x5244, 
0x5244, 0x5244, 0x5244, 0x5244, 0x5244, 0x5244, 0x5244, 0x5244, 0x5244, 0x5244, 0x5244, 0x5244, 
0x6DE6, 0x6DE6, 0x6DE6, 0x6DE6, 0x6DE6, 0x6DE6, 0x6DE6, 0x6DE6, 0x6DE6, 0x6DE6, 0x6DE6, 0x6DE6, 
0x6DE6, 0x6DE6, 0x6DE6, 0x6DE6, 0x6DE6, 0x6DE6, 0x6DE6, 0x6DE6, 0x6DE6, 0x6DE6, 0x6DE6, 0x6DE6, 
0x6DE6, 0x6DE6, 0x6DE6, 0x6DE6, 0x6DE6, 0x6DE6, 0x6DE6, 0x6DE6, 0x6DE6, 0x6DE6, 0x6DE6, 0x6DE6, 
0x9F2A, 0x9F2A, 0x9F2A, 0x9F2A, 0x6DE6, 0x6DE6, 0x6DE6, 0x6DE6, 0x6DE6, 0x6DE6, 0x6DE6, 0x6DE6, 
0x6DE6, 0x6DE6, 0x6DE6, 0x6DE6, 0x6DE6, 0x6DE6, 0x34AD, 0x34AD, 0x34AD, 0x34AD, 0x34AD, 0x34AD, 
0x34AD, 0x34AD, 0x34AD, 0x34AD, 0x34AD, 0x34AD, 0x34AD, 0x34AD, 0x34AD, 0x34AD, 0x3C00, 0x3C00, 
0x3C00, 0x3C00, 0x3C00, 0x3C00, 0x3C00, 0x3C00, 0x34AD, 0x34AD, 0x34AD, 0x34AD, 0x34AD, 0x34AD, 
0x34AD, 0x34AD, 0x34AD, 0x34AD, 0x34AD, 0x34AD, 0x34AD, 0x34AD, 0x34AD, 0x34AD, 0x34AD, 0x34AD, 
0x34AD, 0x34AD, 0x34AD, 0x34AD, 0x34AD, 0x34AD, 0x5244, 0x5244, 0x5244, 0x5244, 0x5244, 0x5244, 
0x5244, 0x5244, 0x5244, 0x5244, 0x5244, 0x5244, 0x5244, 0x5244, 0x5244, 0x5244, 0x5244, 0x5244, 
0x5244, 0x5244, 0x5244, 0x5244, 0x5244, 0x5244, 0x5244, 0x5244, 0x6DE6, 0x6DE6, 0x6DE6, 0x6DE6, 
0x6DE6, 0x6DE6, 0x6DE6, 0x6DE6, 0x6DE6, 0x6DE6, 0x6DE6, 0x6DE6, 0x6DE6, 0x6DE6, 0x6DE6, 0x6DE6, 
0x6DE6, 0x6DE6, 0x6DE6, 0x6DE6, 0x6DE6, 0x6DE6, 0x6DE6, 0x6DE6, 0x9F2A, 0x9F2A, 0x6DE6, 0x6DE6, 
0x6DE6, 0x6DE6, 0x6DE6, 0x6DE6, 0x6DE6, 0x6DE6, 0x6DE6, 0x6DE6, 0x9F2A, 0x9F2A, 0x6DE6, 0x6DE6, 
0x6DE6, 0x6DE6, 0x6DE6, 0x6DE6, 0x6DE6, 0x6DE6, 0x6DE6, 0x6DE6, 0x6DE6, 0x6DE6, 0x6DE6, 0x6DE6, 
0x6DE6, 0x6DE6, 0x34AD, 0x34AD, 0x34AD, 0x34AD, 0x34AD, 0x34AD, 0x34AD, 0x34AD, 0x34AD, 0x34AD, 
0x34AD, 0x34AD, 0x34AD, 0x34AD, 0x3C00, 0x3C00, 0x3C00, 0x3C00, 0x3C00, 0x3C00, 0x3C00, 0x3C00, 
0x3C00, 0x3C00, 0x34AD, 0x34AD, 0x34AD, 0x34AD, 0x34AD, 0x34AD, 0x34AD, 0x34AD, 0x34AD, 0x34AD, 
0x34AD, 0x34AD, 0x34AD, 0x34AD, 0x34AD, 0x34AD, 0x34AD, 0x34AD, 0x34AD, 0x34AD, 0x34AD, 0x34AD, 
0x34AD, 0x34AD, 0x5244, 0x5244, 0x5244, 0x5244, 0x5244, 0x5244, 0x5244, 0x5244, 0x5244, 0x5244, 
0x5244, 0x5244, 0x5244, 0x5244, 0x5244, 0x5244, 0x5244, 0x5244, 0x5244, 0x5244, 0x5244, 0x5244, 
0x5244, 0x5244, 0x5244, 0x5244, 0x6DE6, 0x6DE6, 0x6DE6, 0x6DE6, 0x6DE6, 0x6DE6, 0x6DE6, 0x6DE6, 
0x6DE6, 0x6DE6, 0x6DE6, 0x6DE6, 0x6DE6, 0x6DE6, 0x6DE6, 0x6DE6, 0x6DE6, 0x6DE6, 0x6DE6, 0x6DE6, 
0x6DE6, 0x6DE6, 0x6DE6, 0x6DE6, 0x9F2A, 0x9F2A, 0x6DE6, 0x6DE6, 0x6DE6, 0x6DE6, 0x6DE6, 0x6DE6, 
0x6DE6, 0x6DE6, 0x6DE6, 0x6DE6, 0x9F2A, 0x9F2A, 0x6DE6, 0x6DE6, 0x6DE6, 0x6DE6, 0x6DE6, 0x6DE6, 
0x6DE6, 0x6DE6, 0x6DE6, 0x6DE6, 0x6DE6, 0x6DE6, 0x6DE6, 0x6DE6, 0x6DE6, 0x6DE6, 0x34AD, 0x34AD, 
0x34AD, 0x34AD, 0x34AD, 0x34AD, 0x34AD, 0x34AD, 0x34AD, 0x34AD, 0x34AD, 0x34AD, 0x34AD, 0x34AD, 
0x3C00, 0x3C00, 0x3C00, 0x3C00, 0x3C00, 0x3C00, 0x3C00, 0x3C00, 0x3C00, 0x3C00, 0x34AD, 0x34AD, 
0x34AD, 0x34AD, 0x34AD, 0x34AD, 0x34AD, 0x34AD, 0x34AD, 0x34AD, 0x34AD, 0x34AD, 0x34AD, 0x34AD, 
0x34AD, 0x34AD, 0x34AD, 0x34AD, 0x34AD, 0x34AD, 0x34AD, 0x34AD, 0x34AD, 0x34AD, 0x5244, 0x5244, 
0x5244, 0x5244, 0x5244, 0x5244, 0x5244, 0x5244, 0x5244, 0x5244, 0x5244, 0x5244, 0x5244, 0x5244, 
0x5244, 0x5244, 0x5244, 0x5244, 0x5244, 0x5244, 0x5244, 0x5244, 0x5244, 0x5244, 0x5244, 0x5244, 
0x6DE6, 0x6DE6, 0x6DE6, 0x6DE6, 0x6DE6, 0x6DE6, 0x6DE6, 0x6DE6, 0x6DE6, 0x6DE6, 0x6DE6, 0x6DE6, 
0x6DE6, 0x6DE6, 0x6DE6, 0x6DE6, 0x6DE6, 0x6DE6, 0x6DE6, 0x6DE6, 0x6DE6, 0x6DE6, 0x6DE6, 0x6DE6, 
0x9F2A, 0x9F2A, 0x6DE6, 0x6DE6, 0x6DE6, 0x6DE6, 0x6DE6, 0x6DE6, 0x6DE6, 0x6DE6, 0x9F2A, 0x9F2A, 
0x9F2A, 0x9F2A, 0x6DE6, 0x6DE6, 0x6DE6, 0x6DE6, 0x6DE6, 0x6DE6, 0x6DE6, 0x6DE6, 0x6DE6, 0x6DE6, 
0x6DE6, 0x6DE6, 0x6DE6, 0x6DE6, 0x6DE6, 0x6DE6, 0x6DE6, 0x6DE6, 0x34AD, 0x34AD, 0x34AD, 0x34AD, 
0x34AD, 0x34AD, 0x34AD, 0x34AD, 0x3C00, 0x3C00, 0x3C00, 0x3C00, 0x3C00, 0x3C00, 0x3C00, 0x3C00, 
0x3C00, 0x3C00, 0x3C00, 0x3C00, 0x3C00, 0x3C00, 0x3C00, 0x3C00, 0x34AD, 0x34AD, 0x34AD, 0x34AD, 
0x34AD, 0x34AD, 0x34AD, 0x34AD, 0x34AD, 0x34AD, 0x34AD, 0x34AD, 0x34AD, 0x34AD, 0x34AD, 0x34AD, 
0x34AD, 0x34AD, 0x34AD, 0x34AD, 0x5244, 0x5244, 0x5244, 0x5244, 0x5244, 0x5244, 0x5244, 0x5244, 
0x5244, 0x5244, 0x5244, 0x5244, 0x5244, 0x5244, 0x5244, 0x5244, 0x5244, 0x5244, 0x5244, 0x5244, 
0x5244, 0x5244, 0x5244, 0x5244, 0x5244, 0x5244, 0x5244, 0x5244, 0x6DE6, 0x6DE6, 0x6DE6, 0x6DE6, 
0x6DE6, 0x6DE6, 0x6DE6, 0x6DE6, 0x6DE6, 0x6DE6, 0x6DE6, 0x6DE6, 0x6DE6, 0x6DE6, 0x6DE6, 0x6DE6, 
0x6DE6, 0x6DE6, 0x6DE6, 0x6DE6, 0x6DE6, 0x6DE6, 0x6DE6, 0x6DE6, 0x9F2A, 0x9F2A, 0x6DE6, 0x6DE6, 
0x6DE6, 0x6DE6, 0x6DE6, 0x6DE6, 0x6DE6, 0x6DE6, 0x9F2A, 0x9F2A, 0x9F2A, 0x9F2A, 0x6DE6, 0x6DE6, 
0x6DE6, 0x6DE6, 0x6DE6, 0x6DE6, 0x6DE6, 0x6DE6, 0x6DE6, 0x6DE6, 0x6DE6, 0x6DE6, 0x6DE6, 0x6DE6, 
0x6DE6, 0x6DE6, 0x6DE6, 0x6DE6, 0x34AD, 0x34AD, 0x34AD, 0x34AD, 0x34AD, 0x34AD, 0x34AD, 0x34AD, 
0x3C00, 0x3C00, 0x3C00, 0x3C00, 0x3C00, 0x3C00, 0x3C00, 0x3C00, 0x3C00, 0x3C00, 0x3C00, 0x3C00, 
0x3C00, 0x3C00, 0x3C00, 0x3C00, 0x34AD, 0x34AD, 0x34AD, 0x34AD, 0x34AD, 0x34AD, 0x34AD, 0x34AD, 
0x34AD, 0x34AD, 0x34AD, 0x34AD, 0x34AD, 0x34AD, 0x34AD, 0x34AD, 0x34AD, 0x34AD, 0x34AD, 0x34AD, 
0x5244, 0x5244, 0x5244, 0x5244, 0x5244, 0x5244, 0x5244, 0x5244, 0x5244, 0x5244, 0x5244, 0x5244, 
0x5244, 0x5244, 0x5244, 0x5244, 0x5244, 0x5244, 0x5244, 0x5244, 0x5244, 0x5244, 0x5244, 0x5244, 
0x5244, 0x5244, 0x5244, 0x5244, 0x6DE6, 0x6DE6, 0x6DE6, 0x6DE6, 0x6DE6, 0x6DE6, 0x6DE6, 0x6DE6, 
0x6DE6, 0x6DE6, 0x6DE6, 0x6DE6, 0x6DE6, 0x6DE6, 0x6DE6, 0x6DE6, 0x6DE6, 0x6DE6, 0x6DE6, 0x6DE6, 
0x6DE6, 0x6DE6, 0x6DE6, 0x6DE6, 0x9F2A, 0x9F2A, 0x6DE6, 0x6DE6, 0x6DE6, 0x6DE6, 0x6DE6, 0x6DE6, 
0x9F2A, 0x9F2A, 0x9F2A, 0x9F2A, 0x6DE6, 0x6DE6, 0x6DE6, 0x6DE6, 0x6DE6, 0x6DE6, 0x6DE6, 0x6DE6, 
0x6DE6, 0x6DE6, 0x6DE6, 0x6DE6, 0x6DE6, 0x6DE6, 0x6DE6, 0x6DE6, 0x6DE6, 0x6DE6, 0x6DE6, 0x6DE6, 
0x34AD, 0x34AD, 0x34AD, 0x34AD, 0x34AD, 0x34AD, 0x3C00, 0x3C00, 0x3C00, 0x3C00, 0x3C00, 0x3C00, 
0x3C00, 0x3C00, 0x3C00, 0x3C00, 0x3C00, 0x3C00, 0x3C00, 0x3C00, 0x3C00, 0x3C00, 0x3C00, 0x3C00, 
0x3C00, 0x3C00, 0x34AD, 0x34AD, 0x34AD, 0x34AD, 0x34AD, 0x34AD, 0x34AD, 0x34AD, 0x34AD, 0x34AD, 
0x34AD, 0x34AD, 0x34AD, 0x34AD, 0x34AD, 0x34AD, 0x34AD, 0x34AD, 0x5244, 0x5244, 0x5244, 0x5244, 
0x5244, 0x5244, 0x5244, 0x5244, 0x5244, 0x5244, 0x5244, 0x5244, 0x5244, 0x5244, 0x5244, 0x5244, 
0x5244, 0x5244, 0x5244, 0x5244, 0x5244, 0x5244, 0x5244, 0x5244, 0x5244, 0x5244, 0x5244, 0x5244, 
0x6DE6, 0x6DE6, 0x6DE6, 0x6DE6, 0x6DE6, 0x6DE6, 0x6DE6, 0x6DE6, 0x6DE6, 0x6DE6, 0x6DE6, 0x6DE6, 
0x6DE6, 0x6DE6, 0x6DE6, 0x6DE6, 0x6DE6, 0x6DE6, 0x6DE6, 0x6DE6, 0x6DE6, 0x6DE6, 0x6DE6, 0x6DE6, 
0x9F2A, 0x9F2A, 0x6DE6, 0x6DE6, 0x6DE6, 0x6DE6, 0x6DE6, 0x6DE6, 0x9F2A, 0x9F2A, 0x9F2A, 0x9F2A, 
0x6DE6, 0x6DE6, 0x6DE6, 0x6DE6, 0x6DE6, 0x6DE6, 0x6DE6, 0x6DE6, 0x6DE6, 0x6DE6, 0x6DE6, 0x6DE6, 
0x6DE6, 0x6DE6, 0x6DE6, 0x6DE6, 0x6DE6, 0x6DE6, 0x6DE6, 0x6DE6, 0x34AD, 0x34AD, 0x34AD, 0x34AD, 
0x34AD, 0x34AD, 0x3C00, 0x3C00, 0x3C00, 0x3C00, 0x3C00, 0x3C00, 0x3C00, 0x3C00, 0x3C00, 0x3C00, 
0x3C00, 0x3C00, 0x3C00, 0x3C00, 0x3C00, 0x3C00, 0x3C00, 0x3C00, 0x3C00, 0x3C00, 0x34AD, 0x34AD, 
0x34AD, 0x34AD, 0x34AD, 0x34AD, 0x34AD, 0x34AD, 0x34AD, 0x34AD, 0x34AD, 0x34AD, 0x34AD, 0x34AD, 
0x34AD, 0x34AD, 0x34AD, 0x34AD, 0x5244, 0x5244, 0x5244, 0x5244, 0x5244, 0x5244, 0x5244, 0x5244, 
0x5244, 0x5244, 0x5244, 0x5244, 0x5244, 0x5244, 0x5244, 0x5244, 0x5244, 0x5244, 0x5244, 0x5244, 
0x5244, 0x5244, 0x5244, 0x5244, 0x5244, 0x5244, 0x5244, 0x5244, 0x6DE6, 0x6DE6, 0x6DE6, 0x6DE6, 
0x6DE6, 0x6DE6, 0x6DE6, 0x6DE6, 0x6DE6, 0x6DE6, 0x6DE6, 0x6DE6, 0x6DE6, 0x6DE6, 0x6DE6, 0x6DE6, 
0x6DE6, 0x6DE6, 0x6DE6, 0x6DE6, 0x6DE6, 0x6DE6, 0x6DE6, 0x6DE6, 0x9F2A, 0x9F2A, 0x6DE6, 0x6DE6, 
0x6DE6, 0x6DE6, 0x6DE6, 0x6DE6, 0x9F2A, 0x9F2A, 0x6DE6, 0x6DE6, 0x6DE6, 0x6DE6, 0x6DE6, 0x6DE6, 
0x6DE6, 0x6DE6, 0x6DE6, 0x6DE6, 0x6DE6, 0x6DE6, 0x6DE6, 0x6DE6, 0x6DE6, 0x6DE6, 0x6DE6, 0x6DE6, 
0x6DE6, 0x6DE6, 0x6DE6, 0x6DE6, 0x34AD, 0x34AD, 0x3C00, 0x3C00, 0x3C00, 0x3C00, 0x3C00, 0x3C00, 
0x3C00, 0x3C00, 0x3C00, 0x3C00, 0x3C00, 0x3C00, 0x3C00, 0x3C00, 0x3C00, 0x3C00, 0x3C00, 0x3C00, 
0x3C00, 0x3C00, 0x3C00, 0x3C00, 0x3C00, 0x3C00, 0x3C00, 0x3C00, 0x3C00, 0x3C00, 0x3C00, 0x3C00, 
0x34AD, 0x34AD, 0x34AD, 0x34AD, 0x34AD, 0x34AD, 0x34AD, 0x34AD, 0x34AD, 0x34AD, 0x5244, 0x5244, 
0x5244, 0x5244, 0x5244, 0x5244, 0x5244, 0x5244, 0x5244, 0x5244, 0x5244, 0x5244, 0x5244, 0x5244, 
0x5244, 0x5244, 0x5244, 0x5244, 0x5244, 0x5244, 0x5244, 0x5244, 0x5244, 0x5244, 0x5244, 0x5244, 
0x5244, 0x5244, 0x5244, 0x5244, 0x6DE6, 0x6DE6, 0x6DE6, 0x6DE6, 0x6DE6, 0x6DE6, 0x6DE6, 0x6DE6, 
0x6DE6, 0x6DE6, 0x6DE6, 0x6DE6, 0x6DE6, 0x6DE6, 0x6DE6, 0x6DE6, 0x6DE6, 0x6DE6, 0x6DE6, 0x6DE6, 
0x6DE6, 0x6DE6, 0x6DE6, 0x6DE6, 0x9F2A, 0x9F2A, 0x6DE6, 0x6DE6, 0x6DE6, 0x6DE6, 0x6DE6, 0x6DE6, 
0x9F2A, 0x9F2A, 0x6DE6, 0x6DE6, 0x6DE6, 0x6DE6, 0x6DE6, 0x6DE6, 0x6DE6, 0x6DE6, 0x6DE6, 0x6DE6, 
0x6DE6, 0x6DE6, 0x6DE6, 0x6DE6, 0x6DE6, 0x6DE6, 0x6DE6, 0x6DE6, 0x6DE6, 0x6DE6, 0x6DE6, 0x6DE6, 
0x34AD, 0x34AD, 0x3C00, 0x3C00, 0x3C00, 0x3C00, 0x3C00, 0x3C00, 0x3C00, 0x3C00, 0x3C00, 0x3C00, 
0x3C00, 0x3C00, 0x3C00, 0x3C00, 0x3C00, 0x3C00, 0x3C00, 0x3C00, 0x3C00, 0x3C00, 0x3C00, 0x3C00, 
0x3C00, 0x3C00, 0x3C00, 0x3C00, 0x3C00, 0x3C00, 0x3C00, 0x3C00, 0x34AD, 0x34AD, 0x34AD, 0x34AD, 
0x34AD, 0x34AD, 0x34AD, 0x34AD, 0x34AD, 0x34AD, 0x5244, 0x5244, 0x5244, 0x5244, 0x5244, 0x5244, 
0x5244, 0x5244, 0x5244, 0x5244, 0x5244, 0x5244, 0x5244, 0x5244, 0x5244, 0x5244, 0x5244, 0x5244, 
0x5244, 0x5244, 0x5244, 0x5244, 0x5244, 0x5244, 0x5244, 0x5244, 0x5244, 0x5244, 0x5244, 0x5244, 
0x6DE6, 0x6DE6, 0x6DE6, 0x6DE6, 0x6DE6, 0x6DE6, 0x6DE6, 0x6DE6, 0x6DE6, 0x6DE6, 0x6DE6, 0x6DE6, 
0x9F2A, 0x9F2A, 0x6DE6, 0x6DE6, 0x6DE6, 0x6DE6, 0x6DE6, 0x6DE6, 0x6DE6, 0x6DE6, 0x6DE6, 0x6DE6, 
0x9F2A, 0x9F2A, 0x9F2A, 0x9F2A, 0x6DE6, 0x6DE6, 0x6DE6, 0x6DE6, 0x9F2A, 0x9F2A, 0x6DE6, 0x6DE6, 
0x6DE6, 0x6DE6, 0x6DE6, 0x6DE6, 0x6DE6, 0x6DE6, 0x6DE6, 0x6DE6, 0x6DE6, 0x6DE6, 0x6DE6, 0x6DE6, 
0x6DE6, 0x6DE6, 0x6DE6, 0x6DE6, 0x6DE6, 0x6DE6, 0x6DE6, 0x6DE6, 0x34AD, 0x34AD, 0x3C00, 0x3C00, 
0x3C00, 0x3C00, 0x3C00, 0x3C00, 0x3C00, 0x3C00, 0x3C00, 0x3C00, 0x3C00, 0x3C00, 0x3C00, 0x3C00, 
0x3C00, 0x3C00, 0x3C00, 0x3C00, 0x3C00, 0x3C00, 0x3C00, 0x3C00, 0x3C00, 0x3C00, 0x3C00, 0x3C00, 
0x3C00, 0x3C00, 0x3C00, 0x3C00, 0x3C00, 0x3C00, 0x34AD, 0x34AD, 0x34AD, 0x34AD, 0x34AD, 0x34AD, 
0x5244, 0x5244, 0x5244, 0x5244, 0x5244, 0x5244, 0x5244, 0x5244, 0x5244, 0x5244, 0x5244, 0x5244, 
0x5244, 0x5244, 0x5244, 0x5244, 0x5244, 0x5244, 0x5244, 0x5244, 0x5244, 0x5244, 0x5244, 0x5244, 
0x5244, 0x5244, 0x5244, 0x5244, 0x5244, 0x5244, 0x5244, 0x5244, 0x6DE6, 0x6DE6, 0x6DE6, 0x6DE6, 
0x6DE6, 0x6DE6, 0x6DE6, 0x6DE6, 0x6DE6, 0x6DE6, 0x6DE6, 0x6DE6, 0x9F2A, 0x9F2A, 0x6DE6, 0x6DE6, 
0x6DE6, 0x6DE6, 0x6DE6, 0x6DE6, 0x6DE6, 0x6DE6, 0x6DE6, 0x6DE6, 0x9F2A, 0x9F2A, 0x9F2A, 0x9F2A, 
0x6DE6, 0x6DE6, 0x6DE6, 0x6DE6, 0x9F2A, 0x9F2A, 0x6DE6, 0x6DE6, 0x6DE6, 0x6DE6, 0x6DE6, 0x6DE6, 
0x6DE6, 0x6DE6, 0x6DE6, 0x6DE6, 0x6DE6, 0x6DE6, 0x6DE6, 0x6DE6, 0x6DE6, 0x6DE6, 0x6DE6, 0x6DE6, 
0x6DE6, 0x6DE6, 0x6DE6, 0x6DE6, 0x34AD, 0x34AD, 0x3C00, 0x3C00, 0x3C00, 0x3C00, 0x3C00, 0x3C00, 
0x3C00, 0x3C00, 0x3C00, 0x3C00, 0x3C00, 0x3C00, 0x3C00, 0x3C00, 0x3C00, 0x3C00, 0x3C00, 0x3C00, 
0x3C00, 0x3C00, 0x3C00, 0x3C00, 0x3C00, 0x3C00, 0x3C00, 0x3C00, 0x3C00, 0x3C00, 0x3C00, 0x3C00, 
0x3C00, 0x3C00, 0x34AD, 0x34AD, 0x34AD, 0x34AD, 0x34AD, 0x34AD, 0x5244, 0x5244, 0x5244, 0x5244, 
0x5244, 0x5244, 0x5244, 0x5244, 0x5244, 0x5244, 0x5244, 0x5244, 0x5244, 0x5244, 0x5244, 0x5244, 
0x5244, 0x5244, 0x5244, 0x5244, 0x5244, 0x5244, 0x5244, 0x5244, 0x5244, 0x5244, 0x5244, 0x5244, 
0x5244, 0x5244, 0x5244, 0x5244, 0x6DE6, 0x6DE6, 0x6DE6, 0x6DE6, 0x6DE6, 0x6DE6, 0x6DE6, 0x6DE6, 
0x6DE6, 0x6DE6, 0x6DE6, 0x6DE6, 0x9F2A, 0x9F2A, 0x6DE6, 0x6DE6, 0x6DE6, 0x6DE6, 0x6DE6, 0x6DE6, 
0x6DE6, 0x6DE6, 0x6DE6, 0x6DE6, 0x6DE6, 0x6DE6, 0x9F2A, 0x9F2A, 0x9F2A, 0x9F2A, 0x9F2A, 0x9F2A, 
0x6DE6, 0x6DE6, 0x6DE6, 0x6DE6, 0x9F2A, 0x9F2A, 0x9F2A, 0x9F2A, 0x9F2A, 0x9F2A, 0x9F2A, 0x9F2A, 
0x6DE6, 0x6DE6, 0x6DE6, 0x6DE6, 0x6DE6, 0x6DE6, 0x6DE6, 0x6DE6, 0x6DE6, 0x6DE6, 0x6DE6, 0x6DE6, 
0x3C00, 0x3C00, 0x3C00, 0x3C00, 0x3C00, 0x3C00, 0x3C00, 0x3C00, 0x3C00, 0x3C00, 0x3C00, 0x3C00, 
0x3C00, 0x3C00, 0x3C00, 0x3C00, 0x3C00, 0x3C00, 0x3C00, 0x3C00, 0x3C00, 0x3C00, 0x3C00, 0x3C00, 
0x3C00, 0x3C00, 0x3C00, 0x3C00, 0x3C00, 0x3C00, 0x3C00, 0x3C00, 0x3C00, 0x3C00, 0x3C00, 0x3C00, 
0x3C00, 0x3C00, 0x5244, 0x5244, 0x5244, 0x5244, 0x5244, 0x5244, 0x5244, 0x5244, 0x5244, 0x5244, 
0x5244, 0x5244, 0x5244, 0x5244, 0x5244, 0x5244, 0x5244, 0x5244, 0x5244, 0x5244, 0x5244, 0x5244, 
0x5244, 0x5244, 0x5244, 0x5244, 0x5244, 0x5244, 0x5244, 0x5244, 0x5244, 0x5244, 0x5244, 0x5244, 
0x6DE6, 0x6DE6, 0x6DE6, 0x6DE6, 0x6DE6, 0x6DE6, 0x6DE6, 0x6DE6, 0x6DE6, 0x6DE6, 0x6DE6, 0x6DE6, 
0x9F2A, 0x9F2A, 0x6DE6, 0x6DE6, 0x6DE6, 0x6DE6, 0x6DE6, 0x6DE6, 0x6DE6, 0x6DE6, 0x6DE6, 0x6DE6, 
0x6DE6, 0x6DE6, 0x9F2A, 0x9F2A, 0x9F2A, 0x9F2A, 0x9F2A, 0x9F2A, 0x6DE6, 0x6DE6, 0x6DE6, 0x6DE6, 
0x9F2A, 0x9F2A, 0x9F2A, 0x9F2A, 0x9F2A, 0x9F2A, 0x9F2A, 0x9F2A, 0x6DE6, 0x6DE6, 0x6DE6, 0x6DE6, 
0x6DE6, 0x6DE6, 0x6DE6, 0x6DE6, 0x6DE6, 0x6DE6, 0x6DE6, 0x6DE6, 0x3C00, 0x3C00, 0x3C00, 0x3C00, 
0x3C00, 0x3C00, 0x3C00, 0x3C00, 0x3C00, 0x3C00, 0x3C00, 0x3C00, 0x3C00, 0x3C00, 0x3C00, 0x3C00, 
0x3C00, 0x3C00, 0x3C00, 0x3C00, 0x3C00, 0x3C00, 0x3C00, 0x3C00, 0x3C00, 0x3C00, 0x3C00, 0x3C00, 
0x3C00, 0x3C00, 0x3C00, 0x3C00, 0x3C00, 0x3C00, 0x3C00, 0x3C00, 0x3C00, 0x3C00, 0x5244, 0x5244, 
0x5244, 0x5244, 0x5244, 0x5244, 0x5244, 0x5244, 0x5244, 0x5244, 0x5244, 0x5244, 0x5244, 0x5244, 
0x5244, 0x5244, 0x5244, 0x5244, 0x5244, 0x5244, 0x5244, 0x5244, 0x5244, 0x5244, 0x5244, 0x5244, 
0x5244, 0x5244, 0x5244, 0x5244, 0x5244, 0x5244, 0x5244, 0x5244, 0x6DE6, 0x6DE6, 0x6DE6, 0x6DE6, 
0x6DE6, 0x6DE6, 0x6DE6, 0x6DE6, 0x6DE6, 0x6DE6, 0x6DE6, 0x6DE6, 0x9F2A, 0x9F2A, 0x6DE6, 0x6DE6, 
0x6DE6, 0x6DE6, 0x6DE6, 0x6DE6, 0x6DE6, 0x6DE6, 0x6DE6, 0x6DE6, 0x6DE6, 0x6DE6, 0x9F2A, 0x9F2A, 
0x6DE6, 0x6DE6, 0x6DE6, 0x6DE6, 0x9F2A, 0x9F2A, 0x9F2A, 0x9F2A, 0x9F2A, 0x9F2A, 0x6DE6, 0x6DE6, 
0x6DE6, 0x6DE6, 0x6DE6, 0x6DE6, 0x6DE6, 0x6DE6, 0x6DE6, 0x6DE6, 0x6DE6, 0x6DE6, 0x6DE6, 0x6DE6, 
0x6DE6, 0x6DE6, 0x3C00, 0x3C00, 0x3C00, 0x3C00, 0x3C00, 0x3C00, 0x3C00, 0x3C00, 0x3C00, 0x3C00, 
0x3C00, 0x3C00, 0x3C00, 0x3C00, 0x3C00, 0x3C00, 0x3C00, 0x3C00, 0x3C00, 0x3C00, 0x3C00, 0x3C00, 
0x3C00, 0x3C00, 0x3C00, 0x3C00, 0x3C00, 0x3C00, 0x3C00, 0x3C00, 0x3C00, 0x3C00, 0x3C00, 0x3C00, 
0x3C00, 0x3C00, 0x3C00, 0x3C00, 0x5244, 0x5244, 0x5244, 0x5244, 0x5244, 0x5244, 0x5244, 0x5244, 
0x5244, 0x5244, 0x5244, 0x5244, 0x5244, 0x5244, 0x5244, 0x5244, 0x5244, 0x5244, 0x5244, 0x5244, 
0x5244, 0x5244, 0x5244, 0x5244, 0x5244, 0x5244, 0x5244, 0x5244, 0x5244, 0x5244, 0x5244, 0x5244, 
0x5244, 0x5244, 0x5244, 0x5244, 0x6DE6, 0x6DE6, 0x6DE6, 0x6DE6, 0x6DE6, 0x6DE6, 0x6DE6, 0x6DE6, 
0x6DE6, 0x6DE6, 0x6DE6, 0x6DE6, 0x9F2A, 0x9F2A, 0x6DE6, 0x6DE6, 0x6DE6, 0x6DE6, 0x6DE6, 0x6DE6, 
0x6DE6, 0x6DE6, 0x6DE6, 0x6DE6, 0x6DE6, 0x6DE6, 0x9F2A, 0x9F2A, 0x6DE6, 0x6DE6, 0x6DE6, 0x6DE6, 
0x9F2A, 0x9F2A, 0x9F2A, 0x9F2A, 0x9F2A, 0x9F2A, 0x6DE6, 0x6DE6, 0x6DE6, 0x6DE6, 0x6DE6, 0x6DE6, 
0x6DE6, 0x6DE6, 0x6DE6, 0x6DE6, 0x6DE6, 0x6DE6, 0x6DE6, 0x6DE6, 0x6DE6, 0x6DE6, 0x3C00, 0x3C00, 
0x3C00, 0x3C00, 0x3C00, 0x3C00, 0x3C00, 0x3C00, 0x3C00, 0x3C00, 0x3C00, 0x3C00, 0x3C00, 0x3C00, 
0x3C00, 0x3C00, 0x3C00, 0x3C00, 0x3C00, 0x3C00, 0x3C00, 0x3C00, 0x3C00, 0x3C00, 0x3C00, 0x3C00, 
0x3C00, 0x3C00, 0x3C00, 0x3C00, 0x3C00, 0x3C00, 0x3C00, 0x3C00, 0x3C00, 0x3C00, 0x3C00, 0x3C00, 
0x5244, 0x5244, 0x5244, 0x5244, 0x5244, 0x5244, 0x5244, 0x5244, 0x5244, 0x5244, 0x5244, 0x5244, 
0x5244, 0x5244, 0x5244, 0x5244, 0x5244, 0x5244, 0x5244, 0x5244, 0x5244, 0x5244, 0x5244, 0x5244, 
0x5244, 0x5244, 0x5244, 0x5244, 0x5244, 0x5244, 0x5244, 0x5244, 0x5244, 0x5244, 0x5244, 0x5244, 
0x6DE6, 0x6DE6, 0x6DE6, 0x6DE6, 0x6DE6, 0x6DE6, 0x6DE6, 0x6DE6, 0x6DE6, 0x6DE6, 0x6DE6, 0x6DE6, 
0x9F2A, 0x9F2A, 0x9F2A, 0x9F2A, 0x6DE6, 0x6DE6, 0x6DE6, 0x6DE6, 0x6DE6, 0x6DE6, 0x6DE6, 0x6DE6, 
0x9F2A, 0x9F2A, 0x9F2A, 0x9F2A, 0x6DE6, 0x6DE6, 0x6DE6, 0x6DE6, 0x6DE6, 0x6DE6, 0x6DE6, 0x6DE6, 
0x6DE6, 0x6DE6, 0x6DE6, 0x6DE6, 0x6DE6, 0x6DE6, 0x6DE6, 0x6DE6, 0x6DE6, 0x6DE6, 0x6DE6, 0x6DE6, 
0x6DE6, 0x6DE6, 0x6DE6, 0x6DE6, 0x6DE6, 0x6DE6, 0x3C00, 0x3C00, 0x3C00, 0x3C00, 0x3C00, 0x3C00, 
0x3C00, 0x3C00, 0x3C00, 0x3C00, 0x3C00, 0x3C00, 0x3C00, 0x3C00, 0x3C00, 0x3C00, 0x3C00, 0x3C00, 
0x6DE6, 0x6DE6, 0x3C00, 0x3C00, 0x3C00, 0x3C00, 0x3C00, 0x3C00, 0x3C00, 0x3C00, 0x3C00, 0x3C00, 
0x3C00, 0x3C00, 0x3C00, 0x3C00, 0x3C00, 0x3C00, 0x5244, 0x5244, 0x5244, 0x5244, 0x5244, 0x5244, 
0x5244, 0x5244, 0x5244, 0x5244, 0x5244, 0x5244, 0x5244, 0x5244, 0x5244, 0x5244, 0x5244, 0x5244, 
0x5244, 0x5244, 0x5244, 0x5244, 0x5244, 0x5244, 0x5244, 0x5244, 0x5244, 0x5244, 0x5244, 0x5244, 
0x5244, 0x5244, 0x5244, 0x5244, 0x5244, 0x5244, 0x5244, 0x5244, 0x6DE6, 0x6DE6, 0x6DE6, 0x6DE6, 
0x6DE6, 0x6DE6, 0x6DE6, 0x6DE6, 0x6DE6, 0x6DE6, 0x6DE6, 0x6DE6, 0x9F2A, 0x9F2A, 0x9F2A, 0x9F2A, 
0x6DE6, 0x6DE6, 0x6DE6, 0x6DE6, 0x6DE6, 0x6DE6, 0x6DE6, 0x6DE6, 0x9F2A, 0x9F2A, 0x9F2A, 0x9F2A, 
0x6DE6, 0x6DE6, 0x6DE6, 0x6DE6, 0x6DE6, 0x6DE6, 0x6DE6, 0x6DE6, 0x6DE6, 0x6DE6, 0x6DE6, 0x6DE6, 
0x6DE6, 0x6DE6, 0x6DE6, 0x6DE6, 0x6DE6, 0x6DE6, 0x6DE6, 0x6DE6, 0x6DE6, 0x6DE6, 0x6DE6, 0x6DE6, 
0x6DE6, 0x6DE6, 0x3C00, 0x3C00, 0x3C00, 0x3C00, 0x3C00, 0x3C00, 0x3C00, 0x3C00, 0x3C00, 0x3C00, 
0x3C00, 0x3C00, 0x3C00, 0x3C00, 0x3C00, 0x3C00, 0x3C00, 0x3C00, 0x6DE6, 0x6DE6, 0x3C00, 0x3C00, 
0x3C00, 0x3C00, 0x3C00, 0x3C00, 0x3C00, 0x3C00, 0x3C00, 0x3C00, 0x3C00, 0x3C00, 0x3C00, 0x3C00, 
0x3C00, 0x3C00, 0x5244, 0x5244, 0x5244, 0x5244, 0x5244, 0x5244, 0x5244, 0x5244, 0x5244, 0x5244, 
0x5244, 0x5244, 0x5244, 0x5244, 0x5244, 0x5244, 0x5244, 0x5244, 0x5244, 0x5244, 0x5244, 0x5244, 
0x5244, 0x5244, 0x5244, 0x5244, 0x5244, 0x5244, 0x5244, 0x5244, 0x5244, 0x5244, 0x5244, 0x5244, 
0x5244, 0x5244, 0x5244, 0x5244, 0x6DE6, 0x6DE6, 0x6DE6, 0x6DE6, 0x6DE6, 0x6DE6, 0x6DE6, 0x6DE6, 
0x6DE6, 0x6DE6, 0x6DE6, 0x6DE6, 0x6DE6, 0x6DE6, 0x9F2A, 0x9F2A, 0x6DE6, 0x6DE6, 0x6DE6, 0x6DE6, 
0x9F2A, 0x9F2A, 0x9F2A, 0x9F2A, 0x9F2A, 0x9F2A, 0x6DE6, 0x6DE6, 0x6DE6, 0x6DE6, 0x6DE6, 0x6DE6, 
0x6DE6, 0x6DE6, 0x6DE6, 0x6DE6, 0x6DE6, 0x6DE6, 0x6DE6, 0x6DE6, 0x6DE6, 0x6DE6, 0x6DE6, 0x6DE6, 
0x6DE6, 0x6DE6, 0x6DE6, 0x6DE6, 0x6DE6, 0x6DE6, 0x6DE6, 0x6DE6, 0x6DE6, 0x6DE6, 0x3C00, 0x3C00, 
0x3C00, 0x3C00, 0x3C00, 0x3C00, 0x3C00, 0x3C00, 0x3C00, 0x3C00, 0x3C00, 0x3C00, 0x3C00, 0x3C00, 
0x3C00, 0x3C00, 0x3C00, 0x3C00, 0x6DE6, 0x6DE6, 0x3C00, 0x3C00, 0x3C00, 0x3C00, 0x3C00, 0x3C00, 
0x3C00, 0x3C00, 0x3C00, 0x3C00, 0x3C00, 0x3C00, 0x3C00, 0x3C00, 0x3C00, 0x3C00, 0x5244, 0x5244, 
0x5244, 0x5244, 0x5244, 0x5244, 0x5244, 0x5244, 0x5244, 0x5244, 0x5244, 0x5244, 0x5244, 0x5244, 
0x5244, 0x5244, 0x5244, 0x5244, 0x5244, 0x5244, 0x5244, 0x5244, 0x5244, 0x5244, 0x5244, 0x5244, 
0x5244, 0x5244, 0x5244, 0x5244, 0x5244, 0x5244, 0x5244, 0x5244, 0x5244, 0x5244, 0x5244, 0x5244, 
0x6DE6, 0x6DE6, 0x6DE6, 0x6DE6, 0x6DE6, 0x6DE6, 0x6DE6, 0x6DE6, 0x6DE6, 0x6DE6, 0x6DE6, 0x6DE6, 
0x6DE6, 0x6DE6, 0x9F2A, 0x9F2A, 0x6DE6, 0x6DE6, 0x6DE6, 0x6DE6, 0x9F2A, 0x9F2A, 0x9F2A, 0x9F2A, 
0x9F2A, 0x9F2A, 0x6DE6, 0x6DE6, 0x6DE6, 0x6DE6, 0x6DE6, 0x6DE6, 0x6DE6, 0x6DE6, 0x6DE6, 0x6DE6, 
0x6DE6, 0x6DE6, 0x6DE6, 0x6DE6, 0x6DE6, 0x6DE6, 0x6DE6, 0x6DE6, 0x6DE6, 0x6DE6, 0x6DE6, 0x6DE6, 
0x6DE6, 0x6DE6, 0x6DE6, 0x6DE6, 0x6DE6, 0x6DE6, 0x3C00, 0x3C00, 0x3C00, 0x3C00, 0x3C00, 0x3C00, 
0x3C00, 0x3C00, 0x3C00, 0x3C00, 0x3C00, 0x3C00, 0x3C00, 0x3C00, 0x3C00, 0x3C00, 0x3C00, 0x3C00, 
0x6DE6, 0x6DE6, 0x3C00, 0x3C00, 0x3C00, 0x3C00, 0x3C00, 0x3C00, 0x3C00, 0x3C00, 0x3C00, 0x3C00, 
0x3C00, 0x3C00, 0x3C00, 0x3C00, 0x3C00, 0x3C00, 0x5244, 0x5244, 0x5244, 0x5244, 0x5244, 0x5244, 
0x5244, 0x5244, 0x5244, 0x5244, 0x5244, 0x5244, 0x5244, 0x5244, 0x5244, 0x5244, 0x5244, 0x5244, 
0x5244, 0x5244, 0x5244, 0x5244, 0x5244, 0x5244, 0x5244, 0x5244, 0x5244, 0x5244, 0x5244, 0x5244, 
0x5244, 0x5244, 0x5244, 0x5244, 0x5244, 0x5244, 0x5244, 0x5244, 0x6DE6, 0x6DE6, 0x6DE6, 0x6DE6, 
0x6DE6, 0x6DE6, 0x6DE6, 0x6DE6, 0x6DE6, 0x6DE6, 0x6DE6, 0x6DE6, 0x6DE6, 0x6DE6, 0x9F2A, 0x9F2A, 
0x9F2A, 0x9F2A, 0x9F2A, 0x9F2A, 0x6DE6, 0x6DE6, 0x6DE6, 0x6DE6, 0x6DE6, 0x6DE6, 0x6DE6, 0x6DE6, 
0x6DE6, 0x6DE6, 0x9F2A, 0x9F2A, 0x6DE6, 0x6DE6, 0x6DE6, 0x6DE6, 0x6DE6, 0x6DE6, 0x6DE6, 0x6DE6, 
0x6DE6, 0x6DE6, 0x6DE6, 0x6DE6, 0x6DE6, 0x6DE6, 0x6DE6, 0x6DE6, 0x6DE6, 0x6DE6, 0x6DE6, 0x6DE6, 
0x3C00, 0x3C00, 0x3C00, 0x3C00, 0x3C00, 0x3C00, 0x3C00, 0x3C00, 0x3C00, 0x3C00, 0x6DE6, 0x6DE6, 
0x3C00, 0x3C00, 0x3C00, 0x3C00, 0x3C00, 0x3C00, 0x3C00, 0x3C00, 0x6DE6, 0x6DE6, 0x3C00, 0x3C00, 
0x3C00, 0x3C00, 0x3C00, 0x3C00, 0x3C00, 0x3C00, 0x3C00, 0x3C00, 0x3C00, 0x3C00, 0x3C00, 0x3C00, 
0x3C00, 0x3C00, 0x5244, 0x5244, 0x5244, 0x5244, 0x5244, 0x5244, 0x5244, 0x5244, 0x5244, 0x5244, 
0x5244, 0x5244, 0x5244, 0x5244, 0x5244, 0x5244, 0x5244, 0x5244, 0x5244, 0x5244, 0x5244, 0x5244, 
0x5244, 0x5244, 0x5244, 0x5244, 0x5244, 0x5244, 0x5244, 0x5244, 0x5244, 0x5244, 0x5244, 0x5244, 
0x5244, 0x5244, 0x5244, 0x5244, 0x6DE6, 0x6DE6, 0x6DE6, 0x6DE6, 0x6DE6, 0x6DE6, 0x6DE6, 0x6DE6, 
0x6DE6, 0x6DE6, 0x6DE6, 0x6DE6, 0x6DE6, 0x6DE6, 0x9F2A, 0x9F2A, 0x9F2A, 0x9F2A, 0x9F2A, 0x9F2A, 
0x6DE6, 0x6DE6, 0x6DE6, 0x6DE6, 0x6DE6, 0x6DE6, 0x6DE6, 0x6DE6, 0x6DE6, 0x6DE6, 0x9F2A, 0x9F2A, 
0x6DE6, 0x6DE6, 0x6DE6, 0x6DE6, 0x6DE6, 0x6DE6, 0x6DE6, 0x6DE6, 0x6DE6, 0x6DE6, 0x6DE6, 0x6DE6, 
0x6DE6, 0x6DE6, 0x6DE6, 0x6DE6, 0x6DE6, 0x6DE6, 0x6DE6, 0x6DE6, 0x3C00, 0x3C00, 0x3C00, 0x3C00, 
0x3C00, 0x3C00, 0x3C00, 0x3C00, 0x3C00, 0x3C00, 0x6DE6, 0x6DE6, 0x3C00, 0x3C00, 0x3C00, 0x3C00, 
0x3C00, 0x3C00, 0x3C00, 0x3C00, 0x6DE6, 0x6DE6, 0x3C00, 0x3C00, 0x3C00, 0x3C00, 0x3C00, 0x3C00, 
0x3C00, 0x3C00, 0x3C00, 0x3C00, 0x3C00, 0x3C00, 0x3C00, 0x3C00, 0x3C00, 0x3C00, 0x5244, 0x5244, 
0x5244, 0x5244, 0x5244, 0x5244, 0x5244, 0x5244, 0x5244, 0x5244, 0x5244, 0x5244, 0x5244, 0x5244, 
0x5244, 0x5244, 0x5244, 0x5244, 0x5244, 0x5244, 0x5244, 0x5244, 0x5244, 0x5244, 0x5244, 0x5244, 
0x5244, 0x5244, 0x5244, 0x5244, 0x5244, 0x5244, 0x5244, 0x5244, 0x5244, 0x5244, 0x5244, 0x5244, 
0x6DE6, 0x6DE6, 0x6DE6, 0x6DE6, 0x6DE6, 0x6DE6, 0x6DE6, 0x6DE6, 0x6DE6, 0x6DE6, 0x6DE6, 0x6DE6, 
0x6DE6, 0x6DE6, 0x9F2A, 0x9F2A, 0x9F2A, 0x9F2A, 0x6DE6, 0x6DE6, 0x9F2A, 0x9F2A, 0x9F2A, 0x9F2A, 
0x9F2A, 0x9F2A, 0x9F2A, 0x9F2A, 0x9F2A, 0x9F2A, 0x9F2A, 0x9F2A, 0x6DE6, 0x6DE6, 0x6DE6, 0x6DE6, 
0x6DE6, 0x6DE6, 0x6DE6, 0x6DE6, 0x6DE6, 0x6DE6, 0x6DE6, 0x6DE6, 0x6DE6, 0x6DE6, 0x6DE6, 0x6DE6, 
0x6DE6, 0x6DE6, 0x3C00, 0x3C00, 0x3C00, 0x3C00, 0x3C00, 0x3C00, 0x3C00, 0x3C00, 0x3C00, 0x3C00, 
0x3C00, 0x3C00, 0x6DE6, 0x6DE6, 0x6DE6, 0x6DE6, 0x3C00, 0x3C00, 0x3C00, 0x3C00, 0x3C00, 0x3C00, 
0x6DE6, 0x6DE6, 0x3C00, 0x3C00, 0x6DE6, 0x6DE6, 0x6DE6, 0x6DE6, 0x3C00, 0x3C00, 0x3C00, 0x3C00, 
0x3C00, 0x3C00, 0x3C00, 0x3C00, 0x3C00, 0x3C00, 0x5244, 0x5244, 0x5244, 0x5244, 0x5244, 0x5244, 
0x5244, 0x5244, 0x5244, 0x5244, 0x5244, 0x5244, 0x5244, 0x5244, 0x5244, 0x5244, 0x5244, 0x5244, 
0x5244, 0x5244, 0x5244, 0x5244, 0x5244, 0x5244, 0x5244, 0x5244, 0x5244, 0x5244, 0x5244, 0x5244, 
0x5244, 0x5244, 0x5244, 0x5244, 0x5244, 0x5244, 0x5244, 0x5244, 0x6DE6, 0x6DE6, 0x6DE6, 0x6DE6, 
0x6DE6, 0x6DE6, 0x6DE6, 0x6DE6, 0x6DE6, 0x6DE6, 0x6DE6, 0x6DE6, 0x6DE6, 0x6DE6, 0x9F2A, 0x9F2A, 
0x9F2A, 0x9F2A, 0x6DE6, 0x6DE6, 0x9F2A, 0x9F2A, 0x9F2A, 0x9F2A, 0x9F2A, 0x9F2A, 0x9F2A, 0x9F2A, 
0x9F2A, 0x9F2A, 0x9F2A, 0x9F2A, 0x6DE6, 0x6DE6, 0x6DE6, 0x6DE6, 0x6DE6, 0x6DE6, 0x6DE6, 0x6DE6, 
0x6DE6, 0x6DE6, 0x6DE6, 0x6DE6, 0x6DE6, 0x6DE6, 0x6DE6, 0x6DE6, 0x6DE6, 0x6DE6, 0x3C00, 0x3C00, 
0x3C00, 0x3C00, 0x3C00, 0x3C00, 0x3C00, 0x3C00, 0x3C00, 0x3C00, 0x3C00, 0x3C00, 0x6DE6, 0x6DE6, 
0x6DE6, 0x6DE6, 0x3C00, 0x3C00, 0x3C00, 0x3C00, 0x3C00, 0x3C00, 0x6DE6, 0x6DE6, 0x3C00, 0x3C00, 
0x6DE6, 0x6DE6, 0x6DE6, 0x6DE6, 0x3C00, 0x3C00, 0x3C00, 0x3C00, 0x3C00, 0x3C00, 0x3C00, 0x3C00, 
0x3C00, 0x3C00, 0x5244, 0x5244, 0x5244, 0x5244, 0x5244, 0x5244, 0x5244, 0x5244, 0x5244, 0x5244, 
0x5244, 0x5244, 0x5244, 0x5244, 0x5244, 0x5244, 0x5244, 0x5244, 0x5244, 0x5244, 0x5244, 0x5244, 
0x5244, 0x5244, 0x5244, 0x5244, 0x5244, 0x5244, 0x5244, 0x5244, 0x5244, 0x5244, 0x5244, 0x5244, 
0x5244, 0x5244, 0x5244, 0x5244, 0x6DE6, 0x6DE6, 0x6DE6, 0x6DE6, 0x6DE6, 0x6DE6, 0x6DE6, 0x6DE6, 
0x6DE6, 0x6DE6, 0x6DE6, 0x6DE6, 0x9F2A, 0x9F2A, 0x9F2A, 0x9F2A, 0x6DE6, 0x6DE6, 0x6DE6, 0x6DE6, 
0x6DE6, 0x6DE6, 0x6DE6, 0x6DE6, 0x6DE6, 0x6DE6, 0x6DE6, 0x6DE6, 0x6DE6, 0x6DE6, 0x6DE6, 0x6DE6, 
0x6DE6, 0x6DE6, 0x6DE6, 0x6DE6, 0x6DE6, 0x6DE6, 0x6DE6, 0x6DE6, 0x6DE6, 0x6DE6, 0x6DE6, 0x6DE6, 
0x6DE6, 0x6DE6, 0x6DE6, 0x6DE6, 0x6DE6, 0x6DE6, 0x3C00, 0x3C00, 0x3C00, 0x3C00, 0x3C00, 0x3C00, 
0x3C00, 0x3C00, 0x3C00, 0x3C00, 0x3C00, 0x3C00, 0x3C00, 0x3C00, 0x6DE6, 0x6DE6, 0x6DE6, 0x6DE6, 
0x3C00, 0x3C00, 0x3C00, 0x3C00, 0x6DE6, 0x6DE6, 0x6DE6, 0x6DE6, 0x6DE6, 0x6DE6, 0x3C00, 0x3C00, 
0x3C00, 0x3C00, 0x3C00, 0x3C00, 0x3C00, 0x3C00, 0x3C00, 0x3C00, 0x3C00, 0x3C00, 0x5244, 0x5244, 
0x5244, 0x5244, 0x5244, 0x5244, 0x5244, 0x5244, 0x5244, 0x5244, 0x5244, 0x5244, 0x5244, 0x5244, 
0x5244, 0x5244, 0x5244, 0x5244, 0x5244, 0x5244, 0x5244, 0x5244, 0x5244, 0x5244, 0x5244, 0x5244, 
0x5244, 0x5244, 0x5244, 0x5244, 0x5244, 0x5244, 0x5244, 0x5244, 0x5244, 0x5244, 0x5244, 0x5244, 
0x6DE6, 0x6DE6, 0x6DE6, 0x6DE6, 0x6DE6, 0x6DE6, 0x6DE6, 0x6DE6, 0x6DE6, 0x6DE6, 0x6DE6, 0x6DE6, 
0x9F2A, 0x9F2A, 0x9F2A, 0x9F2A, 0x6DE6, 0x6DE6, 0x6DE6, 0x6DE6, 0x6DE6, 0x6DE6, 0x6DE6, 0x6DE6, 
0x6DE6, 0x6DE6, 0x6DE6, 0x6DE6, 0x6DE6, 0x6DE6, 0x6DE6, 0x6DE6, 0x6DE6, 0x6DE6, 0x6DE6, 0x6DE6, 
0x6DE6, 0x6DE6, 0x6DE6, 0x6DE6, 0x6DE6, 0x6DE6, 0x6DE6, 0x6DE6, 0x6DE6, 0x6DE6, 0x6DE6, 0x6DE6, 
0x6DE6, 0x6DE6, 0x3C00, 0x3C00, 0x3C00, 0x3C00, 0x3C00, 0x3C00, 0x3C00, 0x3C00, 0x3C00, 0x3C00, 
0x3C00, 0x3C00, 0x3C00, 0x3C00, 0x6DE6, 0x6DE6, 0x6DE6, 0x6DE6, 0x3C00, 0x3C00, 0x3C00, 0x3C00, 
0x6DE6, 0x6DE6, 0x6DE6, 0x6DE6, 0x6DE6, 0x6DE6, 0x3C00, 0x3C00, 0x3C00, 0x3C00, 0x3C00, 0x3C00, 
0x3C00, 0x3C00, 0x3C00, 0x3C00, 0x3C00, 0x3C00, 0x5244, 0x5244, 0x5244, 0x5244, 0x5244, 0x5244, 
0x5244, 0x5244, 0x5244, 0x5244, 0x5244, 0x5244, 0x5244, 0x5244, 0x5244, 0x5244, 0x5244, 0x5244, 
0x5244, 0x5244, 0x5244, 0x5244, 0x5244, 0x5244, 0x5244, 0x5244, 0x5244, 0x5244, 0x5244, 0x5244, 
0x5244, 0x5244, 0x5244, 0x5244, 0x5244, 0x5244, 0x5244, 0x5244, 0x6DE6, 0x6DE6, 0x6DE6, 0x6DE6, 
0x6DE6, 0x6DE6, 0x6DE6, 0x6DE6, 0x6DE6, 0x6DE6, 0x9F2A, 0x9F2A, 0x9F2A, 0x9F2A, 0x6DE6, 0x6DE6, 
0x6DE6, 0x6DE6, 0x6DE6, 0x6DE6, 0x6DE6, 0x6DE6, 0x6DE6, 0x6DE6, 0x6DE6, 0x6DE6, 0x6DE6, 0x6DE6, 
0x6DE6, 0x6DE6, 0x6DE6, 0x6DE6, 0x6DE6, 0x6DE6, 0x6DE6, 0x6DE6, 0x6DE6, 0x6DE6, 0x6DE6, 0x6DE6, 
0x6DE6, 0x6DE6, 0x6DE6, 0x6DE6, 0x6DE6, 0x6DE6, 0x6DE6, 0x6DE6, 0x3C00, 0x3C00, 0x3C00, 0x3C00, 
0x3C00, 0x3C00, 0x3C00, 0x3C00, 0x3C00, 0x3C00, 0x3C00, 0x3C00, 0x3C00, 0x3C00, 0x3C00, 0x3C00, 
0x3C00, 0x3C00, 0x3C00, 0x3C00, 0x6DE6, 0x6DE6, 0x6DE6, 0x6DE6, 0x6DE6, 0x6DE6, 0x6DE6, 0x6DE6, 
0x3C00, 0x3C00, 0x3C00, 0x3C00, 0x3C00, 0x3C00, 0x3C00, 0x3C00, 0x3C00, 0x3C00, 0x3C00, 0x3C00, 
0x3C00, 0x3C00, 0x5244, 0x5244, 0x5244, 0x5244, 0x5244, 0x5244, 0x5244, 0x5244, 0x5244, 0x5244, 
0x5244, 0x5244, 0x5244, 0x5244, 0x5244, 0x5244, 0x5244, 0x5244, 0x5244, 0x5244, 0x5244, 0x5244, 
0x5244, 0x5244, 0x5244, 0x5244, 0x5244, 0x5244, 0x5244, 0x5244, 0x5244, 0x5244, 0x5244, 0x5244, 
0x5244, 0x5244, 0x5244, 0x5244, 0x6DE6, 0x6DE6, 0x6DE6, 0x6DE6, 0x6DE6, 0x6DE6, 0x6DE6, 0x6DE6, 
0x6DE6, 0x6DE6, 0x9F2A, 0x9F2A, 0x9F2A, 0x9F2A, 0x6DE6, 0x6DE6, 0x6DE6, 0x6DE6, 0x6DE6, 0x6DE6, 
0x6DE6, 0x6DE6, 0x6DE6, 0x6DE6, 0x6DE6, 0x6DE6, 0x6DE6, 0x6DE6, 0x6DE6, 0x6DE6, 0x6DE6, 0x6DE6, 
0x6DE6, 0x6DE6, 0x6DE6, 0x6DE6, 0x6DE6, 0x6DE6, 0x6DE6, 0x6DE6, 0x6DE6, 0x6DE6, 0x6DE6, 0x6DE6, 
0x6DE6, 0x6DE6, 0x6DE6, 0x6DE6, 0x3C00, 0x3C00, 0x3C00, 0x3C00, 0x3C00, 0x3C00, 0x3C00, 0x3C00, 
0x3C00, 0x3C00, 0x3C00, 0x3C00, 0x3C00, 0x3C00, 0x3C00, 0x3C00, 0x3C00, 0x3C00, 0x3C00, 0x3C00, 
0x6DE6, 0x6DE6, 0x6DE6, 0x6DE6, 0x6DE6, 0x6DE6, 0x6DE6, 0x6DE6, 0x3C00, 0x3C00, 0x3C00, 0x3C00, 
0x3C00, 0x3C00, 0x3C00, 0x3C00, 0x3C00, 0x3C00, 0x3C00, 0x3C00, 0x3C00, 0x3C00, 0x5244, 0x5244, 
0x5244, 0x5244, 0x5244, 0x5244, 0x5244, 0x5244, 0x5244, 0x5244, 0x5244, 0x5244, 0x5244, 0x5244, 
0x5244, 0x5244, 0x5244, 0x5244, 0x5244, 0x5244, 0x5244, 0x5244, 0x5244, 0x5244, 0x5244, 0x5244, 
0x5244, 0x5244, 0x5244, 0x5244, 0x5244, 0x5244, 0x5244, 0x5244, 0x5244, 0x5244, 0x5244, 0x5244, 
0x6DE6, 0x6DE6, 0x6DE6, 0x6DE6, 0x6DE6, 0x6DE6, 0x6DE6, 0x6DE6, 0x9F2A, 0x9F2A, 0x9F2A, 0x9F2A, 
0x6DE6, 0x6DE6, 0x6DE6, 0x6DE6, 0x6DE6, 0x6DE6, 0x6DE6, 0x6DE6, 0x6DE6, 0x6DE6, 0x6DE6, 0x6DE6, 
0x6DE6, 0x6DE6, 0x6DE6, 0x6DE6, 0x6DE6, 0x6DE6, 0x6DE6, 0x6DE6, 0x6DE6, 0x6DE6, 0x6DE6, 0x6DE6, 
0x6DE6, 0x6DE6, 0x6DE6, 0x6DE6, 0x6DE6, 0x6DE6, 0x6DE6, 0x6DE6, 0x6DE6, 0x6DE6, 0x6DE6, 0x6DE6, 
0x3C00, 0x3C00, 0x3C00, 0x3C00, 0x3C00, 0x3C00, 0x3C00, 0x3C00, 0x3C00, 0x3C00, 0x3C00, 0x3C00, 
0x3C00, 0x3C00, 0x3C00, 0x3C00, 0x3C00, 0x3C00, 0x3C00, 0x3C00, 0x3C00, 0x3C00, 0x6DE6, 0x6DE6, 
0x3C00, 0x3C00, 0x3C00, 0x3C00, 0x3C00, 0x3C00, 0x3C00, 0x3C00, 0x3C00, 0x3C00, 0x3C00, 0x3C00, 
0x3C00, 0x3C00, 0x3C00, 0x3C00, 0x3C00, 0x3C00, 0x5244, 0x5244, 0x5244, 0x5244, 0x5244, 0x5244, 
0x5244, 0x5244, 0x5244, 0x5244, 0x5244, 0x5244, 0x5244, 0x5244, 0x5244, 0x5244, 0x5244, 0x5244, 
0x5244, 0x5244, 0x5244, 0x5244, 0x5244, 0x5244, 0x5244, 0x5244, 0x5244, 0x5244, 0x5244, 0x5244, 
0x5244, 0x5244, 0x5244, 0x5244, 0x5244, 0x5244, 0x5244, 0x5244, 0x6DE6, 0x6DE6, 0x6DE6, 0x6DE6, 
0x6DE6, 0x6DE6, 0x6DE6, 0x6DE6, 0x9F2A, 0x9F2A, 0x9F2A, 0x9F2A, 0x6DE6, 0x6DE6, 0x6DE6, 0x6DE6, 
0x6DE6, 0x6DE6, 0x6DE6, 0x6DE6, 0x6DE6, 0x6DE6, 0x6DE6, 0x6DE6, 0x6DE6, 0x6DE6, 0x6DE6, 0x6DE6, 
0x6DE6, 0x6DE6, 0x6DE6, 0x6DE6, 0x6DE6, 0x6DE6, 0x6DE6, 0x6DE6, 0x6DE6, 0x6DE6, 0x6DE6, 0x6DE6, 
0x6DE6, 0x6DE6, 0x6DE6, 0x6DE6, 0x6DE6, 0x6DE6, 0x6DE6, 0x6DE6, 0x3C00, 0x3C00, 0x3C00, 0x3C00, 
0x3C00, 0x3C00, 0x3C00, 0x3C00, 0x3C00, 0x3C00, 0x3C00, 0x3C00, 0x3C00, 0x3C00, 0x3C00, 0x3C00, 
0x3C00, 0x3C00, 0x3C00, 0x3C00, 0x3C00, 0x3C00, 0x6DE6, 0x6DE6, 0x3C00, 0x3C00, 0x3C00, 0x3C00, 
0x3C00, 0x3C00, 0x3C00, 0x3C00, 0x3C00, 0x3C00, 0x3C00, 0x3C00, 0x3C00, 0x3C00, 0x3C00, 0x3C00, 
0x3C00, 0x3C00, 0x5244, 0x5244, 0x5244, 0x5244, 0x5244, 0x5244, 0x5244, 0x5244, 0x5244, 0x5244, 
0x5244, 0x5244, 0x5244, 0x5244, 0x5244, 0x5244, 0x5244, 0x5244, 0x5244, 0x5244, 0x5244, 0x5244, 
0x5244, 0x5244, 0x5244, 0x5244, 0x5244, 0x5244, 0x5244, 0x5244, 0x5244, 0x5244, 0x5244, 0x5244, 
0x5244, 0x5244, 0x5244, 0x5244, 0x6DE6, 0x6DE6, 0x6DE6, 0x6DE6, 0x6DE6, 0x6DE6, 0x9F2A, 0x9F2A, 
0x6DE6, 0x6DE6, 0x6DE6, 0x6DE6, 0x6DE6, 0x6DE6, 0x6DE6, 0x6DE6, 0x6DE6, 0x6DE6, 0x6DE6, 0x6DE6, 
0x6DE6, 0x6DE6, 0x6DE6, 0x6DE6, 0x6DE6, 0x6DE6, 0x6DE6, 0x6DE6, 0x6DE6, 0x6DE6, 0x6DE6, 0x6DE6, 
0x6DE6, 0x6DE6, 0x6DE6, 0x6DE6, 0x6DE6, 0x6DE6, 0x6DE6, 0x6DE6, 0x6DE6, 0x6DE6, 0x6DE6, 0x6DE6, 
0x6DE6, 0x6DE6, 0x6DE6, 0x6DE6, 0x3C00, 0x3C00, 0x3C00, 0x3C00, 0x3C00, 0x3C00, 0x3C00, 0x3C00, 
0x3C00, 0x3C00, 0x3C00, 0x3C00, 0x3C00, 0x3C00, 0x3C00, 0x3C00, 0x6DE6, 0x6DE6, 0x3C00, 0x3C00, 
0x3C00, 0x3C00, 0x6DE6, 0x6DE6, 0x3C00, 0x3C00, 0x3C00, 0x3C00, 0x3C00, 0x3C00, 0x3C00, 0x3C00, 
0x3C00, 0x3C00, 0x3C00, 0x3C00, 0x3C00, 0x3C00, 0x3C00, 0x3C00, 0x3C00, 0x3C00, 0x5244, 0x5244, 
0x5244, 0x5244, 0x5244, 0x5244, 0x5244, 0x5244, 0x5244, 0x5244, 0x5244, 0x5244, 0x5244, 0x5244, 
0x5244, 0x5244, 0x5244, 0x5244, 0x5244, 0x5244, 0x5244, 0x5244, 0x5244, 0x5244, 0x5244, 0x5244, 
0x5244, 0x5244, 0x5244, 0x5244, 0x5244, 0x5244, 0x5244, 0x5244, 0x5244, 0x5244, 0x5244, 0x5244, 
0x6DE6, 0x6DE6, 0x6DE6, 0x6DE6, 0x6DE6, 0x6DE6, 0x9F2A, 0x9F2A, 0x6DE6, 0x6DE6, 0x6DE6, 0x6DE6, 
0x6DE6, 0x6DE6, 0x6DE6, 0x6DE6, 0x6DE6, 0x6DE6, 0x6DE6, 0x6DE6, 0x6DE6, 0x6DE6, 0x6DE6, 0x6DE6, 
0x6DE6, 0x6DE6, 0x6DE6, 0x6DE6, 0x6DE6, 0x6DE6, 0x6DE6, 0x6DE6, 0x6DE6, 0x6DE6, 0x6DE6, 0x6DE6, 
0x6DE6, 0x6DE6, 0x6DE6, 0x6DE6, 0x6DE6, 0x6DE6, 0x6DE6, 0x6DE6, 0x6DE6, 0x6DE6, 0x6DE6, 0x6DE6, 
0x3C00, 0x3C00, 0x3C00, 0x3C00, 0x3C00, 0x3C00, 0x3C00, 0x3C00, 0x3C00, 0x3C00, 0x3C00, 0x3C00, 
0x3C00, 0x3C00, 0x3C00, 0x3C00, 0x6DE6, 0x6DE6, 0x3C00, 0x3C00, 0x3C00, 0x3C00, 0x6DE6, 0x6DE6, 
0x3C00, 0x3C00, 0x3C00, 0x3C00, 0x3C00, 0x3C00, 0x3C00, 0x3C00, 0x3C00, 0x3C00, 0x3C00, 0x3C00, 
0x3C00, 0x3C00, 0x3C00, 0x3C00, 0x3C00, 0x3C00, 0x5244, 0x5244, 0x5244, 0x5244, 0x5244, 0x5244, 
0x5244, 0x5244, 0x5244, 0x5244, 0x5244, 0x5244, 0x5244, 0x5244, 0x5244, 0x5244, 0x5244, 0x5244, 
0x5244, 0x5244, 0x5244, 0x5244, 0x5244, 0x5244, 0x5244, 0x5244, 0x5244, 0x5244, 0x5244, 0x5244, 
0x5244, 0x5244, 0x5244, 0x5244, 0x5244, 0x5244, 0x5244, 0x5244, 0x6DE6, 0x6DE6, 0x6DE6, 0x6DE6, 
0x9F2A, 0x9F2A, 0x9F2A, 0x9F2A, 0x6DE6, 0x6DE6, 0x6DE6, 0x6DE6, 0x6DE6, 0x6DE6, 0x6DE6, 0x6DE6, 
0x6DE6, 0x6DE6, 0x6DE6, 0x6DE6, 0x6DE6, 0x6DE6, 0x6DE6, 0x6DE6, 0x6DE6, 0x6DE6, 0x6DE6, 0x6DE6, 
0x6DE6, 0x6DE6, 0x6DE6, 0x6DE6, 0x6DE6, 0x6DE6, 0x6DE6, 0x6DE6, 0x6DE6, 0x6DE6, 0x6DE6, 0x6DE6, 
0x6DE6, 0x6DE6, 0x6DE6, 0x6DE6, 0x6DE6, 0x6DE6, 0x3C00, 0x3C00, 0x3C00, 0x3C00, 0x3C00, 0x3C00, 
0x3C00, 0x3C00, 0x3C00, 0x3C00, 0x3C00, 0x3C00, 0x3C00, 0x3C00, 0x3C00, 0x3C00, 0x3C00, 0x3C00, 
0x6DE6, 0x6DE6, 0x6DE6, 0x6DE6, 0x3C00, 0x3C00, 0x6DE6, 0x6DE6, 0x3C00, 0x3C00, 0x3C00, 0x3C00, 
0x6DE6, 0x6DE6, 0x6DE6, 0x6DE6, 0x3C00, 0x3C00, 0x3C00, 0x3C00, 0x3C00, 0x3C00, 0x3C00, 0x3C00, 
0x3C00, 0x3C00, 0x3C00, 0x3C00, 0x5244, 0x5244, 0x5244, 0x5244, 0x5244, 0x5244, 0x5244, 0x5244, 
0x5244, 0x5244, 0x5244, 0x5244, 0x5244, 0x5244, 0x5244, 0x5244, 0x5244, 0x5244, 0x5244, 0x5244, 
0x5244, 0x5244, 0x5244, 0x5244, 0x5244, 0x5244, 0x5244, 0x5244, 0x5244, 0x5244, 0x5244, 0x5244, 
0x5244, 0x5244, 0x5244, 0x5244, 0x6DE6, 0x6DE6, 0x6DE6, 0x6DE6, 0x9F2A, 0x9F2A, 0x9F2A, 0x9F2A, 
0x6DE6, 0x6DE6, 0x6DE6, 0x6DE6, 0x6DE6, 0x6DE6, 0x6DE6, 0x6DE6, 0x6DE6, 0x6DE6, 0x6DE6, 0x6DE6, 
0x6DE6, 0x6DE6, 0x6DE6, 0x6DE6, 0x6DE6, 0x6DE6, 0x6DE6, 0x6DE6, 0x6DE6, 0x6DE6, 0x6DE6, 0x6DE6, 
0x6DE6, 0x6DE6, 0x6DE6, 0x6DE6, 0x6DE6, 0x6DE6, 0x6DE6, 0x6DE6, 0x6DE6, 0x6DE6, 0x6DE6, 0x6DE6, 
0x6DE6, 0x6DE6, 0x3C00, 0x3C00, 0x3C00, 0x3C00, 0x3C00, 0x3C00, 0x3C00, 0x3C00, 0x3C00, 0x3C00, 
0x3C00, 0x3C00, 0x3C00, 0x3C00, 0x3C00, 0x3C00, 0x3C00, 0x3C00, 0x6DE6, 0x6DE6, 0x6DE6, 0x6DE6, 
0x3C00, 0x3C00, 0x6DE6, 0x6DE6, 0x3C00, 0x3C00, 0x3C00, 0x3C00, 0x6DE6, 0x6DE6, 0x6DE6, 0x6DE6, 
0x3C00, 0x3C00, 0x3C00, 0x3C00, 0x3C00, 0x3C00, 0x3C00, 0x3C00, 0x3C00, 0x3C00, 0x3C00, 0x3C00, 
0x5244, 0x5244, 0x5244, 0x5244, 0x5244, 0x5244, 0x5244, 0x5244, 0x5244, 0x5244, 0x5244, 0x5244, 
0x5244, 0x5244, 0x5244, 0x5244, 0x5244, 0x5244, 0x5244, 0x5244, 0x5244, 0x5244, 0x5244, 0x5244, 
0x5244, 0x5244, 0x5244, 0x5244, 0x5244, 0x5244, 0x5244, 0x5244, 0x5244, 0x5244, 0x5244, 0x5244, 
0x6DE6, 0x6DE6, 0x9F2A, 0x9F2A, 0x9F2A, 0x9F2A, 0x6DE6, 0x6DE6, 0x6DE6, 0x6DE6, 0x6DE6, 0x6DE6, 
0x6DE6, 0x6DE6, 0x6DE6, 0x6DE6, 0x6DE6, 0x6DE6, 0x6DE6, 0x6DE6, 0x6DE6, 0x6DE6, 0x6DE6, 0x6DE6, 
0x6DE6, 0x6DE6, 0x6DE6, 0x6DE6, 0x6DE6, 0x6DE6, 0x6DE6, 0x6DE6, 0x6DE6, 0x6DE6, 0x6DE6, 0x6DE6, 
0x6DE6, 0x6DE6, 0x6DE6, 0x6DE6, 0x6DE6, 0x6DE6, 0x6DE6, 0x6DE6, 0x6DE6, 0x6DE6, 0x3C00, 0x3C00, 
0x3C00, 0x3C00, 0x3C00, 0x3C00, 0x3C00, 0x3C00, 0x3C00, 0x3C00, 0x3C00, 0x3C00, 0x3C00, 0x3C00, 
0x3C00, 0x3C00, 0x3C00, 0x3C00, 0x3C00, 0x3C00, 0x3C00, 0x3C00, 0x6DE6, 0x6DE6, 0x6DE6, 0x6DE6, 
0x6DE6, 0x6DE6, 0x6DE6, 0x6DE6, 0x3C00, 0x3C00, 0x3C00, 0x3C00, 0x3C00, 0x3C00, 0x3C00, 0x3C00, 
0x3C00, 0x3C00, 0x3C00, 0x3C00, 0x3C00, 0x3C00, 0x3C00, 0x3C00, 0x3C00, 0x3C00, 0x5244, 0x5244, 
0x5244, 0x5244, 0x5244, 0x5244, 0x5244, 0x5244, 0x5244, 0x5244, 0x5244, 0x5244, 0x5244, 0x5244, 
0x5244, 0x5244, 0x5244, 0x5244, 0x5244, 0x5244, 0x5244, 0x5244, 0x5244, 0x5244, 0x5244, 0x5244, 
0x5244, 0x5244, 0x5244, 0x5244, 0x5244, 0x5244, 0x5244, 0x5244, 0x6DE6, 0x6DE6, 0x9F2A, 0x9F2A, 
0x9F2A, 0x9F2A, 0x6DE6, 0x6DE6, 0x6DE6, 0x6DE6, 0x6DE6, 0x6DE6, 0x6DE6, 0x6DE6, 0x6DE6, 0x6DE6, 
0x6DE6, 0x6DE6, 0x6DE6, 0x6DE6, 0x6DE6, 0x6DE6, 0x6DE6, 0x6DE6, 0x6DE6, 0x6DE6, 0x6DE6, 0x6DE6, 
0x6DE6, 0x6DE6, 0x6DE6, 0x6DE6, 0x6DE6, 0x6DE6, 0x6DE6, 0x6DE6, 0x6DE6, 0x6DE6, 0x6DE6, 0x6DE6, 
0x6DE6, 0x6DE6, 0x6DE6, 0x6DE6, 0x6DE6, 0x6DE6, 0x3C00, 0x3C00, 0x3C00, 0x3C00, 0x3C00, 0x3C00, 
0x3C00, 0x3C00, 0x3C00, 0x3C00, 0x3C00, 0x3C00, 0x3C00, 0x3C00, 0x3C00, 0x3C00, 0x3C00, 0x3C00, 
0x3C00, 0x3C00, 0x3C00, 0x3C00, 0x6DE6, 0x6DE6, 0x6DE6, 0x6DE6, 0x6DE6, 0x6DE6, 0x6DE6, 0x6DE6, 
0x3C00, 0x3C00, 0x3C00, 0x3C00, 0x3C00, 0x3C00, 0x3C00, 0x3C00, 0x3C00, 0x3C00, 0x3C00, 0x3C00, 
0x3C00, 0x3C00, 0x3C00, 0x3C00, 0x3C00, 0x3C00, 0x5244, 0x5244, 0x5244, 0x5244, 0x5244, 0x5244, 
0x5244, 0x5244, 0x5244, 0x5244, 0x5244, 0x5244, 0x5244, 0x5244, 0x5244, 0x5244, 0x5244, 0x5244, 
0x5244, 0x5244, 0x5244, 0x5244, 0x5244, 0x5244, 0x5244, 0x5244, 0x5244, 0x5244, 0x5244, 0x5244, 
0x5244, 0x5244, 0x5244, 0x5244, 
};
